"Date","Julian Date","Time","Station","Distance from Sta. 36 (km)","Depth (m)","Discrete Chlorophyll-a (micrograms/L)","Discrete Chlorophyll-Pheopigment Ratio","Calculated Chlorophyll-a (micrograms/L)","Discrete Oxygen (mg/L)","Oxygen (mg/L)","Oxygen % Saturation","Discrete SPM (mg/L)","Calculated SPM (mg/L)","Extinction Coefficient","Salinity","Temperature (Degrees Celsius)","Sigma-t","NO2 (Micromolar)","NO32 (Micromolar)","NH4 (Micromolar)","PO4 (Micromolar)","Si (Micromolar)"
"2024-01-11","2024011","14:14","2.0","127.7053","1.0","","","1.2","","8.9","81","","24","2.09","3.35","10.47","2.28","","","","",""
"2024-01-11","2024011","14:14","2.0","127.7053","2.0","","","1.2","","8.9","81","","25","","3.36","10.45","2.29","","","","",""
"2024-01-11","2024011","14:14","2.0","127.7053","3.0","","","1.2","","8.9","80","","30","","3.40","10.42","2.32","","","","",""
"2024-01-11","2024011","14:14","2.0","127.7053","4.0","","","1.2","","8.9","82","","35","","3.43","10.39","2.35","","","","",""
"2024-01-11","2024011","14:14","2.0","127.7053","5.0","","","1.2","","8.8","81","","37","","3.43","10.39","2.35","","","","",""
"2024-01-11","2024011","14:14","2.0","127.7053","6.0","","","1.2","","8.8","81","","37","","3.44","10.38","2.36","","","","",""
"2024-01-11","2024011","14:14","2.0","127.7053","7.0","","","1.3","","8.8","81","","40","","3.44","10.37","2.36","","","","",""
"2024-01-11","2024011","14:14","2.0","127.7053","8.0","","","1.3","","8.8","81","","39","","3.44","10.37","2.36","","","","",""
"2024-01-11","2024011","14:14","2.0","127.7053","9.0","","","1.3","","8.9","81","","39","","3.44","10.37","2.36","","","","",""
"2024-01-11","2024011","14:04","3.0","125.3243","1.0","","","1.5","","8.9","82","","35","3.11","3.23","10.37","2.20","","","","",""
"2024-01-11","2024011","14:04","3.0","125.3243","2.0","1.4","0.42","1.4","","8.9","82","37.4","36","","3.39","10.35","2.32","0.44","28.34","5.14","1.89","243.19"
"2024-01-11","2024011","14:04","3.0","125.3243","3.0","","","1.4","","8.9","81","","39","","3.69","10.34","2.56","","","","",""
"2024-01-11","2024011","14:04","3.0","125.3243","4.0","","","1.3","","8.9","81","","42","","4.01","10.35","2.80","","","","",""
"2024-01-11","2024011","14:04","3.0","125.3243","5.0","","","1.2","","8.9","81","","40","","4.16","10.36","2.92","","","","",""
"2024-01-11","2024011","14:04","3.0","125.3243","6.0","","","1.2","","8.8","81","","40","","4.29","10.37","3.02","","","","",""
"2024-01-11","2024011","14:04","3.0","125.3243","7.0","","","1.2","","8.8","81","","39","","4.36","10.38","3.07","","","","",""
"2024-01-11","2024011","14:04","3.0","125.3243","8.0","","","1.2","","8.8","81","","38","","4.38","10.38","3.09","","","","",""
"2024-01-11","2024011","14:04","3.0","125.3243","9.0","","","1.2","","8.8","81","","44","","4.38","10.38","3.09","","","","",""
"2024-01-11","2024011","14:04","3.0","125.3243","10.0","","","1.2","","8.8","81","","43","","4.39","10.38","3.10","","","","",""
"2024-01-11","2024011","14:04","3.0","125.3243","11.0","1.3","0.40","1.3","","8.8","81","43.0","43","","4.40","10.38","3.10","","","","",""
"2024-01-11","2024011","13:50","4.0","119.8957","1.0","","","1.4","","8.9","83","","15","2.27","4.73","10.64","3.33","","","","",""
"2024-01-11","2024011","13:50","4.0","119.8957","2.0","","","1.4","","8.9","83","","14","","4.72","10.64","3.33","","","","",""
"2024-01-11","2024011","13:50","4.0","119.8957","3.0","","","1.5","","8.9","83","","13","","4.68","10.69","3.29","","","","",""
"2024-01-11","2024011","13:50","4.0","119.8957","4.0","","","1.6","","8.9","83","","11","","4.84","10.66","3.42","","","","",""
"2024-01-11","2024011","13:50","4.0","119.8957","5.0","","","1.6","","8.9","82","","11","","5.16","10.45","3.69","","","","",""
"2024-01-11","2024011","13:50","4.0","119.8957","6.0","","","1.3","","8.9","82","","17","","5.78","10.27","4.19","","","","",""
"2024-01-11","2024011","13:50","4.0","119.8957","7.0","","","1.3","","8.8","82","","27","","5.86","10.31","4.25","","","","",""
"2024-01-11","2024011","13:50","4.0","119.8957","8.0","","","1.2","","8.8","82","","30","","5.93","10.37","4.30","","","","",""
"2024-01-11","2024011","13:50","4.0","119.8957","9.0","","","1.2","","8.8","82","","28","","6.13","10.53","4.44","","","","",""
"2024-01-11","2024011","13:50","4.0","119.8957","10.0","","","1.2","","8.7","81","","28","","6.30","10.58","4.56","","","","",""
"2024-01-11","2024011","13:50","4.0","119.8957","11.0","","","1.1","","8.6","81","","31","","6.61","10.57","4.81","","","","",""
"2024-01-11","2024011","13:50","4.0","119.8957","12.0","","","1.2","","8.7","81","","34","","6.81","10.56","4.96","","","","",""
"2024-01-11","2024011","13:50","4.0","119.8957","13.0","","","1.1","","8.7","82","","35","","6.83","10.56","4.98","","","","",""
"2024-01-11","2024011","13:50","4.0","119.8957","14.0","","","1.1","","8.7","82","","34","","6.84","10.56","4.98","","","","",""
"2024-01-11","2024011","13:50","4.0","119.8957","15.0","","","1.1","","8.6","81","","33","","6.86","10.56","5.00","","","","",""
"2024-01-11","2024011","13:50","4.0","119.8957","16.0","","","1.2","","8.6","81","","33","","6.87","10.56","5.00","","","","",""
"2024-01-11","2024011","13:50","4.0","119.8957","17.0","","","1.1","","8.6","81","","32","","6.87","10.56","5.01","","","","",""
"2024-01-11","2024011","13:50","4.0","119.8957","18.0","","","1.1","","8.6","81","","33","","6.88","10.56","5.01","","","","",""
"2024-01-11","2024011","13:38","5.0","115.6252","1.0","","","1.7","","8.6","81","","41","2.55","7.30","10.53","5.34","","","","",""
"2024-01-11","2024011","13:38","5.0","115.6252","2.0","","","1.3","","8.6","81","","46","","7.46","10.55","5.46","","","","",""
"2024-01-11","2024011","13:38","5.0","115.6252","3.0","","","1.3","","8.6","81","","48","","7.66","10.59","5.61","","","","",""
"2024-01-11","2024011","13:38","5.0","115.6252","4.0","","","1.2","","8.6","82","","48","","7.94","10.63","5.83","","","","",""
"2024-01-11","2024011","13:38","5.0","115.6252","5.0","","","1.2","","8.5","81","","50","","8.43","10.70","6.20","","","","",""
"2024-01-11","2024011","13:38","5.0","115.6252","6.0","","","1.2","","8.5","81","","61","","8.82","10.76","6.50","","","","",""
"2024-01-11","2024011","13:38","5.0","115.6252","7.0","","","1.3","","8.5","81","","63","","8.83","10.76","6.50","","","","",""
"2024-01-11","2024011","13:38","5.0","115.6252","8.0","","","1.3","","8.5","81","","65","","8.86","10.76","6.53","","","","",""
"2024-01-11","2024011","13:38","5.0","115.6252","9.0","","","1.3","","8.5","81","","65","","8.87","10.76","6.53","","","","",""
"2024-01-11","2024011","13:38","5.0","115.6252","10.0","","","1.2","","8.5","81","","64","","8.88","10.77","6.54","","","","",""
"2024-01-11","2024011","13:38","5.0","115.6252","11.0","","","1.3","","8.4","80","","67","","8.89","10.77","6.55","","","","",""
"2024-01-11","2024011","13:26","6.0","110.8977","1.0","","","1.3","","8.4","82","","17","2.54","10.03","10.96","7.41","","","","",""
"2024-01-11","2024011","13:26","6.0","110.8977","2.0","1.7","0.60","1.3","","8.3","81","22.8","23","","11.30","11.07","8.38","0.67","27.34","8.07","1.43","215.06"
"2024-01-11","2024011","13:26","6.0","110.8977","3.0","","","1.2","","8.3","81","","46","","11.62","11.09","8.62","","","","",""
"2024-01-11","2024011","13:26","6.0","110.8977","4.0","","","1.2","","8.2","81","","58","","11.73","11.09","8.71","","","","",""
"2024-01-11","2024011","13:26","6.0","110.8977","5.0","","","1.3","","8.2","81","","66","","11.84","11.10","8.80","","","","",""
"2024-01-11","2024011","13:26","6.0","110.8977","6.0","","","1.3","","8.2","81","","71","","11.93","11.10","8.86","","","","",""
"2024-01-11","2024011","13:26","6.0","110.8977","7.0","","","1.3","","8.2","81","","75","","12.00","11.10","8.92","","","","",""
"2024-01-11","2024011","13:26","6.0","110.8977","8.0","","","1.3","","8.2","80","","73","","12.04","11.10","8.95","","","","",""
"2024-01-11","2024011","13:26","6.0","110.8977","9.0","","","1.3","","8.2","81","","74","","12.04","11.10","8.95","","","","",""
"2024-01-11","2024011","13:26","6.0","110.8977","10.0","","","1.3","","8.2","81","","77","","12.04","11.10","8.94","","","","",""
"2024-01-11","2024011","13:26","6.0","110.8977","11.0","1.4","0.32","1.4","","8.2","80","78.7","80","","12.03","11.10","8.94","","","","",""
"2024-01-11","2024011","13:10","7.0","104.9810","1.0","","","2.4","","8.1","82","","13","2.89","15.29","11.39","11.43","","","","",""
"2024-01-11","2024011","13:10","7.0","104.9810","2.0","1.8","0.58","2.3","","8.1","82","16.6","18","","15.53","11.36","11.61","","","","",""
"2024-01-11","2024011","13:10","7.0","104.9810","3.0","","","2.3","","8.1","82","","31","","15.61","11.36","11.68","","","","",""
"2024-01-11","2024011","13:10","7.0","104.9810","4.0","","","2.3","","8.1","82","","33","","15.80","11.35","11.82","","","","",""
"2024-01-11","2024011","13:10","7.0","104.9810","5.0","","","2.3","","8.1","82","","33","","15.85","11.35","11.86","","","","",""
"2024-01-11","2024011","13:10","7.0","104.9810","6.0","","","2.3","","8.0","81","","32","","15.95","11.35","11.94","","","","",""
"2024-01-11","2024011","13:10","7.0","104.9810","7.0","","","2.3","","8.0","81","","32","","16.06","11.35","12.03","","","","",""
"2024-01-11","2024011","13:10","7.0","104.9810","8.0","","","2.4","","8.0","81","","33","","16.15","11.35","12.09","","","","",""
"2024-01-11","2024011","13:10","7.0","104.9810","9.0","","","2.4","","8.0","81","","34","","16.17","11.35","12.11","","","","",""
"2024-01-11","2024011","13:10","7.0","104.9810","10.0","","","2.4","","8.0","81","","34","","16.18","11.35","12.12","","","","",""
"2024-01-11","2024011","13:10","7.0","104.9810","11.0","","","2.4","","8.0","81","","34","","16.17","11.35","12.11","","","","",""
"2024-01-11","2024011","13:10","7.0","104.9810","12.0","","","2.4","","8.0","81","","32","","16.14","11.35","12.09","","","","",""
"2024-01-11","2024011","13:10","7.0","104.9810","13.0","","","2.4","","8.0","81","","32","","16.16","11.35","12.10","","","","",""
"2024-01-11","2024011","13:10","7.0","104.9810","14.0","","","2.4","","8.0","81","","35","","16.23","11.35","12.16","","","","",""
"2024-01-11","2024011","13:10","7.0","104.9810","15.0","","","2.4","","8.0","81","","38","","16.24","11.35","12.17","","","","",""
"2024-01-11","2024011","13:10","7.0","104.9810","16.0","","","2.4","","7.9","80","","38","","16.25","11.35","12.17","","","","",""
"2024-01-11","2024011","12:54","8.0","99.7699","1.0","","","2.3","","8.0","81","","16","2.21","16.55","11.38","12.40","","","","",""
"2024-01-11","2024011","12:54","8.0","99.7699","2.0","1.9","0.73","2.3","","8.0","81","30.9","27","","17.31","11.32","12.99","","","","",""
"2024-01-11","2024011","12:54","8.0","99.7699","3.0","","","2.3","","8.0","81","","31","","17.59","11.30","13.21","","","","",""
"2024-01-11","2024011","12:54","8.0","99.7699","4.0","","","2.2","","8.0","81","","31","","17.92","11.27","13.48","","","","",""
"2024-01-11","2024011","12:54","8.0","99.7699","5.0","","","2.2","","7.9","81","","28","","18.11","11.25","13.62","","","","",""
"2024-01-11","2024011","12:54","8.0","99.7699","6.0","","","2.2","","7.9","81","","31","","18.28","11.26","13.76","","","","",""
"2024-01-11","2024011","12:54","8.0","99.7699","7.0","","","2.3","","7.9","81","","40","","18.47","11.29","13.90","","","","",""
"2024-01-11","2024011","12:54","8.0","99.7699","8.0","","","2.4","","7.9","81","","44","","18.50","11.29","13.92","","","","",""
"2024-01-11","2024011","12:54","8.0","99.7699","9.0","","","2.4","","7.9","81","","45","","18.54","11.30","13.95","","","","",""
"2024-01-11","2024011","12:54","8.0","99.7699","10.0","","","2.4","","7.9","81","","51","","18.64","11.31","14.03","","","","",""
"2024-01-11","2024011","12:54","8.0","99.7699","11.0","","","2.4","","7.9","81","","51","","18.65","11.31","14.03","","","","",""
"2024-01-11","2024011","12:54","8.0","99.7699","12.0","","","2.4","","7.9","81","","54","","18.67","11.31","14.05","","","","",""
"2024-01-11","2024011","12:54","8.0","99.7699","13.0","","","2.5","","7.8","81","","56","","18.67","11.31","14.05","","","","",""
"2024-01-11","2024011","12:54","8.0","99.7699","14.0","","","2.5","","7.9","81","","57","","18.67","11.31","14.05","","","","",""
"2024-01-11","2024011","12:54","8.0","99.7699","15.0","","","2.5","","7.8","80","","58","","18.67","11.31","14.05","","","","",""
"2024-01-11","2024011","12:54","8.0","99.7699","16.0","","","2.6","","7.8","81","","63","","18.67","11.31","14.05","","","","",""
"2024-01-11","2024011","12:40","9.0","96.7889","1.0","","","2.7","","8.1","83","","28","2.40","18.92","11.29","14.25","","","","",""
"2024-01-11","2024011","12:40","9.0","96.7889","2.0","1.9","0.61","2.6","","8.1","84","30.9","30","","19.13","11.28","14.41","0.83","23.42","7.21","2.19","147.41"
"2024-01-11","2024011","12:40","9.0","96.7889","3.0","","","2.5","","8.1","83","","32","","19.20","11.28","14.47","","","","",""
"2024-01-11","2024011","12:40","9.0","96.7889","4.0","","","2.5","","8.1","83","","33","","19.39","11.28","14.61","","","","",""
"2024-01-11","2024011","12:40","9.0","96.7889","5.0","","","2.5","","8.1","83","","34","","19.44","11.28","14.65","","","","",""
"2024-01-11","2024011","12:40","9.0","96.7889","6.0","","","2.4","","8.1","83","","34","","19.63","11.28","14.79","","","","",""
"2024-01-11","2024011","12:40","9.0","96.7889","7.0","","","2.4","","8.0","83","","35","","19.73","11.29","14.87","","","","",""
"2024-01-11","2024011","12:40","9.0","96.7889","8.0","","","2.4","","8.0","83","","35","","19.75","11.29","14.88","","","","",""
"2024-01-11","2024011","12:40","9.0","96.7889","9.0","","","2.4","","8.0","83","","36","","19.75","11.29","14.89","","","","",""
"2024-01-11","2024011","12:40","9.0","96.7889","10.0","","","2.4","","8.0","83","","34","","19.77","11.29","14.90","","","","",""
"2024-01-11","2024011","12:40","9.0","96.7889","11.0","","","2.4","","8.0","83","","35","","19.79","11.29","14.92","","","","",""
"2024-01-11","2024011","12:40","9.0","96.7889","12.0","","","2.3","","8.0","83","","35","","19.77","11.29","14.91","","","","",""
"2024-01-11","2024011","12:40","9.0","96.7889","13.0","","","2.4","","8.0","83","","35","","19.78","11.29","14.91","","","","",""
"2024-01-11","2024011","12:40","9.0","96.7889","14.0","","","2.4","","8.0","83","","35","","19.79","11.29","14.92","","","","",""
"2024-01-11","2024011","12:40","9.0","96.7889","15.0","","","2.4","","8.0","83","","35","","19.89","11.29","14.99","","","","",""
"2024-01-11","2024011","12:40","9.0","96.7889","16.0","","","2.3","","8.0","83","","34","","19.93","11.29","15.03","","","","",""
"2024-01-11","2024011","12:40","9.0","96.7889","17.0","","","2.4","","8.0","83","","34","","19.96","11.29","15.05","","","","",""
"2024-01-11","2024011","12:40","9.0","96.7889","18.0","","","2.3","","7.9","82","","37","","20.10","11.27","15.16","","","","",""
"2024-01-11","2024011","12:40","9.0","96.7889","19.0","","","2.4","","7.9","82","","41","","20.21","11.26","15.25","","","","",""
"2024-01-11","2024011","12:40","9.0","96.7889","20.0","","","2.4","","7.9","83","","47","","20.27","11.26","15.29","","","","",""
"2024-01-11","2024011","12:40","9.0","96.7889","21.0","","","2.4","","7.9","82","","50","","20.28","11.26","15.31","","","","",""
"2024-01-11","2024011","12:40","9.0","96.7889","22.0","","","2.4","","7.9","82","","54","","20.30","11.26","15.32","","","","",""
"2024-01-11","2024011","12:40","9.0","96.7889","23.0","","","2.4","","7.9","82","","51","","20.30","11.26","15.32","","","","",""
"2024-01-11","2024011","12:40","9.0","96.7889","24.0","","","2.4","","7.9","82","","55","","20.30","11.26","15.32","","","","",""
"2024-01-11","2024011","12:40","9.0","96.7889","25.0","","","2.5","","7.9","82","","56","","20.31","11.25","15.32","","","","",""
"2024-01-11","2024011","12:40","9.0","96.7889","26.0","","","2.4","","7.8","82","","58","","20.31","11.25","15.32","","","","",""
"2024-01-11","2024011","12:40","9.0","96.7889","27.0","","","2.5","","7.9","82","","60","","20.30","11.25","15.32","","","","",""
"2024-01-11","2024011","12:32","10.0","93.5951","1.0","","","2.8","","7.4","76","","36","2.46","18.98","11.23","14.30","","","","",""
"2024-01-11","2024011","12:32","10.0","93.5951","2.0","2.6","0.68","2.7","","7.4","76","","44","","19.06","11.21","14.37","","","","",""
"2024-01-11","2024011","12:32","10.0","93.5951","3.0","","","2.6","","7.3","75","","46","","19.23","11.21","14.50","","","","",""
"2024-01-11","2024011","12:32","10.0","93.5951","4.0","","","2.6","","7.3","75","","49","","19.50","11.17","14.71","","","","",""
"2024-01-11","2024011","12:32","10.0","93.5951","5.0","","","2.6","","7.3","75","","58","","19.84","11.04","15.00","","","","",""
"2024-01-11","2024011","12:32","10.0","93.5951","6.0","","","2.6","","7.3","75","","72","","19.90","11.01","15.05","","","","",""
"2024-01-11","2024011","12:32","10.0","93.5951","7.0","","","2.5","","7.3","75","","74","","19.92","11.01","15.06","","","","",""
"2024-01-11","2024011","12:32","10.0","93.5951","8.0","","","2.5","","7.3","75","","76","","19.95","11.00","15.08","","","","",""
"2024-01-11","2024011","12:32","10.0","93.5951","9.0","","","2.5","","7.3","75","","78","","19.97","11.00","15.10","","","","",""
"2024-01-11","2024011","12:32","10.0","93.5951","10.0","","","2.5","","7.3","75","","78","","19.96","11.00","15.09","","","","",""
"2024-01-11","2024011","12:32","10.0","93.5951","11.0","","","2.5","","7.3","75","","78","","19.98","11.00","15.11","","","","",""
"2024-01-11","2024011","12:32","10.0","93.5951","12.0","","","2.5","","7.3","75","","79","","20.06","11.02","15.17","","","","",""
"2024-01-11","2024011","12:32","10.0","93.5951","13.0","","","2.4","","7.3","75","","76","","20.59","11.16","15.56","","","","",""
"2024-01-11","2024011","12:32","10.0","93.5951","14.0","","","2.4","","7.3","75","","79","","20.94","11.25","15.81","","","","",""
"2024-01-11","2024011","12:32","10.0","93.5951","15.0","","","2.4","","7.3","75","","84","","21.07","11.28","15.91","","","","",""
"2024-01-11","2024011","12:32","10.0","93.5951","16.0","","","2.4","","7.3","75","","87","","21.16","11.30","15.98","","","","",""
"2024-01-11","2024011","12:32","10.0","93.5951","17.0","","","2.4","","7.3","75","","88","","21.20","11.31","16.01","","","","",""
"2024-01-11","2024011","12:32","10.0","93.5951","18.0","","","2.4","","7.3","75","","90","","21.30","11.36","16.08","","","","",""
"2024-01-11","2024011","12:32","10.0","93.5951","19.0","","","2.4","","7.3","75","","89","","21.37","11.38","16.13","","","","",""
"2024-01-11","2024011","12:32","10.0","93.5951","20.0","","","2.4","","7.3","75","","95","","21.51","11.42","16.23","","","","",""
"2024-01-11","2024011","12:32","10.0","93.5951","21.0","","","2.5","","7.3","75","","98","","21.50","11.42","16.23","","","","",""
"2024-01-11","2024011","12:18","11.0","89.7672","1.0","","","3.6","","7.6","77","","11","1.24","17.73","11.08","13.36","","","","",""
"2024-01-11","2024011","12:18","11.0","89.7672","2.0","","","3.8","","7.5","77","","11","","17.99","11.15","13.55","","","","",""
"2024-01-11","2024011","12:18","11.0","89.7672","3.0","","","3.3","","7.5","77","","16","","18.73","11.16","14.12","","","","",""
"2024-01-11","2024011","12:18","11.0","89.7672","4.0","","","3.1","","7.5","77","","37","","19.30","10.97","14.58","","","","",""
"2024-01-11","2024011","12:18","11.0","89.7672","5.0","","","2.7","","7.4","77","","55","","20.21","11.25","15.25","","","","",""
"2024-01-11","2024011","12:18","11.0","89.7672","6.0","","","2.4","","7.3","77","","55","","20.90","11.33","15.78","","","","",""
"2024-01-11","2024011","12:18","11.0","89.7672","7.0","","","2.4","","7.3","77","","46","","21.45","11.26","16.21","","","","",""
"2024-01-11","2024011","12:18","11.0","89.7672","8.0","","","2.4","","7.3","77","","44","","21.60","11.23","16.33","","","","",""
"2024-01-11","2024011","12:18","11.0","89.7672","9.0","","","2.4","","7.4","77","","45","","21.65","11.24","16.37","","","","",""
"2024-01-11","2024011","12:18","11.0","89.7672","10.0","","","2.4","","7.4","77","","47","","21.73","11.25","16.43","","","","",""
"2024-01-11","2024011","12:18","11.0","89.7672","11.0","","","2.4","","7.4","77","","50","","21.89","11.28","16.55","","","","",""
"2024-01-11","2024011","12:18","11.0","89.7672","12.0","","","2.4","","7.4","77","","56","","22.57","11.43","17.05","","","","",""
"2024-01-11","2024011","12:18","11.0","89.7672","13.0","","","2.5","","7.4","77","","68","","23.15","11.57","17.48","","","","",""
"2024-01-11","2024011","12:18","11.0","89.7672","14.0","","","2.4","","7.4","77","","74","","23.33","11.61","17.61","","","","",""
"2024-01-11","2024011","12:18","11.0","89.7672","15.0","","","2.4","","7.3","77","","73","","23.38","11.62","17.64","","","","",""
"2024-01-11","2024011","12:18","11.0","89.7672","16.0","","","2.5","","7.3","77","","73","","23.41","11.63","17.67","","","","",""
"2024-01-11","2024011","12:18","11.0","89.7672","17.0","","","2.5","","7.3","77","","74","","23.43","11.64","17.68","","","","",""
"2024-01-11","2024011","12:18","11.0","89.7672","18.0","","","2.4","","7.3","77","","74","","23.43","11.64","17.68","","","","",""
"2024-01-11","2024011","12:18","11.0","89.7672","19.0","","","2.4","","7.3","77","","75","","23.44","11.64","17.69","","","","",""
"2024-01-11","2024011","12:18","11.0","89.7672","20.0","","","2.4","","7.3","77","","76","","23.44","11.64","17.69","","","","",""
"2024-01-11","2024011","12:18","11.0","89.7672","21.0","","","2.3","","7.3","77","","76","","23.43","11.64","17.69","","","","",""
"2024-01-11","2024011","12:18","11.0","89.7672","22.0","","","2.4","","7.3","77","","78","","23.44","11.64","17.69","","","","",""
"2024-01-11","2024011","12:07","12.0","84.4458","1.0","","","2.2","","7.2","76","","14","1.48","21.16","11.41","15.96","","","","",""
"2024-01-11","2024011","12:07","12.0","84.4458","2.0","","","2.4","","7.1","76","","17","","22.54","11.49","17.02","","","","",""
"2024-01-11","2024011","12:07","12.0","84.4458","3.0","","","2.3","","7.0","75","","19","","24.12","11.70","18.21","","","","",""
"2024-01-11","2024011","12:07","12.0","84.4458","4.0","","","2.2","","7.0","76","","24","","24.73","11.83","18.66","","","","",""
"2024-01-11","2024011","12:07","12.0","84.4458","5.0","","","2.3","","6.9","75","","40","","24.89","11.88","18.77","","","","",""
"2024-01-11","2024011","12:07","12.0","84.4458","6.0","","","2.4","","6.9","75","","57","","25.06","11.93","18.90","","","","",""
"2024-01-11","2024011","12:07","12.0","84.4458","7.0","","","2.5","","6.9","75","","79","","25.18","11.96","18.98","","","","",""
"2024-01-11","2024011","12:07","12.0","84.4458","8.0","","","2.4","","6.9","75","","85","","25.35","12.00","19.11","","","","",""
"2024-01-11","2024011","12:07","12.0","84.4458","9.0","","","2.4","","6.9","75","","81","","25.42","12.01","19.16","","","","",""
"2024-01-11","2024011","11:53","13.0","78.5444","1.0","","","2.2","","7.4","82","","21","1.63","26.99","12.28","20.32","","","","",""
"2024-01-11","2024011","11:53","13.0","78.5444","2.0","2.6","0.77","2.3","","7.4","82","16.7","20","","27.03","12.27","20.36","0.96","15.06","5.71","2.23","69.07"
"2024-01-11","2024011","11:53","13.0","78.5444","3.0","","","2.2","","7.3","81","","28","","27.14","12.27","20.45","","","","",""
"2024-01-11","2024011","11:53","13.0","78.5444","4.0","","","2.1","","7.3","81","","38","","27.19","12.27","20.48","","","","",""
"2024-01-11","2024011","11:53","13.0","78.5444","5.0","","","2.1","","7.3","81","","46","","27.25","12.28","20.53","","","","",""
"2024-01-11","2024011","11:53","13.0","78.5444","6.0","","","2.2","","7.3","81","","55","","27.28","12.29","20.55","","","","",""
"2024-01-11","2024011","11:53","13.0","78.5444","7.0","","","2.1","","7.3","81","","61","","27.30","12.30","20.57","","","","",""
"2024-01-11","2024011","11:53","13.0","78.5444","8.0","","","2.1","","7.3","81","","66","","27.33","12.31","20.59","","","","",""
"2024-01-11","2024011","11:53","13.0","78.5444","9.0","2.0","0.44","2.1","","7.3","81","67.0","66","","27.33","12.30","20.59","","","","",""
"2024-01-11","2024011","11:41","14.0","74.4288","1.0","","","2.2","","7.3","81","","16","1.42","27.17","12.11","20.50","","","","",""
"2024-01-11","2024011","11:41","14.0","74.4288","2.0","","","2.3","","7.3","81","","18","","27.42","12.15","20.68","","","","",""
"2024-01-11","2024011","11:41","14.0","74.4288","3.0","","","2.2","","7.3","81","","25","","27.72","12.21","20.90","","","","",""
"2024-01-11","2024011","11:41","14.0","74.4288","4.0","","","2.1","","7.2","81","","31","","27.92","12.25","21.05","","","","",""
"2024-01-11","2024011","11:41","14.0","74.4288","5.0","","","2.0","","7.3","81","","35","","27.99","12.26","21.11","","","","",""
"2024-01-11","2024011","11:41","14.0","74.4288","6.0","","","2.1","","7.2","81","","39","","28.04","12.29","21.14","","","","",""
"2024-01-11","2024011","11:41","14.0","74.4288","7.0","","","2.1","","7.2","81","","46","","28.09","12.30","21.17","","","","",""
"2024-01-11","2024011","11:41","14.0","74.4288","8.0","","","2.2","","7.2","81","","53","","28.11","12.31","21.19","","","","",""
"2024-01-11","2024011","11:41","14.0","74.4288","9.0","","","2.2","","7.2","81","","59","","28.14","12.33","21.21","","","","",""
"2024-01-11","2024011","11:41","14.0","74.4288","10.0","","","2.2","","7.2","81","","66","","28.21","12.35","21.26","","","","",""
"2024-01-11","2024011","11:41","14.0","74.4288","11.0","","","2.2","","7.2","81","","79","","28.24","12.36","21.28","","","","",""
"2024-01-11","2024011","11:41","14.0","74.4288","12.0","","","2.3","","7.2","81","","85","","28.26","12.37","21.29","","","","",""
"2024-01-11","2024011","11:41","14.0","74.4288","13.0","","","2.3","","7.2","81","","87","","28.27","12.37","21.30","","","","",""
"2024-01-11","2024011","11:41","14.0","74.4288","14.0","","","2.3","","7.2","81","","87","","28.27","12.37","21.30","","","","",""
"2024-01-11","2024011","11:41","14.0","74.4288","15.0","","","2.6","","7.2","80","","117","","28.26","12.37","21.29","","","","",""
"2024-01-11","2024011","11:27","15.0","69.9895","1.0","","","1.9","","7.6","84","","12","1.19","26.65","11.96","20.12","","","","",""
"2024-01-11","2024011","11:27","15.0","69.9895","2.0","2.8","0.81","2.3","","7.5","83","10.9","11","","27.04","12.01","20.42","0.88","15.21","5.71","2.04","69.07"
"2024-01-11","2024011","11:27","15.0","69.9895","3.0","","","2.3","","7.5","83","","12","","27.53","12.11","20.78","","","","",""
"2024-01-11","2024011","11:27","15.0","69.9895","4.0","","","2.1","","7.4","82","","14","","28.00","12.22","21.12","","","","",""
"2024-01-11","2024011","11:27","15.0","69.9895","5.0","","","2.0","","7.3","82","","18","","28.74","12.39","21.66","","","","",""
"2024-01-11","2024011","11:27","15.0","69.9895","6.0","","","1.9","","7.3","82","","28","","28.93","12.45","21.80","","","","",""
"2024-01-11","2024011","11:27","15.0","69.9895","7.0","","","1.9","","7.2","81","","34","","29.08","12.49","21.91","","","","",""
"2024-01-11","2024011","11:27","15.0","69.9895","8.0","","","2.0","","7.2","81","","42","","29.19","12.54","21.98","","","","",""
"2024-01-11","2024011","11:27","15.0","69.9895","9.0","","","2.0","","7.2","82","","59","","29.18","12.54","21.98","","","","",""
"2024-01-11","2024011","11:27","15.0","69.9895","10.0","","","2.1","","7.2","81","","58","","29.19","12.54","21.98","","","","",""
"2024-01-11","2024011","11:27","15.0","69.9895","11.0","","","2.0","","7.2","81","","63","","29.20","12.55","21.99","","","","",""
"2024-01-11","2024011","11:27","15.0","69.9895","12.0","","","2.0","","7.1","80","","57","","29.18","12.54","21.98","","","","",""
"2024-01-11","2024011","11:27","15.0","69.9895","13.0","","","2.0","","7.1","81","","60","","29.22","12.55","22.01","","","","",""
"2024-01-11","2024011","11:27","15.0","69.9895","14.0","","","2.2","","7.1","81","","75","","29.31","12.59","22.07","","","","",""
"2024-01-11","2024011","11:27","15.0","69.9895","15.0","","","2.4","","7.1","80","","103","","29.34","12.60","22.09","","","","",""
"2024-01-11","2024011","11:27","15.0","69.9895","16.0","","","2.4","","7.1","81","","108","","29.35","12.60","22.09","","","","",""
"2024-01-11","2024011","11:27","15.0","69.9895","17.0","","","2.4","","7.1","80","","114","","29.36","12.60","22.10","","","","",""
"2024-01-11","2024011","11:27","15.0","69.9895","18.0","","","2.6","","7.1","80","","120","","29.36","12.61","22.10","","","","",""
"2024-01-11","2024011","11:27","15.0","69.9895","19.0","","","2.7","","7.1","81","","127","","29.36","12.61","22.10","","","","",""
"2024-01-11","2024011","11:27","15.0","69.9895","20.0","","","2.7","","7.1","80","","129","","29.36","12.61","22.10","","","","",""
"2024-01-11","2024011","11:27","15.0","69.9895","21.0","","","2.7","","7.1","80","","132","","29.36","12.61","22.10","","","","",""
"2024-01-11","2024011","11:27","15.0","69.9895","22.0","","","2.9","","7.1","80","","138","","29.36","12.61","22.10","","","","",""
"2024-01-11","2024011","11:27","15.0","69.9895","23.0","","","2.8","","7.1","80","","140","","29.36","12.61","22.10","","","","",""
"2024-01-11","2024011","11:27","15.0","69.9895","24.0","2.9","0.28","2.9","","7.1","80","143.0","142","","29.36","12.61","22.10","","","","",""
"2024-01-11","2024011","11:12","16.0","63.0794","1.0","","","1.7","","7.3","83","","20","1.53","29.72","12.71","22.36","","","","",""
"2024-01-11","2024011","11:12","16.0","63.0794","2.0","","","1.8","","7.3","83","","22","","29.73","12.71","22.37","","","","",""
"2024-01-11","2024011","11:12","16.0","63.0794","3.0","","","1.9","","7.3","83","","23","","29.75","12.70","22.39","","","","",""
"2024-01-11","2024011","11:12","16.0","63.0794","4.0","","","1.9","","7.2","82","","27","","29.80","12.70","22.43","","","","",""
"2024-01-11","2024011","11:12","16.0","63.0794","5.0","","","1.9","","7.2","82","","29","","29.80","12.70","22.43","","","","",""
"2024-01-11","2024011","11:12","16.0","63.0794","6.0","","","1.9","","7.2","82","","28","","29.80","12.70","22.43","","","","",""
"2024-01-11","2024011","11:12","16.0","63.0794","7.0","","","1.9","","7.2","82","","29","","29.82","12.71","22.44","","","","",""
"2024-01-11","2024011","11:12","16.0","63.0794","8.0","","","1.9","","7.2","82","","30","","29.83","12.71","22.44","","","","",""
"2024-01-11","2024011","11:12","16.0","63.0794","9.0","","","1.9","","7.2","82","","30","","29.83","12.71","22.45","","","","",""
"2024-01-11","2024011","11:12","16.0","63.0794","10.0","","","1.9","","7.1","81","","31","","29.86","12.71","22.47","","","","",""
"2024-01-11","2024011","11:12","16.0","63.0794","11.0","","","1.9","","7.2","82","","35","","29.88","12.72","22.49","","","","",""
"2024-01-11","2024011","11:12","16.0","63.0794","12.0","","","1.9","","7.2","81","","37","","29.89","12.72","22.49","","","","",""
"2024-01-11","2024011","11:12","16.0","63.0794","13.0","","","1.9","","7.1","81","","37","","29.89","12.72","22.49","","","","",""
"2024-01-11","2024011","11:12","16.0","63.0794","14.0","","","2.0","","7.1","81","","35","","29.89","12.72","22.49","","","","",""
"2024-01-11","2024011","11:01","17.0","58.8909","1.0","","","2.0","","7.1","81","","9","1.66","30.09","12.82","22.63","","","","",""
"2024-01-11","2024011","11:01","17.0","58.8909","2.0","2.1","0.56","2.0","","7.1","81","","14","","30.31","12.82","22.80","","","","",""
"2024-01-11","2024011","11:01","17.0","58.8909","3.0","","","2.0","","7.1","81","","24","","30.49","12.83","22.93","","","","",""
"2024-01-11","2024011","11:01","17.0","58.8909","4.0","","","2.1","","7.1","81","","41","","30.60","12.85","23.02","","","","",""
"2024-01-11","2024011","11:01","17.0","58.8909","5.0","","","2.1","","7.0","81","","49","","30.65","12.86","23.05","","","","",""
"2024-01-11","2024011","11:01","17.0","58.8909","6.0","","","2.1","","7.0","81","","55","","30.65","12.86","23.05","","","","",""
"2024-01-11","2024011","11:01","17.0","58.8909","7.0","","","2.2","","7.0","81","","56","","30.65","12.86","23.06","","","","",""
"2024-01-11","2024011","11:01","17.0","58.8909","8.0","","","2.1","","7.0","81","","56","","30.66","12.86","23.06","","","","",""
"2024-01-11","2024011","11:01","17.0","58.8909","9.0","","","2.2","","7.0","81","","59","","30.67","12.86","23.06","","","","",""
"2024-01-11","2024011","11:01","17.0","58.8909","10.0","","","2.2","","7.0","80","","64","","30.66","12.86","23.06","","","","",""
"2024-01-11","2024011","11:01","17.0","58.8909","11.0","","","2.3","","7.0","81","","68","","30.66","12.86","23.06","","","","",""
"2024-01-11","2024011","11:01","17.0","58.8909","12.0","","","2.4","","6.9","80","","72","","30.66","12.86","23.06","","","","",""
"2024-01-11","2024011","10:44","18.0","54.9481","1.0","","","1.8","","7.1","82","","11","0.90","31.21","12.82","23.49","","","","",""
"2024-01-11","2024011","10:44","18.0","54.9481","2.0","1.9","0.57","1.8","","7.0","81","14.3","12","","31.22","12.81","23.51","0.74","10.21","2.64","1.01","28.13"
"2024-01-11","2024011","10:44","18.0","54.9481","3.0","","","1.9","","7.1","81","","13","","31.24","12.80","23.52","","","","",""
"2024-01-11","2024011","10:44","18.0","54.9481","4.0","","","1.8","","7.0","81","","13","","31.25","12.80","23.53","","","","",""
"2024-01-11","2024011","10:44","18.0","54.9481","5.0","","","1.8","","7.0","81","","14","","31.27","12.80","23.54","","","","",""
"2024-01-11","2024011","10:44","18.0","54.9481","6.0","","","1.9","","7.0","80","","15","","31.28","12.80","23.55","","","","",""
"2024-01-11","2024011","10:44","18.0","54.9481","7.0","","","1.8","","7.0","80","","15","","31.29","12.81","23.56","","","","",""
"2024-01-11","2024011","10:44","18.0","54.9481","8.0","","","1.9","","7.0","80","","15","","31.28","12.80","23.55","","","","",""
"2024-01-11","2024011","10:44","18.0","54.9481","9.0","","","1.9","","6.9","79","","15","","31.30","12.81","23.57","","","","",""
"2024-01-11","2024011","10:44","18.0","54.9481","10.0","","","1.9","","7.0","80","","16","","31.30","12.81","23.56","","","","",""
"2024-01-11","2024011","10:44","18.0","54.9481","11.0","","","1.9","","6.9","79","","15","","31.30","12.81","23.56","","","","",""
"2024-01-11","2024011","10:44","18.0","54.9481","12.0","","","1.9","","6.9","80","","15","","31.30","12.81","23.56","","","","",""
"2024-01-11","2024011","10:44","18.0","54.9481","13.0","","","1.9","","6.9","79","","15","","31.30","12.81","23.56","","","","",""
"2024-01-11","2024011","10:44","18.0","54.9481","14.0","","","1.9","","6.9","79","","16","","31.30","12.81","23.56","","","","",""
"2024-01-11","2024011","10:44","18.0","54.9481","15.0","","","1.9","","6.9","79","","15","","31.30","12.81","23.56","","","","",""
"2024-01-11","2024011","10:44","18.0","54.9481","16.0","","","1.9","","6.8","79","","15","","31.30","12.81","23.56","","","","",""
"2024-01-11","2024011","10:44","18.0","54.9481","17.0","","","1.9","","6.9","79","","15","","31.30","12.81","23.56","","","","",""
"2024-01-11","2024011","10:44","18.0","54.9481","18.0","","","1.9","","6.9","79","","16","","31.31","12.81","23.57","","","","",""
"2024-01-11","2024011","10:44","18.0","54.9481","19.0","","","1.9","","6.9","79","","15","","31.31","12.81","23.57","","","","",""
"2024-01-11","2024011","10:44","18.0","54.9481","20.0","","","1.9","","6.8","79","","16","","31.31","12.81","23.57","","","","",""
"2024-01-11","2024011","10:44","18.0","54.9481","21.0","","","2.0","","6.9","79","","16","","31.31","12.81","23.57","","","","",""
"2024-01-11","2024011","10:44","18.0","54.9481","22.0","","","2.0","","6.8","79","","15","","31.32","12.82","23.58","","","","",""
"2024-01-11","2024011","10:44","18.0","54.9481","23.0","","","2.0","","6.9","79","","16","","31.34","12.83","23.59","","","","",""
"2024-01-11","2024011","10:44","18.0","54.9481","24.0","","","2.0","","6.9","79","","18","","31.35","12.83","23.60","","","","",""
"2024-01-11","2024011","10:44","18.0","54.9481","25.0","","","2.0","","6.9","79","","18","","31.33","12.82","23.59","","","","",""
"2024-01-11","2024011","10:44","18.0","54.9481","26.0","","","1.9","","6.9","79","","17","","31.34","12.83","23.59","","","","",""
"2024-01-11","2024011","10:44","18.0","54.9481","27.0","","","1.9","","6.9","79","","18","","31.36","12.84","23.61","","","","",""
"2024-01-11","2024011","10:44","18.0","54.9481","28.0","","","2.0","","6.9","80","","20","","31.36","12.84","23.61","","","","",""
"2024-01-11","2024011","10:44","18.0","54.9481","29.0","","","1.8","","6.9","79","","21","","31.36","12.85","23.61","","","","",""
"2024-01-11","2024011","10:44","18.0","54.9481","30.0","","","1.8","","6.9","80","","21","","31.36","12.85","23.61","","","","",""
"2024-01-11","2024011","10:44","18.0","54.9481","31.0","","","1.9","","6.9","80","","20","","31.36","12.85","23.61","","","","",""
"2024-01-11","2024011","10:44","18.0","54.9481","32.0","","","1.8","","6.9","80","","21","","31.36","12.85","23.61","","","","",""
"2024-01-11","2024011","10:44","18.0","54.9481","33.0","","","1.9","","6.9","79","","21","","31.36","12.85","23.61","","","","",""
"2024-01-11","2024011","10:44","18.0","54.9481","34.0","","","1.9","","6.9","80","","21","","31.36","12.85","23.61","","","","",""
"2024-01-11","2024011","10:44","18.0","54.9481","35.0","","","1.8","","6.9","80","","21","","31.36","12.85","23.61","","","","",""
"2024-01-11","2024011","10:44","18.0","54.9481","36.0","","","1.8","","7.0","80","","21","","31.36","12.85","23.61","","","","",""
"2024-01-11","2024011","10:44","18.0","54.9481","37.0","","","1.8","","7.0","80","","23","","31.37","12.84","23.61","","","","",""
"2024-01-11","2024011","10:44","18.0","54.9481","38.0","","","1.8","","7.0","80","","24","","31.37","12.84","23.61","","","","",""
"2024-01-11","2024011","10:44","18.0","54.9481","39.0","","","1.8","","7.0","81","","23","","31.37","12.84","23.61","","","","",""
"2024-01-11","2024011","10:44","18.0","54.9481","40.0","","","1.8","","7.0","81","","24","","31.37","12.84","23.61","","","","",""
"2024-01-11","2024011","10:44","18.0","54.9481","41.0","","","1.9","","7.0","81","","24","","31.37","12.84","23.61","","","","",""
"2024-01-11","2024011","10:44","18.0","54.9481","42.0","","","1.8","","7.0","81","","24","","31.37","12.84","23.61","","","","",""
"2024-01-11","2024011","10:44","18.0","54.9481","43.0","","","1.9","","7.0","81","","26","","31.37","12.84","23.61","","","","",""
"2024-01-11","2024011","10:44","18.0","54.9481","44.0","","","1.9","","7.0","81","","27","","31.38","12.84","23.62","","","","",""
"2024-01-11","2024011","10:44","18.0","54.9481","45.0","","","1.9","","7.0","81","","27","","31.37","12.84","23.62","","","","",""
"2024-01-11","2024011","10:44","18.0","54.9481","46.0","2.1","0.44","1.9","","7.0","81","29.8","27","","31.38","12.85","23.62","","","","",""
"2024-01-11","2024011","10:32","20.0","51.4501","1.0","","","1.8","","7.0","81","","19","1.35","30.81","12.89","23.17","","","","",""
"2024-01-11","2024011","10:32","20.0","51.4501","2.0","2.0","0.57","1.9","","7.0","81","","24","","30.83","12.88","23.19","","","","",""
"2024-01-11","2024011","10:32","20.0","51.4501","3.0","","","1.9","","7.0","81","","25","","30.83","12.88","23.19","","","","",""
"2024-01-11","2024011","10:32","20.0","51.4501","4.0","","","1.9","","7.0","80","","25","","30.84","12.87","23.20","","","","",""
"2024-01-11","2024011","10:32","20.0","51.4501","5.0","","","2.0","","7.0","81","","28","","30.85","12.87","23.21","","","","",""
"2024-01-11","2024011","10:32","20.0","51.4501","6.0","","","2.0","","7.0","80","","28","","30.86","12.87","23.21","","","","",""
"2024-01-11","2024011","10:32","20.0","51.4501","7.0","","","2.0","","6.9","80","","27","","30.86","12.87","23.21","","","","",""
"2024-01-11","2024011","10:32","20.0","51.4501","8.0","","","1.9","","7.0","81","","28","","30.85","12.87","23.21","","","","",""
"2024-01-11","2024011","10:32","20.0","51.4501","9.0","","","1.9","","6.9","79","","26","","30.86","12.87","23.21","","","","",""
"2024-01-11","2024011","10:32","20.0","51.4501","10.0","","","1.9","","7.0","81","","28","","30.86","12.87","23.21","","","","",""
"2024-01-11","2024011","10:32","20.0","51.4501","11.0","","","1.9","","7.0","80","","28","","30.87","12.87","23.22","","","","",""
"2024-01-11","2024011","10:32","20.0","51.4501","12.0","","","1.9","","7.0","80","","29","","30.88","12.87","23.23","","","","",""
"2024-01-11","2024011","10:32","20.0","51.4501","13.0","","","2.0","","7.0","81","","29","","30.88","12.87","23.23","","","","",""
"2024-01-11","2024011","10:32","20.0","51.4501","14.0","","","2.0","","7.0","80","","29","","30.88","12.87","23.23","","","","",""
"2024-01-11","2024011","10:32","20.0","51.4501","15.0","","","1.9","","7.0","81","","29","","30.89","12.87","23.23","","","","",""
"2024-01-11","2024011","10:32","20.0","51.4501","16.0","","","1.9","","7.0","80","","29","","30.89","12.87","23.23","","","","",""
"2024-01-11","2024011","10:32","20.0","51.4501","17.0","","","1.9","","7.0","81","","28","","30.93","12.87","23.26","","","","",""
"2024-01-11","2024011","10:32","20.0","51.4501","18.0","","","1.9","","7.0","81","","28","","30.95","12.87","23.28","","","","",""
"2024-01-11","2024011","10:32","20.0","51.4501","19.0","","","1.9","","7.0","81","","26","","30.97","12.88","23.29","","","","",""
"2024-01-11","2024011","10:32","20.0","51.4501","20.0","","","1.9","","7.0","81","","27","","30.97","12.88","23.30","","","","",""
"2024-01-11","2024011","10:32","20.0","51.4501","21.0","","","2.0","","7.0","81","","26","","30.98","12.88","23.30","","","","",""
"2024-01-11","2024011","10:32","20.0","51.4501","22.0","","","2.0","","7.0","81","","27","","30.98","12.88","23.30","","","","",""
"2024-01-11","2024011","10:32","20.0","51.4501","23.0","","","1.9","","7.0","81","","27","","30.98","12.88","23.30","","","","",""
"2024-01-11","2024011","10:32","20.0","51.4501","24.0","","","1.9","","7.1","81","","27","","30.98","12.88","23.30","","","","",""
"2024-01-11","2024011","10:32","20.0","51.4501","25.0","","","1.9","","7.0","81","","27","","30.98","12.88","23.30","","","","",""
"2024-01-11","2024011","10:32","20.0","51.4501","26.0","","","1.9","","7.0","81","","29","","30.97","12.88","23.30","","","","",""
"2024-01-11","2024011","10:15","21.0","46.6266","1.0","","","1.7","","7.3","82","","14","1.22","29.25","12.58","22.02","","","","",""
"2024-01-11","2024011","10:15","21.0","46.6266","2.0","2.0","0.61","1.8","","7.2","82","","17","","29.68","12.68","22.33","","","","",""
"2024-01-11","2024011","10:15","21.0","46.6266","3.0","","","1.9","","7.3","82","","25","","29.82","12.72","22.43","","","","",""
"2024-01-11","2024011","10:15","21.0","46.6266","4.0","","","1.9","","7.2","82","","28","","29.86","12.73","22.46","","","","",""
"2024-01-11","2024011","10:15","21.0","46.6266","5.0","","","1.9","","7.3","83","","30","","29.89","12.74","22.49","","","","",""
"2024-01-11","2024011","10:15","21.0","46.6266","6.0","","","1.9","","7.2","82","","31","","29.92","12.75","22.51","","","","",""
"2024-01-11","2024011","10:15","21.0","46.6266","7.0","","","1.9","","7.2","82","","32","","29.92","12.75","22.51","","","","",""
"2024-01-11","2024011","10:15","21.0","46.6266","8.0","","","1.9","","7.2","82","","33","","29.94","12.75","22.52","","","","",""
"2024-01-11","2024011","10:15","21.0","46.6266","9.0","","","1.9","","7.3","83","","32","","29.96","12.76","22.53","","","","",""
"2024-01-11","2024011","10:15","21.0","46.6266","10.0","","","2.0","","7.2","82","","35","","29.98","12.77","22.56","","","","",""
"2024-01-11","2024011","10:15","21.0","46.6266","11.0","","","2.0","","7.2","82","","35","","29.98","12.76","22.55","","","","",""
"2024-01-11","2024011","10:15","21.0","46.6266","12.0","","","2.0","","7.1","81","","35","","29.98","12.76","22.55","","","","",""
"2024-01-11","2024011","10:15","21.0","46.6266","13.0","","","2.0","","7.2","82","","35","","30.00","12.77","22.57","","","","",""
"2024-01-11","2024011","10:15","21.0","46.6266","14.0","","","2.0","","7.2","82","","36","","30.00","12.77","22.57","","","","",""
"2024-01-11","2024011","10:15","21.0","46.6266","15.0","","","2.0","","7.2","82","","35","","30.00","12.77","22.57","","","","",""
"2024-01-11","2024011","10:15","21.0","46.6266","16.0","","","2.0","","7.2","82","","36","","30.00","12.77","22.56","","","","",""
"2024-01-11","2024011","10:15","21.0","46.6266","17.0","","","2.0","","7.2","82","","36","","30.00","12.77","22.56","","","","",""
"2024-01-11","2024011","10:15","21.0","46.6266","18.0","","","2.1","","7.1","81","","36","","30.00","12.77","22.57","","","","",""
"2024-01-11","2024011","10:04","22.0","43.9210","1.0","","","1.8","","6.7","75","","9","1.14","28.88","12.42","21.76","","","","",""
"2024-01-11","2024011","10:04","22.0","43.9210","2.0","2.0","0.71","1.9","","6.6","74","12.6","10","","28.99","12.45","21.85","1.05","14.35","6.43","2.26","55.54"
"2024-01-11","2024011","10:04","22.0","43.9210","3.0","","","1.8","","6.5","73","","11","","29.15","12.49","21.96","","","","",""
"2024-01-11","2024011","10:04","22.0","43.9210","4.0","","","1.8","","6.5","72","","12","","29.22","12.51","22.02","","","","",""
"2024-01-11","2024011","10:04","22.0","43.9210","5.0","","","1.8","","6.5","72","","13","","29.35","12.55","22.10","","","","",""
"2024-01-11","2024011","10:04","22.0","43.9210","6.0","","","1.8","","6.5","72","","15","","29.47","12.59","22.19","","","","",""
"2024-01-11","2024011","10:04","22.0","43.9210","7.0","","","1.8","","6.5","72","","16","","29.57","12.62","22.26","","","","",""
"2024-01-11","2024011","10:04","22.0","43.9210","8.0","","","1.8","","6.6","72","","19","","29.65","12.65","22.32","","","","",""
"2024-01-11","2024011","10:04","22.0","43.9210","9.0","","","1.8","","6.5","72","","20","","29.68","12.66","22.34","","","","",""
"2024-01-11","2024011","10:04","22.0","43.9210","10.0","","","1.8","","6.5","72","","21","","29.71","12.67","22.36","","","","",""
"2024-01-11","2024011","10:04","22.0","43.9210","11.0","","","1.8","","6.4","72","","21","","29.72","12.67","22.37","","","","",""
"2024-01-11","2024011","10:04","22.0","43.9210","12.0","","","1.8","","6.4","72","","22","","29.74","12.68","22.38","","","","",""
"2024-01-11","2024011","10:04","22.0","43.9210","13.0","","","1.8","","6.4","73","","23","","29.74","12.68","22.38","","","","",""
"2024-01-11","2024011","10:04","22.0","43.9210","14.0","","","1.8","","6.4","72","","25","","29.75","12.68","22.39","","","","",""
"2024-01-11","2024011","10:04","22.0","43.9210","15.0","","","1.8","","6.4","72","","25","","29.75","12.68","22.39","","","","",""
"2024-01-11","2024011","10:04","22.0","43.9210","16.0","","","1.8","","6.4","72","","23","","29.76","12.68","22.40","","","","",""
"2024-01-11","2024011","10:04","22.0","43.9210","17.0","","","1.8","","6.4","72","","25","","29.76","12.69","22.40","","","","",""
"2024-01-11","2024011","10:04","22.0","43.9210","18.0","","","1.8","","6.4","72","","28","","29.76","12.69","22.40","","","","",""
"2024-01-11","2024011","10:04","22.0","43.9210","19.0","2.1","0.51","1.8","","6.4","72","29.3","31","","29.76","12.69","22.39","","","","",""
"2024-01-11","2024011","9:48","23.0","39.6557","1.0","","","2.1","","6.6","74","","42","2.23","28.68","12.51","21.59","","","","",""
"2024-01-11","2024011","9:48","23.0","39.6557","2.0","","","2.1","","6.5","73","","44","","28.68","12.51","21.59","","","","",""
"2024-01-11","2024011","9:48","23.0","39.6557","3.0","","","2.1","","6.5","72","","45","","28.67","12.51","21.59","","","","",""
"2024-01-11","2024011","9:48","23.0","39.6557","4.0","","","2.1","","6.5","72","","50","","28.67","12.51","21.59","","","","",""
"2024-01-11","2024011","9:48","23.0","39.6557","5.0","","","2.1","","6.5","72","","44","","28.67","12.52","21.58","","","","",""
"2024-01-11","2024011","9:48","23.0","39.6557","6.0","","","2.1","","6.5","72","","59","","28.66","12.52","21.58","","","","",""
"2024-01-11","2024011","9:48","23.0","39.6557","7.0","","","2.1","","6.5","72","","63","","28.66","12.52","21.58","","","","",""
"2024-01-11","2024011","9:48","23.0","39.6557","8.0","","","2.2","","6.6","72","","63","","28.66","12.52","21.58","","","","",""
"2024-01-11","2024011","9:48","23.0","39.6557","9.0","","","2.2","","6.5","72","","65","","28.66","12.52","21.58","","","","",""
"2024-01-11","2024011","9:48","23.0","39.6557","10.0","","","2.2","","6.5","72","","70","","28.66","12.52","21.58","","","","",""
"2024-01-11","2024011","9:48","23.0","39.6557","11.0","","","2.2","","6.4","72","","74","","28.66","12.52","21.58","","","","",""
"2024-01-11","2024011","9:48","23.0","39.6557","12.0","","","2.2","","6.4","72","","73","","28.67","12.52","21.59","","","","",""
"2024-01-11","2024011","9:48","23.0","39.6557","13.0","","","2.2","","6.4","73","","76","","28.68","12.52","21.59","","","","",""
"2024-01-11","2024011","9:48","23.0","39.6557","14.0","","","2.3","","6.4","72","","80","","28.68","12.52","21.60","","","","",""
"2024-01-11","2024011","9:48","23.0","39.6557","15.0","","","2.6","","6.4","72","","90","","28.69","12.52","21.60","","","","",""
"2024-01-11","2024011","9:37","24.0","37.0911","1.0","","","2.5","","6.6","74","","45","3.07","28.16","12.30","21.23","","","","",""
"2024-01-11","2024011","9:37","24.0","37.0911","2.0","2.5","0.46","2.4","","6.5","73","44.3","46","","28.16","12.30","21.23","1.39","17.85","8.14","2.92","64.09"
"2024-01-11","2024011","9:37","24.0","37.0911","3.0","","","2.4","","6.5","72","","53","","28.16","12.30","21.23","","","","",""
"2024-01-11","2024011","9:37","24.0","37.0911","4.0","","","2.4","","6.5","72","","59","","28.16","12.30","21.23","","","","",""
"2024-01-11","2024011","9:37","24.0","37.0911","5.0","","","2.4","","6.5","72","","62","","28.16","12.30","21.23","","","","",""
"2024-01-11","2024011","9:37","24.0","37.0911","6.0","","","2.4","","6.5","72","","70","","28.15","12.29","21.23","","","","",""
"2024-01-11","2024011","9:37","24.0","37.0911","7.0","","","2.6","","6.5","72","","76","","28.15","12.29","21.23","","","","",""
"2024-01-11","2024011","9:37","24.0","37.0911","8.0","","","2.5","","6.6","72","","76","","28.15","12.29","21.23","","","","",""
"2024-01-11","2024011","9:37","24.0","37.0911","9.0","","","2.6","","6.5","72","","80","","28.15","12.29","21.23","","","","",""
"2024-01-11","2024011","9:37","24.0","37.0911","10.0","2.7","0.38","2.6","","6.5","72","81.5","81","","28.15","12.29","21.23","","","","",""
"2024-01-11","2024011","9:26","25.0","32.8382","1.0","","","2.6","","6.5","72","","41","2.33","28.22","12.07","21.32","","","","",""
"2024-01-11","2024011","9:26","25.0","32.8382","2.0","","","2.5","","6.5","72","","36","","28.22","12.07","21.32","","","","",""
"2024-01-11","2024011","9:26","25.0","32.8382","3.0","","","2.4","","6.5","72","","41","","28.22","12.06","21.32","","","","",""
"2024-01-11","2024011","9:26","25.0","32.8382","4.0","","","2.5","","6.5","72","","47","","28.22","12.06","21.32","","","","",""
"2024-01-11","2024011","9:26","25.0","32.8382","5.0","","","2.6","","6.5","72","","57","","28.23","12.05","21.32","","","","",""
"2024-01-11","2024011","9:26","25.0","32.8382","6.0","","","2.6","","6.5","72","","59","","28.22","12.05","21.32","","","","",""
"2024-01-11","2024011","9:26","25.0","32.8382","7.0","","","2.6","","6.5","72","","58","","28.22","12.05","21.32","","","","",""
"2024-01-11","2024011","9:26","25.0","32.8382","8.0","","","2.6","","6.5","72","","60","","28.22","12.05","21.32","","","","",""
"2024-01-11","2024011","9:14","26.0","28.7560","1.0","","","2.8","","6.6","74","","29","2.11","28.46","11.89","21.54","","","","",""
"2024-01-11","2024011","9:14","26.0","28.7560","2.0","","","2.7","","6.5","73","","37","","28.46","11.90","21.54","","","","",""
"2024-01-11","2024011","9:14","26.0","28.7560","3.0","","","2.6","","6.5","73","","41","","28.47","11.91","21.54","","","","",""
"2024-01-11","2024011","9:14","26.0","28.7560","4.0","","","2.6","","6.5","72","","43","","28.47","11.91","21.54","","","","",""
"2024-01-11","2024011","9:14","26.0","28.7560","5.0","","","2.7","","6.5","72","","48","","28.47","11.91","21.54","","","","",""
"2024-01-11","2024011","9:14","26.0","28.7560","6.0","","","2.7","","6.5","72","","48","","28.47","11.91","21.54","","","","",""
"2024-01-11","2024011","9:14","26.0","28.7560","7.0","","","2.7","","6.5","72","","47","","28.47","11.91","21.54","","","","",""
"2024-01-11","2024011","9:14","26.0","28.7560","8.0","","","2.7","","6.5","72","","48","","28.47","11.91","21.54","","","","",""
"2024-01-11","2024011","9:14","26.0","28.7560","9.0","","","2.7","","6.5","72","","48","","28.47","11.91","21.54","","","","",""
"2024-01-11","2024011","9:14","26.0","28.7560","10.0","","","2.7","","6.5","72","","50","","28.47","11.91","21.54","","","","",""
"2024-01-11","2024011","9:14","26.0","28.7560","11.0","","","2.8","","6.5","72","","56","","28.47","11.91","21.54","","","","",""
"2024-01-11","2024011","9:04","27.0","26.1872","1.0","","","2.9","","6.6","73","","33","2.14","28.42","11.84","21.52","","","","",""
"2024-01-11","2024011","9:04","27.0","26.1872","2.0","2.7","0.56","2.8","","6.6","73","35.1","36","","28.42","11.84","21.52","2.01","29.13","10.14","3.92","91.15"
"2024-01-11","2024011","9:04","27.0","26.1872","3.0","","","2.8","","6.6","73","","37","","28.42","11.84","21.52","","","","",""
"2024-01-11","2024011","9:04","27.0","26.1872","4.0","","","2.8","","6.6","73","","39","","28.42","11.84","21.52","","","","",""
"2024-01-11","2024011","9:04","27.0","26.1872","5.0","","","2.8","","6.6","73","","39","","28.42","11.84","21.52","","","","",""
"2024-01-11","2024011","9:04","27.0","26.1872","6.0","","","2.7","","6.6","73","","41","","28.42","11.84","21.51","","","","",""
"2024-01-11","2024011","9:04","27.0","26.1872","7.0","","","2.8","","6.7","74","","44","","28.42","11.84","21.51","","","","",""
"2024-01-11","2024011","9:04","27.0","26.1872","8.0","","","2.9","","6.6","73","","46","","28.42","11.84","21.51","","","","",""
"2024-01-11","2024011","9:04","27.0","26.1872","9.0","","","2.9","","6.7","74","","45","","28.42","11.84","21.51","","","","",""
"2024-01-11","2024011","9:04","27.0","26.1872","10.0","","","2.9","","6.7","74","","51","","28.42","11.85","21.51","","","","",""
"2024-01-11","2024011","9:04","27.0","26.1872","11.0","2.6","0.51","2.9","","6.6","73","51.8","53","","28.42","11.85","21.51","","","","",""
"2024-01-11","2024011","8:53","28.0","23.5695","1.0","","","3.1","","6.7","74","","21","1.54","27.97","11.66","21.20","","","","",""
"2024-01-11","2024011","8:53","28.0","23.5695","2.0","","","3.1","","6.7","74","","21","","27.97","11.66","21.20","","","","",""
"2024-01-11","2024011","8:53","28.0","23.5695","3.0","","","3.1","","6.7","74","","21","","28.00","11.71","21.21","","","","",""
"2024-01-11","2024011","8:53","28.0","23.5695","4.0","","","2.9","","6.7","74","","22","","28.07","11.81","21.25","","","","",""
"2024-01-11","2024011","8:53","28.0","23.5695","5.0","","","3.0","","6.7","74","","24","","28.11","11.84","21.27","","","","",""
"2024-01-11","2024011","8:53","28.0","23.5695","6.0","","","3.0","","6.7","74","","26","","28.13","11.86","21.29","","","","",""
"2024-01-11","2024011","8:53","28.0","23.5695","7.0","","","3.0","","6.7","74","","27","","28.14","11.87","21.29","","","","",""
"2024-01-11","2024011","8:53","28.0","23.5695","8.0","","","3.1","","6.7","74","","51","","28.18","11.91","21.31","","","","",""
"2024-01-11","2024011","8:53","28.0","23.5695","9.0","","","3.5","","6.7","74","","85","","28.18","11.91","21.31","","","","",""
"2024-01-11","2024011","8:53","28.0","23.5695","10.0","","","3.7","","6.6","73","","115","","28.18","11.92","21.32","","","","",""
"2024-01-11","2024011","8:53","28.0","23.5695","11.0","","","4.0","","6.6","73","","146","","28.19","11.91","21.32","","","","",""
"2024-01-11","2024011","8:53","28.0","23.5695","12.0","","","4.3","","6.6","72","","166","","28.19","11.92","21.32","","","","",""
"2024-01-11","2024011","8:41","29.0","20.2526","1.0","","","3.1","","6.7","74","","28","1.95","27.83","11.60","21.10","","","","",""
"2024-01-11","2024011","8:41","29.0","20.2526","2.0","","","3.0","","6.7","74","","29","","27.83","11.61","21.10","","","","",""
"2024-01-11","2024011","8:41","29.0","20.2526","3.0","","","3.1","","6.7","74","","30","","27.83","11.61","21.10","","","","",""
"2024-01-11","2024011","8:41","29.0","20.2526","4.0","","","3.1","","6.7","74","","30","","27.88","11.69","21.12","","","","",""
"2024-01-11","2024011","8:41","29.0","20.2526","5.0","","","3.1","","6.6","73","","32","","27.93","11.77","21.14","","","","",""
"2024-01-11","2024011","8:41","29.0","20.2526","6.0","","","3.3","","6.7","74","","43","","27.97","11.77","21.18","","","","",""
"2024-01-11","2024011","8:41","29.0","20.2526","7.0","","","3.4","","6.7","74","","71","","27.99","11.76","21.20","","","","",""
"2024-01-11","2024011","8:41","29.0","20.2526","8.0","","","3.5","","6.7","74","","84","","28.02","11.73","21.22","","","","",""
"2024-01-11","2024011","8:41","29.0","20.2526","9.0","","","3.6","","6.7","74","","98","","28.03","11.71","21.24","","","","",""
"2024-01-11","2024011","8:41","29.0","20.2526","10.0","","","3.8","","6.6","72","","109","","28.05","11.66","21.26","","","","",""
"2024-01-11","2024011","8:41","29.0","20.2526","11.0","","","3.9","","6.6","72","","119","","28.06","11.64","21.27","","","","",""
"2024-01-11","2024011","8:41","29.0","20.2526","12.0","","","3.9","","6.6","72","","117","","28.05","11.65","21.26","","","","",""
"2024-01-11","2024011","8:41","29.0","20.2526","13.0","","","3.9","","6.6","72","","121","","28.06","11.63","21.27","","","","",""
"2024-01-11","2024011","8:26","30.0","14.7543","1.0","","","3.5","","6.8","74","","24","1.74","27.21","11.34","20.66","","","","",""
"2024-01-11","2024011","8:26","30.0","14.7543","2.0","3.5","0.68","3.4","","6.8","74","25.9","25","","27.30","11.41","20.72","2.32","38.91","10.78","6.62","107.17"
"2024-01-11","2024011","8:26","30.0","14.7543","3.0","","","3.5","","6.8","74","","27","","27.35","11.46","20.75","","","","",""
"2024-01-11","2024011","8:26","30.0","14.7543","4.0","","","3.5","","6.8","74","","29","","27.45","11.55","20.81","","","","",""
"2024-01-11","2024011","8:26","30.0","14.7543","5.0","","","3.6","","6.8","74","","32","","27.53","11.53","20.88","","","","",""
"2024-01-11","2024011","8:26","30.0","14.7543","6.0","","","3.6","","6.8","73","","34","","27.55","11.50","20.90","","","","",""
"2024-01-11","2024011","8:26","30.0","14.7543","7.0","","","3.5","","6.8","74","","35","","27.54","11.47","20.89","","","","",""
"2024-01-11","2024011","8:26","30.0","14.7543","8.0","","","3.5","","6.8","74","","35","","27.54","11.46","20.89","","","","",""
"2024-01-11","2024011","8:26","30.0","14.7543","9.0","","","3.8","","6.8","74","","45","","27.53","11.42","20.90","","","","",""
"2024-01-11","2024011","8:26","30.0","14.7543","10.0","","","4.1","","6.8","74","","57","","27.52","11.41","20.89","","","","",""
"2024-01-11","2024011","8:26","30.0","14.7543","11.0","4.6","0.31","4.7","","6.8","74","","90","","27.50","11.40","20.87","","","","",""
"2024-01-11","2024011","8:12","31.0","10.6065","1.0","","","4.0","","6.7","72","","28","2.92","26.55","11.11","20.18","","","","",""
"2024-01-11","2024011","8:12","31.0","10.6065","2.0","","","4.1","","6.7","72","","31","","26.60","11.13","20.22","","","","",""
"2024-01-11","2024011","8:12","31.0","10.6065","3.0","","","4.3","","6.7","72","","33","","26.60","11.03","20.24","","","","",""
"2024-01-11","2024011","8:12","31.0","10.6065","4.0","","","4.3","","6.6","71","","35","","26.60","11.01","20.24","","","","",""
"2024-01-11","2024011","8:12","31.0","10.6065","5.0","","","4.3","","6.6","71","","35","","26.61","10.99","20.26","","","","",""
"2024-01-11","2024011","8:12","31.0","10.6065","6.0","","","4.2","","6.7","72","","36","","26.72","11.07","20.32","","","","",""
"2024-01-11","2024011","8:12","31.0","10.6065","7.0","","","4.2","","6.7","72","","37","","26.78","11.21","20.35","","","","",""
"2024-01-11","2024011","8:12","31.0","10.6065","8.0","","","4.3","","6.7","72","","38","","26.81","11.28","20.36","","","","",""
"2024-01-11","2024011","8:12","31.0","10.6065","9.0","","","4.4","","6.7","72","","46","","26.82","11.24","20.38","","","","",""
"2024-01-11","2024011","8:12","31.0","10.6065","10.0","","","5.0","","6.7","72","","76","","26.82","11.21","20.38","","","","",""
"2024-01-11","2024011","8:12","31.0","10.6065","11.0","","","5.4","","6.7","72","","94","","26.82","11.20","20.38","","","","",""
"2024-01-11","2024011","8:02","32.0","8.1507","1.0","","","4.3","","6.9","73","","31","2.62","26.08","10.81","19.87","","","","",""
"2024-01-11","2024011","8:02","32.0","8.1507","2.0","4.0","0.69","4.1","","6.8","72","29.8","32","","26.11","10.79","19.90","2.31","45.69","9.64","3.40","108.95"
"2024-01-11","2024011","8:02","32.0","8.1507","3.0","","","4.3","","6.8","72","","38","","26.18","10.76","19.96","","","","",""
"2024-01-11","2024011","8:02","32.0","8.1507","4.0","","","4.4","","6.8","72","","43","","26.24","10.78","20.00","","","","",""
"2024-01-11","2024011","8:02","32.0","8.1507","5.0","","","4.6","","6.8","72","","50","","26.21","10.65","19.99","","","","",""
"2024-01-11","2024011","8:02","32.0","8.1507","6.0","","","4.7","","6.8","72","","57","","26.22","10.59","20.01","","","","",""
"2024-01-11","2024011","8:02","32.0","8.1507","7.0","","","4.9","","6.8","72","","70","","26.34","10.62","20.10","","","","",""
"2024-01-11","2024011","8:02","32.0","8.1507","8.0","6.3","0.24","5.6","","6.8","72","","112","","26.45","10.74","20.17","","","","",""
"2024-01-11","2024011","7:50","33.0","6.8085","1.0","","","4.1","","6.7","71","","35","2.72","25.81","10.81","19.66","","","","",""
"2024-01-11","2024011","7:50","33.0","6.8085","2.0","","","4.1","","6.7","71","37.3","36","","25.84","10.84","19.68","","","","",""
"2024-01-11","2024011","7:50","33.0","6.8085","3.0","","","4.1","","6.7","71","","38","","25.85","10.84","19.68","","","","",""
"2024-01-11","2024011","7:50","33.0","6.8085","4.0","","","4.2","","6.7","71","","40","","25.88","10.85","19.71","","","","",""
"2024-01-11","2024011","7:50","33.0","6.8085","5.0","","","4.2","","6.7","71","","43","","25.93","10.90","19.74","","","","",""
"2024-01-11","2024011","7:50","33.0","6.8085","6.0","","","4.2","","6.7","71","","43","","25.99","10.93","19.78","","","","",""
"2024-01-11","2024011","7:50","33.0","6.8085","7.0","","","4.1","","6.7","71","","41","","26.05","10.95","19.83","","","","",""
"2024-01-11","2024011","7:50","33.0","6.8085","8.0","","","4.2","","6.7","71","","43","","26.16","10.87","19.92","","","","",""
"2024-01-11","2024011","7:50","33.0","6.8085","9.0","","","4.4","","6.7","71","","53","","26.23","10.78","19.99","","","","",""
"2024-01-11","2024011","7:50","33.0","6.8085","10.0","","","4.5","","6.7","71","","63","","26.28","10.69","20.05","","","","",""
"2024-01-11","2024011","7:50","33.0","6.8085","11.0","","","4.7","","6.7","71","","71","","26.32","10.57","20.10","","","","",""
"2024-01-11","2024011","7:33","34.0","3.5290","1.0","","","4.7","","6.7","70","","41","","24.65","10.15","18.86","","","","",""
"2024-01-11","2024011","7:33","34.0","3.5290","2.0","3.9","0.55","4.5","","6.7","70","56.1","54","","24.83","10.25","18.98","","","","",""
"2024-01-11","2024011","7:33","34.0","3.5290","3.0","","","4.5","","6.7","70","","55","","24.96","10.37","19.07","","","","",""
"2024-01-11","2024011","7:33","34.0","3.5290","4.0","","","4.8","","6.6","70","","63","","25.08","10.43","19.15","","","","",""
"2024-01-11","2024011","7:33","34.0","3.5290","5.0","5.6","0.30","4.8","","6.6","70","","69","","25.28","10.55","19.29","","","","",""
"2024-01-11","2024011","7:20","35.0","1.6576","1.0","","","5.6","","6.7","69","","46","","23.05","9.88","17.65","","","","",""
"2024-01-11","2024011","7:20","35.0","1.6576","2.0","4.9","0.57","5.0","","6.7","69","52.7","50","","23.51","10.14","17.98","","","","",""
"2024-01-11","2024011","7:20","35.0","1.6576","3.0","","","4.6","","6.7","69","","50","","23.94","10.30","18.29","","","","",""
"2024-01-11","2024011","7:20","35.0","1.6576","4.0","","","4.5","","6.7","69","","51","","24.03","10.30","18.35","","","","",""
"2024-01-11","2024011","7:20","35.0","1.6576","5.0","","","4.5","","6.6","68","","54","","24.09","10.26","18.41","","","","",""
"2024-01-11","2024011","7:20","35.0","1.6576","6.0","","","4.6","","6.6","68","","57","","24.19","10.20","18.50","","","","",""
"2024-01-11","2024011","7:10","36.0","0.0000","1.0","","","6.2","","6.7","69","","48","","21.65","9.99","16.55","","","","",""
"2024-01-11","2024011","7:10","36.0","0.0000","2.0","5.4","0.59","5.7","","6.6","68","42.4","48","","22.51","10.02","17.22","4.66","121.37","17.49","6.37","132.45"
"2024-01-11","2024011","7:10","36.0","0.0000","3.0","","","5.5","","6.5","67","","56","","23.15","10.18","17.69","","","","",""
"2024-01-11","2024011","7:10","36.0","0.0000","4.0","5.3","0.40","5.5","","6.5","67","","64","","23.49","10.14","17.97","","","","",""
"2024-01-11","2024011","14:26","649.0","132.9388","1.0","","","1.6","","8.9","80","","33","2.91","1.35","10.35","0.73","","","","",""
"2024-01-11","2024011","14:26","649.0","132.9388","2.0","1.6","0.44","1.7","","8.9","80","36.8","33","","1.37","10.34","0.74","0.35","29.70","4.07","1.76","256.36"
"2024-01-11","2024011","14:26","649.0","132.9388","3.0","","","1.7","","8.9","80","","32","","1.41","10.32","0.78","","","","",""
"2024-01-11","2024011","14:26","649.0","132.9388","4.0","","","1.6","","8.9","80","","35","","1.44","10.31","0.81","","","","",""
"2024-01-11","2024011","14:26","649.0","132.9388","5.0","","","1.5","","8.9","80","","36","","1.49","10.31","0.84","","","","",""
"2024-01-11","2024011","14:26","649.0","132.9388","6.0","","","1.5","","8.9","80","","36","","1.55","10.31","0.89","","","","",""
"2024-01-11","2024011","14:26","649.0","132.9388","7.0","","","1.5","","8.9","80","","37","","1.57","10.31","0.90","","","","",""
"2024-01-11","2024011","14:26","649.0","132.9388","8.0","","","1.5","","8.9","80","","37","","1.57","10.31","0.91","","","","",""
"2024-01-11","2024011","14:26","649.0","132.9388","9.0","","","1.4","","8.9","81","","37","","1.59","10.31","0.92","","","","",""
"2024-01-11","2024011","14:26","649.0","132.9388","10.0","","","1.5","","8.9","80","","38","","1.60","10.31","0.93","","","","",""
"2024-01-11","2024011","14:26","649.0","132.9388","11.0","1.6","0.41","1.6","","8.9","80","46.3","43","","1.61","10.31","0.93","","","","",""
"2024-01-11","2024011","15:05","657.0","147.2548","1.0","","","1.4","","8.8","79","","30","2.20","0.09","9.40","","","","","",""
"2024-01-11","2024011","15:05","657.0","147.2548","2.0","1.3","0.48","1.3","","8.8","79","26.4","30","","0.09","9.40","","0.22","27.06","1.86","1.63","303.00"
"2024-01-11","2024011","15:05","657.0","147.2548","3.0","","","1.3","","8.8","79","","30","","0.09","9.40","","","","","",""
"2024-01-11","2024011","15:05","657.0","147.2548","4.0","","","1.2","","8.8","79","","31","","0.09","9.39","","","","","",""
"2024-01-11","2024011","15:05","657.0","147.2548","5.0","","","1.2","","8.8","79","","31","","0.09","9.39","","","","","",""
"2024-01-11","2024011","15:05","657.0","147.2548","6.0","","","1.2","","8.8","79","","32","","0.09","9.39","","","","","",""
"2024-01-11","2024011","15:05","657.0","147.2548","7.0","","","1.2","","8.8","79","","31","","0.09","9.39","","","","","",""
"2024-01-11","2024011","15:05","657.0","147.2548","8.0","","","1.2","","8.8","79","","30","","0.09","9.39","","","","","",""
"2024-01-11","2024011","15:05","657.0","147.2548","9.0","1.2","0.45","1.2","","8.8","79","23.3","30","","0.09","9.39","","","","","",""
"2024-02-01","2024032","14:03","2.0","127.7053","1.0","","","1.2","","7.9","74","","44","3.18","0.09","12.35","","","","","",""
"2024-02-01","2024032","14:03","2.0","127.7053","2.0","","","1.2","","7.9","74","","43","","0.09","12.35","","","","","",""
"2024-02-01","2024032","14:03","2.0","127.7053","3.0","","","1.2","","7.5","71","","46","","0.09","12.35","","","","","",""
"2024-02-01","2024032","14:03","2.0","127.7053","4.0","","","1.2","","7.4","69","","45","","0.09","12.35","","","","","",""
"2024-02-01","2024032","14:03","2.0","127.7053","5.0","","","1.2","","7.3","69","","46","","0.09","12.35","","","","","",""
"2024-02-01","2024032","14:03","2.0","127.7053","6.0","","","1.2","","7.3","69","","45","","0.09","12.34","","","","","",""
"2024-02-01","2024032","14:03","2.0","127.7053","7.0","","","1.2","","7.3","68","","42","","0.09","12.34","","","","","",""
"2024-02-01","2024032","14:03","2.0","127.7053","8.0","","","1.2","","7.3","68","","42","","0.09","12.34","","","","","",""
"2024-02-01","2024032","14:03","2.0","127.7053","9.0","","","1.2","","7.3","68","","42","","0.09","12.34","","","","","",""
"2024-02-01","2024032","13:53","3.0","125.3243","1.0","","","1.2","","8.1","76","","26","3.22","0.09","12.30","","","","","",""
"2024-02-01","2024032","13:53","3.0","125.3243","2.0","1.2","0.44","1.2","","8.1","76","28.1","27","","0.09","12.30","","0.29","28.06","2.71","1.61","286.98"
"2024-02-01","2024032","13:53","3.0","125.3243","3.0","","","1.2","","8.0","75","","32","","0.09","12.30","","","","","",""
"2024-02-01","2024032","13:53","3.0","125.3243","4.0","","","1.2","","7.5","71","","34","","0.09","12.29","","","","","",""
"2024-02-01","2024032","13:53","3.0","125.3243","5.0","","","1.2","","7.4","70","","34","","0.09","12.29","","","","","",""
"2024-02-01","2024032","13:53","3.0","125.3243","6.0","","","1.2","","7.4","69","","34","","0.09","12.29","","","","","",""
"2024-02-01","2024032","13:53","3.0","125.3243","7.0","","","1.2","","7.4","69","","34","","0.09","12.29","","","","","",""
"2024-02-01","2024032","13:53","3.0","125.3243","8.0","","","1.2","","7.4","69","","34","","0.09","12.28","","","","","",""
"2024-02-01","2024032","13:53","3.0","125.3243","9.0","","","1.2","","7.3","69","","34","","0.09","12.28","","","","","",""
"2024-02-01","2024032","13:53","3.0","125.3243","10.0","","","1.2","","7.3","69","","35","","0.10","12.28","","","","","",""
"2024-02-01","2024032","13:53","3.0","125.3243","11.0","","","1.2","","7.2","68","","35","","0.10","12.28","","","","","",""
"2024-02-01","2024032","13:53","3.0","125.3243","12.0","1.2","0.41","1.2","","7.2","68","40.3","37","","0.10","12.28","","","","","",""
"2024-02-01","2024032","13:37","4.0","119.8957","1.0","","","1.2","","7.8","73","","41","3.39","0.13","12.22","","","","","",""
"2024-02-01","2024032","13:37","4.0","119.8957","2.0","","","1.2","","7.8","73","","40","","0.13","12.22","","","","","",""
"2024-02-01","2024032","13:37","4.0","119.8957","3.0","","","1.2","","7.8","73","","40","","0.13","12.22","","","","","",""
"2024-02-01","2024032","13:37","4.0","119.8957","4.0","","","1.2","","7.8","73","","41","","0.12","12.22","","","","","",""
"2024-02-01","2024032","13:37","4.0","119.8957","5.0","","","1.2","","7.7","72","","41","","0.12","12.22","","","","","",""
"2024-02-01","2024032","13:37","4.0","119.8957","6.0","","","1.2","","7.6","71","","40","","0.12","12.22","","","","","",""
"2024-02-01","2024032","13:37","4.0","119.8957","7.0","","","1.2","","7.6","71","","41","","0.13","12.22","","","","","",""
"2024-02-01","2024032","13:37","4.0","119.8957","8.0","","","1.2","","7.5","70","","41","","0.13","12.22","","","","","",""
"2024-02-01","2024032","13:37","4.0","119.8957","9.0","","","1.2","","7.5","70","","40","","0.13","12.22","","","","","",""
"2024-02-01","2024032","13:37","4.0","119.8957","10.0","","","1.2","","7.4","70","","40","","0.13","12.22","","","","","",""
"2024-02-01","2024032","13:37","4.0","119.8957","11.0","","","1.2","","7.4","69","","39","","0.13","12.22","","","","","",""
"2024-02-01","2024032","13:37","4.0","119.8957","12.0","","","1.2","","7.4","69","","40","","0.13","12.22","","","","","",""
"2024-02-01","2024032","13:37","4.0","119.8957","13.0","","","1.2","","7.4","69","","39","","0.13","12.21","","","","","",""
"2024-02-01","2024032","13:37","4.0","119.8957","14.0","","","1.2","","7.4","69","","38","","0.13","12.22","","","","","",""
"2024-02-01","2024032","13:37","4.0","119.8957","15.0","","","1.2","","7.3","68","","38","","0.13","12.21","","","","","",""
"2024-02-01","2024032","13:37","4.0","119.8957","16.0","","","1.2","","7.3","68","","38","","0.13","12.21","","","","","",""
"2024-02-01","2024032","13:25","5.0","115.6252","1.0","","","1.2","","8.0","76","","44","3.48","0.67","12.16","0.01","","","","",""
"2024-02-01","2024032","13:25","5.0","115.6252","2.0","","","1.2","","7.5","71","","42","","0.69","12.16","0.02","","","","",""
"2024-02-01","2024032","13:25","5.0","115.6252","3.0","","","1.2","","7.5","70","","43","","0.72","12.15","0.05","","","","",""
"2024-02-01","2024032","13:25","5.0","115.6252","4.0","","","1.2","","7.4","69","","44","","0.73","12.15","0.05","","","","",""
"2024-02-01","2024032","13:25","5.0","115.6252","5.0","","","1.2","","7.4","70","","44","","0.73","12.15","0.05","","","","",""
"2024-02-01","2024032","13:25","5.0","115.6252","6.0","","","1.2","","7.4","69","","44","","0.77","12.15","0.08","","","","",""
"2024-02-01","2024032","13:25","5.0","115.6252","7.0","","","1.2","","7.4","69","","45","","0.85","12.15","0.15","","","","",""
"2024-02-01","2024032","13:25","5.0","115.6252","8.0","","","1.3","","7.4","69","","53","","1.27","12.14","0.47","","","","",""
"2024-02-01","2024032","13:25","5.0","115.6252","9.0","","","1.3","","7.4","69","","62","","1.72","12.14","0.82","","","","",""
"2024-02-01","2024032","13:25","5.0","115.6252","10.0","","","1.4","","7.3","69","","72","","2.46","12.14","1.40","","","","",""
"2024-02-01","2024032","13:08","6.0","110.8977","1.0","","","1.1","","7.7","73","","29","2.81","1.40","12.20","0.57","","","","",""
"2024-02-01","2024032","13:08","6.0","110.8977","2.0","1.0","0.48","1.1","","7.7","72","29.3","29","","1.68","12.19","0.78","0.39","29.49","3.86","1.75","270.60"
"2024-02-01","2024032","13:08","6.0","110.8977","3.0","","","1.1","","7.6","72","","31","","1.72","12.19","0.82","","","","",""
"2024-02-01","2024032","13:08","6.0","110.8977","4.0","","","1.1","","7.5","71","","32","","1.79","12.19","0.87","","","","",""
"2024-02-01","2024032","13:08","6.0","110.8977","5.0","","","1.1","","7.4","70","","33","","1.81","12.19","0.88","","","","",""
"2024-02-01","2024032","13:08","6.0","110.8977","6.0","","","1.1","","7.6","72","","34","","1.81","12.19","0.89","","","","",""
"2024-02-01","2024032","13:08","6.0","110.8977","7.0","","","1.1","","7.5","71","","36","","1.84","12.19","0.91","","","","",""
"2024-02-01","2024032","13:08","6.0","110.8977","8.0","","","1.1","","7.4","70","","39","","2.29","12.20","1.26","","","","",""
"2024-02-01","2024032","13:08","6.0","110.8977","9.0","1.1","0.40","1.1","","7.4","70","45.0","43","","3.26","12.23","2.01","","","","",""
"2024-02-01","2024032","12:49","7.0","104.9810","1.0","","","1.1","","8.6","83","","25","2.46","3.80","12.26","2.42","","","","",""
"2024-02-01","2024032","12:49","7.0","104.9810","2.0","1.0","0.51","1.0","","8.6","83","","23","","4.46","12.26","2.93","","","","",""
"2024-02-01","2024032","12:49","7.0","104.9810","3.0","","","1.0","","7.8","75","","26","","4.99","12.24","3.35","","","","",""
"2024-02-01","2024032","12:49","7.0","104.9810","4.0","","","1.0","","7.5","73","","25","","5.83","12.28","3.99","","","","",""
"2024-02-01","2024032","12:49","7.0","104.9810","5.0","","","1.0","","7.5","73","","25","","6.63","12.31","4.60","","","","",""
"2024-02-01","2024032","12:49","7.0","104.9810","6.0","","","1.0","","7.4","72","","25","","6.82","12.31","4.75","","","","",""
"2024-02-01","2024032","12:49","7.0","104.9810","7.0","","","1.0","","7.4","73","","26","","7.37","12.33","5.17","","","","",""
"2024-02-01","2024032","12:49","7.0","104.9810","8.0","","","1.0","","7.3","73","","24","","8.23","12.37","5.83","","","","",""
"2024-02-01","2024032","12:49","7.0","104.9810","9.0","","","1.0","","7.3","73","","28","","8.97","12.40","6.40","","","","",""
"2024-02-01","2024032","12:49","7.0","104.9810","10.0","","","1.0","","7.2","72","","31","","9.19","12.41","6.57","","","","",""
"2024-02-01","2024032","12:49","7.0","104.9810","11.0","","","1.0","","7.3","73","","31","","9.42","12.42","6.74","","","","",""
"2024-02-01","2024032","12:49","7.0","104.9810","12.0","","","1.0","","7.3","73","","30","","9.61","12.43","6.89","","","","",""
"2024-02-01","2024032","12:49","7.0","104.9810","13.0","","","1.0","","7.3","72","","33","","9.77","12.44","7.01","","","","",""
"2024-02-01","2024032","12:49","7.0","104.9810","14.0","","","1.0","","7.1","71","","38","","9.81","12.44","7.04","","","","",""
"2024-02-01","2024032","12:30","8.0","99.7699","1.0","","","1.2","","7.8","74","","30","3.02","2.68","12.22","1.56","","","","",""
"2024-02-01","2024032","12:30","8.0","99.7699","2.0","1.4","0.52","1.4","","7.7","73","29.0","29","","3.03","12.25","1.83","","","","",""
"2024-02-01","2024032","12:30","8.0","99.7699","3.0","","","1.2","","7.6","73","","27","","3.75","12.29","2.38","","","","",""
"2024-02-01","2024032","12:30","8.0","99.7699","4.0","","","1.2","","7.6","73","","26","","3.89","12.27","2.49","","","","",""
"2024-02-01","2024032","12:30","8.0","99.7699","5.0","","","1.1","","7.6","73","","26","","4.47","12.23","2.94","","","","",""
"2024-02-01","2024032","12:30","8.0","99.7699","6.0","","","1.1","","7.5","73","","24","","5.53","12.24","3.76","","","","",""
"2024-02-01","2024032","12:30","8.0","99.7699","7.0","","","1.1","","7.5","73","","21","","6.26","12.27","4.33","","","","",""
"2024-02-01","2024032","12:30","8.0","99.7699","8.0","","","1.0","","7.4","73","","20","","7.51","12.32","5.28","","","","",""
"2024-02-01","2024032","12:30","8.0","99.7699","9.0","","","1.0","","7.4","73","","20","","8.43","12.37","5.98","","","","",""
"2024-02-01","2024032","12:30","8.0","99.7699","10.0","","","1.0","","7.3","73","","20","","9.87","12.44","7.09","","","","",""
"2024-02-01","2024032","12:30","8.0","99.7699","11.0","","","1.0","","7.2","73","","21","","11.01","12.49","7.96","","","","",""
"2024-02-01","2024032","12:30","8.0","99.7699","12.0","","","1.0","","7.2","73","","21","","11.57","12.52","8.39","","","","",""
"2024-02-01","2024032","12:30","8.0","99.7699","13.0","","","1.0","","7.2","73","","22","","12.09","12.54","8.78","","","","",""
"2024-02-01","2024032","12:30","8.0","99.7699","14.0","","","1.0","","7.1","72","","22","","12.36","12.56","8.99","","","","",""
"2024-02-01","2024032","12:30","8.0","99.7699","15.0","","","1.0","","7.2","73","","22","","12.58","12.58","9.16","","","","",""
"2024-02-01","2024032","12:30","8.0","99.7699","16.0","","","1.0","","7.0","72","","24","","13.70","12.62","10.01","","","","",""
"2024-02-01","2024032","12:30","8.0","99.7699","17.0","","","1.0","","6.8","70","","27","","14.26","12.64","10.44","","","","",""
"2024-02-01","2024032","12:12","9.0","96.7889","1.0","","","1.2","","8.0","79","","26","2.58","5.59","12.30","3.81","","","","",""
"2024-02-01","2024032","12:12","9.0","96.7889","2.0","1.4","0.53","1.3","","8.0","79","26.3","26","","7.02","12.34","4.90","0.55","29.20","5.21","1.94","244.25"
"2024-02-01","2024032","12:12","9.0","96.7889","3.0","","","1.2","","8.0","79","","25","","8.76","12.40","6.24","","","","",""
"2024-02-01","2024032","12:12","9.0","96.7889","4.0","","","1.1","","7.7","77","","22","","9.11","12.42","6.50","","","","",""
"2024-02-01","2024032","12:12","9.0","96.7889","5.0","","","1.1","","7.6","76","","22","","9.23","12.42","6.59","","","","",""
"2024-02-01","2024032","12:12","9.0","96.7889","6.0","","","1.1","","7.6","75","","22","","9.35","12.43","6.69","","","","",""
"2024-02-01","2024032","12:12","9.0","96.7889","7.0","","","1.0","","7.5","75","","23","","9.36","12.43","6.69","","","","",""
"2024-02-01","2024032","12:12","9.0","96.7889","8.0","","","1.0","","7.5","75","","23","","9.43","12.43","6.75","","","","",""
"2024-02-01","2024032","12:12","9.0","96.7889","9.0","","","1.0","","7.5","74","","23","","9.45","12.44","6.77","","","","",""
"2024-02-01","2024032","12:12","9.0","96.7889","10.0","","","1.0","","7.5","74","","23","","9.47","12.44","6.78","","","","",""
"2024-02-01","2024032","12:12","9.0","96.7889","11.0","","","1.0","","7.4","74","","23","","9.54","12.44","6.83","","","","",""
"2024-02-01","2024032","12:12","9.0","96.7889","12.0","","","1.0","","7.4","74","","23","","9.68","12.45","6.94","","","","",""
"2024-02-01","2024032","12:12","9.0","96.7889","13.0","","","1.0","","7.4","74","","23","","9.89","12.46","7.10","","","","",""
"2024-02-01","2024032","12:12","9.0","96.7889","14.0","","","1.0","","7.4","74","","24","","9.99","12.46","7.18","","","","",""
"2024-02-01","2024032","12:12","9.0","96.7889","15.0","","","1.0","","7.5","75","","24","","10.25","12.48","7.38","","","","",""
"2024-02-01","2024032","12:12","9.0","96.7889","16.0","","","1.0","","7.4","74","","27","","11.26","12.53","8.15","","","","",""
"2024-02-01","2024032","12:12","9.0","96.7889","17.0","","","1.0","","7.3","74","","26","","12.92","12.60","9.42","","","","",""
"2024-02-01","2024032","12:12","9.0","96.7889","18.0","","","1.0","","7.2","74","","24","","13.54","12.62","9.89","","","","",""
"2024-02-01","2024032","12:12","9.0","96.7889","19.0","","","1.0","","7.2","74","","25","","14.22","12.64","10.41","","","","",""
"2024-02-01","2024032","12:12","9.0","96.7889","20.0","","","1.0","","7.2","75","","27","","14.41","12.65","10.56","","","","",""
"2024-02-01","2024032","12:12","9.0","96.7889","21.0","","","1.0","","7.2","75","","29","","14.49","12.65","10.62","","","","",""
"2024-02-01","2024032","12:12","9.0","96.7889","22.0","","","1.0","","7.2","74","","32","","14.63","12.66","10.72","","","","",""
"2024-02-01","2024032","12:12","9.0","96.7889","23.0","","","1.0","","7.2","74","","31","","14.83","12.67","10.87","","","","",""
"2024-02-01","2024032","12:12","9.0","96.7889","24.0","","","1.0","","7.2","74","","34","","15.13","12.68","11.10","","","","",""
"2024-02-01","2024032","12:12","9.0","96.7889","25.0","","","1.0","","7.2","75","","41","","15.52","12.70","11.40","","","","",""
"2024-02-01","2024032","12:12","9.0","96.7889","26.0","","","1.1","","7.1","74","","45","","15.64","12.71","11.49","","","","",""
"2024-02-01","2024032","11:58","10.0","93.5951","1.0","3.7","0.79","3.0","","7.8","78","","33","2.16","8.33","12.44","5.90","","","","",""
"2024-02-01","2024032","11:58","10.0","93.5951","2.0","","","2.6","","7.8","77","","34","","8.82","12.47","6.27","","","","",""
"2024-02-01","2024032","11:58","10.0","93.5951","3.0","","","2.4","","7.5","76","","36","","10.23","12.50","7.35","","","","",""
"2024-02-01","2024032","11:58","10.0","93.5951","4.0","","","2.3","","7.4","75","","35","","11.73","12.54","8.51","","","","",""
"2024-02-01","2024032","11:58","10.0","93.5951","5.0","","","2.3","","7.3","75","","38","","12.78","12.58","9.31","","","","",""
"2024-02-01","2024032","11:58","10.0","93.5951","6.0","","","2.3","","7.3","74","","44","","13.13","12.60","9.58","","","","",""
"2024-02-01","2024032","11:58","10.0","93.5951","7.0","","","2.3","","7.3","74","","46","","13.48","12.61","9.85","","","","",""
"2024-02-01","2024032","11:58","10.0","93.5951","8.0","","","2.3","","7.2","74","","50","","13.81","12.63","10.10","","","","",""
"2024-02-01","2024032","11:58","10.0","93.5951","9.0","","","2.3","","7.2","74","","52","","14.01","12.63","10.25","","","","",""
"2024-02-01","2024032","11:58","10.0","93.5951","10.0","","","2.3","","7.2","74","","53","","14.15","12.64","10.36","","","","",""
"2024-02-01","2024032","11:58","10.0","93.5951","11.0","","","2.3","","7.2","75","","62","","14.58","12.66","10.68","","","","",""
"2024-02-01","2024032","11:58","10.0","93.5951","12.0","","","2.4","","7.2","74","","74","","14.82","12.67","10.87","","","","",""
"2024-02-01","2024032","11:58","10.0","93.5951","13.0","","","2.5","","7.2","75","","98","","15.31","12.70","11.24","","","","",""
"2024-02-01","2024032","11:58","10.0","93.5951","14.0","","","2.6","","7.1","74","","125","","15.50","12.71","11.38","","","","",""
"2024-02-01","2024032","11:58","10.0","93.5951","15.0","","","2.8","","7.1","74","","157","","15.78","12.72","11.60","","","","",""
"2024-02-01","2024032","11:38","11.0","89.7672","1.0","","","2.4","","7.4","76","","28","1.85","11.67","12.55","8.46","","","","",""
"2024-02-01","2024032","11:38","11.0","89.7672","2.0","","","2.3","","7.2","74","","29","","12.77","12.59","9.30","","","","",""
"2024-02-01","2024032","11:38","11.0","89.7672","3.0","","","2.2","","7.2","74","","29","","13.74","12.63","10.04","","","","",""
"2024-02-01","2024032","11:38","11.0","89.7672","4.0","","","2.2","","7.2","75","","31","","14.46","12.66","10.59","","","","",""
"2024-02-01","2024032","11:38","11.0","89.7672","5.0","","","2.2","","7.2","74","","42","","15.04","12.69","11.03","","","","",""
"2024-02-01","2024032","11:38","11.0","89.7672","6.0","","","2.4","","7.1","74","","57","","15.52","12.71","11.40","","","","",""
"2024-02-01","2024032","11:38","11.0","89.7672","7.0","","","2.4","","7.1","74","","60","","15.56","12.71","11.43","","","","",""
"2024-02-01","2024032","11:38","11.0","89.7672","8.0","","","2.5","","7.1","74","","66","","16.05","12.73","11.81","","","","",""
"2024-02-01","2024032","11:38","11.0","89.7672","9.0","","","2.6","","7.1","74","","81","","16.48","12.75","12.13","","","","",""
"2024-02-01","2024032","11:38","11.0","89.7672","10.0","","","2.6","","7.1","74","","86","","17.12","12.78","12.63","","","","",""
"2024-02-01","2024032","11:38","11.0","89.7672","11.0","","","2.5","","7.0","74","","80","","17.55","12.79","12.95","","","","",""
"2024-02-01","2024032","11:38","11.0","89.7672","12.0","","","2.3","","7.0","75","","67","","18.13","12.81","13.40","","","","",""
"2024-02-01","2024032","11:38","11.0","89.7672","13.0","","","2.2","","7.0","74","","55","","18.65","12.83","13.79","","","","",""
"2024-02-01","2024032","11:38","11.0","89.7672","14.0","","","2.1","","7.0","75","","43","","19.77","12.87","14.65","","","","",""
"2024-02-01","2024032","11:38","11.0","89.7672","15.0","","","2.1","","7.0","75","","35","","19.98","12.88","14.81","","","","",""
"2024-02-01","2024032","11:38","11.0","89.7672","16.0","","","2.1","","6.9","75","","38","","20.08","12.88","14.89","","","","",""
"2024-02-01","2024032","11:38","11.0","89.7672","17.0","","","2.0","","6.9","75","","38","","20.21","12.88","14.99","","","","",""
"2024-02-01","2024032","11:38","11.0","89.7672","18.0","","","2.0","","6.9","75","","40","","20.76","12.90","15.40","","","","",""
"2024-02-01","2024032","11:24","12.0","84.4458","1.0","","","2.6","","7.6","77","","25","1.86","11.95","12.59","8.67","","","","",""
"2024-02-01","2024032","11:24","12.0","84.4458","2.0","","","2.5","","7.4","76","","27","","12.06","12.59","8.75","","","","",""
"2024-02-01","2024032","11:24","12.0","84.4458","3.0","","","2.5","","7.2","73","","27","","12.92","12.62","9.41","","","","",""
"2024-02-01","2024032","11:24","12.0","84.4458","4.0","","","2.3","","6.9","73","","25","","17.12","12.78","12.62","","","","",""
"2024-02-01","2024032","11:24","12.0","84.4458","5.0","","","2.3","","6.9","73","","24","","17.85","12.81","13.18","","","","",""
"2024-02-01","2024032","11:24","12.0","84.4458","6.0","","","2.0","","6.8","73","","22","","19.21","12.86","14.22","","","","",""
"2024-02-01","2024032","11:24","12.0","84.4458","7.0","","","1.9","","6.8","73","","22","","20.59","12.90","15.27","","","","",""
"2024-02-01","2024032","11:05","13.0","78.5444","1.0","","","3.6","","7.6","77","","13","1.43","11.56","12.68","8.35","","","","",""
"2024-02-01","2024032","11:05","13.0","78.5444","2.0","4.8","0.86","3.4","","7.6","77","9.3","13","","11.99","12.57","8.70","0.66","26.34","4.93","2.20","189.07"
"2024-02-01","2024032","11:05","13.0","78.5444","3.0","","","3.1","","7.5","77","","13","","12.93","12.64","9.42","","","","",""
"2024-02-01","2024032","11:05","13.0","78.5444","4.0","","","2.5","","7.4","76","","12","","14.89","12.72","10.92","","","","",""
"2024-02-01","2024032","11:05","13.0","78.5444","5.0","","","2.1","","7.3","76","","12","","16.36","12.76","12.04","","","","",""
"2024-02-01","2024032","11:05","13.0","78.5444","6.0","","","2.0","","7.2","77","","12","","18.00","12.80","13.30","","","","",""
"2024-02-01","2024032","11:05","13.0","78.5444","7.0","","","1.9","","7.0","76","","12","","22.19","12.94","16.50","","","","",""
"2024-02-01","2024032","11:05","13.0","78.5444","8.0","","","1.9","","6.9","76","","21","","23.16","12.98","17.25","","","","",""
"2024-02-01","2024032","11:05","13.0","78.5444","9.0","1.5","0.50","2.0","","6.9","75","24.8","28","","23.30","12.99","17.35","","","","",""
"2024-02-01","2024032","10:51","14.0","74.4288","1.0","","","3.4","","8.4","88","","13","1.28","11.16","12.69","8.05","","","","",""
"2024-02-01","2024032","10:51","14.0","74.4288","2.0","","","3.3","","8.4","88","","12","","13.79","12.63","10.08","","","","",""
"2024-02-01","2024032","10:51","14.0","74.4288","3.0","","","2.5","","8.2","84","","9","","16.91","12.78","12.46","","","","",""
"2024-02-01","2024032","10:51","14.0","74.4288","4.0","","","2.1","","7.6","80","","10","","17.50","12.80","12.91","","","","",""
"2024-02-01","2024032","10:51","14.0","74.4288","5.0","","","2.1","","7.3","79","","13","","19.35","12.85","14.33","","","","",""
"2024-02-01","2024032","10:51","14.0","74.4288","6.0","","","2.0","","7.2","78","","13","","21.60","12.92","16.05","","","","",""
"2024-02-01","2024032","10:51","14.0","74.4288","7.0","","","2.0","","7.1","77","","11","","22.84","12.97","17.00","","","","",""
"2024-02-01","2024032","10:51","14.0","74.4288","8.0","","","1.9","","7.0","77","","8","","23.36","12.99","17.40","","","","",""
"2024-02-01","2024032","10:51","14.0","74.4288","9.0","","","1.8","","7.0","77","","8","","23.56","13.00","17.55","","","","",""
"2024-02-01","2024032","10:51","14.0","74.4288","10.0","","","1.8","","6.9","77","","8","","23.93","13.01","17.83","","","","",""
"2024-02-01","2024032","10:51","14.0","74.4288","11.0","","","1.8","","6.9","76","","9","","24.34","13.03","18.15","","","","",""
"2024-02-01","2024032","10:51","14.0","74.4288","12.0","","","1.8","","6.9","76","","14","","24.40","13.03","18.19","","","","",""
"2024-02-01","2024032","10:51","14.0","74.4288","13.0","","","1.8","","6.9","76","","18","","24.41","13.03","18.20","","","","",""
"2024-02-01","2024032","10:51","14.0","74.4288","14.0","","","1.8","","6.8","76","","22","","24.43","13.03","18.21","","","","",""
"2024-02-01","2024032","10:51","14.0","74.4288","15.0","","","1.8","","6.8","75","","27","","24.43","13.03","18.21","","","","",""
"2024-02-01","2024032","10:35","15.0","69.9895","1.0","","","3.2","","7.9","81","","8","1.14","13.08","12.57","9.54","","","","",""
"2024-02-01","2024032","10:35","15.0","69.9895","2.0","3.4","0.85","2.9","","7.9","81","7.0","8","","13.45","12.54","9.83","0.68","25.42","4.64","2.11","175.89"
"2024-02-01","2024032","10:35","15.0","69.9895","3.0","","","2.6","","7.9","81","","8","","13.67","12.54","10.00","","","","",""
"2024-02-01","2024032","10:35","15.0","69.9895","4.0","","","2.4","","7.8","80","","8","","13.80","12.55","10.10","","","","",""
"2024-02-01","2024032","10:35","15.0","69.9895","5.0","","","2.2","","7.7","79","","8","","14.16","12.56","10.38","","","","",""
"2024-02-01","2024032","10:35","15.0","69.9895","6.0","","","2.2","","7.7","79","","10","","14.39","12.52","10.56","","","","",""
"2024-02-01","2024032","10:35","15.0","69.9895","7.0","","","2.2","","7.7","79","","12","","14.41","12.50","10.58","","","","",""
"2024-02-01","2024032","10:35","15.0","69.9895","8.0","","","2.2","","7.7","79","","13","","14.65","12.51","10.76","","","","",""
"2024-02-01","2024032","10:35","15.0","69.9895","9.0","","","2.2","","7.5","79","","18","","17.84","12.67","13.20","","","","",""
"2024-02-01","2024032","10:35","15.0","69.9895","10.0","","","2.1","","7.4","79","","22","","19.46","12.77","14.43","","","","",""
"2024-02-01","2024032","10:35","15.0","69.9895","11.0","","","2.0","","7.4","79","","20","","19.78","12.78","14.67","","","","",""
"2024-02-01","2024032","10:35","15.0","69.9895","12.0","","","2.0","","7.3","79","","16","","20.27","12.82","15.04","","","","",""
"2024-02-01","2024032","10:35","15.0","69.9895","13.0","","","2.0","","7.3","79","","12","","20.40","12.83","15.15","","","","",""
"2024-02-01","2024032","10:35","15.0","69.9895","14.0","","","1.9","","7.3","79","","11","","20.54","12.84","15.25","","","","",""
"2024-02-01","2024032","10:35","15.0","69.9895","15.0","","","2.0","","7.3","79","","10","","21.01","12.87","15.60","","","","",""
"2024-02-01","2024032","10:35","15.0","69.9895","16.0","","","2.0","","7.1","78","","10","","22.92","12.96","17.06","","","","",""
"2024-02-01","2024032","10:35","15.0","69.9895","17.0","","","1.9","","7.1","78","","19","","23.50","12.99","17.51","","","","",""
"2024-02-01","2024032","10:35","15.0","69.9895","18.0","","","1.9","","7.1","78","","28","","23.70","13.00","17.66","","","","",""
"2024-02-01","2024032","10:35","15.0","69.9895","19.0","","","2.0","","7.1","78","","31","","23.86","13.00","17.78","","","","",""
"2024-02-01","2024032","10:35","15.0","69.9895","20.0","","","2.0","","7.0","78","","34","","23.91","13.01","17.82","","","","",""
"2024-02-01","2024032","10:35","15.0","69.9895","21.0","","","2.0","","7.0","78","","33","","23.95","13.01","17.85","","","","",""
"2024-02-01","2024032","10:35","15.0","69.9895","22.0","","","2.0","","7.0","78","","33","","23.96","13.01","17.86","","","","",""
"2024-02-01","2024032","10:35","15.0","69.9895","23.0","1.5","0.45","2.0","","7.0","77","35.8","32","","23.97","13.01","17.86","","","","",""
"2024-02-01","2024032","10:16","16.0","63.0794","1.0","","","2.4","","7.9","83","","14","1.39","16.49","12.60","12.17","","","","",""
"2024-02-01","2024032","10:16","16.0","63.0794","2.0","","","2.4","","7.9","83","","14","","17.09","12.60","12.63","","","","",""
"2024-02-01","2024032","10:16","16.0","63.0794","3.0","","","2.3","","7.6","81","","12","","19.91","12.76","14.78","","","","",""
"2024-02-01","2024032","10:16","16.0","63.0794","4.0","","","2.0","","7.3","80","","11","","22.93","12.95","17.07","","","","",""
"2024-02-01","2024032","10:16","16.0","63.0794","5.0","","","1.9","","7.1","79","","10","","24.04","13.00","17.92","","","","",""
"2024-02-01","2024032","10:16","16.0","63.0794","6.0","","","1.9","","7.1","79","","9","","25.00","13.03","18.66","","","","",""
"2024-02-01","2024032","10:16","16.0","63.0794","7.0","","","1.8","","7.0","78","","8","","25.46","13.05","19.01","","","","",""
"2024-02-01","2024032","10:16","16.0","63.0794","8.0","","","1.8","","7.0","78","","8","","25.73","13.06","19.22","","","","",""
"2024-02-01","2024032","10:16","16.0","63.0794","9.0","","","1.7","","7.0","79","","8","","25.86","13.06","19.32","","","","",""
"2024-02-01","2024032","10:16","16.0","63.0794","10.0","","","1.7","","7.0","79","","8","","26.15","13.07","19.54","","","","",""
"2024-02-01","2024032","10:16","16.0","63.0794","11.0","","","1.7","","7.0","79","","8","","26.39","13.08","19.72","","","","",""
"2024-02-01","2024032","10:16","16.0","63.0794","12.0","","","1.8","","6.9","78","","8","","26.63","13.09","19.90","","","","",""
"2024-02-01","2024032","10:16","16.0","63.0794","13.0","","","1.8","","6.9","78","","9","","26.97","13.10","20.16","","","","",""
"2024-02-01","2024032","10:02","17.0","58.8909","1.0","","","2.4","","7.3","78","","11","1.31","18.65","12.82","13.80","","","","",""
"2024-02-01","2024032","10:02","17.0","58.8909","2.0","2.1","0.75","2.3","","7.3","78","","10","","19.06","12.79","14.11","","","","",""
"2024-02-01","2024032","10:02","17.0","58.8909","3.0","","","2.2","","7.2","78","","8","","20.36","12.81","15.11","","","","",""
"2024-02-01","2024032","10:02","17.0","58.8909","4.0","","","2.1","","7.2","78","","7","","20.77","12.83","15.43","","","","",""
"2024-02-01","2024032","10:02","17.0","58.8909","5.0","","","2.0","","7.2","78","","7","","21.32","12.86","15.84","","","","",""
"2024-02-01","2024032","10:02","17.0","58.8909","6.0","","","2.0","","7.2","78","","6","","21.95","12.88","16.33","","","","",""
"2024-02-01","2024032","10:02","17.0","58.8909","7.0","","","1.8","","7.1","78","","5","","23.26","12.94","17.33","","","","",""
"2024-02-01","2024032","10:02","17.0","58.8909","8.0","","","1.7","","7.0","78","","6","","25.33","13.04","18.91","","","","",""
"2024-02-01","2024032","10:02","17.0","58.8909","9.0","","","1.7","","6.9","78","","7","","26.55","13.08","19.84","","","","",""
"2024-02-01","2024032","10:02","17.0","58.8909","10.0","","","1.7","","6.8","77","","11","","27.39","13.11","20.49","","","","",""
"2024-02-01","2024032","9:42","18.0","54.9481","1.0","","","2.0","","7.2","79","","4","0.88","23.24","12.67","17.36","","","","",""
"2024-02-01","2024032","9:42","18.0","54.9481","2.0","1.9","0.75","2.1","","7.2","79","6.0","5","","24.06","12.73","17.98","0.84","17.92","5.00","2.13","98.63"
"2024-02-01","2024032","9:42","18.0","54.9481","3.0","","","2.0","","7.2","79","","5","","24.17","12.74","18.06","","","","",""
"2024-02-01","2024032","9:42","18.0","54.9481","4.0","","","1.9","","7.1","79","","5","","24.50","12.81","18.31","","","","",""
"2024-02-01","2024032","9:42","18.0","54.9481","5.0","","","1.9","","7.1","79","","5","","25.10","12.92","18.75","","","","",""
"2024-02-01","2024032","9:42","18.0","54.9481","6.0","","","1.9","","7.0","78","","5","","25.28","12.96","18.89","","","","",""
"2024-02-01","2024032","9:42","18.0","54.9481","7.0","","","2.0","","7.0","79","","4","","25.59","13.01","19.11","","","","",""
"2024-02-01","2024032","9:42","18.0","54.9481","8.0","","","2.0","","7.0","78","","5","","25.69","13.03","19.19","","","","",""
"2024-02-01","2024032","9:42","18.0","54.9481","9.0","","","1.9","","7.0","78","","5","","25.78","13.05","19.25","","","","",""
"2024-02-01","2024032","9:42","18.0","54.9481","10.0","","","2.0","","7.0","78","","5","","25.84","13.05","19.30","","","","",""
"2024-02-01","2024032","9:42","18.0","54.9481","11.0","","","1.9","","7.0","78","","5","","25.87","13.06","19.32","","","","",""
"2024-02-01","2024032","9:42","18.0","54.9481","12.0","","","1.9","","7.0","79","","5","","25.89","13.06","19.34","","","","",""
"2024-02-01","2024032","9:42","18.0","54.9481","13.0","","","2.0","","7.0","78","","5","","25.95","13.06","19.39","","","","",""
"2024-02-01","2024032","9:42","18.0","54.9481","14.0","","","2.0","","6.9","78","","5","","26.03","13.06","19.44","","","","",""
"2024-02-01","2024032","9:42","18.0","54.9481","15.0","","","1.9","","6.9","78","","5","","26.06","13.05","19.47","","","","",""
"2024-02-01","2024032","9:42","18.0","54.9481","16.0","","","1.9","","6.9","78","","5","","26.08","13.05","19.49","","","","",""
"2024-02-01","2024032","9:42","18.0","54.9481","17.0","","","1.8","","6.9","78","","5","","26.12","13.05","19.51","","","","",""
"2024-02-01","2024032","9:42","18.0","54.9481","18.0","","","1.8","","6.9","78","","5","","26.16","13.05","19.55","","","","",""
"2024-02-01","2024032","9:42","18.0","54.9481","19.0","","","1.8","","7.0","78","","5","","26.25","13.05","19.61","","","","",""
"2024-02-01","2024032","9:42","18.0","54.9481","20.0","","","1.8","","6.9","78","","5","","26.31","13.06","19.66","","","","",""
"2024-02-01","2024032","9:42","18.0","54.9481","21.0","","","1.8","","6.9","78","","6","","26.86","13.08","20.08","","","","",""
"2024-02-01","2024032","9:42","18.0","54.9481","22.0","","","1.7","","6.9","78","","7","","27.20","13.10","20.34","","","","",""
"2024-02-01","2024032","9:42","18.0","54.9481","23.0","","","1.7","","6.9","78","","8","","27.52","13.12","20.58","","","","",""
"2024-02-01","2024032","9:42","18.0","54.9481","24.0","","","1.7","","6.9","78","","10","","27.87","13.14","20.85","","","","",""
"2024-02-01","2024032","9:42","18.0","54.9481","25.0","","","1.7","","6.9","78","","10","","28.05","13.15","20.99","","","","",""
"2024-02-01","2024032","9:42","18.0","54.9481","26.0","","","1.7","","6.9","78","","12","","28.33","13.17","21.20","","","","",""
"2024-02-01","2024032","9:42","18.0","54.9481","27.0","","","1.8","","6.8","78","","13","","28.77","13.20","21.54","","","","",""
"2024-02-01","2024032","9:42","18.0","54.9481","28.0","","","1.9","","6.9","79","","14","","29.45","13.25","22.05","","","","",""
"2024-02-01","2024032","9:42","18.0","54.9481","29.0","","","1.8","","6.8","78","","16","","29.93","13.28","22.41","","","","",""
"2024-02-01","2024032","9:42","18.0","54.9481","30.0","","","1.7","","6.8","79","","17","","30.12","13.30","22.56","","","","",""
"2024-02-01","2024032","9:42","18.0","54.9481","31.0","","","1.8","","6.8","79","","18","","30.24","13.31","22.65","","","","",""
"2024-02-01","2024032","9:42","18.0","54.9481","32.0","","","1.7","","6.8","79","","20","","30.36","13.32","22.74","","","","",""
"2024-02-01","2024032","9:42","18.0","54.9481","33.0","","","1.8","","6.9","79","","22","","30.38","13.32","22.75","","","","",""
"2024-02-01","2024032","9:42","18.0","54.9481","34.0","","","1.8","","6.8","79","","24","","30.42","13.32","22.78","","","","",""
"2024-02-01","2024032","9:42","18.0","54.9481","35.0","1.9","0.50","1.8","","6.9","79","22.6","23","","30.43","13.32","22.79","","","","",""
"2024-02-01","2024032","9:42","18.0","54.9481","36.0","","","1.8","","6.9","80","","25","","30.44","13.32","22.80","","","","",""
"2024-02-01","2024032","9:42","18.0","54.9481","37.0","","","1.8","","6.9","80","","25","","30.44","13.33","22.80","","","","",""
"2024-02-01","2024032","9:42","18.0","54.9481","38.0","","","1.8","","6.9","80","","25","","30.48","13.33","22.83","","","","",""
"2024-02-01","2024032","9:42","18.0","54.9481","39.0","","","1.8","","6.9","80","","29","","30.52","13.33","22.86","","","","",""
"2024-02-01","2024032","9:42","18.0","54.9481","40.0","","","1.8","","6.9","80","","34","","30.53","13.33","22.87","","","","",""
"2024-02-01","2024032","9:30","20.0","51.4501","1.0","","","1.9","","7.3","82","","4","0.86","25.66","13.01","19.17","","","","",""
"2024-02-01","2024032","9:30","20.0","51.4501","2.0","2.1","0.73","2.1","","7.3","82","","4","","25.76","13.03","19.25","","","","",""
"2024-02-01","2024032","9:30","20.0","51.4501","3.0","","","2.0","","7.3","82","","5","","25.82","13.04","19.29","","","","",""
"2024-02-01","2024032","9:30","20.0","51.4501","4.0","","","1.9","","7.3","81","","6","","25.94","13.04","19.38","","","","",""
"2024-02-01","2024032","9:30","20.0","51.4501","5.0","","","1.9","","7.2","81","","6","","26.00","13.05","19.42","","","","",""
"2024-02-01","2024032","9:30","20.0","51.4501","6.0","","","1.8","","7.2","81","","6","","26.05","13.05","19.47","","","","",""
"2024-02-01","2024032","9:30","20.0","51.4501","7.0","","","1.8","","7.2","80","","5","","26.12","13.05","19.52","","","","",""
"2024-02-01","2024032","9:30","20.0","51.4501","8.0","","","1.8","","7.2","80","","5","","26.17","13.06","19.55","","","","",""
"2024-02-01","2024032","9:30","20.0","51.4501","9.0","","","1.8","","7.2","80","","4","","26.20","13.06","19.58","","","","",""
"2024-02-01","2024032","9:30","20.0","51.4501","10.0","","","1.7","","7.2","80","","4","","26.24","13.06","19.61","","","","",""
"2024-02-01","2024032","9:30","20.0","51.4501","11.0","","","1.7","","7.2","80","","5","","26.36","13.07","19.69","","","","",""
"2024-02-01","2024032","9:30","20.0","51.4501","12.0","","","1.7","","7.2","80","","5","","26.41","13.07","19.74","","","","",""
"2024-02-01","2024032","9:30","20.0","51.4501","13.0","","","1.7","","7.1","80","","5","","26.99","13.10","20.18","","","","",""
"2024-02-01","2024032","9:30","20.0","51.4501","14.0","","","1.7","","7.1","80","","9","","27.54","13.14","20.59","","","","",""
"2024-02-01","2024032","9:30","20.0","51.4501","15.0","","","1.7","","7.1","80","","10","","27.62","13.14","20.65","","","","",""
"2024-02-01","2024032","9:30","20.0","51.4501","16.0","","","1.7","","7.1","80","","10","","27.75","13.15","20.75","","","","",""
"2024-02-01","2024032","9:30","20.0","51.4501","17.0","","","1.8","","7.1","80","","11","","27.81","13.15","20.80","","","","",""
"2024-02-01","2024032","9:30","20.0","51.4501","18.0","","","1.8","","7.1","81","","11","","27.84","13.16","20.82","","","","",""
"2024-02-01","2024032","9:30","20.0","51.4501","19.0","","","1.8","","7.1","80","","11","","27.88","13.16","20.85","","","","",""
"2024-02-01","2024032","9:30","20.0","51.4501","20.0","","","1.8","","7.1","81","","12","","27.89","13.16","20.86","","","","",""
"2024-02-01","2024032","9:30","20.0","51.4501","21.0","","","1.8","","7.1","80","","12","","27.90","13.16","20.87","","","","",""
"2024-02-01","2024032","9:30","20.0","51.4501","22.0","","","1.8","","7.1","80","","11","","27.90","13.16","20.87","","","","",""
"2024-02-01","2024032","9:30","20.0","51.4501","23.0","","","1.8","","7.0","79","","13","","28.04","13.17","20.98","","","","",""
"2024-02-01","2024032","9:30","20.0","51.4501","24.0","","","1.8","","6.9","79","","15","","28.11","13.18","21.03","","","","",""
"2024-02-01","2024032","9:17","21.0","46.6266","1.0","","","1.9","","6.2","69","","4","0.79","25.30","13.02","18.89","","","","",""
"2024-02-01","2024032","9:17","21.0","46.6266","2.0","1.9","0.75","1.9","","6.2","69","","4","","25.33","13.02","18.91","","","","",""
"2024-02-01","2024032","9:17","21.0","46.6266","3.0","","","1.9","","6.2","69","","4","","25.41","13.05","18.97","","","","",""
"2024-02-01","2024032","9:17","21.0","46.6266","4.0","","","1.8","","6.2","69","","4","","25.51","13.07","19.04","","","","",""
"2024-02-01","2024032","9:17","21.0","46.6266","5.0","","","1.9","","6.2","69","","5","","25.58","13.06","19.09","","","","",""
"2024-02-01","2024032","9:17","21.0","46.6266","6.0","","","1.8","","6.2","69","","6","","25.64","13.07","19.14","","","","",""
"2024-02-01","2024032","9:17","21.0","46.6266","7.0","","","1.8","","6.2","69","","6","","25.66","13.07","19.16","","","","",""
"2024-02-01","2024032","9:17","21.0","46.6266","8.0","","","1.8","","6.2","69","","5","","25.72","13.08","19.20","","","","",""
"2024-02-01","2024032","9:17","21.0","46.6266","9.0","","","1.8","","6.2","69","","5","","25.95","13.09","19.38","","","","",""
"2024-02-01","2024032","9:17","21.0","46.6266","10.0","","","1.8","","6.2","69","","6","","26.18","13.10","19.55","","","","",""
"2024-02-01","2024032","9:17","21.0","46.6266","11.0","","","1.8","","6.2","69","","8","","26.52","13.11","19.82","","","","",""
"2024-02-01","2024032","9:17","21.0","46.6266","12.0","","","1.8","","6.2","69","","10","","26.82","13.12","20.05","","","","",""
"2024-02-01","2024032","9:17","21.0","46.6266","13.0","","","1.7","","6.1","69","","11","","27.04","13.13","20.21","","","","",""
"2024-02-01","2024032","9:17","21.0","46.6266","14.0","","","1.7","","6.1","69","","12","","27.25","13.14","20.37","","","","",""
"2024-02-01","2024032","9:17","21.0","46.6266","15.0","","","1.7","","6.1","69","","13","","27.40","13.14","20.48","","","","",""
"2024-02-01","2024032","9:17","21.0","46.6266","16.0","","","1.8","","6.1","69","","15","","27.55","13.15","20.60","","","","",""
"2024-02-01","2024032","9:17","21.0","46.6266","17.0","","","1.8","","6.1","69","","17","","27.60","13.15","20.64","","","","",""
"2024-02-01","2024032","9:07","22.0","43.9210","1.0","","","2.0","","6.2","69","","4","0.82","25.28","13.04","18.87","","","","",""
"2024-02-01","2024032","9:07","22.0","43.9210","2.0","2.0","0.73","2.1","","6.2","69","5.7","4","","25.27","13.04","18.87","1.52","25.63","10.92","3.31","88.30"
"2024-02-01","2024032","9:07","22.0","43.9210","3.0","","","2.1","","6.2","69","","4","","25.28","13.03","18.87","","","","",""
"2024-02-01","2024032","9:07","22.0","43.9210","4.0","","","2.0","","6.2","69","","5","","25.30","13.03","18.89","","","","",""
"2024-02-01","2024032","9:07","22.0","43.9210","5.0","","","2.0","","6.1","68","","5","","25.33","13.05","18.90","","","","",""
"2024-02-01","2024032","9:07","22.0","43.9210","6.0","","","1.9","","6.1","68","","5","","25.34","13.06","18.91","","","","",""
"2024-02-01","2024032","9:07","22.0","43.9210","7.0","","","1.9","","6.1","69","","5","","25.36","13.07","18.93","","","","",""
"2024-02-01","2024032","9:07","22.0","43.9210","8.0","","","1.8","","6.1","68","","5","","25.46","13.07","19.00","","","","",""
"2024-02-01","2024032","9:07","22.0","43.9210","9.0","","","1.8","","6.1","68","","5","","25.49","13.07","19.03","","","","",""
"2024-02-01","2024032","9:07","22.0","43.9210","10.0","","","1.8","","6.1","68","","6","","25.56","13.07","19.08","","","","",""
"2024-02-01","2024032","9:07","22.0","43.9210","11.0","","","1.8","","6.1","68","","6","","25.78","13.07","19.25","","","","",""
"2024-02-01","2024032","9:07","22.0","43.9210","12.0","","","1.8","","6.1","68","","6","","26.03","13.09","19.44","","","","",""
"2024-02-01","2024032","9:07","22.0","43.9210","13.0","","","1.8","","6.1","68","","6","","26.48","13.12","19.78","","","","",""
"2024-02-01","2024032","9:07","22.0","43.9210","14.0","","","1.7","","6.1","69","","8","","26.93","13.14","20.12","","","","",""
"2024-02-01","2024032","9:07","22.0","43.9210","15.0","","","1.8","","6.1","69","","12","","27.32","13.15","20.42","","","","",""
"2024-02-01","2024032","9:07","22.0","43.9210","16.0","","","1.8","","6.1","69","","18","","27.44","13.15","20.52","","","","",""
"2024-02-01","2024032","9:07","22.0","43.9210","17.0","","","1.8","","6.1","70","","20","","27.48","13.15","20.55","","","","",""
"2024-02-01","2024032","9:07","22.0","43.9210","18.0","2.0","0.51","1.8","","6.1","69","23.4","21","","27.55","13.15","20.60","","","","",""
"2024-02-01","2024032","8:52","23.0","39.6557","1.0","","","2.2","","6.8","75","","5","0.88","25.29","13.12","18.86","","","","",""
"2024-02-01","2024032","8:52","23.0","39.6557","2.0","","","2.2","","6.5","73","","5","","25.29","13.11","18.86","","","","",""
"2024-02-01","2024032","8:52","23.0","39.6557","3.0","","","2.2","","6.3","70","","5","","25.29","13.11","18.86","","","","",""
"2024-02-01","2024032","8:52","23.0","39.6557","4.0","","","2.1","","6.2","69","","5","","25.29","13.11","18.87","","","","",""
"2024-02-01","2024032","8:52","23.0","39.6557","5.0","","","2.1","","6.2","69","","5","","25.30","13.11","18.87","","","","",""
"2024-02-01","2024032","8:52","23.0","39.6557","6.0","","","2.0","","6.1","69","","6","","25.38","13.11","18.94","","","","",""
"2024-02-01","2024032","8:52","23.0","39.6557","7.0","","","2.0","","6.1","69","","7","","25.70","13.13","19.18","","","","",""
"2024-02-01","2024032","8:52","23.0","39.6557","8.0","","","1.9","","6.1","68","","8","","25.97","13.15","19.38","","","","",""
"2024-02-01","2024032","8:52","23.0","39.6557","9.0","","","1.9","","6.1","69","","10","","26.11","13.15","19.49","","","","",""
"2024-02-01","2024032","8:52","23.0","39.6557","10.0","","","1.9","","6.1","68","","10","","26.21","13.16","19.57","","","","",""
"2024-02-01","2024032","8:52","23.0","39.6557","11.0","","","1.8","","6.1","68","","11","","26.38","13.16","19.69","","","","",""
"2024-02-01","2024032","8:52","23.0","39.6557","12.0","","","1.8","","6.1","69","","14","","26.53","13.16","19.82","","","","",""
"2024-02-01","2024032","8:52","23.0","39.6557","13.0","","","1.8","","6.1","69","","16","","26.70","13.15","19.95","","","","",""
"2024-02-01","2024032","8:52","23.0","39.6557","14.0","","","1.8","","6.1","69","","20","","26.81","13.15","20.03","","","","",""
"2024-02-01","2024032","8:52","23.0","39.6557","15.0","","","1.8","","6.1","69","","20","","26.85","13.15","20.06","","","","",""
"2024-02-01","2024032","8:42","24.0","37.0911","1.0","","","2.3","","6.2","69","","7","1.02","25.33","13.06","18.90","","","","",""
"2024-02-01","2024032","8:42","24.0","37.0911","2.0","2.5","0.74","2.3","","6.2","69","6.7","7","","25.33","13.06","18.90","1.73","27.20","9.28","3.56","91.15"
"2024-02-01","2024032","8:42","24.0","37.0911","3.0","","","2.2","","6.2","69","","7","","25.37","13.06","18.94","","","","",""
"2024-02-01","2024032","8:42","24.0","37.0911","4.0","","","2.1","","6.2","69","","7","","25.60","13.09","19.10","","","","",""
"2024-02-01","2024032","8:42","24.0","37.0911","5.0","","","2.1","","6.2","70","","9","","25.94","13.13","19.36","","","","",""
"2024-02-01","2024032","8:42","24.0","37.0911","6.0","","","2.0","","6.2","69","","11","","26.12","13.14","19.50","","","","",""
"2024-02-01","2024032","8:42","24.0","37.0911","7.0","","","1.9","","6.2","69","","13","","26.19","13.14","19.55","","","","",""
"2024-02-01","2024032","8:42","24.0","37.0911","8.0","","","1.9","","6.2","69","","14","","26.30","13.14","19.64","","","","",""
"2024-02-01","2024032","8:42","24.0","37.0911","9.0","2.0","0.63","1.9","","6.1","69","14.2","15","","26.32","13.15","19.66","","","","",""
"2024-02-01","2024032","8:31","25.0","32.8382","1.0","","","2.5","","6.1","68","","17","1.45","25.76","13.12","19.23","","","","",""
"2024-02-01","2024032","8:31","25.0","32.8382","2.0","","","2.4","","6.1","68","","19","","25.76","13.12","19.23","","","","",""
"2024-02-01","2024032","8:31","25.0","32.8382","3.0","","","2.4","","6.1","68","","19","","25.76","13.12","19.23","","","","",""
"2024-02-01","2024032","8:31","25.0","32.8382","4.0","","","2.4","","6.1","68","","20","","25.76","13.12","19.23","","","","",""
"2024-02-01","2024032","8:31","25.0","32.8382","5.0","","","2.4","","6.1","68","","20","","25.76","13.11","19.23","","","","",""
"2024-02-01","2024032","8:31","25.0","32.8382","6.0","","","2.4","","6.1","68","","24","","25.76","13.11","19.22","","","","",""
"2024-02-01","2024032","8:31","25.0","32.8382","7.0","","","2.4","","6.1","68","","27","","25.76","13.12","19.22","","","","",""
"2024-02-01","2024032","8:20","26.0","28.7560","1.0","","","2.5","","6.0","67","","5","0.87","25.56","13.03","19.09","","","","",""
"2024-02-01","2024032","8:20","26.0","28.7560","2.0","","","2.4","","6.0","67","","5","","25.65","13.11","19.14","","","","",""
"2024-02-01","2024032","8:20","26.0","28.7560","3.0","","","2.3","","6.0","67","","5","","25.77","13.16","19.23","","","","",""
"2024-02-01","2024032","8:20","26.0","28.7560","4.0","","","2.2","","6.0","67","","5","","25.87","13.17","19.30","","","","",""
"2024-02-01","2024032","8:20","26.0","28.7560","5.0","","","2.2","","6.0","67","","6","","25.96","13.19","19.37","","","","",""
"2024-02-01","2024032","8:20","26.0","28.7560","6.0","","","2.2","","6.0","67","","7","","26.05","13.20","19.44","","","","",""
"2024-02-01","2024032","8:20","26.0","28.7560","7.0","","","2.3","","6.0","67","","10","","26.07","13.20","19.45","","","","",""
"2024-02-01","2024032","8:20","26.0","28.7560","8.0","","","2.3","","6.0","67","","11","","26.10","13.21","19.47","","","","",""
"2024-02-01","2024032","8:20","26.0","28.7560","9.0","","","2.3","","6.0","67","","12","","26.10","13.21","19.47","","","","",""
"2024-02-01","2024032","8:11","27.0","26.1872","1.0","","","2.5","","6.0","68","","5","0.85","25.80","13.11","19.26","","","","",""
"2024-02-01","2024032","8:11","27.0","26.1872","2.0","2.7","0.77","2.4","","6.0","68","5.2","4","","25.81","13.11","19.26","1.83","28.06","9.21","2.97","91.86"
"2024-02-01","2024032","8:11","27.0","26.1872","3.0","","","2.3","","6.0","68","","5","","25.95","13.18","19.36","","","","",""
"2024-02-01","2024032","8:11","27.0","26.1872","4.0","","","2.2","","6.0","68","","5","","25.99","13.19","19.39","","","","",""
"2024-02-01","2024032","8:11","27.0","26.1872","5.0","","","2.2","","6.0","68","","6","","26.06","13.20","19.44","","","","",""
"2024-02-01","2024032","8:11","27.0","26.1872","6.0","","","2.3","","6.0","68","","9","","26.17","13.22","19.52","","","","",""
"2024-02-01","2024032","8:11","27.0","26.1872","7.0","","","2.3","","6.0","68","","14","","26.20","13.22","19.55","","","","",""
"2024-02-01","2024032","8:11","27.0","26.1872","8.0","","","2.3","","6.0","68","","16","","26.20","13.22","19.55","","","","",""
"2024-02-01","2024032","8:11","27.0","26.1872","9.0","","","2.3","","6.1","68","","16","","26.21","13.22","19.55","","","","",""
"2024-02-01","2024032","8:11","27.0","26.1872","10.0","2.4","0.66","2.2","","6.0","68","17.1","17","","26.22","13.22","19.56","","","","",""
"2024-02-01","2024032","8:01","28.0","23.5695","1.0","","","2.5","","6.1","68","","4","0.84","25.98","13.07","19.40","","","","",""
"2024-02-01","2024032","8:01","28.0","23.5695","2.0","","","2.3","","6.1","68","","4","","25.98","13.08","19.40","","","","",""
"2024-02-01","2024032","8:01","28.0","23.5695","3.0","","","2.3","","6.0","68","","4","","26.10","13.16","19.48","","","","",""
"2024-02-01","2024032","8:01","28.0","23.5695","4.0","","","2.3","","6.0","68","","5","","26.15","13.19","19.51","","","","",""
"2024-02-01","2024032","8:01","28.0","23.5695","5.0","","","2.3","","6.0","68","","5","","26.20","13.22","19.55","","","","",""
"2024-02-01","2024032","8:01","28.0","23.5695","6.0","","","2.3","","6.0","68","","5","","26.23","13.25","19.57","","","","",""
"2024-02-01","2024032","8:01","28.0","23.5695","7.0","","","2.4","","6.0","68","","5","","26.28","13.26","19.60","","","","",""
"2024-02-01","2024032","8:01","28.0","23.5695","8.0","","","2.4","","6.0","68","","7","","26.34","13.26","19.65","","","","",""
"2024-02-01","2024032","8:01","28.0","23.5695","9.0","","","2.4","","6.0","67","","11","","26.35","13.26","19.66","","","","",""
"2024-02-01","2024032","8:01","28.0","23.5695","10.0","","","2.4","","6.0","68","","13","","26.38","13.26","19.68","","","","",""
"2024-02-01","2024032","8:01","28.0","23.5695","11.0","","","2.4","","6.0","68","","16","","26.39","13.26","19.68","","","","",""
"2024-02-01","2024032","8:01","28.0","23.5695","12.0","","","2.3","","6.0","67","","25","","26.41","13.25","19.70","","","","",""
"2024-02-01","2024032","7:51","29.0","20.2526","1.0","","","2.4","","6.0","68","","4","0.92","26.31","13.23","19.63","","","","",""
"2024-02-01","2024032","7:51","29.0","20.2526","2.0","","","2.4","","6.0","68","","6","","26.35","13.24","19.66","","","","",""
"2024-02-01","2024032","7:51","29.0","20.2526","3.0","","","2.4","","6.0","68","","6","","26.35","13.25","19.66","","","","",""
"2024-02-01","2024032","7:51","29.0","20.2526","4.0","","","2.4","","6.0","67","","7","","26.36","13.25","19.66","","","","",""
"2024-02-01","2024032","7:51","29.0","20.2526","5.0","","","2.4","","6.0","67","","7","","26.37","13.25","19.67","","","","",""
"2024-02-01","2024032","7:51","29.0","20.2526","6.0","","","2.3","","5.9","67","","8","","26.41","13.25","19.70","","","","",""
"2024-02-01","2024032","7:51","29.0","20.2526","7.0","","","2.3","","5.9","67","","14","","26.45","13.25","19.73","","","","",""
"2024-02-01","2024032","7:51","29.0","20.2526","8.0","","","2.3","","5.9","66","","14","","26.46","13.25","19.74","","","","",""
"2024-02-01","2024032","7:51","29.0","20.2526","9.0","","","2.3","","5.9","66","","16","","26.47","13.25","19.75","","","","",""
"2024-02-01","2024032","7:51","29.0","20.2526","10.0","","","2.3","","5.9","66","","17","","26.47","13.25","19.75","","","","",""
"2024-02-01","2024032","7:51","29.0","20.2526","11.0","","","2.2","","5.9","66","","17","","26.47","13.26","19.75","","","","",""
"2024-02-01","2024032","7:51","29.0","20.2526","12.0","","","2.3","","5.9","66","","16","","26.47","13.25","19.75","","","","",""
"2024-02-01","2024032","7:51","29.0","20.2526","13.0","","","2.2","","5.9","66","","16","","26.47","13.26","19.75","","","","",""
"2024-02-01","2024032","7:51","29.0","20.2526","14.0","","","2.3","","5.9","66","","18","","26.47","13.26","19.75","","","","",""
"2024-02-01","2024032","7:38","30.0","14.7543","1.0","","","3.1","","6.1","69","","9","1.30","25.48","13.09","19.01","","","","",""
"2024-02-01","2024032","7:38","30.0","14.7543","2.0","2.7","0.77","2.8","","6.1","69","7.0","8","","26.29","13.20","19.62","2.06","34.91","9.64","4.67","93.29"
"2024-02-01","2024032","7:38","30.0","14.7543","3.0","","","2.6","","6.1","69","","8","","26.68","13.31","19.90","","","","",""
"2024-02-01","2024032","7:38","30.0","14.7543","4.0","","","2.7","","6.1","69","","14","","26.72","13.33","19.93","","","","",""
"2024-02-01","2024032","7:38","30.0","14.7543","5.0","","","2.7","","6.1","69","","16","","26.72","13.33","19.93","","","","",""
"2024-02-01","2024032","7:38","30.0","14.7543","6.0","","","2.7","","6.1","69","","16","","26.72","13.33","19.93","","","","",""
"2024-02-01","2024032","7:38","30.0","14.7543","7.0","","","2.7","","6.1","69","","18","","26.72","13.33","19.93","","","","",""
"2024-02-01","2024032","7:38","30.0","14.7543","8.0","","","2.7","","6.1","69","","20","","26.72","13.33","19.93","","","","",""
"2024-02-01","2024032","7:38","30.0","14.7543","9.0","","","2.8","","6.1","69","","21","","26.72","13.33","19.93","","","","",""
"2024-02-01","2024032","7:38","30.0","14.7543","10.0","2.7","0.65","2.7","","6.1","69","21.9","22","","26.72","13.33","19.93","","","","",""
"2024-02-01","2024032","7:20","31.0","10.6065","1.0","","","3.1","","6.0","68","","14","","26.29","13.30","19.60","","","","",""
"2024-02-01","2024032","7:20","31.0","10.6065","2.0","","","2.9","","6.0","67","","14","","26.39","13.31","19.68","","","","",""
"2024-02-01","2024032","7:20","31.0","10.6065","3.0","","","2.9","","6.0","68","","15","","26.64","13.38","19.86","","","","",""
"2024-02-01","2024032","7:20","31.0","10.6065","4.0","","","2.9","","6.0","68","","16","","26.68","13.38","19.89","","","","",""
"2024-02-01","2024032","7:20","31.0","10.6065","5.0","","","2.8","","6.0","68","","17","","26.69","13.38","19.90","","","","",""
"2024-02-01","2024032","7:20","31.0","10.6065","6.0","","","2.8","","6.0","68","","17","","26.70","13.38","19.90","","","","",""
"2024-02-01","2024032","7:20","31.0","10.6065","7.0","","","2.7","","6.0","68","","17","","26.71","13.38","19.91","","","","",""
"2024-02-01","2024032","7:20","31.0","10.6065","8.0","","","2.7","","6.0","68","","16","","26.71","13.38","19.91","","","","",""
"2024-02-01","2024032","7:20","31.0","10.6065","9.0","","","2.6","","6.0","68","","16","","26.71","13.38","19.91","","","","",""
"2024-02-01","2024032","7:20","31.0","10.6065","10.0","","","2.5","","6.0","68","","16","","26.71","13.37","19.91","","","","",""
"2024-02-01","2024032","7:20","31.0","10.6065","11.0","","","2.5","","6.0","68","","18","","26.71","13.37","19.92","","","","",""
"2024-02-01","2024032","7:11","32.0","8.1507","1.0","","","3.3","","6.0","67","","11","","25.14","13.28","18.72","","","","",""
"2024-02-01","2024032","7:11","32.0","8.1507","2.0","3.1","0.76","3.0","","5.8","66","15.0","12","","26.23","13.34","19.55","2.57","45.12","11.99","5.13","102.19"
"2024-02-01","2024032","7:11","32.0","8.1507","3.0","","","2.8","","5.8","66","","13","","26.44","13.37","19.71","","","","",""
"2024-02-01","2024032","7:11","32.0","8.1507","4.0","","","2.8","","5.8","65","","13","","26.54","13.38","19.78","","","","",""
"2024-02-01","2024032","7:11","32.0","8.1507","5.0","","","2.9","","5.8","65","","15","","26.59","13.39","19.82","","","","",""
"2024-02-01","2024032","7:11","32.0","8.1507","6.0","","","2.9","","5.8","65","","17","","26.62","13.40","19.84","","","","",""
"2024-02-01","2024032","7:11","32.0","8.1507","7.0","","","2.9","","5.8","66","","20","","26.62","13.40","19.84","","","","",""
"2024-02-01","2024032","7:11","32.0","8.1507","8.0","","","2.9","","5.8","66","","20","","26.62","13.40","19.84","","","","",""
"2024-02-01","2024032","7:11","32.0","8.1507","9.0","3.1","0.60","2.9","","5.8","66","","20","","26.62","13.40","19.84","","","","",""
"2024-02-01","2024032","7:01","33.0","6.8085","1.0","","","3.3","","5.9","66","","18","","24.89","13.26","18.53","","","","",""
"2024-02-01","2024032","7:01","33.0","6.8085","2.0","3.0","0.71","3.2","","5.9","66","16.3","18","","25.12","13.29","18.70","","","","",""
"2024-02-01","2024032","7:01","33.0","6.8085","3.0","","","3.2","","5.8","65","","18","","25.65","13.33","19.10","","","","",""
"2024-02-01","2024032","7:01","33.0","6.8085","4.0","","","3.2","","5.8","66","","18","","25.87","13.35","19.26","","","","",""
"2024-02-01","2024032","7:01","33.0","6.8085","5.0","","","3.1","","5.8","66","","18","","26.17","13.38","19.49","","","","",""
"2024-02-01","2024032","7:01","33.0","6.8085","6.0","","","3.0","","5.8","66","","21","","26.39","13.41","19.66","","","","",""
"2024-02-01","2024032","7:01","33.0","6.8085","7.0","","","3.0","","5.8","66","","29","","26.42","13.41","19.68","","","","",""
"2024-02-01","2024032","7:01","33.0","6.8085","8.0","","","3.0","","5.8","65","","33","","26.43","13.41","19.69","","","","",""
"2024-02-01","2024032","7:01","33.0","6.8085","9.0","","","2.9","","5.8","66","","33","","26.42","13.41","19.68","","","","",""
"2024-02-01","2024032","7:01","33.0","6.8085","10.0","","","3.0","","5.8","65","","33","","26.44","13.41","19.69","","","","",""
"2024-02-01","2024032","7:01","33.0","6.8085","11.0","","","3.0","","5.8","65","","37","","26.44","13.41","19.70","","","","",""
"2024-02-01","2024032","7:01","33.0","6.8085","12.0","","","3.0","","5.7","65","","39","","26.46","13.41","19.71","","","","",""
"2024-02-01","2024032","6:51","34.0","3.5290","1.0","","","3.2","","6.0","66","","19","","23.19","12.94","17.28","","","","",""
"2024-02-01","2024032","6:51","34.0","3.5290","2.0","2.6","0.68","3.1","","6.0","66","16.3","19","","23.59","12.99","17.57","3.17","67.82","11.42","7.04","117.50"
"2024-02-01","2024032","6:51","34.0","3.5290","3.0","","","3.2","","5.9","65","","26","","23.74","13.01","17.68","","","","",""
"2024-02-01","2024032","6:51","34.0","3.5290","4.0","","","3.2","","5.9","65","","31","","23.84","13.02","17.76","","","","",""
"2024-02-01","2024032","6:51","34.0","3.5290","5.0","","","3.2","","5.9","65","","38","","24.53","13.10","18.28","","","","",""
"2024-02-01","2024032","6:51","34.0","3.5290","6.0","","","3.2","","5.8","65","","44","","24.86","13.14","18.52","","","","",""
"2024-02-01","2024032","6:51","34.0","3.5290","7.0","","","3.1","","5.8","65","","41","","25.20","13.17","18.78","","","","",""
"2024-02-01","2024032","6:51","34.0","3.5290","8.0","3.3","0.61","3.2","","5.8","65","35.6","34","","25.36","13.19","18.90","","","","",""
"2024-02-01","2024032","14:17","649.0","132.9388","1.0","","","1.2","","7.4","70","","40","3.31","0.07","12.48","","","","","",""
"2024-02-01","2024032","14:17","649.0","132.9388","2.0","1.2","0.51","1.2","","7.3","68","35.9","40","","0.07","12.46","","0.26","26.70","2.00","1.47","299.80"
"2024-02-01","2024032","14:17","649.0","132.9388","3.0","","","1.2","","7.3","69","","42","","0.07","12.46","","","","","",""
"2024-02-01","2024032","14:17","649.0","132.9388","4.0","","","1.1","","7.3","69","","43","","0.07","12.46","","","","","",""
"2024-02-01","2024032","14:17","649.0","132.9388","5.0","","","1.1","","7.3","69","","43","","0.07","12.46","","","","","",""
"2024-02-01","2024032","14:17","649.0","132.9388","6.0","","","1.1","","7.3","69","","43","","0.07","12.46","","","","","",""
"2024-02-01","2024032","14:17","649.0","132.9388","7.0","","","1.1","","7.3","69","","43","","0.07","12.46","","","","","",""
"2024-02-01","2024032","14:17","649.0","132.9388","8.0","","","1.2","","7.3","69","","43","","0.07","12.46","","","","","",""
"2024-02-01","2024032","14:17","649.0","132.9388","9.0","","","1.2","","7.3","69","","43","","0.07","12.45","","","","","",""
"2024-02-01","2024032","14:17","649.0","132.9388","10.0","","","1.2","","7.3","68","","44","","0.07","12.45","","","","","",""
"2024-02-01","2024032","14:17","649.0","132.9388","11.0","1.3","0.45","1.3","","7.2","67","50.7","49","","0.07","12.45","","","","","",""
"2024-02-01","2024032","14:53","657.0","147.2548","1.0","","","1.1","","7.0","66","","34","2.51","0.08","12.71","","","","","",""
"2024-02-01","2024032","14:53","657.0","147.2548","2.0","1.2","0.50","1.1","","7.0","66","","34","","0.08","12.71","","0.30","26.20","2.07","1.69","311.19"
"2024-02-01","2024032","14:53","657.0","147.2548","3.0","","","1.1","","7.0","66","","39","","0.08","12.71","","","","","",""
"2024-02-01","2024032","14:53","657.0","147.2548","4.0","","","1.1","","7.0","66","","38","","0.08","12.71","","","","","",""
"2024-02-01","2024032","14:53","657.0","147.2548","5.0","","","1.1","","7.0","66","","38","","0.08","12.70","","","","","",""
"2024-02-01","2024032","14:53","657.0","147.2548","6.0","","","1.1","","7.0","66","","38","","0.08","12.70","","","","","",""
"2024-02-01","2024032","14:53","657.0","147.2548","7.0","","","1.2","","7.0","66","","38","","0.08","12.70","","","","","",""
"2024-02-01","2024032","14:53","657.0","147.2548","8.0","1.3","0.48","1.3","","7.0","66","32.6","38","","0.08","12.70","","","","","",""
"2024-02-09","2024040","11:25","18.0","54.9481","1.0","","","1.4","","8.6","99","","8","0.76","29.34","13.27","21.97","","","","",""
"2024-02-09","2024040","11:25","18.0","54.9481","2.0","1.6","0.69","1.4","","8.6","99","9.1","8","","29.60","13.26","22.16","0.46","9.00","2.14","1.23","40.23"
"2024-02-09","2024040","11:25","18.0","54.9481","3.0","","","1.4","","8.6","99","","8","","29.63","13.26","22.18","","","","",""
"2024-02-09","2024040","11:25","18.0","54.9481","4.0","","","1.4","","8.4","97","","8","","29.78","13.26","22.30","","","","",""
"2024-02-09","2024040","11:25","18.0","54.9481","5.0","","","1.4","","7.8","90","","9","","29.91","13.26","22.40","","","","",""
"2024-02-09","2024040","11:25","18.0","54.9481","6.0","","","1.4","","6.7","77","","9","","29.94","13.26","22.43","","","","",""
"2024-02-09","2024040","11:25","18.0","54.9481","7.0","","","1.4","","6.4","74","","9","","30.15","13.27","22.59","","","","",""
"2024-02-09","2024040","11:25","18.0","54.9481","8.0","","","1.5","","6.3","72","","10","","30.43","13.28","22.80","","","","",""
"2024-02-09","2024040","11:25","18.0","54.9481","9.0","","","1.5","","6.2","71","","11","","30.37","13.28","22.75","","","","",""
"2024-02-09","2024040","11:25","18.0","54.9481","10.0","","","1.5","","6.1","71","","12","","30.51","13.28","22.86","","","","",""
"2024-02-09","2024040","11:25","18.0","54.9481","11.0","","","1.5","","6.1","70","","13","","30.56","13.28","22.90","","","","",""
"2024-02-09","2024040","11:25","18.0","54.9481","12.0","","","1.5","","6.0","70","","13","","30.57","13.28","22.91","","","","",""
"2024-02-09","2024040","11:25","18.0","54.9481","13.0","","","1.5","","6.0","69","","14","","30.58","13.28","22.91","","","","",""
"2024-02-09","2024040","11:25","18.0","54.9481","14.0","","","1.5","","6.0","70","","14","","30.59","13.29","22.93","","","","",""
"2024-02-09","2024040","11:25","18.0","54.9481","15.0","","","1.5","","6.0","69","","14","","30.61","13.29","22.94","","","","",""
"2024-02-09","2024040","11:25","18.0","54.9481","16.0","","","1.4","","6.0","69","","15","","30.63","13.29","22.95","","","","",""
"2024-02-09","2024040","11:25","18.0","54.9481","17.0","","","1.4","","6.0","70","","15","","30.63","13.30","22.95","","","","",""
"2024-02-09","2024040","11:25","18.0","54.9481","18.0","","","1.4","","6.0","69","","15","","30.64","13.30","22.96","","","","",""
"2024-02-09","2024040","11:25","18.0","54.9481","19.0","","","1.4","","6.0","69","","15","","30.64","13.30","22.96","","","","",""
"2024-02-09","2024040","11:25","18.0","54.9481","20.0","","","1.4","","6.0","70","","16","","30.65","13.30","22.96","","","","",""
"2024-02-09","2024040","11:25","18.0","54.9481","21.0","","","1.4","","6.0","69","","15","","30.67","13.31","22.98","","","","",""
"2024-02-09","2024040","11:25","18.0","54.9481","22.0","","","1.4","","6.0","69","","18","","30.71","13.32","23.01","","","","",""
"2024-02-09","2024040","11:25","18.0","54.9481","23.0","","","1.5","","5.9","69","","18","","30.71","13.32","23.01","","","","",""
"2024-02-09","2024040","11:25","18.0","54.9481","24.0","","","1.5","","6.0","69","","19","","30.71","13.32","23.01","","","","",""
"2024-02-09","2024040","11:25","18.0","54.9481","25.0","","","1.5","","6.0","69","","19","","30.72","13.32","23.02","","","","",""
"2024-02-09","2024040","11:25","18.0","54.9481","26.0","","","1.5","","6.0","69","","19","","30.73","13.32","23.02","","","","",""
"2024-02-09","2024040","11:25","18.0","54.9481","27.0","","","1.5","","6.0","69","","20","","30.74","13.32","23.03","","","","",""
"2024-02-09","2024040","11:25","18.0","54.9481","28.0","","","1.5","","5.9","69","","21","","30.73","13.32","23.03","","","","",""
"2024-02-09","2024040","11:25","18.0","54.9481","29.0","","","1.5","","6.0","69","","20","","30.72","13.32","23.02","","","","",""
"2024-02-09","2024040","11:25","18.0","54.9481","30.0","","","1.5","","5.9","69","","19","","30.72","13.32","23.01","","","","",""
"2024-02-09","2024040","11:25","18.0","54.9481","31.0","","","1.5","","5.9","69","","20","","30.74","13.32","23.03","","","","",""
"2024-02-09","2024040","11:25","18.0","54.9481","32.0","","","1.5","","5.9","69","","20","","30.74","13.32","23.03","","","","",""
"2024-02-09","2024040","11:25","18.0","54.9481","33.0","","","1.5","","6.0","69","","20","","30.74","13.32","23.03","","","","",""
"2024-02-09","2024040","11:25","18.0","54.9481","34.0","","","1.5","","5.9","69","","21","","30.75","13.33","23.04","","","","",""
"2024-02-09","2024040","11:25","18.0","54.9481","35.0","","","1.5","","5.9","69","","20","","30.75","13.33","23.04","","","","",""
"2024-02-09","2024040","11:25","18.0","54.9481","36.0","","","1.5","","5.9","69","","21","","30.75","13.33","23.04","","","","",""
"2024-02-09","2024040","11:25","18.0","54.9481","37.0","","","1.5","","5.9","69","","20","","30.76","13.33","23.05","","","","",""
"2024-02-09","2024040","11:25","18.0","54.9481","38.0","","","1.5","","5.9","69","","21","","30.76","13.33","23.04","","","","",""
"2024-02-09","2024040","11:25","18.0","54.9481","39.0","","","1.6","","5.9","69","","21","","30.75","13.33","23.04","","","","",""
"2024-02-09","2024040","11:25","18.0","54.9481","40.0","","","1.5","","5.9","69","","21","","30.75","13.33","23.04","","","","",""
"2024-02-09","2024040","11:25","18.0","54.9481","41.0","","","1.5","","5.9","69","","22","","30.75","13.33","23.04","","","","",""
"2024-02-09","2024040","11:25","18.0","54.9481","42.0","","","1.6","","5.9","69","","22","","30.75","13.33","23.04","","","","",""
"2024-02-09","2024040","11:25","18.0","54.9481","43.0","","","1.6","","5.9","69","","23","","30.76","13.33","23.04","","","","",""
"2024-02-09","2024040","11:25","18.0","54.9481","44.0","","","1.6","","5.9","68","","23","","30.76","13.33","23.04","","","","",""
"2024-02-09","2024040","11:25","18.0","54.9481","45.0","1.4","0.40","1.6","","5.9","68","31.8","23","","30.76","13.33","23.05","","","","",""
"2024-02-09","2024040","11:12","20.0","51.4501","1.0","","","1.5","","8.2","94","","10","0.96","29.17","13.27","21.83","","","","",""
"2024-02-09","2024040","11:12","20.0","51.4501","2.0","1.7","0.68","1.5","","8.2","94","","9","","29.18","13.26","21.84","","","","",""
"2024-02-09","2024040","11:12","20.0","51.4501","3.0","","","1.5","","6.8","78","","9","","29.22","13.24","21.88","","","","",""
"2024-02-09","2024040","11:12","20.0","51.4501","4.0","","","1.5","","6.7","77","","11","","29.28","13.22","21.92","","","","",""
"2024-02-09","2024040","11:12","20.0","51.4501","5.0","","","1.5","","6.6","76","","12","","29.35","13.23","21.98","","","","",""
"2024-02-09","2024040","11:12","20.0","51.4501","6.0","","","1.5","","6.5","75","","13","","29.61","13.25","22.17","","","","",""
"2024-02-09","2024040","11:12","20.0","51.4501","7.0","","","1.4","","6.4","74","","14","","29.94","13.28","22.42","","","","",""
"2024-02-09","2024040","11:12","20.0","51.4501","8.0","","","1.4","","6.3","73","","14","","30.10","13.29","22.55","","","","",""
"2024-02-09","2024040","11:12","20.0","51.4501","9.0","","","1.4","","6.5","75","","14","","30.21","13.30","22.63","","","","",""
"2024-02-09","2024040","11:12","20.0","51.4501","10.0","","","1.4","","6.4","74","","15","","30.33","13.30","22.72","","","","",""
"2024-02-09","2024040","11:12","20.0","51.4501","11.0","","","1.5","","6.4","74","","15","","30.37","13.31","22.75","","","","",""
"2024-02-09","2024040","11:12","20.0","51.4501","12.0","","","1.5","","6.4","74","","16","","30.38","13.31","22.76","","","","",""
"2024-02-09","2024040","11:12","20.0","51.4501","13.0","","","1.5","","6.4","74","","16","","30.38","13.31","22.76","","","","",""
"2024-02-09","2024040","11:12","20.0","51.4501","14.0","","","1.5","","6.3","73","","16","","30.39","13.31","22.76","","","","",""
"2024-02-09","2024040","11:12","20.0","51.4501","15.0","","","1.5","","6.4","74","","16","","30.39","13.31","22.77","","","","",""
"2024-02-09","2024040","11:12","20.0","51.4501","16.0","","","1.5","","6.3","73","","16","","30.40","13.31","22.77","","","","",""
"2024-02-09","2024040","11:12","20.0","51.4501","17.0","","","1.5","","6.4","73","","16","","30.40","13.31","22.77","","","","",""
"2024-02-09","2024040","11:12","20.0","51.4501","18.0","","","1.5","","6.3","73","","17","","30.41","13.31","22.78","","","","",""
"2024-02-09","2024040","11:12","20.0","51.4501","19.0","","","1.5","","6.3","73","","17","","30.41","13.31","22.78","","","","",""
"2024-02-09","2024040","11:12","20.0","51.4501","20.0","","","1.5","","6.3","73","","16","","30.41","13.31","22.78","","","","",""
"2024-02-09","2024040","11:12","20.0","51.4501","21.0","","","1.5","","6.3","73","","16","","30.41","13.31","22.78","","","","",""
"2024-02-09","2024040","11:12","20.0","51.4501","22.0","","","1.5","","6.3","73","","16","","30.41","13.31","22.78","","","","",""
"2024-02-09","2024040","11:12","20.0","51.4501","23.0","","","1.5","","6.3","73","","16","","30.41","13.31","22.78","","","","",""
"2024-02-09","2024040","11:12","20.0","51.4501","24.0","","","1.5","","6.3","73","","16","","30.42","13.32","22.78","","","","",""
"2024-02-09","2024040","11:12","20.0","51.4501","25.0","","","1.5","","6.3","73","","17","","30.42","13.32","22.79","","","","",""
"2024-02-09","2024040","11:12","20.0","51.4501","26.0","","","1.5","","6.3","73","","18","","30.42","13.32","22.79","","","","",""
"2024-02-09","2024040","10:59","21.0","46.6266","1.0","","","2.1","","7.8","90","","21","2.23","22.09","12.51","16.50","","","","",""
"2024-02-09","2024040","10:59","21.0","46.6266","2.0","2.1","0.66","2.0","","7.2","79","","22","","23.44","12.64","17.52","","","","",""
"2024-02-09","2024040","10:59","21.0","46.6266","3.0","","","1.9","","7.2","79","","27","","24.43","12.76","18.26","","","","",""
"2024-02-09","2024040","10:59","21.0","46.6266","4.0","","","1.9","","6.5","72","","33","","24.98","12.81","18.68","","","","",""
"2024-02-09","2024040","10:59","21.0","46.6266","5.0","","","1.8","","6.0","67","","34","","25.53","12.87","19.09","","","","",""
"2024-02-09","2024040","10:59","21.0","46.6266","6.0","","","1.8","","5.8","65","","35","","26.67","12.99","19.95","","","","",""
"2024-02-09","2024040","10:59","21.0","46.6266","7.0","","","1.7","","5.8","65","","36","","27.35","13.05","20.47","","","","",""
"2024-02-09","2024040","10:59","21.0","46.6266","8.0","","","1.7","","5.7","64","","37","","28.11","13.11","21.04","","","","",""
"2024-02-09","2024040","10:59","21.0","46.6266","9.0","","","1.6","","5.6","64","","38","","29.40","13.24","22.02","","","","",""
"2024-02-09","2024040","10:59","21.0","46.6266","10.0","","","1.6","","5.6","64","","40","","29.58","13.26","22.15","","","","",""
"2024-02-09","2024040","10:59","21.0","46.6266","11.0","","","1.7","","5.6","64","","41","","29.59","13.26","22.16","","","","",""
"2024-02-09","2024040","10:59","21.0","46.6266","12.0","","","1.7","","5.5","64","","42","","29.61","13.27","22.17","","","","",""
"2024-02-09","2024040","10:59","21.0","46.6266","13.0","","","1.7","","5.6","64","","46","","29.63","13.27","22.19","","","","",""
"2024-02-09","2024040","10:59","21.0","46.6266","14.0","","","1.6","","5.5","64","","49","","29.65","13.27","22.20","","","","",""
"2024-02-09","2024040","10:59","21.0","46.6266","15.0","","","1.7","","5.5","64","","53","","29.66","13.27","22.21","","","","",""
"2024-02-09","2024040","10:59","21.0","46.6266","16.0","","","1.7","","5.6","64","","54","","29.66","13.27","22.21","","","","",""
"2024-02-09","2024040","10:59","21.0","46.6266","17.0","","","1.7","","5.6","64","","49","","29.67","13.27","22.21","","","","",""
"2024-02-09","2024040","10:59","21.0","46.6266","18.0","","","1.6","","5.6","64","","48","","29.66","13.27","22.21","","","","",""
"2024-02-09","2024040","10:59","21.0","46.6266","19.0","","","1.9","","5.6","64","","47","","29.66","13.27","22.21","","","","",""
"2024-02-09","2024040","10:50","22.0","43.9210","1.0","","","2.3","","7.4","80","","13","1.10","21.88","12.67","16.31","","","","",""
"2024-02-09","2024040","10:50","22.0","43.9210","2.0","2.5","0.72","2.4","","7.4","80","13.6","15","","22.42","12.64","16.73","0.79","19.63","5.21","2.29","108.60"
"2024-02-09","2024040","10:50","22.0","43.9210","3.0","","","2.2","","7.1","78","","14","","22.61","12.64","16.88","","","","",""
"2024-02-09","2024040","10:50","22.0","43.9210","4.0","","","2.1","","6.3","69","","14","","22.70","12.64","16.95","","","","",""
"2024-02-09","2024040","10:50","22.0","43.9210","5.0","","","1.9","","6.2","67","","14","","22.86","12.63","17.08","","","","",""
"2024-02-09","2024040","10:50","22.0","43.9210","6.0","","","1.8","","6.0","66","","12","","23.57","12.70","17.61","","","","",""
"2024-02-09","2024040","10:50","22.0","43.9210","7.0","","","1.8","","6.0","66","","11","","24.10","12.75","18.01","","","","",""
"2024-02-09","2024040","10:50","22.0","43.9210","8.0","","","1.7","","5.9","65","","11","","24.43","12.77","18.26","","","","",""
"2024-02-09","2024040","10:50","22.0","43.9210","9.0","","","1.7","","5.9","65","","11","","24.87","12.81","18.59","","","","",""
"2024-02-09","2024040","10:50","22.0","43.9210","10.0","","","1.6","","5.8","65","","11","","25.38","12.85","18.98","","","","",""
"2024-02-09","2024040","10:50","22.0","43.9210","11.0","","","1.6","","5.8","65","","12","","25.59","12.87","19.14","","","","",""
"2024-02-09","2024040","10:50","22.0","43.9210","12.0","","","1.6","","5.8","65","","12","","25.71","12.87","19.23","","","","",""
"2024-02-09","2024040","10:50","22.0","43.9210","13.0","","","1.6","","5.8","64","","13","","26.41","12.93","19.76","","","","",""
"2024-02-09","2024040","10:50","22.0","43.9210","14.0","","","1.6","","5.7","65","","22","","27.19","13.00","20.35","","","","",""
"2024-02-09","2024040","10:50","22.0","43.9210","15.0","","","1.7","","5.7","64","","31","","27.31","13.01","20.44","","","","",""
"2024-02-09","2024040","10:50","22.0","43.9210","16.0","","","1.7","","5.7","65","","33","","27.32","13.01","20.45","","","","",""
"2024-02-09","2024040","10:50","22.0","43.9210","17.0","","","1.7","","5.8","65","","34","","27.33","13.02","20.45","","","","",""
"2024-02-09","2024040","10:50","22.0","43.9210","18.0","","","1.7","","5.8","65","","35","","27.32","13.01","20.45","","","","",""
"2024-02-09","2024040","10:50","22.0","43.9210","19.0","1.5","0.41","1.6","","5.7","65","42.9","37","","27.32","13.02","20.45","","","","",""
"2024-02-09","2024040","10:36","23.0","39.6557","1.0","","","2.4","","7.2","78","","14","0.99","21.69","12.51","16.19","","","","",""
"2024-02-09","2024040","10:36","23.0","39.6557","2.0","","","2.4","","7.2","78","","12","","22.29","12.53","16.65","","","","",""
"2024-02-09","2024040","10:36","23.0","39.6557","3.0","","","1.9","","6.7","73","","12","","23.46","12.66","17.53","","","","",""
"2024-02-09","2024040","10:36","23.0","39.6557","4.0","","","1.7","","6.2","68","","12","","24.19","12.74","18.08","","","","",""
"2024-02-09","2024040","10:36","23.0","39.6557","5.0","","","1.7","","6.1","67","","19","","24.88","12.81","18.61","","","","",""
"2024-02-09","2024040","10:36","23.0","39.6557","6.0","","","1.7","","6.0","66","","26","","25.18","12.84","18.83","","","","",""
"2024-02-09","2024040","10:36","23.0","39.6557","7.0","","","1.8","","5.9","66","","33","","25.34","12.86","18.95","","","","",""
"2024-02-09","2024040","10:36","23.0","39.6557","8.0","","","1.9","","5.9","66","","38","","25.41","12.87","19.00","","","","",""
"2024-02-09","2024040","10:36","23.0","39.6557","9.0","","","2.0","","5.9","66","","44","","25.46","12.89","19.04","","","","",""
"2024-02-09","2024040","10:36","23.0","39.6557","10.0","","","2.0","","5.9","66","","49","","25.50","12.90","19.06","","","","",""
"2024-02-09","2024040","10:36","23.0","39.6557","11.0","","","2.2","","5.9","65","","56","","25.52","12.90","19.08","","","","",""
"2024-02-09","2024040","10:36","23.0","39.6557","12.0","","","2.2","","5.9","66","","57","","25.53","12.90","19.08","","","","",""
"2024-02-09","2024040","10:36","23.0","39.6557","13.0","","","2.3","","5.9","65","","57","","25.57","12.91","19.11","","","","",""
"2024-02-09","2024040","10:36","23.0","39.6557","14.0","","","2.5","","5.8","65","","75","","25.58","12.92","19.12","","","","",""
"2024-02-09","2024040","10:36","23.0","39.6557","15.0","","","2.5","","5.8","65","","84","","25.59","12.92","19.13","","","","",""
"2024-02-09","2024040","10:24","24.0","37.0911","1.0","","","2.4","","7.0","75","","9","0.97","22.48","12.58","16.79","","","","",""
"2024-02-09","2024040","10:24","24.0","37.0911","2.0","3.4","0.84","2.6","","6.8","73","7.8","9","","22.54","12.51","16.85","1.03","23.13","6.64","2.84","106.82"
"2024-02-09","2024040","10:24","24.0","37.0911","3.0","","","2.8","","6.2","67","","9","","22.62","12.49","16.91","","","","",""
"2024-02-09","2024040","10:24","24.0","37.0911","4.0","","","2.6","","6.0","65","","10","","22.70","12.48","16.98","","","","",""
"2024-02-09","2024040","10:24","24.0","37.0911","5.0","","","2.2","","5.9","64","","13","","23.11","12.58","17.28","","","","",""
"2024-02-09","2024040","10:24","24.0","37.0911","6.0","","","2.3","","5.9","64","","48","","23.68","12.69","17.69","","","","",""
"2024-02-09","2024040","10:24","24.0","37.0911","7.0","","","2.3","","5.8","64","","78","","23.83","12.72","17.81","","","","",""
"2024-02-09","2024040","10:24","24.0","37.0911","8.0","","","2.3","","5.8","64","","92","","23.92","12.74","17.87","","","","",""
"2024-02-09","2024040","10:24","24.0","37.0911","9.0","","","2.2","","5.8","64","","99","","23.93","12.74","17.88","","","","",""
"2024-02-09","2024040","10:24","24.0","37.0911","10.0","1.6","0.25","2.2","","5.8","64","99.8","101","","23.93","12.74","17.88","","","","",""
"2024-02-09","2024040","10:13","25.0","32.8382","1.0","","","2.5","","6.7","71","","35","2.53","23.16","12.55","17.32","","","","",""
"2024-02-09","2024040","10:13","25.0","32.8382","2.0","","","2.5","","6.7","71","","45","","23.16","12.54","17.32","","","","",""
"2024-02-09","2024040","10:13","25.0","32.8382","3.0","","","2.4","","6.2","68","","50","","23.17","12.54","17.33","","","","",""
"2024-02-09","2024040","10:13","25.0","32.8382","4.0","","","2.4","","6.0","66","","50","","23.18","12.54","17.34","","","","",""
"2024-02-09","2024040","10:13","25.0","32.8382","5.0","","","2.4","","6.0","65","","55","","23.19","12.54","17.35","","","","",""
"2024-02-09","2024040","10:13","25.0","32.8382","6.0","","","2.4","","6.0","65","","59","","23.21","12.54","17.36","","","","",""
"2024-02-09","2024040","10:13","25.0","32.8382","7.0","","","2.4","","5.9","64","","62","","23.22","12.53","17.37","","","","",""
"2024-02-09","2024040","10:13","25.0","32.8382","8.0","","","2.6","","5.9","64","","65","","23.23","12.53","17.38","","","","",""
"2024-02-09","2024040","10:01","26.0","28.7560","1.0","","","2.5","","7.0","76","","10","1.30","23.16","12.49","17.33","","","","",""
"2024-02-09","2024040","10:01","26.0","28.7560","2.0","","","2.5","","7.0","76","","15","","23.27","12.42","17.43","","","","",""
"2024-02-09","2024040","10:01","26.0","28.7560","3.0","","","2.2","","6.3","68","","18","","23.33","12.36","17.49","","","","",""
"2024-02-09","2024040","10:01","26.0","28.7560","4.0","","","2.1","","6.2","67","","19","","23.47","12.35","17.59","","","","",""
"2024-02-09","2024040","10:01","26.0","28.7560","5.0","","","2.0","","6.1","66","","20","","23.75","12.34","17.81","","","","",""
"2024-02-09","2024040","10:01","26.0","28.7560","6.0","","","2.0","","6.0","66","","22","","23.89","12.36","17.92","","","","",""
"2024-02-09","2024040","10:01","26.0","28.7560","7.0","","","2.2","","6.0","66","","26","","23.96","12.38","17.97","","","","",""
"2024-02-09","2024040","10:01","26.0","28.7560","8.0","","","2.3","","6.0","65","","31","","23.98","12.38","17.99","","","","",""
"2024-02-09","2024040","10:01","26.0","28.7560","9.0","","","2.4","","6.0","66","","35","","23.99","12.37","17.99","","","","",""
"2024-02-09","2024040","10:01","26.0","28.7560","10.0","","","2.4","","6.0","65","","38","","24.00","12.37","18.00","","","","",""
"2024-02-09","2024040","9:50","27.0","26.1872","1.0","","","2.5","","6.9","75","","19","1.74","24.48","12.30","18.38","","","","",""
"2024-02-09","2024040","9:50","27.0","26.1872","2.0","2.6","0.68","2.5","","6.7","71","18.7","20","","24.49","12.27","18.40","1.66","29.56","9.28","3.82","98.63"
"2024-02-09","2024040","9:50","27.0","26.1872","3.0","","","2.3","","6.3","69","","29","","24.50","12.26","18.41","","","","",""
"2024-02-09","2024040","9:50","27.0","26.1872","4.0","","","2.3","","6.1","66","","32","","24.51","12.25","18.42","","","","",""
"2024-02-09","2024040","9:50","27.0","26.1872","5.0","","","2.2","","6.0","66","","33","","24.53","12.25","18.43","","","","",""
"2024-02-09","2024040","9:50","27.0","26.1872","6.0","","","2.3","","6.0","65","","34","","24.54","12.25","18.44","","","","",""
"2024-02-09","2024040","9:50","27.0","26.1872","7.0","","","2.3","","5.9","64","","36","","24.56","12.26","18.45","","","","",""
"2024-02-09","2024040","9:50","27.0","26.1872","8.0","","","2.3","","5.9","65","","41","","24.57","12.27","18.46","","","","",""
"2024-02-09","2024040","9:50","27.0","26.1872","9.0","","","2.4","","5.9","64","","44","","24.58","12.28","18.47","","","","",""
"2024-02-09","2024040","9:50","27.0","26.1872","10.0","","","2.5","","5.9","64","","52","","24.58","12.28","18.47","","","","",""
"2024-02-09","2024040","9:50","27.0","26.1872","11.0","2.3","0.43","2.5","","5.9","64","51.4","52","","24.59","12.28","18.47","","","","",""
"2024-02-09","2024040","9:39","28.0","23.5695","1.0","","","2.4","","6.2","67","","12","1.39","24.60","12.18","18.50","","","","",""
"2024-02-09","2024040","9:39","28.0","23.5695","2.0","","","2.5","","6.1","66","","17","","24.62","12.16","18.51","","","","",""
"2024-02-09","2024040","9:39","28.0","23.5695","3.0","","","2.5","","6.0","65","","17","","24.64","12.15","18.53","","","","",""
"2024-02-09","2024040","9:39","28.0","23.5695","4.0","","","2.4","","6.0","65","","29","","24.67","12.14","18.56","","","","",""
"2024-02-09","2024040","9:39","28.0","23.5695","5.0","","","2.4","","6.0","65","","35","","24.68","12.14","18.57","","","","",""
"2024-02-09","2024040","9:39","28.0","23.5695","6.0","","","2.4","","6.0","66","","35","","24.68","12.14","18.57","","","","",""
"2024-02-09","2024040","9:39","28.0","23.5695","7.0","","","2.5","","6.0","65","","37","","24.69","12.14","18.58","","","","",""
"2024-02-09","2024040","9:39","28.0","23.5695","8.0","","","2.5","","6.0","65","","45","","24.70","12.14","18.58","","","","",""
"2024-02-09","2024040","9:39","28.0","23.5695","9.0","","","2.5","","6.0","65","","47","","24.71","12.14","18.59","","","","",""
"2024-02-09","2024040","9:39","28.0","23.5695","10.0","","","2.6","","6.0","65","","53","","24.71","12.14","18.59","","","","",""
"2024-02-09","2024040","9:39","28.0","23.5695","11.0","","","2.6","","6.0","65","","58","","24.71","12.14","18.59","","","","",""
"2024-02-09","2024040","9:39","28.0","23.5695","12.0","","","2.6","","6.0","65","","61","","24.71","12.14","18.59","","","","",""
"2024-02-09","2024040","9:39","28.0","23.5695","13.0","","","2.7","","6.0","65","","61","","24.71","12.15","18.59","","","","",""
"2024-02-09","2024040","9:27","29.0","20.2526","1.0","","","2.7","","6.1","66","","39","2.49","24.72","12.23","18.58","","","","",""
"2024-02-09","2024040","9:27","29.0","20.2526","2.0","","","2.6","","6.0","66","","41","","24.73","12.24","18.59","","","","",""
"2024-02-09","2024040","9:27","29.0","20.2526","3.0","","","2.5","","6.0","65","","44","","24.73","12.24","18.59","","","","",""
"2024-02-09","2024040","9:27","29.0","20.2526","4.0","","","2.5","","6.0","65","","43","","24.74","12.23","18.59","","","","",""
"2024-02-09","2024040","9:27","29.0","20.2526","5.0","","","2.4","","5.9","65","","42","","24.74","12.23","18.59","","","","",""
"2024-02-09","2024040","9:27","29.0","20.2526","6.0","","","2.5","","5.9","65","","42","","24.75","12.24","18.61","","","","",""
"2024-02-09","2024040","9:27","29.0","20.2526","7.0","","","2.5","","5.9","65","","51","","24.77","12.24","18.62","","","","",""
"2024-02-09","2024040","9:27","29.0","20.2526","8.0","","","2.5","","6.0","65","","52","","24.78","12.24","18.62","","","","",""
"2024-02-09","2024040","9:27","29.0","20.2526","9.0","","","2.5","","6.0","65","","56","","24.78","12.25","18.63","","","","",""
"2024-02-09","2024040","9:27","29.0","20.2526","10.0","","","2.6","","6.0","65","","59","","24.79","12.25","18.63","","","","",""
"2024-02-09","2024040","9:27","29.0","20.2526","11.0","","","2.6","","5.9","65","","61","","24.79","12.25","18.63","","","","",""
"2024-02-09","2024040","9:27","29.0","20.2526","12.0","","","2.6","","6.0","65","","65","","24.79","12.25","18.63","","","","",""
"2024-02-09","2024040","9:27","29.0","20.2526","13.0","","","2.6","","6.0","65","","66","","24.79","12.25","18.63","","","","",""
"2024-02-09","2024040","9:27","29.0","20.2526","14.0","","","2.7","","5.9","65","","66","","24.79","12.25","18.63","","","","",""
"2024-02-09","2024040","9:27","29.0","20.2526","15.0","","","2.7","","5.9","65","","65","","24.79","12.25","18.63","","","","",""
"2024-02-09","2024040","9:17","29.5","17.5640","1.0","","","3.0","","6.2","67","","23","1.67","24.48","12.20","18.40","","","","",""
"2024-02-09","2024040","9:17","29.5","17.5640","2.0","","","2.8","","6.1","66","","23","","24.48","12.20","18.40","","","","",""
"2024-02-09","2024040","9:17","29.5","17.5640","3.0","","","2.8","","6.1","66","","26","","24.48","12.20","18.40","","","","",""
"2024-02-09","2024040","9:17","29.5","17.5640","4.0","","","2.7","","6.1","66","","28","","24.49","12.20","18.41","","","","",""
"2024-02-09","2024040","9:17","29.5","17.5640","5.0","","","2.7","","6.0","66","","38","","24.55","12.21","18.45","","","","",""
"2024-02-09","2024040","9:17","29.5","17.5640","6.0","","","2.9","","6.0","66","","59","","24.58","12.22","18.48","","","","",""
"2024-02-09","2024040","9:17","29.5","17.5640","7.0","","","2.9","","6.0","66","","65","","24.62","12.24","18.50","","","","",""
"2024-02-09","2024040","9:17","29.5","17.5640","8.0","","","3.0","","6.0","66","","78","","24.65","12.25","18.52","","","","",""
"2024-02-09","2024040","9:17","29.5","17.5640","9.0","","","3.1","","6.0","66","","84","","24.66","12.26","18.53","","","","",""
"2024-02-09","2024040","9:17","29.5","17.5640","10.0","","","3.1","","6.0","66","","85","","24.66","12.26","18.53","","","","",""
"2024-02-09","2024040","9:17","29.5","17.5640","11.0","","","3.1","","6.0","66","","86","","24.66","12.26","18.53","","","","",""
"2024-02-09","2024040","9:17","29.5","17.5640","12.0","","","3.2","","6.0","66","","88","","24.67","12.27","18.53","","","","",""
"2024-02-09","2024040","9:17","29.5","17.5640","13.0","","","3.3","","6.0","66","","100","","24.68","12.27","18.54","","","","",""
"2024-02-09","2024040","9:17","29.5","17.5640","14.0","","","3.5","","6.0","66","","114","","24.68","12.28","18.54","","","","",""
"2024-02-09","2024040","9:06","30.0","14.7543","1.0","","","3.7","","6.2","67","","17","1.47","23.22","11.78","17.50","","","","",""
"2024-02-09","2024040","9:06","30.0","14.7543","2.0","4.7","0.79","4.1","","6.2","67","12.8","18","","23.63","12.01","17.77","1.94","36.63","10.35","4.79","106.46"
"2024-02-09","2024040","9:06","30.0","14.7543","3.0","","","3.3","","6.1","66","","23","","23.87","12.11","17.95","","","","",""
"2024-02-09","2024040","9:06","30.0","14.7543","4.0","","","2.7","","6.1","66","","25","","24.13","12.20","18.13","","","","",""
"2024-02-09","2024040","9:06","30.0","14.7543","5.0","","","2.6","","6.1","66","","29","","24.26","12.16","18.24","","","","",""
"2024-02-09","2024040","9:06","30.0","14.7543","6.0","","","2.5","","6.1","66","","38","","24.30","12.14","18.27","","","","",""
"2024-02-09","2024040","9:06","30.0","14.7543","7.0","","","2.7","","6.1","66","","51","","24.36","12.13","18.32","","","","",""
"2024-02-09","2024040","9:06","30.0","14.7543","8.0","","","3.0","","6.1","67","","87","","24.40","12.13","18.35","","","","",""
"2024-02-09","2024040","9:06","30.0","14.7543","9.0","","","3.2","","6.2","67","","125","","24.40","12.13","18.35","","","","",""
"2024-02-09","2024040","9:06","30.0","14.7543","10.0","","","3.4","","6.1","66","","135","","24.39","12.13","18.34","","","","",""
"2024-02-09","2024040","9:06","30.0","14.7543","11.0","3.5","0.28","3.5","","5.9","64","","169","","24.39","12.14","18.34","","","","",""
"2024-02-09","2024040","8:51","31.0","10.6065","1.0","","","3.8","","6.8","73","","7","1.69","21.79","11.84","16.38","","","","",""
"2024-02-09","2024040","8:51","31.0","10.6065","2.0","","","3.4","","6.8","73","","8","","23.31","12.19","17.50","","","","",""
"2024-02-09","2024040","8:51","31.0","10.6065","3.0","","","3.0","","6.4","70","","10","","23.90","12.34","17.93","","","","",""
"2024-02-09","2024040","8:51","31.0","10.6065","4.0","","","2.9","","6.2","68","","13","","24.08","12.34","18.07","","","","",""
"2024-02-09","2024040","8:51","31.0","10.6065","5.0","","","3.1","","6.1","67","","29","","24.12","12.34","18.10","","","","",""
"2024-02-09","2024040","8:51","31.0","10.6065","6.0","","","3.2","","6.1","67","","51","","24.14","12.33","18.12","","","","",""
"2024-02-09","2024040","8:51","31.0","10.6065","7.0","","","3.6","","6.1","67","","82","","24.15","12.33","18.12","","","","",""
"2024-02-09","2024040","8:51","31.0","10.6065","8.0","","","3.6","","6.1","66","","84","","24.15","12.33","18.13","","","","",""
"2024-02-09","2024040","8:51","31.0","10.6065","9.0","","","3.6","","6.1","66","","90","","24.16","12.33","18.13","","","","",""
"2024-02-09","2024040","8:51","31.0","10.6065","10.0","","","3.8","","6.0","66","","106","","24.16","12.33","18.13","","","","",""
"2024-02-09","2024040","8:51","31.0","10.6065","11.0","","","3.9","","6.0","66","","112","","24.16","12.33","18.13","","","","",""
"2024-02-09","2024040","8:39","32.0","8.1507","1.0","","","3.9","","6.4","67","","10","1.79","20.36","11.58","15.32","","","","",""
"2024-02-09","2024040","8:39","32.0","8.1507","2.0","3.5","0.72","3.7","","6.3","66","18.9","19","","21.20","11.69","15.95","2.03","45.91","10.71","5.33","120.70"
"2024-02-09","2024040","8:39","32.0","8.1507","3.0","","","3.6","","6.3","66","","35","","21.79","11.81","16.38","","","","",""
"2024-02-09","2024040","8:39","32.0","8.1507","4.0","","","3.5","","6.2","66","","45","","22.17","11.99","16.65","","","","",""
"2024-02-09","2024040","8:39","32.0","8.1507","5.0","","","3.3","","6.1","66","","43","","23.11","12.18","17.35","","","","",""
"2024-02-09","2024040","8:39","32.0","8.1507","6.0","","","3.9","","6.1","66","","112","","23.68","12.31","17.76","","","","",""
"2024-02-09","2024040","8:39","32.0","8.1507","7.0","","","4.3","","6.1","66","","150","","23.72","12.32","17.79","","","","",""
"2024-02-09","2024040","8:39","32.0","8.1507","8.0","","","4.4","","6.1","66","","165","","23.73","12.33","17.80","","","","",""
"2024-02-09","2024040","8:39","32.0","8.1507","9.0","4.7","0.28","4.5","","6.1","66","","180","","23.73","12.33","17.80","","","","",""
"2024-02-09","2024040","8:30","33.0","6.8085","1.0","","","4.1","","6.4","67","","15","1.89","19.47","11.62","14.62","","","","",""
"2024-02-09","2024040","8:30","33.0","6.8085","2.0","","","3.8","","6.3","67","17.4","17","","19.78","11.73","14.85","","","","",""
"2024-02-09","2024040","8:30","33.0","6.8085","3.0","","","3.5","","6.3","67","","18","","20.06","11.77","15.06","","","","",""
"2024-02-09","2024040","8:30","33.0","6.8085","4.0","","","3.4","","6.3","67","","19","","20.22","11.77","15.18","","","","",""
"2024-02-09","2024040","8:30","33.0","6.8085","5.0","","","3.4","","6.3","67","","23","","20.60","11.79","15.47","","","","",""
"2024-02-09","2024040","8:30","33.0","6.8085","6.0","","","3.3","","6.3","67","","27","","21.62","11.87","16.25","","","","",""
"2024-02-09","2024040","8:30","33.0","6.8085","7.0","","","3.2","","6.3","67","","26","","21.90","11.90","16.46","","","","",""
"2024-02-09","2024040","8:30","33.0","6.8085","8.0","","","3.1","","6.3","67","","27","","22.18","11.95","16.66","","","","",""
"2024-02-09","2024040","8:30","33.0","6.8085","9.0","","","3.2","","6.2","67","","48","","22.88","12.14","17.17","","","","",""
"2024-02-09","2024040","8:30","33.0","6.8085","10.0","","","3.9","","6.2","67","","131","","23.27","12.24","17.46","","","","",""
"2024-02-09","2024040","8:30","33.0","6.8085","11.0","","","4.2","","6.2","67","","168","","23.33","12.25","17.50","","","","",""
"2024-02-09","2024040","8:30","33.0","6.8085","12.0","","","4.6","","6.2","67","","220","","23.42","12.28","17.56","","","","",""
"2024-02-09","2024040","8:19","34.0","3.5290","1.0","","","3.8","","6.3","67","","22","2.86","19.20","11.47","14.44","","","","",""
"2024-02-09","2024040","8:19","34.0","3.5290","2.0","3.4","0.64","3.8","","6.3","67","32.0","34","","20.62","11.78","15.49","","","","",""
"2024-02-09","2024040","8:19","34.0","3.5290","3.0","","","4.3","","6.3","67","","116","","21.71","12.08","16.28","","","","",""
"2024-02-09","2024040","8:19","34.0","3.5290","4.0","","","4.8","","6.3","67","","173","","22.05","12.15","16.53","","","","",""
"2024-02-09","2024040","8:19","34.0","3.5290","5.0","","","5.0","","6.3","67","","193","","22.06","12.15","16.54","","","","",""
"2024-02-09","2024040","8:19","34.0","3.5290","6.0","","","5.2","","6.3","67","","202","","22.06","12.15","16.54","","","","",""
"2024-02-09","2024040","8:07","35.0","1.6576","1.0","","","4.7","","6.4","68","36.9","36","3.55","17.45","11.50","13.08","","","","",""
"2024-02-09","2024040","8:07","35.0","1.6576","2.0","4.7","0.66","4.7","","6.4","68","","122","","19.66","11.98","14.71","","","","",""
"2024-02-09","2024040","8:07","35.0","1.6576","3.0","","","4.6","","6.4","68","","178","","20.07","12.03","15.02","","","","",""
"2024-02-09","2024040","8:07","35.0","1.6576","4.0","","","4.7","","6.4","68","","205","","20.22","12.03","15.14","","","","",""
"2024-02-09","2024040","8:07","35.0","1.6576","5.0","","","4.8","","6.4","67","","214","","20.25","12.03","15.16","","","","",""
"2024-02-09","2024040","7:59","36.0","0.0000","1.0","","","4.5","","6.4","67","","79","5.77","17.48","11.71","13.07","","","","",""
"2024-02-09","2024040","7:59","36.0","0.0000","2.0","3.8","0.39","4.2","","6.4","67","110.2","110","","17.85","11.78","13.34","2.26","56.19","10.57","4.67","136.37"
"2024-02-09","2024040","7:59","36.0","0.0000","3.0","","","4.6","","6.4","66","","126","","17.96","11.81","13.43","","","","",""
"2024-02-09","2024040","7:59","36.0","0.0000","4.0","4.8","0.34","4.8","","6.4","66","","143","","18.15","11.85","13.57","","","","",""
"2024-03-04","2024064","13:22","2.0","127.7053","1.0","","","2.2","","10.4","96","","36","2.56","0.06","11.34","","","","","",""
"2024-03-04","2024064","13:22","2.0","127.7053","2.0","","","2.2","","10.4","95","","34","","0.06","11.32","","","","","",""
"2024-03-04","2024064","13:22","2.0","127.7053","3.0","","","2.2","","10.4","95","","35","","0.06","11.30","","","","","",""
"2024-03-04","2024064","13:22","2.0","127.7053","4.0","","","2.2","","10.4","96","","36","","0.06","11.31","","","","","",""
"2024-03-04","2024064","13:22","2.0","127.7053","5.0","","","2.2","","10.4","96","","36","","0.06","11.32","","","","","",""
"2024-03-04","2024064","13:22","2.0","127.7053","6.0","","","2.2","","10.4","96","","34","","0.06","11.35","","","","","",""
"2024-03-04","2024064","13:22","2.0","127.7053","7.0","","","2.2","","10.4","96","","34","","0.06","11.35","","","","","",""
"2024-03-04","2024064","13:22","2.0","127.7053","8.0","","","2.2","","10.4","96","","34","","0.06","11.34","","","","","",""
"2024-03-04","2024064","13:22","2.0","127.7053","9.0","","","2.3","","10.4","96","","34","","0.06","11.34","","","","","",""
"2024-03-04","2024064","13:22","2.0","127.7053","10.0","","","2.3","","10.4","96","","34","","0.06","11.34","","","","","",""
"2024-03-04","2024064","13:22","2.0","127.7053","11.0","","","2.3","","10.4","96","","34","","0.06","11.33","","","","","",""
"2024-03-04","2024064","13:12","3.0","125.3243","1.0","","","2.7","","10.5","96","","37","2.92","0.06","11.22","","","","","",""
"2024-03-04","2024064","13:12","3.0","125.3243","2.0","3.0","0.65","2.7","","10.5","96","37.5","35","","0.06","11.22","","0.22","16.92","1.36","1.44","307.28"
"2024-03-04","2024064","13:12","3.0","125.3243","3.0","","","2.7","","10.5","96","","35","","0.06","11.22","","","","","",""
"2024-03-04","2024064","13:12","3.0","125.3243","4.0","","","2.6","","10.5","96","","36","","0.06","11.22","","","","","",""
"2024-03-04","2024064","13:12","3.0","125.3243","5.0","","","2.6","","10.5","96","","36","","0.06","11.20","","","","","",""
"2024-03-04","2024064","13:12","3.0","125.3243","6.0","","","2.6","","10.5","96","","36","","0.06","11.19","","","","","",""
"2024-03-04","2024064","13:12","3.0","125.3243","7.0","","","2.6","","10.5","96","","37","","0.06","11.18","","","","","",""
"2024-03-04","2024064","13:12","3.0","125.3243","8.0","","","2.7","","10.5","96","","37","","0.06","11.18","","","","","",""
"2024-03-04","2024064","13:12","3.0","125.3243","9.0","","","2.7","","10.6","96","","37","","0.06","11.18","","","","","",""
"2024-03-04","2024064","13:12","3.0","125.3243","10.0","","","2.7","","10.5","96","","37","","0.06","11.18","","","","","",""
"2024-03-04","2024064","13:12","3.0","125.3243","11.0","","","2.8","","10.6","96","","36","","0.06","11.18","","","","","",""
"2024-03-04","2024064","13:12","3.0","125.3243","12.0","3.2","0.65","2.8","","10.5","96","42.4","36","","0.06","11.18","","","","","",""
"2024-03-04","2024064","12:58","4.0","119.8957","1.0","","","2.7","","10.3","95","","35","2.68","0.07","11.76","","","","","",""
"2024-03-04","2024064","12:58","4.0","119.8957","2.0","","","2.7","","10.3","95","","34","","0.07","11.76","","","","","",""
"2024-03-04","2024064","12:58","4.0","119.8957","3.0","","","2.7","","10.3","95","","34","","0.07","11.75","","","","","",""
"2024-03-04","2024064","12:58","4.0","119.8957","4.0","","","2.6","","10.3","95","","34","","0.07","11.75","","","","","",""
"2024-03-04","2024064","12:58","4.0","119.8957","5.0","","","2.6","","10.3","95","","34","","0.07","11.75","","","","","",""
"2024-03-04","2024064","12:58","4.0","119.8957","6.0","","","2.5","","10.3","95","","34","","0.07","11.74","","","","","",""
"2024-03-04","2024064","12:58","4.0","119.8957","7.0","","","2.5","","10.3","95","","34","","0.07","11.75","","","","","",""
"2024-03-04","2024064","12:58","4.0","119.8957","8.0","","","2.5","","10.3","95","","34","","0.07","11.74","","","","","",""
"2024-03-04","2024064","12:58","4.0","119.8957","9.0","","","2.4","","10.3","95","","34","","0.07","11.74","","","","","",""
"2024-03-04","2024064","12:58","4.0","119.8957","10.0","","","2.4","","10.3","95","","34","","0.07","11.74","","","","","",""
"2024-03-04","2024064","12:58","4.0","119.8957","11.0","","","2.5","","10.3","95","","34","","0.07","11.75","","","","","",""
"2024-03-04","2024064","12:58","4.0","119.8957","12.0","","","2.5","","10.3","95","","34","","0.07","11.75","","","","","",""
"2024-03-04","2024064","12:58","4.0","119.8957","13.0","","","2.5","","10.3","95","","34","","0.07","11.75","","","","","",""
"2024-03-04","2024064","12:58","4.0","119.8957","14.0","","","2.5","","10.3","95","","33","","0.07","11.75","","","","","",""
"2024-03-04","2024064","12:58","4.0","119.8957","15.0","","","2.5","","10.3","95","","33","","0.07","11.76","","","","","",""
"2024-03-04","2024064","12:58","4.0","119.8957","16.0","","","2.5","","10.3","95","","33","","0.07","11.76","","","","","",""
"2024-03-04","2024064","12:46","5.0","115.6252","1.0","","","2.6","","10.3","95","","38","3.01","0.07","11.91","","","","","",""
"2024-03-04","2024064","12:46","5.0","115.6252","2.0","","","2.6","","10.3","95","","36","","0.07","11.89","","","","","",""
"2024-03-04","2024064","12:46","5.0","115.6252","3.0","","","2.5","","10.3","95","","37","","0.07","11.89","","","","","",""
"2024-03-04","2024064","12:46","5.0","115.6252","4.0","","","2.5","","10.3","95","","37","","0.07","11.89","","","","","",""
"2024-03-04","2024064","12:46","5.0","115.6252","5.0","","","2.6","","10.3","95","","37","","0.07","11.89","","","","","",""
"2024-03-04","2024064","12:46","5.0","115.6252","6.0","","","2.6","","10.3","95","","37","","0.07","11.89","","","","","",""
"2024-03-04","2024064","12:46","5.0","115.6252","7.0","","","2.7","","10.3","95","","37","","0.07","11.89","","","","","",""
"2024-03-04","2024064","12:46","5.0","115.6252","8.0","","","2.7","","10.3","95","","37","","0.07","11.89","","","","","",""
"2024-03-04","2024064","12:46","5.0","115.6252","9.0","","","2.7","","10.3","96","","37","","0.07","11.89","","","","","",""
"2024-03-04","2024064","12:46","5.0","115.6252","10.0","","","2.7","","10.3","96","","37","","0.07","11.89","","","","","",""
"2024-03-04","2024064","12:32","6.0","110.8977","1.0","","","2.2","","10.3","95","","34","2.62","0.07","11.81","","","","","",""
"2024-03-04","2024064","12:32","6.0","110.8977","2.0","2.1","0.64","2.2","","10.3","95","27.3","33","","0.07","11.81","","0.31","19.99","2.71","1.72","295.53"
"2024-03-04","2024064","12:32","6.0","110.8977","3.0","","","2.2","","10.3","95","","33","","0.07","11.81","","","","","",""
"2024-03-04","2024064","12:32","6.0","110.8977","4.0","","","2.2","","10.3","95","","34","","0.07","11.81","","","","","",""
"2024-03-04","2024064","12:32","6.0","110.8977","5.0","","","2.2","","10.3","95","","33","","0.07","11.81","","","","","",""
"2024-03-04","2024064","12:32","6.0","110.8977","6.0","","","2.2","","10.3","95","","33","","0.07","11.81","","","","","",""
"2024-03-04","2024064","12:32","6.0","110.8977","7.0","","","2.2","","10.3","95","","33","","0.07","11.81","","","","","",""
"2024-03-04","2024064","12:32","6.0","110.8977","8.0","","","2.2","","10.3","95","","34","","0.07","11.81","","","","","",""
"2024-03-04","2024064","12:32","6.0","110.8977","9.0","2.1","0.65","2.2","","10.3","95","28.5","34","","0.07","11.81","","","","","",""
"2024-03-04","2024064","12:16","7.0","104.9810","1.0","","","2.0","","10.2","95","","33","2.92","0.07","11.98","","","","","",""
"2024-03-04","2024064","12:16","7.0","104.9810","2.0","1.6","0.54","1.9","","10.2","95","","32","","0.07","11.98","","","","","",""
"2024-03-04","2024064","12:16","7.0","104.9810","3.0","","","1.9","","10.2","95","","32","","0.07","11.97","","","","","",""
"2024-03-04","2024064","12:16","7.0","104.9810","4.0","","","1.8","","10.2","95","","32","","0.07","11.97","","","","","",""
"2024-03-04","2024064","12:16","7.0","104.9810","5.0","","","1.8","","10.2","95","","33","","0.07","11.96","","","","","",""
"2024-03-04","2024064","12:16","7.0","104.9810","6.0","","","1.7","","10.2","95","","33","","0.07","11.96","","","","","",""
"2024-03-04","2024064","12:16","7.0","104.9810","7.0","","","1.7","","10.2","95","","32","","0.07","11.96","","","","","",""
"2024-03-04","2024064","12:16","7.0","104.9810","8.0","","","1.7","","10.2","95","","32","","0.07","11.96","","","","","",""
"2024-03-04","2024064","12:16","7.0","104.9810","9.0","","","1.8","","10.2","95","","32","","0.07","11.96","","","","","",""
"2024-03-04","2024064","12:16","7.0","104.9810","10.0","","","1.8","","10.2","95","","32","","0.07","11.96","","","","","",""
"2024-03-04","2024064","12:16","7.0","104.9810","11.0","","","1.8","","10.2","95","","31","","0.07","11.96","","","","","",""
"2024-03-04","2024064","12:16","7.0","104.9810","12.0","","","1.8","","10.2","95","","31","","0.07","11.96","","","","","",""
"2024-03-04","2024064","12:16","7.0","104.9810","13.0","","","1.9","","10.2","95","","31","","0.07","11.97","","","","","",""
"2024-03-04","2024064","12:16","7.0","104.9810","14.0","","","1.9","","10.2","95","","31","","0.07","11.97","","","","","",""
"2024-03-04","2024064","12:16","7.0","104.9810","15.0","","","1.9","","10.2","95","","31","","0.07","11.97","","","","","",""
"2024-03-04","2024064","11:58","8.0","99.7699","1.0","","","2.7","","10.3","96","","37","3.45","0.22","12.11","","","","","",""
"2024-03-04","2024064","11:58","8.0","99.7699","2.0","2.0","0.61","2.7","","10.3","96","34.7","35","","0.24","12.11","","","","","",""
"2024-03-04","2024064","11:58","8.0","99.7699","3.0","","","2.6","","10.3","96","","36","","0.25","12.11","","","","","",""
"2024-03-04","2024064","11:58","8.0","99.7699","4.0","","","2.5","","10.3","96","","37","","0.26","12.11","","","","","",""
"2024-03-04","2024064","11:58","8.0","99.7699","5.0","","","2.5","","10.2","96","","38","","0.29","12.12","","","","","",""
"2024-03-04","2024064","11:58","8.0","99.7699","6.0","","","2.5","","10.2","96","","39","","0.33","12.13","","","","","",""
"2024-03-04","2024064","11:58","8.0","99.7699","7.0","","","2.5","","10.2","96","","39","","0.38","12.13","","","","","",""
"2024-03-04","2024064","11:58","8.0","99.7699","8.0","","","2.4","","10.2","95","","38","","0.72","12.16","0.04","","","","",""
"2024-03-04","2024064","11:58","8.0","99.7699","9.0","","","2.2","","10.1","95","","36","","1.34","12.20","0.52","","","","",""
"2024-03-04","2024064","11:58","8.0","99.7699","10.0","","","2.0","","10.1","95","","36","","1.97","12.24","1.01","","","","",""
"2024-03-04","2024064","11:58","8.0","99.7699","11.0","","","1.9","","10.0","95","","35","","2.65","12.30","1.52","","","","",""
"2024-03-04","2024064","11:58","8.0","99.7699","12.0","","","1.7","","9.9","95","","34","","3.84","12.39","2.44","","","","",""
"2024-03-04","2024064","11:58","8.0","99.7699","13.0","","","1.5","","9.7","94","","30","","5.24","12.48","3.50","","","","",""
"2024-03-04","2024064","11:58","8.0","99.7699","14.0","","","1.3","","9.7","94","","28","","5.86","12.53","3.98","","","","",""
"2024-03-04","2024064","11:58","8.0","99.7699","15.0","","","1.0","","9.5","94","","26","","7.55","12.65","5.27","","","","",""
"2024-03-04","2024064","11:58","8.0","99.7699","16.0","","","0.8","","9.4","94","","24","","8.31","12.70","5.85","","","","",""
"2024-03-04","2024064","11:58","8.0","99.7699","17.0","","","0.8","","9.3","93","","23","","10.01","12.78","7.15","","","","",""
"2024-03-04","2024064","11:43","9.0","96.7889","1.0","","","2.6","","10.3","96","","36","3.32","0.39","12.16","","","","","",""
"2024-03-04","2024064","11:43","9.0","96.7889","2.0","1.7","0.58","2.5","","10.3","96","33.7","35","","0.39","12.15","","0.31","19.13","3.07","1.91","301.22"
"2024-03-04","2024064","11:43","9.0","96.7889","3.0","","","2.5","","10.3","96","","35","","0.40","12.13","","","","","",""
"2024-03-04","2024064","11:43","9.0","96.7889","4.0","","","2.5","","10.3","96","","35","","0.41","12.13","","","","","",""
"2024-03-04","2024064","11:43","9.0","96.7889","5.0","","","2.3","","10.2","96","","34","","1.28","12.17","0.48","","","","",""
"2024-03-04","2024064","11:43","9.0","96.7889","6.0","","","2.2","","10.1","96","","33","","2.31","12.26","1.27","","","","",""
"2024-03-04","2024064","11:43","9.0","96.7889","7.0","","","2.1","","10.1","96","","32","","2.46","12.28","1.38","","","","",""
"2024-03-04","2024064","11:43","9.0","96.7889","8.0","","","2.1","","10.0","96","","32","","2.49","12.29","1.41","","","","",""
"2024-03-04","2024064","11:43","9.0","96.7889","9.0","","","2.0","","10.0","95","","32","","2.58","12.30","1.47","","","","",""
"2024-03-04","2024064","11:43","9.0","96.7889","10.0","","","2.0","","10.0","95","","32","","2.81","12.31","1.65","","","","",""
"2024-03-04","2024064","11:43","9.0","96.7889","11.0","","","1.9","","10.0","95","","31","","2.84","12.32","1.67","","","","",""
"2024-03-04","2024064","11:43","9.0","96.7889","12.0","","","1.8","","10.0","95","","31","","2.89","12.32","1.71","","","","",""
"2024-03-04","2024064","11:43","9.0","96.7889","13.0","","","1.7","","10.0","95","","31","","2.93","12.32","1.74","","","","",""
"2024-03-04","2024064","11:43","9.0","96.7889","14.0","","","1.6","","10.0","96","","30","","3.03","12.33","1.82","","","","",""
"2024-03-04","2024064","11:43","9.0","96.7889","15.0","","","1.6","","10.0","96","","30","","3.23","12.34","1.97","","","","",""
"2024-03-04","2024064","11:43","9.0","96.7889","16.0","","","1.6","","9.9","95","","31","","4.22","12.40","2.73","","","","",""
"2024-03-04","2024064","11:43","9.0","96.7889","17.0","","","1.6","","9.4","94","","32","","8.49","12.65","5.99","","","","",""
"2024-03-04","2024064","11:43","9.0","96.7889","18.0","","","1.6","","9.2","93","","34","","10.94","12.80","7.86","","","","",""
"2024-03-04","2024064","11:43","9.0","96.7889","19.0","","","1.8","","9.2","93","","44","","11.17","12.82","8.03","","","","",""
"2024-03-04","2024064","11:43","9.0","96.7889","20.0","","","2.1","","9.1","93","","48","","11.77","12.84","8.49","","","","",""
"2024-03-04","2024064","11:43","9.0","96.7889","21.0","","","2.2","","9.1","93","","51","","12.87","12.89","9.33","","","","",""
"2024-03-04","2024064","11:43","9.0","96.7889","22.0","","","2.0","","9.0","93","","44","","13.47","12.92","9.79","","","","",""
"2024-03-04","2024064","11:43","9.0","96.7889","23.0","","","1.7","","9.0","93","","43","","13.77","12.93","10.02","","","","",""
"2024-03-04","2024064","11:43","9.0","96.7889","24.0","","","1.5","","8.9","93","","39","","14.47","12.96","10.55","","","","",""
"2024-03-04","2024064","11:43","9.0","96.7889","25.0","","","1.5","","8.9","93","","40","","15.23","13.00","11.13","","","","",""
"2024-03-04","2024064","11:43","9.0","96.7889","26.0","","","1.2","","8.8","92","","40","","15.69","13.02","11.48","","","","",""
"2024-03-04","2024064","11:43","9.0","96.7889","27.0","","","1.2","","8.8","92","","40","","15.96","13.03","11.69","","","","",""
"2024-03-04","2024064","11:32","10.0","93.5951","1.0","","","2.6","","10.3","96","","36","3.49","0.24","12.02","","","","","",""
"2024-03-04","2024064","11:32","10.0","93.5951","2.0","2.5","0.67","2.6","","10.3","96","","34","","0.44","12.05","","","","","",""
"2024-03-04","2024064","11:32","10.0","93.5951","3.0","","","2.3","","10.2","96","","34","","0.63","12.09","","","","","",""
"2024-03-04","2024064","11:32","10.0","93.5951","4.0","","","2.1","","10.2","96","","34","","0.80","12.11","0.11","","","","",""
"2024-03-04","2024064","11:32","10.0","93.5951","5.0","","","1.9","","10.2","96","","37","","1.15","12.16","0.38","","","","",""
"2024-03-04","2024064","11:32","10.0","93.5951","6.0","","","1.7","","9.9","95","","36","","3.37","12.32","2.08","","","","",""
"2024-03-04","2024064","11:32","10.0","93.5951","7.0","","","1.4","","9.7","95","","29","","5.62","12.51","3.80","","","","",""
"2024-03-04","2024064","11:32","10.0","93.5951","8.0","","","1.0","","9.5","94","","26","","7.75","12.63","5.42","","","","",""
"2024-03-04","2024064","11:32","10.0","93.5951","9.0","","","0.9","","9.4","94","","27","","9.02","12.69","6.39","","","","",""
"2024-03-04","2024064","11:32","10.0","93.5951","10.0","","","1.1","","9.4","94","","30","","9.95","12.73","7.11","","","","",""
"2024-03-04","2024064","11:32","10.0","93.5951","11.0","","","1.2","","9.3","94","","34","","10.56","12.76","7.58","","","","",""
"2024-03-04","2024064","11:32","10.0","93.5951","12.0","","","1.4","","9.3","94","","36","","11.31","12.79","8.14","","","","",""
"2024-03-04","2024064","11:32","10.0","93.5951","13.0","","","1.4","","9.1","93","","36","","13.34","12.88","9.70","","","","",""
"2024-03-04","2024064","11:32","10.0","93.5951","14.0","","","1.4","","8.9","93","","37","","15.44","12.99","11.30","","","","",""
"2024-03-04","2024064","11:32","10.0","93.5951","15.0","","","1.3","","8.9","93","","37","","15.91","13.01","11.65","","","","",""
"2024-03-04","2024064","11:32","10.0","93.5951","16.0","","","1.3","","8.9","93","","35","","16.15","13.02","11.84","","","","",""
"2024-03-04","2024064","11:14","11.0","89.7672","1.0","","","1.9","","10.2","96","","37","3.83","1.49","12.13","0.64","","","","",""
"2024-03-04","2024064","11:14","11.0","89.7672","2.0","","","1.9","","10.2","96","","37","","1.68","12.12","0.79","","","","",""
"2024-03-04","2024064","11:14","11.0","89.7672","3.0","","","1.8","","10.1","96","","35","","3.20","12.23","1.96","","","","",""
"2024-03-04","2024064","11:14","11.0","89.7672","4.0","","","1.5","","9.8","96","","30","","5.51","12.39","3.73","","","","",""
"2024-03-04","2024064","11:14","11.0","89.7672","5.0","","","1.2","","9.5","95","","27","","10.06","12.68","7.20","","","","",""
"2024-03-04","2024064","11:14","11.0","89.7672","6.0","","","1.2","","9.2","95","","32","","12.54","12.79","9.09","","","","",""
"2024-03-04","2024064","11:14","11.0","89.7672","7.0","","","1.2","","9.1","94","","43","","14.78","12.91","10.80","","","","",""
"2024-03-04","2024064","11:14","11.0","89.7672","8.0","","","1.1","","8.9","94","","35","","16.14","12.99","11.84","","","","",""
"2024-03-04","2024064","11:14","11.0","89.7672","9.0","","","0.9","","8.9","94","","32","","16.56","13.01","12.16","","","","",""
"2024-03-04","2024064","11:14","11.0","89.7672","10.0","","","0.7","","8.9","94","","31","","16.67","13.02","12.24","","","","",""
"2024-03-04","2024064","11:14","11.0","89.7672","11.0","","","0.8","","8.8","94","","32","","17.28","13.06","12.70","","","","",""
"2024-03-04","2024064","11:14","11.0","89.7672","12.0","","","0.8","","8.8","94","","34","","18.42","13.12","13.57","","","","",""
"2024-03-04","2024064","11:14","11.0","89.7672","13.0","","","0.8","","8.7","94","","28","","19.07","13.16","14.06","","","","",""
"2024-03-04","2024064","11:14","11.0","89.7672","14.0","","","0.7","","8.7","94","","27","","19.93","13.20","14.71","","","","",""
"2024-03-04","2024064","11:14","11.0","89.7672","15.0","","","0.8","","8.6","93","","26","","20.42","13.23","15.09","","","","",""
"2024-03-04","2024064","11:14","11.0","89.7672","16.0","","","0.8","","8.6","94","","27","","20.56","13.24","15.19","","","","",""
"2024-03-04","2024064","11:14","11.0","89.7672","17.0","","","0.8","","8.6","94","","27","","20.65","13.24","15.27","","","","",""
"2024-03-04","2024064","11:14","11.0","89.7672","18.0","","","0.8","","8.6","93","","27","","20.78","13.25","15.37","","","","",""
"2024-03-04","2024064","11:14","11.0","89.7672","19.0","","","0.8","","8.6","93","","27","","20.82","13.26","15.40","","","","",""
"2024-03-04","2024064","11:14","11.0","89.7672","20.0","","","0.8","","8.6","94","","27","","20.88","13.26","15.44","","","","",""
"2024-03-04","2024064","11:01","12.0","84.4458","1.0","","","2.0","","10.2","96","","32","3.30","1.60","12.15","0.73","","","","",""
"2024-03-04","2024064","11:01","12.0","84.4458","2.0","","","2.0","","10.0","96","","28","","4.52","12.34","2.97","","","","",""
"2024-03-04","2024064","11:01","12.0","84.4458","3.0","","","1.4","","9.5","95","","23","","9.46","12.57","6.75","","","","",""
"2024-03-04","2024064","11:01","12.0","84.4458","4.0","","","1.0","","9.3","95","","22","","12.47","12.73","9.05","","","","",""
"2024-03-04","2024064","11:01","12.0","84.4458","5.0","","","0.8","","9.3","95","","21","","13.62","12.78","9.93","","","","",""
"2024-03-04","2024064","11:01","12.0","84.4458","6.0","","","0.7","","8.9","94","","21","","17.20","12.98","12.65","","","","",""
"2024-03-04","2024064","11:01","12.0","84.4458","7.0","","","0.7","","8.6","93","","23","","20.22","13.20","14.94","","","","",""
"2024-03-04","2024064","11:01","12.0","84.4458","8.0","","","0.7","","8.5","94","","23","","21.77","13.30","16.12","","","","",""
"2024-03-04","2024064","10:45","13.0","78.5444","1.0","","","2.9","","10.3","97","","33","3.60","1.45","12.41","0.58","","","","",""
"2024-03-04","2024064","10:45","13.0","78.5444","2.0","2.1","0.63","2.9","","10.2","97","37.6","32","","1.70","12.29","0.79","0.36","19.92","3.78","2.05","288.05"
"2024-03-04","2024064","10:45","13.0","78.5444","3.0","","","2.9","","10.2","97","","30","","2.17","12.18","1.17","","","","",""
"2024-03-04","2024064","10:45","13.0","78.5444","4.0","","","2.7","","10.3","98","","29","","2.87","12.05","1.72","","","","",""
"2024-03-04","2024064","10:45","13.0","78.5444","5.0","","","2.2","","10.1","98","","28","","5.09","12.12","3.43","","","","",""
"2024-03-04","2024064","10:45","13.0","78.5444","6.0","","","1.4","","9.5","96","","21","","11.73","12.72","8.47","","","","",""
"2024-03-04","2024064","10:45","13.0","78.5444","7.0","","","0.9","","8.9","95","","17","","18.04","13.07","13.28","","","","",""
"2024-03-04","2024064","10:45","13.0","78.5444","8.0","1.3","0.56","0.9","","8.7","94","21.1","18","","20.03","13.19","14.80","","","","",""
"2024-03-04","2024064","10:33","14.0","74.4288","1.0","","","2.1","","10.4","99","","27","2.89","3.19","11.83","2.00","","","","",""
"2024-03-04","2024064","10:33","14.0","74.4288","2.0","","","2.1","","10.3","99","","25","","4.14","12.03","2.72","","","","",""
"2024-03-04","2024064","10:33","14.0","74.4288","3.0","","","1.6","","9.9","96","","22","","5.44","12.33","3.68","","","","",""
"2024-03-04","2024064","10:33","14.0","74.4288","4.0","","","1.2","","9.4","94","","21","","9.32","12.70","6.62","","","","",""
"2024-03-04","2024064","10:33","14.0","74.4288","5.0","","","0.9","","9.1","95","","20","","14.07","12.89","10.26","","","","",""
"2024-03-04","2024064","10:33","14.0","74.4288","6.0","","","0.7","","8.9","95","","17","","17.57","13.06","12.92","","","","",""
"2024-03-04","2024064","10:33","14.0","74.4288","7.0","","","0.7","","8.9","95","","17","","18.31","13.09","13.49","","","","",""
"2024-03-04","2024064","10:33","14.0","74.4288","8.0","","","0.7","","8.9","95","","16","","19.45","13.14","14.35","","","","",""
"2024-03-04","2024064","10:33","14.0","74.4288","9.0","","","0.7","","8.8","95","","16","","20.22","13.17","14.94","","","","",""
"2024-03-04","2024064","10:33","14.0","74.4288","10.0","","","0.7","","8.7","95","","16","","20.76","13.21","15.36","","","","",""
"2024-03-04","2024064","10:33","14.0","74.4288","11.0","","","0.7","","8.6","95","","16","","22.15","13.29","16.42","","","","",""
"2024-03-04","2024064","10:33","14.0","74.4288","12.0","","","0.7","","8.6","95","","17","","23.28","13.34","17.28","","","","",""
"2024-03-04","2024064","10:33","14.0","74.4288","13.0","","","0.7","","8.6","95","","21","","23.62","13.35","17.53","","","","",""
"2024-03-04","2024064","10:33","14.0","74.4288","14.0","","","0.7","","8.6","95","","26","","23.63","13.35","17.54","","","","",""
"2024-03-04","2024064","10:18","15.0","69.9895","1.0","","","1.9","","10.3","98","","24","2.34","4.28","11.90","2.84","","","","",""
"2024-03-04","2024064","10:18","15.0","69.9895","2.0","1.9","0.71","1.9","","10.1","97","18.3","22","","4.66","12.05","3.11","0.40","19.78","4.14","2.26","271.67"
"2024-03-04","2024064","10:18","15.0","69.9895","3.0","","","1.5","","9.8","96","","21","","6.58","12.58","4.53","","","","",""
"2024-03-04","2024064","10:18","15.0","69.9895","4.0","","","1.1","","9.8","97","","20","","7.00","12.59","4.85","","","","",""
"2024-03-04","2024064","10:18","15.0","69.9895","5.0","","","0.9","","9.8","97","","19","","7.79","12.60","5.46","","","","",""
"2024-03-04","2024064","10:18","15.0","69.9895","6.0","","","0.8","","9.6","96","","19","","9.67","12.64","6.90","","","","",""
"2024-03-04","2024064","10:18","15.0","69.9895","7.0","","","0.8","","9.6","96","","18","","9.87","12.65","7.06","","","","",""
"2024-03-04","2024064","10:18","15.0","69.9895","8.0","","","0.8","","9.5","96","","18","","10.30","12.68","7.38","","","","",""
"2024-03-04","2024064","10:18","15.0","69.9895","9.0","","","0.8","","9.4","95","","18","","10.82","12.72","7.78","","","","",""
"2024-03-04","2024064","10:18","15.0","69.9895","10.0","","","0.8","","9.2","94","","18","","12.03","12.79","8.70","","","","",""
"2024-03-04","2024064","10:18","15.0","69.9895","11.0","","","0.8","","9.0","95","","19","","15.97","12.97","11.71","","","","",""
"2024-03-04","2024064","10:18","15.0","69.9895","12.0","","","0.8","","9.0","96","","17","","17.27","13.02","12.70","","","","",""
"2024-03-04","2024064","10:18","15.0","69.9895","13.0","","","0.8","","9.0","96","","16","","17.76","13.03","13.07","","","","",""
"2024-03-04","2024064","10:18","15.0","69.9895","14.0","","","0.8","","8.9","96","","16","","19.04","13.10","14.05","","","","",""
"2024-03-04","2024064","10:18","15.0","69.9895","15.0","","","0.8","","8.7","95","","18","","21.58","13.25","15.98","","","","",""
"2024-03-04","2024064","10:18","15.0","69.9895","16.0","","","0.8","","8.7","95","","25","","22.17","13.28","16.43","","","","",""
"2024-03-04","2024064","10:18","15.0","69.9895","17.0","","","0.8","","8.7","95","","30","","22.31","13.28","16.54","","","","",""
"2024-03-04","2024064","10:18","15.0","69.9895","18.0","","","0.8","","8.7","95","","33","","22.44","13.29","16.64","","","","",""
"2024-03-04","2024064","10:18","15.0","69.9895","19.0","","","0.9","","8.7","95","","36","","22.55","13.29","16.72","","","","",""
"2024-03-04","2024064","10:18","15.0","69.9895","20.0","","","1.0","","8.6","95","","39","","22.77","13.30","16.88","","","","",""
"2024-03-04","2024064","10:18","15.0","69.9895","21.0","","","1.2","","8.6","95","","40","","22.88","13.30","16.97","","","","",""
"2024-03-04","2024064","10:18","15.0","69.9895","22.0","","","1.4","","8.6","95","","42","","23.01","13.31","17.07","","","","",""
"2024-03-04","2024064","10:18","15.0","69.9895","23.0","","","1.7","","8.6","95","","48","","23.12","13.31","17.15","","","","",""
"2024-03-04","2024064","10:18","15.0","69.9895","24.0","2.1","0.31","1.7","","8.6","95","","61","","23.20","13.32","17.22","","","","",""
"2024-03-04","2024064","9:58","16.0","63.0794","1.0","","","1.7","","10.0","97","","20","1.84","6.99","12.14","4.90","","","","",""
"2024-03-04","2024064","9:58","16.0","63.0794","2.0","","","1.7","","9.7","96","","20","","9.04","12.35","6.46","","","","",""
"2024-03-04","2024064","9:58","16.0","63.0794","3.0","","","1.2","","9.5","97","","19","","12.22","12.61","8.88","","","","",""
"2024-03-04","2024064","9:58","16.0","63.0794","4.0","","","0.8","","9.3","97","","18","","14.48","12.75","10.59","","","","",""
"2024-03-04","2024064","9:58","16.0","63.0794","5.0","","","0.7","","9.0","97","","18","","18.73","13.04","13.82","","","","",""
"2024-03-04","2024064","9:58","16.0","63.0794","6.0","","","0.8","","8.8","97","","16","","22.00","13.24","16.31","","","","",""
"2024-03-04","2024064","9:58","16.0","63.0794","7.0","","","0.8","","8.7","97","","16","","24.49","13.34","18.21","","","","",""
"2024-03-04","2024064","9:58","16.0","63.0794","8.0","","","0.8","","8.7","98","","16","","25.17","13.36","18.73","","","","",""
"2024-03-04","2024064","9:58","16.0","63.0794","9.0","","","0.8","","8.8","99","","16","","25.81","13.37","19.22","","","","",""
"2024-03-04","2024064","9:58","16.0","63.0794","10.0","","","0.8","","8.8","99","","16","","26.70","13.38","19.90","","","","",""
"2024-03-04","2024064","9:58","16.0","63.0794","11.0","","","0.8","","8.7","99","","16","","27.33","13.40","20.38","","","","",""
"2024-03-04","2024064","9:44","17.0","58.8909","1.0","","","4.6","","9.8","97","","12","1.51","8.82","12.39","6.28","","","","",""
"2024-03-04","2024064","9:44","17.0","58.8909","2.0","3.7","0.83","3.6","","9.7","97","","12","","9.67","12.40","6.94","","","","",""
"2024-03-04","2024064","9:44","17.0","58.8909","3.0","","","3.1","","9.7","97","","12","","9.95","12.39","7.15","","","","",""
"2024-03-04","2024064","9:44","17.0","58.8909","4.0","","","3.1","","9.7","97","","12","","10.52","12.36","7.60","","","","",""
"2024-03-04","2024064","9:44","17.0","58.8909","5.0","","","2.9","","9.7","98","","11","","11.88","12.28","8.66","","","","",""
"2024-03-04","2024064","9:44","17.0","58.8909","6.0","","","2.8","","9.7","98","","11","","12.22","12.28","8.92","","","","",""
"2024-03-04","2024064","9:44","17.0","58.8909","7.0","","","2.8","","9.7","98","","10","","12.41","12.29","9.06","","","","",""
"2024-03-04","2024064","9:44","17.0","58.8909","8.0","","","2.7","","9.7","99","","10","","13.62","12.41","9.98","","","","",""
"2024-03-04","2024064","9:44","17.0","58.8909","9.0","","","2.4","","9.4","98","","9","","15.10","12.59","11.10","","","","",""
"2024-03-04","2024064","9:44","17.0","58.8909","10.0","","","2.1","","9.0","97","","8","","20.10","13.04","14.88","","","","",""
"2024-03-04","2024064","9:23","18.0","54.9481","1.0","","","3.3","","9.8","98","","11","1.21","10.49","12.33","7.58","","","","",""
"2024-03-04","2024064","9:23","18.0","54.9481","2.0","2.0","0.78","2.3","","9.4","98","7.7","10","","15.02","12.73","11.01","0.45","18.63","4.36","2.20","211.14"
"2024-03-04","2024064","9:23","18.0","54.9481","3.0","","","2.4","","9.3","98","","8","","16.92","12.90","12.45","","","","",""
"2024-03-04","2024064","9:23","18.0","54.9481","4.0","","","2.2","","9.2","98","","6","","17.32","12.94","12.75","","","","",""
"2024-03-04","2024064","9:23","18.0","54.9481","5.0","","","2.2","","9.2","98","","6","","17.35","12.95","12.78","","","","",""
"2024-03-04","2024064","9:23","18.0","54.9481","6.0","","","2.1","","9.2","98","","6","","17.38","12.95","12.80","","","","",""
"2024-03-04","2024064","9:23","18.0","54.9481","7.0","","","2.1","","9.2","98","","6","","17.60","12.97","12.97","","","","",""
"2024-03-04","2024064","9:23","18.0","54.9481","8.0","","","2.0","","9.2","98","","6","","17.73","12.98","13.06","","","","",""
"2024-03-04","2024064","9:23","18.0","54.9481","9.0","","","2.2","","9.0","97","","6","","19.57","13.12","14.45","","","","",""
"2024-03-04","2024064","9:23","18.0","54.9481","10.0","","","1.6","","8.9","97","","5","","20.77","13.22","15.36","","","","",""
"2024-03-04","2024064","9:23","18.0","54.9481","11.0","","","1.3","","8.9","98","","6","","22.35","13.25","16.57","","","","",""
"2024-03-04","2024064","9:23","18.0","54.9481","12.0","","","1.3","","8.9","98","","5","","23.49","13.27","17.45","","","","",""
"2024-03-04","2024064","9:23","18.0","54.9481","13.0","","","1.4","","8.9","98","","5","","23.64","13.26","17.57","","","","",""
"2024-03-04","2024064","9:23","18.0","54.9481","14.0","","","1.4","","8.9","99","","5","","23.66","13.26","17.58","","","","",""
"2024-03-04","2024064","9:23","18.0","54.9481","15.0","","","1.3","","8.9","99","","5","","23.74","13.26","17.64","","","","",""
"2024-03-04","2024064","9:23","18.0","54.9481","16.0","","","1.3","","8.9","99","","5","","24.63","13.28","18.33","","","","",""
"2024-03-04","2024064","9:23","18.0","54.9481","17.0","","","1.5","","8.9","99","","5","","25.80","13.32","19.22","","","","",""
"2024-03-04","2024064","9:23","18.0","54.9481","18.0","","","1.6","","8.9","99","","6","","26.70","13.35","19.91","","","","",""
"2024-03-04","2024064","9:23","18.0","54.9481","19.0","","","2.1","","8.9","99","","7","","27.25","13.37","20.33","","","","",""
"2024-03-04","2024064","9:23","18.0","54.9481","20.0","","","2.2","","8.8","99","","9","","28.12","13.39","20.99","","","","",""
"2024-03-04","2024064","9:23","18.0","54.9481","21.0","","","2.4","","8.9","99","","12","","28.51","13.39","21.29","","","","",""
"2024-03-04","2024064","9:23","18.0","54.9481","22.0","","","3.1","","8.9","99","","9","","28.89","13.39","21.59","","","","",""
"2024-03-04","2024064","9:23","18.0","54.9481","23.0","","","3.2","","8.8","99","","12","","29.24","13.40","21.86","","","","",""
"2024-03-04","2024064","9:23","18.0","54.9481","24.0","","","3.4","","8.8","99","","15","","29.31","13.40","21.91","","","","",""
"2024-03-04","2024064","9:23","18.0","54.9481","25.0","","","3.5","","8.8","99","","14","","29.37","13.41","21.95","","","","",""
"2024-03-04","2024064","9:23","18.0","54.9481","26.0","","","3.6","","8.8","99","","13","","29.41","13.41","21.99","","","","",""
"2024-03-04","2024064","9:23","18.0","54.9481","27.0","","","3.4","","8.8","99","","13","","29.45","13.41","22.02","","","","",""
"2024-03-04","2024064","9:23","18.0","54.9481","28.0","","","3.4","","8.8","99","","12","","29.48","13.41","22.04","","","","",""
"2024-03-04","2024064","9:23","18.0","54.9481","29.0","","","3.8","","8.8","99","","13","","29.48","13.41","22.04","","","","",""
"2024-03-04","2024064","9:23","18.0","54.9481","30.0","","","4.1","","8.8","99","","13","","29.48","13.41","22.04","","","","",""
"2024-03-04","2024064","9:23","18.0","54.9481","31.0","","","3.6","","8.8","99","","12","","29.49","13.41","22.05","","","","",""
"2024-03-04","2024064","9:23","18.0","54.9481","32.0","","","3.4","","8.8","99","","12","","29.49","13.41","22.05","","","","",""
"2024-03-04","2024064","9:23","18.0","54.9481","33.0","","","3.7","","8.8","99","","12","","29.49","13.41","22.05","","","","",""
"2024-03-04","2024064","9:23","18.0","54.9481","34.0","","","3.6","","8.8","99","","11","","29.49","13.41","22.05","","","","",""
"2024-03-04","2024064","9:23","18.0","54.9481","35.0","","","3.6","","8.8","99","","11","","29.50","13.41","22.05","","","","",""
"2024-03-04","2024064","9:23","18.0","54.9481","36.0","","","3.6","","8.8","99","","11","","29.50","13.41","22.06","","","","",""
"2024-03-04","2024064","9:23","18.0","54.9481","37.0","4.3","0.64","4.4","","8.8","99","13.3","11","","29.50","13.41","22.06","","","","",""
"2024-03-04","2024064","9:09","20.0","51.4501","1.0","","","3.1","","9.2","97","","6","0.81","17.17","12.92","12.64","","","","",""
"2024-03-04","2024064","9:09","20.0","51.4501","2.0","2.4","0.80","2.5","","8.8","96","","5","","20.56","13.29","15.19","","","","",""
"2024-03-04","2024064","9:09","20.0","51.4501","3.0","","","1.9","","8.6","95","","4","","21.99","13.42","16.26","","","","",""
"2024-03-04","2024064","9:09","20.0","51.4501","4.0","","","1.5","","8.7","96","","4","","22.47","13.42","16.63","","","","",""
"2024-03-04","2024064","9:09","20.0","51.4501","5.0","","","1.6","","8.7","96","","4","","22.80","13.41","16.89","","","","",""
"2024-03-04","2024064","9:09","20.0","51.4501","6.0","","","1.7","","8.8","98","","4","","23.18","13.37","17.19","","","","",""
"2024-03-04","2024064","9:09","20.0","51.4501","7.0","","","1.6","","8.9","99","","4","","23.98","13.31","17.82","","","","",""
"2024-03-04","2024064","9:09","20.0","51.4501","8.0","","","1.7","","8.9","99","","4","","24.86","13.32","18.50","","","","",""
"2024-03-04","2024064","9:09","20.0","51.4501","9.0","","","2.0","","8.9","99","","4","","25.15","13.32","18.72","","","","",""
"2024-03-04","2024064","9:09","20.0","51.4501","10.0","","","2.0","","8.9","99","","4","","25.25","13.32","18.80","","","","",""
"2024-03-04","2024064","9:09","20.0","51.4501","11.0","","","2.0","","8.9","99","","4","","25.38","13.32","18.90","","","","",""
"2024-03-04","2024064","9:09","20.0","51.4501","12.0","","","2.3","","8.9","99","","5","","25.53","13.33","19.01","","","","",""
"2024-03-04","2024064","9:09","20.0","51.4501","13.0","","","1.9","","8.9","99","","5","","25.94","13.33","19.32","","","","",""
"2024-03-04","2024064","9:09","20.0","51.4501","14.0","","","1.8","","8.9","99","","5","","26.14","13.34","19.48","","","","",""
"2024-03-04","2024064","9:09","20.0","51.4501","15.0","","","2.0","","8.9","99","","5","","26.25","13.34","19.56","","","","",""
"2024-03-04","2024064","9:09","20.0","51.4501","16.0","","","2.0","","8.9","99","","5","","26.57","13.35","19.81","","","","",""
"2024-03-04","2024064","9:09","20.0","51.4501","17.0","","","2.2","","8.9","99","","4","","26.98","13.36","20.12","","","","",""
"2024-03-04","2024064","9:09","20.0","51.4501","18.0","","","2.4","","8.9","99","","5","","27.14","13.36","20.25","","","","",""
"2024-03-04","2024064","9:09","20.0","51.4501","19.0","","","2.5","","9.0","99","","4","","27.21","13.36","20.30","","","","",""
"2024-03-04","2024064","9:09","20.0","51.4501","20.0","","","2.5","","8.9","99","","4","","27.26","13.37","20.34","","","","",""
"2024-03-04","2024064","9:09","20.0","51.4501","21.0","","","2.7","","8.9","99","","5","","27.44","13.37","20.47","","","","",""
"2024-03-04","2024064","9:09","20.0","51.4501","22.0","","","2.7","","8.9","99","","5","","27.51","13.37","20.53","","","","",""
"2024-03-04","2024064","9:09","20.0","51.4501","23.0","","","2.9","","8.9","99","","5","","27.60","13.38","20.60","","","","",""
"2024-03-04","2024064","9:09","20.0","51.4501","24.0","","","2.5","","8.9","99","","6","","27.73","13.38","20.70","","","","",""
"2024-03-04","2024064","8:58","21.0","46.6266","1.0","","","4.5","","9.5","99","","6","0.77","15.68","12.63","11.54","","","","",""
"2024-03-04","2024064","8:58","21.0","46.6266","2.0","4.8","0.87","4.5","","9.3","98","","6","","17.15","12.95","12.62","","","","",""
"2024-03-04","2024064","8:58","21.0","46.6266","3.0","","","2.7","","9.1","98","","5","","18.36","13.09","13.52","","","","",""
"2024-03-04","2024064","8:58","21.0","46.6266","4.0","","","2.2","","9.0","97","","4","","19.64","13.23","14.49","","","","",""
"2024-03-04","2024064","8:58","21.0","46.6266","5.0","","","2.0","","9.0","97","","4","","19.83","13.26","14.63","","","","",""
"2024-03-04","2024064","8:58","21.0","46.6266","6.0","","","1.9","","8.9","96","","4","","20.26","13.31","14.95","","","","",""
"2024-03-04","2024064","8:58","21.0","46.6266","7.0","","","1.8","","8.7","95","","4","","20.82","13.37","15.37","","","","",""
"2024-03-04","2024064","8:58","21.0","46.6266","8.0","","","1.5","","8.7","95","","4","","21.03","13.39","15.53","","","","",""
"2024-03-04","2024064","8:58","21.0","46.6266","9.0","","","1.4","","8.7","95","","4","","21.12","13.39","15.60","","","","",""
"2024-03-04","2024064","8:58","21.0","46.6266","10.0","","","1.4","","8.7","95","","4","","21.22","13.39","15.68","","","","",""
"2024-03-04","2024064","8:58","21.0","46.6266","11.0","","","1.3","","8.8","97","","5","","21.35","13.35","15.78","","","","",""
"2024-03-04","2024064","8:58","21.0","46.6266","12.0","","","1.4","","8.8","98","","6","","23.18","13.34","17.20","","","","",""
"2024-03-04","2024064","8:58","21.0","46.6266","13.0","","","1.2","","8.8","99","","7","","24.70","13.36","18.36","","","","",""
"2024-03-04","2024064","8:58","21.0","46.6266","14.0","","","1.1","","8.8","99","","5","","26.09","13.36","19.43","","","","",""
"2024-03-04","2024064","8:58","21.0","46.6266","15.0","","","1.4","","8.8","99","","5","","26.59","13.37","19.82","","","","",""
"2024-03-04","2024064","8:58","21.0","46.6266","16.0","","","1.8","","8.8","99","","6","","26.83","13.38","20.00","","","","",""
"2024-03-04","2024064","8:58","21.0","46.6266","17.0","","","2.5","","8.8","99","","7","","26.88","13.38","20.04","","","","",""
"2024-03-04","2024064","8:48","22.0","43.9210","1.0","","","3.4","","9.5","98","","6","0.86","15.44","12.47","11.37","","","","",""
"2024-03-04","2024064","8:48","22.0","43.9210","2.0","3.3","0.81","3.3","","9.3","97","4.7","5","","17.23","12.68","12.73","0.63","19.78","6.07","2.34","159.51"
"2024-03-04","2024064","8:48","22.0","43.9210","3.0","","","2.6","","9.1","97","","4","","18.52","12.98","13.67","","","","",""
"2024-03-04","2024064","8:48","22.0","43.9210","4.0","","","2.2","","9.0","97","","4","","19.38","13.14","14.30","","","","",""
"2024-03-04","2024064","8:48","22.0","43.9210","5.0","","","2.1","","9.0","97","","4","","19.81","13.22","14.62","","","","",""
"2024-03-04","2024064","8:48","22.0","43.9210","6.0","","","2.0","","8.9","96","","4","","20.03","13.24","14.78","","","","",""
"2024-03-04","2024064","8:48","22.0","43.9210","7.0","","","1.8","","8.8","96","","4","","20.35","13.29","15.03","","","","",""
"2024-03-04","2024064","8:48","22.0","43.9210","8.0","","","1.7","","8.7","95","","3","","20.96","13.38","15.48","","","","",""
"2024-03-04","2024064","8:48","22.0","43.9210","9.0","","","1.8","","8.6","95","","3","","21.62","13.44","15.98","","","","",""
"2024-03-04","2024064","8:48","22.0","43.9210","10.0","","","1.6","","8.7","96","","4","","22.55","13.45","16.69","","","","",""
"2024-03-04","2024064","8:48","22.0","43.9210","11.0","","","1.7","","8.8","97","","4","","23.65","13.42","17.54","","","","",""
"2024-03-04","2024064","8:48","22.0","43.9210","12.0","","","1.8","","8.8","99","","5","","25.07","13.37","18.65","","","","",""
"2024-03-04","2024064","8:48","22.0","43.9210","13.0","","","1.5","","8.8","99","","5","","25.63","13.36","19.08","","","","",""
"2024-03-04","2024064","8:48","22.0","43.9210","14.0","","","1.7","","8.8","99","","4","","25.72","13.36","19.15","","","","",""
"2024-03-04","2024064","8:48","22.0","43.9210","15.0","","","1.6","","8.8","99","","4","","25.96","13.36","19.33","","","","",""
"2024-03-04","2024064","8:48","22.0","43.9210","16.0","","","1.8","","8.8","99","","4","","26.26","13.36","19.57","","","","",""
"2024-03-04","2024064","8:48","22.0","43.9210","17.0","","","1.7","","8.8","99","","4","","26.55","13.37","19.79","","","","",""
"2024-03-04","2024064","8:48","22.0","43.9210","18.0","","","1.6","","8.8","99","","6","","26.81","13.38","19.99","","","","",""
"2024-03-04","2024064","8:48","22.0","43.9210","19.0","2.5","0.71","1.8","","8.8","99","6.5","6","","26.83","13.38","20.00","","","","",""
"2024-03-04","2024064","8:37","23.0","39.6557","1.0","","","5.1","","9.6","98","","5","1.00","15.05","12.04","11.14","","","","",""
"2024-03-04","2024064","8:37","23.0","39.6557","2.0","","","5.0","","9.6","98","","5","","15.37","12.14","11.38","","","","",""
"2024-03-04","2024064","8:37","23.0","39.6557","3.0","","","4.3","","9.5","98","","5","","15.72","12.33","11.62","","","","",""
"2024-03-04","2024064","8:37","23.0","39.6557","4.0","","","3.9","","9.5","98","","5","","15.89","12.52","11.72","","","","",""
"2024-03-04","2024064","8:37","23.0","39.6557","5.0","","","3.8","","9.4","99","","5","","16.66","12.77","12.27","","","","",""
"2024-03-04","2024064","8:37","23.0","39.6557","6.0","","","3.3","","9.2","99","","4","","18.25","13.06","13.45","","","","",""
"2024-03-04","2024064","8:37","23.0","39.6557","7.0","","","3.1","","9.2","98","","4","","19.01","13.12","14.02","","","","",""
"2024-03-04","2024064","8:37","23.0","39.6557","8.0","","","2.9","","9.1","98","","3","","19.34","13.14","14.27","","","","",""
"2024-03-04","2024064","8:37","23.0","39.6557","9.0","","","2.8","","8.9","97","","3","","19.92","13.18","14.72","","","","",""
"2024-03-04","2024064","8:37","23.0","39.6557","10.0","","","2.2","","8.8","95","","3","","20.72","13.27","15.31","","","","",""
"2024-03-04","2024064","8:37","23.0","39.6557","11.0","","","1.7","","8.6","95","","4","","21.30","13.35","15.75","","","","",""
"2024-03-04","2024064","8:37","23.0","39.6557","12.0","","","1.5","","8.5","94","","4","","21.86","13.43","16.16","","","","",""
"2024-03-04","2024064","8:37","23.0","39.6557","13.0","","","1.4","","8.5","94","","6","","22.60","13.47","16.73","","","","",""
"2024-03-04","2024064","8:27","24.0","37.0911","1.0","","","4.6","","9.7","100","","5","0.91","15.36","12.34","11.34","","","","",""
"2024-03-04","2024064","8:27","24.0","37.0911","2.0","5.1","0.87","4.7","","9.6","100","4.2","5","","15.95","12.64","11.74","0.75","22.49","5.50","2.58","155.95"
"2024-03-04","2024064","8:27","24.0","37.0911","3.0","","","4.2","","9.4","100","","5","","17.22","12.94","12.67","","","","",""
"2024-03-04","2024064","8:27","24.0","37.0911","4.0","","","3.5","","9.3","99","","5","","18.30","13.06","13.49","","","","",""
"2024-03-04","2024064","8:27","24.0","37.0911","5.0","","","3.2","","9.1","98","","5","","19.38","13.14","14.30","","","","",""
"2024-03-04","2024064","8:27","24.0","37.0911","6.0","","","2.8","","8.8","95","","5","","19.95","13.20","14.73","","","","",""
"2024-03-04","2024064","8:27","24.0","37.0911","7.0","","","2.0","","8.7","94","","5","","20.55","13.22","15.19","","","","",""
"2024-03-04","2024064","8:27","24.0","37.0911","8.0","","","1.5","","8.6","93","","5","","20.88","13.26","15.44","","","","",""
"2024-03-04","2024064","8:27","24.0","37.0911","9.0","1.3","0.69","1.3","","8.5","93","5.1","5","","21.23","13.30","15.70","","","","",""
"2024-03-04","2024064","8:18","25.0","32.8382","1.0","","","5.7","","9.7","101","","5","0.91","16.42","12.46","12.13","","","","",""
"2024-03-04","2024064","8:18","25.0","32.8382","2.0","","","5.5","","9.5","100","","4","","16.88","12.68","12.45","","","","",""
"2024-03-04","2024064","8:18","25.0","32.8382","3.0","","","4.8","","9.4","99","","4","","17.59","12.97","12.96","","","","",""
"2024-03-04","2024064","8:18","25.0","32.8382","4.0","","","4.0","","9.2","99","","4","","18.89","13.08","13.93","","","","",""
"2024-03-04","2024064","8:18","25.0","32.8382","5.0","","","3.4","","9.1","98","","4","","19.96","13.34","14.72","","","","",""
"2024-03-04","2024064","8:18","25.0","32.8382","6.0","","","3.2","","9.0","98","","4","","20.03","13.37","14.77","","","","",""
"2024-03-04","2024064","8:18","25.0","32.8382","7.0","","","3.1","","9.0","98","","4","","20.05","13.37","14.78","","","","",""
"2024-03-04","2024064","8:07","26.0","28.7560","1.0","","","4.9","","9.6","100","","4","0.84","16.85","12.39","12.48","","","","",""
"2024-03-04","2024064","8:07","26.0","28.7560","2.0","","","5.0","","9.4","99","","4","","18.08","12.95","13.33","","","","",""
"2024-03-04","2024064","8:07","26.0","28.7560","3.0","","","4.9","","9.2","99","","4","","19.02","13.11","14.03","","","","",""
"2024-03-04","2024064","8:07","26.0","28.7560","4.0","","","4.8","","9.2","99","","3","","19.48","13.12","14.39","","","","",""
"2024-03-04","2024064","8:07","26.0","28.7560","5.0","","","5.0","","9.2","99","","4","","19.54","13.07","14.44","","","","",""
"2024-03-04","2024064","8:07","26.0","28.7560","6.0","","","4.6","","9.2","99","","4","","19.75","13.21","14.58","","","","",""
"2024-03-04","2024064","8:07","26.0","28.7560","7.0","","","3.9","","9.0","98","","3","","19.95","13.50","14.68","","","","",""
"2024-03-04","2024064","8:07","26.0","28.7560","8.0","","","3.1","","9.0","98","","3","","20.00","13.56","14.71","","","","",""
"2024-03-04","2024064","8:07","26.0","28.7560","9.0","","","2.9","","9.0","98","","3","","20.02","13.58","14.72","","","","",""
"2024-03-04","2024064","8:07","26.0","28.7560","10.0","","","2.6","","9.0","98","","3","","20.02","13.59","14.72","","","","",""
"2024-03-04","2024064","7:59","27.0","26.1872","1.0","","","5.6","","9.3","99","","3","0.71","18.66","12.98","13.77","","","","",""
"2024-03-04","2024064","7:59","27.0","26.1872","2.0","4.9","0.87","5.3","","9.2","99","3.2","3","","19.09","13.18","14.08","0.97","25.20","5.78","2.90","144.56"
"2024-03-04","2024064","7:59","27.0","26.1872","3.0","","","5.1","","9.2","99","","3","","19.61","13.19","14.47","","","","",""
"2024-03-04","2024064","7:59","27.0","26.1872","4.0","","","5.5","","9.2","99","","3","","19.66","13.17","14.52","","","","",""
"2024-03-04","2024064","7:59","27.0","26.1872","5.0","","","5.1","","9.1","99","","3","","19.82","13.33","14.61","","","","",""
"2024-03-04","2024064","7:59","27.0","26.1872","6.0","","","4.2","","9.1","99","","3","","19.95","13.54","14.67","","","","",""
"2024-03-04","2024064","7:59","27.0","26.1872","7.0","","","3.6","","9.0","98","","3","","20.05","13.61","14.74","","","","",""
"2024-03-04","2024064","7:59","27.0","26.1872","8.0","","","3.1","","9.0","98","","2","","20.10","13.65","14.77","","","","",""
"2024-03-04","2024064","7:59","27.0","26.1872","9.0","","","2.7","","8.9","98","","2","","20.15","13.69","14.80","","","","",""
"2024-03-04","2024064","7:59","27.0","26.1872","10.0","1.9","0.75","2.5","","8.9","97","3.5","3","","20.20","13.70","14.84","","","","",""
"2024-03-04","2024064","7:49","28.0","23.5695","1.0","","","3.4","","9.4","100","","3","0.66","18.54","12.80","13.72","","","","",""
"2024-03-04","2024064","7:49","28.0","23.5695","2.0","","","3.6","","9.2","99","","3","","19.38","13.21","14.29","","","","",""
"2024-03-04","2024064","7:49","28.0","23.5695","3.0","","","3.5","","9.2","99","","3","","19.75","13.33","14.56","","","","",""
"2024-03-04","2024064","7:49","28.0","23.5695","4.0","","","3.2","","9.1","99","","3","","19.89","13.39","14.65","","","","",""
"2024-03-04","2024064","7:49","28.0","23.5695","5.0","","","2.9","","9.1","99","","3","","20.03","13.51","14.74","","","","",""
"2024-03-04","2024064","7:49","28.0","23.5695","6.0","","","2.7","","9.1","99","","3","","20.06","13.53","14.76","","","","",""
"2024-03-04","2024064","7:49","28.0","23.5695","7.0","","","2.6","","9.1","99","","3","","20.11","13.57","14.79","","","","",""
"2024-03-04","2024064","7:49","28.0","23.5695","8.0","","","2.3","","9.0","98","","3","","20.20","13.69","14.84","","","","",""
"2024-03-04","2024064","7:49","28.0","23.5695","9.0","","","2.1","","8.9","98","","3","","20.23","13.71","14.86","","","","",""
"2024-03-04","2024064","7:49","28.0","23.5695","10.0","","","2.0","","8.9","98","","3","","20.24","13.70","14.87","","","","",""
"2024-03-04","2024064","7:49","28.0","23.5695","11.0","","","1.9","","8.9","97","","3","","20.25","13.70","14.88","","","","",""
"2024-03-04","2024064","7:49","28.0","23.5695","12.0","","","1.9","","8.9","97","","3","","20.25","13.70","14.88","","","","",""
"2024-03-04","2024064","7:49","28.0","23.5695","13.0","","","1.9","","8.9","97","","3","","20.26","13.70","14.88","","","","",""
"2024-03-04","2024064","7:39","29.0","20.2526","1.0","","","3.4","","9.5","102","","3","0.69","19.62","13.07","14.50","","","","",""
"2024-03-04","2024064","7:39","29.0","20.2526","2.0","","","3.4","","9.4","101","","3","","19.62","13.07","14.50","","","","",""
"2024-03-04","2024064","7:39","29.0","20.2526","3.0","","","3.3","","9.3","100","","3","","19.64","13.08","14.52","","","","",""
"2024-03-04","2024064","7:39","29.0","20.2526","4.0","","","3.4","","9.2","99","","3","","19.78","13.17","14.61","","","","",""
"2024-03-04","2024064","7:39","29.0","20.2526","5.0","","","3.2","","9.1","99","","3","","20.08","13.44","14.79","","","","",""
"2024-03-04","2024064","7:39","29.0","20.2526","6.0","","","2.9","","9.1","99","","3","","20.13","13.51","14.81","","","","",""
"2024-03-04","2024064","7:39","29.0","20.2526","7.0","","","2.8","","9.1","99","","3","","20.15","13.55","14.83","","","","",""
"2024-03-04","2024064","7:39","29.0","20.2526","8.0","","","2.6","","9.1","99","","3","","20.16","13.56","14.83","","","","",""
"2024-03-04","2024064","7:39","29.0","20.2526","9.0","","","2.6","","9.0","99","","3","","20.21","13.64","14.85","","","","",""
"2024-03-04","2024064","7:39","29.0","20.2526","10.0","","","2.4","","9.0","98","","3","","20.24","13.65","14.88","","","","",""
"2024-03-04","2024064","7:39","29.0","20.2526","11.0","","","2.4","","9.0","98","","3","","20.26","13.64","14.89","","","","",""
"2024-03-04","2024064","7:39","29.0","20.2526","12.0","","","2.2","","8.9","98","","3","","20.27","13.64","14.90","","","","",""
"2024-03-04","2024064","7:39","29.0","20.2526","13.0","","","2.3","","8.9","98","","3","","20.28","13.65","14.90","","","","",""
"2024-03-04","2024064","7:26","30.0","14.7543","1.0","","","3.2","","9.2","100","","3","0.64","20.09","13.29","14.83","","","","",""
"2024-03-04","2024064","7:26","30.0","14.7543","2.0","3.9","0.82","3.3","","9.2","99","2.6","3","","20.10","13.29","14.83","1.11","28.27","7.35","3.45","131.74"
"2024-03-04","2024064","7:26","30.0","14.7543","3.0","","","3.0","","9.2","99","","3","","20.10","13.29","14.83","","","","",""
"2024-03-04","2024064","7:26","30.0","14.7543","4.0","","","3.1","","9.1","99","","3","","20.13","13.30","14.85","","","","",""
"2024-03-04","2024064","7:26","30.0","14.7543","5.0","","","3.0","","9.1","99","","3","","20.17","13.27","14.89","","","","",""
"2024-03-04","2024064","7:26","30.0","14.7543","6.0","","","2.8","","9.1","99","","3","","20.20","13.25","14.92","","","","",""
"2024-03-04","2024064","7:26","30.0","14.7543","7.0","","","2.7","","9.1","99","","3","","20.25","13.28","14.95","","","","",""
"2024-03-04","2024064","7:26","30.0","14.7543","8.0","","","2.6","","9.1","99","","3","","20.27","13.29","14.96","","","","",""
"2024-03-04","2024064","7:26","30.0","14.7543","9.0","","","2.6","","9.1","98","","3","","20.28","13.31","14.96","","","","",""
"2024-03-04","2024064","7:26","30.0","14.7543","10.0","","","2.6","","9.0","98","","3","","20.29","13.32","14.97","","","","",""
"2024-03-04","2024064","7:26","30.0","14.7543","11.0","2.4","0.77","2.5","","9.0","98","4.2","4","","20.29","13.33","14.97","","","","",""
"2024-03-04","2024064","7:09","31.0","10.6065","1.0","","","3.6","","","","","4","0.71","20.09","13.05","14.87","","","","",""
"2024-03-04","2024064","7:09","31.0","10.6065","2.0","","","3.6","","","","","4","","20.11","13.06","14.88","","","","",""
"2024-03-04","2024064","7:09","31.0","10.6065","3.0","","","3.8","","","","","4","","20.13","13.06","14.89","","","","",""
"2024-03-04","2024064","7:09","31.0","10.6065","4.0","","","3.8","","","","","4","","20.16","13.10","14.91","","","","",""
"2024-03-04","2024064","7:09","31.0","10.6065","5.0","","","3.5","","","","","4","","20.18","13.15","14.92","","","","",""
"2024-03-04","2024064","7:09","31.0","10.6065","6.0","","","3.4","","","","","4","","20.24","13.26","14.94","","","","",""
"2024-03-04","2024064","7:09","31.0","10.6065","7.0","","","3.3","","","","","4","","20.25","13.29","14.95","","","","",""
"2024-03-04","2024064","7:09","31.0","10.6065","8.0","","","3.3","","","","","4","","20.25","13.29","14.95","","","","",""
"2024-03-04","2024064","7:09","31.0","10.6065","9.0","","","3.3","","","","","4","","20.25","13.29","14.95","","","","",""
"2024-03-04","2024064","7:09","31.0","10.6065","10.0","","","3.2","","","","","4","","20.26","13.29","14.95","","","","",""
"2024-03-04","2024064","7:09","31.0","10.6065","11.0","","","3.2","","","","","4","","20.26","13.31","14.95","","","","",""
"2024-03-04","2024064","7:01","32.0","8.1507","1.0","","","4.0","","","","","6","1.01","18.14","12.50","13.46","","","","",""
"2024-03-04","2024064","7:01","32.0","8.1507","2.0","4.0","0.82","4.0","","","","6.2","6","","18.46","12.59","13.69","1.78","56.26","7.57","6.29","149.19"
"2024-03-04","2024064","7:01","32.0","8.1507","3.0","","","3.8","","","","","6","","18.96","12.70","14.06","","","","",""
"2024-03-04","2024064","7:01","32.0","8.1507","4.0","","","3.4","","","","","6","","19.81","13.02","14.66","","","","",""
"2024-03-04","2024064","7:01","32.0","8.1507","5.0","","","2.6","","","","","6","","20.25","13.21","14.96","","","","",""
"2024-03-04","2024064","7:01","32.0","8.1507","6.0","","","2.4","","","","","6","","20.26","13.22","14.97","","","","",""
"2024-03-04","2024064","7:01","32.0","8.1507","7.0","","","2.3","","","","","6","","20.27","13.22","14.97","","","","",""
"2024-03-04","2024064","7:01","32.0","8.1507","8.0","","","2.3","","","","","6","","20.27","13.22","14.98","","","","",""
"2024-03-04","2024064","7:01","32.0","8.1507","9.0","2.4","0.75","2.3","","","","","6","","20.27","13.22","14.98","","","","",""
"2024-03-04","2024064","6:54","33.0","6.8085","1.0","","","3.9","","","","","7","0.91","19.38","12.94","14.34","","","","",""
"2024-03-04","2024064","6:54","33.0","6.8085","2.0","3.7","0.79","3.9","","","","6.9","7","","19.50","12.97","14.42","","","","",""
"2024-03-04","2024064","6:54","33.0","6.8085","3.0","","","3.8","","","","","7","","19.93","13.09","14.73","","","","",""
"2024-03-04","2024064","6:54","33.0","6.8085","4.0","","","3.6","","","","","7","","19.94","13.10","14.74","","","","",""
"2024-03-04","2024064","6:54","33.0","6.8085","5.0","","","3.5","","","","","7","","19.98","13.12","14.77","","","","",""
"2024-03-04","2024064","6:54","33.0","6.8085","6.0","","","3.3","","","","","7","","20.04","13.14","14.81","","","","",""
"2024-03-04","2024064","6:54","33.0","6.8085","7.0","","","3.2","","","","","7","","20.05","13.15","14.82","","","","",""
"2024-03-04","2024064","6:54","33.0","6.8085","8.0","","","3.1","","","","","7","","20.06","13.15","14.83","","","","",""
"2024-03-04","2024064","6:54","33.0","6.8085","9.0","","","3.1","","","","","7","","20.07","13.15","14.83","","","","",""
"2024-03-04","2024064","6:54","33.0","6.8085","10.0","","","3.0","","","","","7","","20.10","13.17","14.86","","","","",""
"2024-03-04","2024064","6:54","33.0","6.8085","11.0","","","2.9","","","","","7","","20.14","13.17","14.88","","","","",""
"2024-03-04","2024064","6:44","34.0","3.5290","1.0","","","4.0","","","","","9","1.43","17.20","12.52","12.73","","","","",""
"2024-03-04","2024064","6:44","34.0","3.5290","2.0","3.1","0.75","3.4","","","","8.4","9","","19.30","13.18","14.24","1.83","60.90","8.28","6.50","143.85"
"2024-03-04","2024064","6:44","34.0","3.5290","3.0","","","2.8","","","","","9","","19.97","13.24","14.74","","","","",""
"2024-03-04","2024064","6:44","34.0","3.5290","4.0","","","2.7","","","","","9","","20.03","13.22","14.79","","","","",""
"2024-03-04","2024064","6:44","34.0","3.5290","5.0","","","2.7","","","","","9","","20.03","13.22","14.79","","","","",""
"2024-03-04","2024064","6:44","34.0","3.5290","6.0","","","2.6","","","","","9","","20.04","13.22","14.80","","","","",""
"2024-03-04","2024064","6:44","34.0","3.5290","7.0","","","2.5","","","","","9","","20.05","13.23","14.81","","","","",""
"2024-03-04","2024064","6:44","34.0","3.5290","8.0","","","2.4","","","","","9","","20.06","13.23","14.81","","","","",""
"2024-03-04","2024064","6:44","34.0","3.5290","9.0","2.2","0.71","2.4","","","","9.9","9","","20.07","13.23","14.82","","","","",""
"2024-03-04","2024064","13:36","649.0","132.9388","1.0","","","3.4","","10.5","96","","37","2.98","0.07","11.17","","","","","",""
"2024-03-04","2024064","13:36","649.0","132.9388","2.0","3.7","0.74","3.4","","10.5","96","30.4","35","","0.07","11.17","","0.26","17.21","1.36","1.69","290.19"
"2024-03-04","2024064","13:36","649.0","132.9388","3.0","","","3.3","","10.5","96","","35","","0.07","11.17","","","","","",""
"2024-03-04","2024064","13:36","649.0","132.9388","4.0","","","3.3","","10.5","96","","35","","0.07","11.17","","","","","",""
"2024-03-04","2024064","13:36","649.0","132.9388","5.0","","","3.3","","10.5","96","","36","","0.07","11.17","","","","","",""
"2024-03-04","2024064","13:36","649.0","132.9388","6.0","","","3.3","","10.5","96","","36","","0.07","11.16","","","","","",""
"2024-03-04","2024064","13:36","649.0","132.9388","7.0","","","3.3","","10.5","96","","37","","0.07","11.15","","","","","",""
"2024-03-04","2024064","13:36","649.0","132.9388","8.0","","","3.3","","10.5","96","","37","","0.07","11.16","","","","","",""
"2024-03-04","2024064","13:36","649.0","132.9388","9.0","","","3.3","","10.5","96","","37","","0.07","11.16","","","","","",""
"2024-03-04","2024064","13:36","649.0","132.9388","10.0","","","3.3","","10.5","96","","37","","0.07","11.16","","","","","",""
"2024-03-04","2024064","13:36","649.0","132.9388","11.0","3.8","0.70","3.3","","10.5","96","39.2","36","","0.07","11.16","","","","","",""
"2024-03-04","2024064","14:15","657.0","147.2548","1.0","","","3.6","","10.4","94","","40","3.07","0.07","10.77","","","","","",""
"2024-03-04","2024064","14:15","657.0","147.2548","2.0","3.9","0.72","3.6","","10.5","95","37.3","37","","0.07","10.76","","0.26","17.28","1.29","1.61","290.54"
"2024-03-04","2024064","14:15","657.0","147.2548","3.0","","","3.6","","10.4","94","","38","","0.07","10.77","","","","","",""
"2024-03-04","2024064","14:15","657.0","147.2548","4.0","","","3.6","","10.4","94","","38","","0.07","10.78","","","","","",""
"2024-03-04","2024064","14:15","657.0","147.2548","5.0","","","3.5","","10.4","94","","39","","0.07","10.78","","","","","",""
"2024-03-04","2024064","14:15","657.0","147.2548","6.0","","","3.5","","10.4","94","","38","","0.07","10.77","","","","","",""
"2024-03-04","2024064","14:15","657.0","147.2548","7.0","","","3.5","","10.5","95","","38","","0.07","10.76","","","","","",""
"2024-03-04","2024064","14:15","657.0","147.2548","8.0","","","3.5","","10.5","95","","38","","0.07","10.75","","","","","",""
"2024-03-04","2024064","14:15","657.0","147.2548","9.0","3.7","0.67","3.5","","10.5","95","38.8","38","","0.07","10.75","","","","","",""
"2024-03-19","2024079","11:03","18.0","54.9481","1.0","","","3.5","","9.2","100","","4","0.75","17.61","13.83","12.82","","","","",""
"2024-03-19","2024079","11:03","18.0","54.9481","2.0","4.3","0.86","4.2","","9.2","100","3.6","4","","17.84","13.79","13.00","0.42","13.64","2.28","1.21","137.44"
"2024-03-19","2024079","11:03","18.0","54.9481","3.0","","","4.0","","9.1","99","","4","","18.90","13.79","13.82","","","","",""
"2024-03-19","2024079","11:03","18.0","54.9481","4.0","","","3.9","","9.0","99","","4","","19.87","13.86","14.55","","","","",""
"2024-03-19","2024079","11:03","18.0","54.9481","5.0","","","3.5","","9.0","99","","4","","19.93","13.87","14.60","","","","",""
"2024-03-19","2024079","11:03","18.0","54.9481","6.0","","","3.3","","8.8","97","","4","","20.43","13.87","14.98","","","","",""
"2024-03-19","2024079","11:03","18.0","54.9481","7.0","","","3.1","","8.3","93","","4","","23.39","13.61","17.31","","","","",""
"2024-03-19","2024079","11:03","18.0","54.9481","8.0","","","2.3","","8.2","91","","4","","24.85","13.46","18.46","","","","",""
"2024-03-19","2024079","11:03","18.0","54.9481","9.0","","","1.8","","8.0","90","","4","","25.28","13.41","18.80","","","","",""
"2024-03-19","2024079","11:03","18.0","54.9481","10.0","","","1.7","","7.9","89","","4","","26.09","13.33","19.44","","","","",""
"2024-03-19","2024079","11:03","18.0","54.9481","11.0","","","1.6","","7.8","88","","4","","27.85","13.19","20.83","","","","",""
"2024-03-19","2024079","11:03","18.0","54.9481","12.0","","","1.6","","7.7","88","","4","","28.42","13.15","21.27","","","","",""
"2024-03-19","2024079","11:03","18.0","54.9481","13.0","","","1.5","","7.7","87","","4","","29.00","13.11","21.73","","","","",""
"2024-03-19","2024079","11:03","18.0","54.9481","14.0","","","1.6","","7.6","87","","4","","29.31","13.09","21.97","","","","",""
"2024-03-19","2024079","11:03","18.0","54.9481","15.0","","","1.5","","7.6","87","","4","","29.36","13.09","22.01","","","","",""
"2024-03-19","2024079","11:03","18.0","54.9481","16.0","","","1.6","","7.6","87","","4","","29.38","13.09","22.02","","","","",""
"2024-03-19","2024079","11:03","18.0","54.9481","17.0","","","1.6","","7.6","87","","4","","29.50","13.08","22.12","","","","",""
"2024-03-19","2024079","11:03","18.0","54.9481","18.0","","","1.6","","7.6","87","","4","","29.55","13.07","22.16","","","","",""
"2024-03-19","2024079","11:03","18.0","54.9481","19.0","","","1.7","","7.6","86","","4","","29.71","13.05","22.29","","","","",""
"2024-03-19","2024079","11:03","18.0","54.9481","20.0","","","1.5","","7.5","86","","5","","29.90","13.03","22.44","","","","",""
"2024-03-19","2024079","11:03","18.0","54.9481","21.0","","","1.7","","7.5","86","","6","","29.92","13.03","22.46","","","","",""
"2024-03-19","2024079","11:03","18.0","54.9481","22.0","","","1.8","","7.5","86","","7","","29.97","13.03","22.50","","","","",""
"2024-03-19","2024079","11:03","18.0","54.9481","23.0","","","1.8","","7.5","86","","8","","29.98","13.03","22.50","","","","",""
"2024-03-19","2024079","11:03","18.0","54.9481","24.0","","","2.0","","7.5","86","","8","","30.01","13.02","22.53","","","","",""
"2024-03-19","2024079","11:03","18.0","54.9481","25.0","","","1.8","","7.5","86","","7","","30.09","13.01","22.59","","","","",""
"2024-03-19","2024079","11:03","18.0","54.9481","26.0","","","1.6","","7.5","86","","6","","30.16","13.00","22.65","","","","",""
"2024-03-19","2024079","11:03","18.0","54.9481","27.0","","","1.8","","7.5","86","","6","","30.20","12.99","22.68","","","","",""
"2024-03-19","2024079","11:03","18.0","54.9481","28.0","","","1.8","","7.4","85","","6","","30.28","12.98","22.75","","","","",""
"2024-03-19","2024079","11:03","18.0","54.9481","29.0","","","1.8","","7.4","85","","6","","30.33","12.97","22.79","","","","",""
"2024-03-19","2024079","11:03","18.0","54.9481","30.0","","","1.9","","7.4","85","","6","","30.34","12.97","22.79","","","","",""
"2024-03-19","2024079","11:03","18.0","54.9481","31.0","","","1.8","","7.4","85","","6","","30.36","12.97","22.81","","","","",""
"2024-03-19","2024079","11:03","18.0","54.9481","32.0","","","2.0","","7.4","85","","7","","30.38","12.97","22.82","","","","",""
"2024-03-19","2024079","11:03","18.0","54.9481","33.0","","","1.8","","7.4","85","","7","","30.49","12.95","22.91","","","","",""
"2024-03-19","2024079","11:03","18.0","54.9481","34.0","","","1.8","","7.4","85","","8","","30.53","12.95","22.94","","","","",""
"2024-03-19","2024079","11:03","18.0","54.9481","35.0","","","1.9","","7.4","84","","8","","30.58","12.94","22.98","","","","",""
"2024-03-19","2024079","11:03","18.0","54.9481","36.0","","","1.9","","7.3","84","","9","","30.65","12.93","23.04","","","","",""
"2024-03-19","2024079","11:03","18.0","54.9481","37.0","","","2.0","","7.3","84","","10","","30.66","12.93","23.05","","","","",""
"2024-03-19","2024079","11:03","18.0","54.9481","38.0","","","2.0","","7.3","84","","10","","30.69","12.92","23.08","","","","",""
"2024-03-19","2024079","11:03","18.0","54.9481","39.0","","","2.4","","7.3","84","","10","","30.73","12.92","23.10","","","","",""
"2024-03-19","2024079","10:48","20.0","51.4501","1.0","","","2.6","","9.0","98","","4","0.64","18.34","14.21","13.32","","","","",""
"2024-03-19","2024079","10:48","20.0","51.4501","2.0","3.4","0.87","3.5","","8.7","96","","4","","19.87","13.99","14.54","","","","",""
"2024-03-19","2024079","10:48","20.0","51.4501","3.0","","","3.5","","8.5","94","","4","","21.53","13.76","15.85","","","","",""
"2024-03-19","2024079","10:48","20.0","51.4501","4.0","","","2.6","","8.3","93","","4","","23.70","13.51","17.57","","","","",""
"2024-03-19","2024079","10:48","20.0","51.4501","5.0","","","2.0","","8.2","92","","4","","25.02","13.45","18.59","","","","",""
"2024-03-19","2024079","10:48","20.0","51.4501","6.0","","","1.9","","8.0","91","","4","","26.49","13.34","19.75","","","","",""
"2024-03-19","2024079","10:48","20.0","51.4501","7.0","","","1.7","","8.0","90","","4","","26.96","13.29","20.12","","","","",""
"2024-03-19","2024079","10:48","20.0","51.4501","8.0","","","1.5","","8.0","90","","4","","27.22","13.28","20.32","","","","",""
"2024-03-19","2024079","10:48","20.0","51.4501","9.0","","","1.5","","7.9","90","","4","","27.30","13.29","20.39","","","","",""
"2024-03-19","2024079","10:48","20.0","51.4501","10.0","","","1.9","","7.9","90","","4","","27.50","13.28","20.54","","","","",""
"2024-03-19","2024079","10:48","20.0","51.4501","11.0","","","1.8","","7.9","89","","4","","27.88","13.26","20.83","","","","",""
"2024-03-19","2024079","10:48","20.0","51.4501","12.0","","","1.6","","7.8","89","","4","","28.38","13.23","21.23","","","","",""
"2024-03-19","2024079","10:48","20.0","51.4501","13.0","","","1.8","","7.8","89","","4","","28.66","13.20","21.45","","","","",""
"2024-03-19","2024079","10:48","20.0","51.4501","14.0","","","1.7","","7.7","88","","4","","29.00","13.17","21.72","","","","",""
"2024-03-19","2024079","10:48","20.0","51.4501","15.0","","","1.8","","7.7","88","","4","","29.25","13.14","21.91","","","","",""
"2024-03-19","2024079","10:48","20.0","51.4501","16.0","","","2.2","","7.7","88","","4","","29.48","13.11","22.10","","","","",""
"2024-03-19","2024079","10:48","20.0","51.4501","17.0","","","1.8","","7.7","88","","4","","29.48","13.12","22.10","","","","",""
"2024-03-19","2024079","10:48","20.0","51.4501","18.0","","","1.7","","7.6","88","","4","","29.50","13.11","22.12","","","","",""
"2024-03-19","2024079","10:48","20.0","51.4501","19.0","","","1.6","","7.6","87","","5","","29.55","13.10","22.15","","","","",""
"2024-03-19","2024079","10:48","20.0","51.4501","20.0","","","2.0","","7.6","87","","5","","29.64","13.09","22.23","","","","",""
"2024-03-19","2024079","10:48","20.0","51.4501","21.0","","","1.6","","7.6","87","","4","","29.87","13.06","22.41","","","","",""
"2024-03-19","2024079","10:48","20.0","51.4501","22.0","","","1.8","","7.6","87","","4","","29.97","13.04","22.49","","","","",""
"2024-03-19","2024079","10:48","20.0","51.4501","23.0","","","1.7","","7.6","87","","5","","29.97","13.04","22.49","","","","",""
"2024-03-19","2024079","10:48","20.0","51.4501","24.0","","","2.0","","7.6","87","","5","","29.98","13.04","22.50","","","","",""
"2024-03-19","2024079","10:35","21.0","46.6266","1.0","","","3.0","","9.2","100","","4","0.73","17.96","13.96","13.07","","","","",""
"2024-03-19","2024079","10:35","21.0","46.6266","2.0","5.3","0.87","4.6","","9.0","98","","4","","19.09","13.94","13.94","","","","",""
"2024-03-19","2024079","10:35","21.0","46.6266","3.0","","","4.5","","8.8","97","","4","","20.14","13.98","14.74","","","","",""
"2024-03-19","2024079","10:35","21.0","46.6266","4.0","","","3.5","","8.7","96","","4","","20.45","14.04","14.97","","","","",""
"2024-03-19","2024079","10:35","21.0","46.6266","5.0","","","3.0","","8.4","93","","4","","21.42","13.91","15.74","","","","",""
"2024-03-19","2024079","10:35","21.0","46.6266","6.0","","","2.4","","8.3","92","","4","","22.74","13.72","16.79","","","","",""
"2024-03-19","2024079","10:35","21.0","46.6266","7.0","","","2.0","","8.2","92","","4","","23.99","13.56","17.78","","","","",""
"2024-03-19","2024079","10:35","21.0","46.6266","8.0","","","1.9","","8.2","91","","4","","24.64","13.49","18.29","","","","",""
"2024-03-19","2024079","10:35","21.0","46.6266","9.0","","","1.7","","8.0","91","","4","","25.97","13.40","19.34","","","","",""
"2024-03-19","2024079","10:35","21.0","46.6266","10.0","","","1.7","","7.9","90","","4","","27.66","13.29","20.66","","","","",""
"2024-03-19","2024079","10:35","21.0","46.6266","11.0","","","1.8","","7.9","90","","4","","27.81","13.28","20.77","","","","",""
"2024-03-19","2024079","10:35","21.0","46.6266","12.0","","","1.7","","7.9","89","","5","","27.90","13.28","20.84","","","","",""
"2024-03-19","2024079","10:35","21.0","46.6266","13.0","","","1.6","","7.8","89","","5","","27.94","13.27","20.88","","","","",""
"2024-03-19","2024079","10:35","21.0","46.6266","14.0","","","1.6","","7.8","89","","5","","28.06","13.26","20.97","","","","",""
"2024-03-19","2024079","10:35","21.0","46.6266","15.0","","","1.8","","7.8","89","","5","","28.24","13.24","21.12","","","","",""
"2024-03-19","2024079","10:35","21.0","46.6266","16.0","","","2.0","","7.8","89","","7","","28.31","13.23","21.18","","","","",""
"2024-03-19","2024079","10:35","21.0","46.6266","17.0","","","2.0","","7.8","89","","8","","28.32","13.23","21.18","","","","",""
"2024-03-19","2024079","10:35","21.0","46.6266","18.0","","","1.9","","7.8","88","","8","","28.32","13.23","21.18","","","","",""
"2024-03-19","2024079","10:26","22.0","43.9210","1.0","","","2.4","","8.6","95","","4","0.71","20.68","13.92","15.17","","","","",""
"2024-03-19","2024079","10:26","22.0","43.9210","2.0","4.3","0.90","3.6","","8.6","95","3.1","4","","21.06","13.80","15.48","0.41","13.21","4.14","1.62","123.91"
"2024-03-19","2024079","10:26","22.0","43.9210","3.0","","","3.2","","8.5","94","","4","","21.26","13.77","15.64","","","","",""
"2024-03-19","2024079","10:26","22.0","43.9210","4.0","","","2.7","","8.5","94","","4","","21.56","13.75","15.88","","","","",""
"2024-03-19","2024079","10:26","22.0","43.9210","5.0","","","2.6","","8.4","93","","4","","21.83","13.72","16.09","","","","",""
"2024-03-19","2024079","10:26","22.0","43.9210","6.0","","","2.2","","8.3","92","","4","","22.43","13.64","16.56","","","","",""
"2024-03-19","2024079","10:26","22.0","43.9210","7.0","","","2.0","","8.2","91","","4","","23.64","13.55","17.51","","","","",""
"2024-03-19","2024079","10:26","22.0","43.9210","8.0","","","1.8","","8.1","91","","4","","25.22","13.45","18.75","","","","",""
"2024-03-19","2024079","10:26","22.0","43.9210","9.0","","","1.8","","8.0","90","","4","","26.60","13.36","19.83","","","","",""
"2024-03-19","2024079","10:26","22.0","43.9210","10.0","","","1.6","","7.9","90","","4","","26.79","13.33","19.98","","","","",""
"2024-03-19","2024079","10:26","22.0","43.9210","11.0","","","1.5","","7.9","89","","4","","26.90","13.32","20.07","","","","",""
"2024-03-19","2024079","10:26","22.0","43.9210","12.0","","","1.8","","7.9","89","","4","","27.27","13.29","20.36","","","","",""
"2024-03-19","2024079","10:26","22.0","43.9210","13.0","","","1.5","","7.8","89","","4","","27.34","13.28","20.42","","","","",""
"2024-03-19","2024079","10:26","22.0","43.9210","14.0","","","1.6","","7.8","89","","4","","27.39","13.28","20.45","","","","",""
"2024-03-19","2024079","10:26","22.0","43.9210","15.0","","","1.5","","7.8","89","","4","","27.53","13.27","20.56","","","","",""
"2024-03-19","2024079","10:26","22.0","43.9210","16.0","","","1.6","","7.8","89","","4","","27.78","13.26","20.76","","","","",""
"2024-03-19","2024079","10:26","22.0","43.9210","17.0","","","1.6","","7.8","88","","4","","28.05","13.23","20.97","","","","",""
"2024-03-19","2024079","10:26","22.0","43.9210","18.0","","","1.8","","7.7","88","","6","","28.24","13.22","21.12","","","","",""
"2024-03-19","2024079","10:26","22.0","43.9210","19.0","2.3","0.56","1.7","","7.7","88","12.3","7","","28.23","13.22","21.12","","","","",""
"2024-03-19","2024079","10:14","23.0","39.6557","1.0","","","3.2","","8.9","98","","4","0.70","19.47","13.97","14.23","","","","",""
"2024-03-19","2024079","10:14","23.0","39.6557","2.0","","","3.6","","8.9","97","","4","","19.67","13.91","14.39","","","","",""
"2024-03-19","2024079","10:14","23.0","39.6557","3.0","","","4.0","","8.8","97","","4","","19.78","13.87","14.48","","","","",""
"2024-03-19","2024079","10:14","23.0","39.6557","4.0","","","3.8","","8.7","96","","4","","19.90","13.84","14.58","","","","",""
"2024-03-19","2024079","10:14","23.0","39.6557","5.0","","","3.4","","8.4","93","","4","","20.47","13.81","15.02","","","","",""
"2024-03-19","2024079","10:14","23.0","39.6557","6.0","","","2.4","","8.1","90","","4","","22.59","13.67","16.68","","","","",""
"2024-03-19","2024079","10:14","23.0","39.6557","7.0","","","1.9","","8.1","90","","5","","23.41","13.57","17.33","","","","",""
"2024-03-19","2024079","10:14","23.0","39.6557","8.0","","","1.9","","8.1","90","","5","","23.52","13.56","17.42","","","","",""
"2024-03-19","2024079","10:14","23.0","39.6557","9.0","","","1.8","","8.1","90","","5","","23.87","13.52","17.69","","","","",""
"2024-03-19","2024079","10:14","23.0","39.6557","10.0","","","1.6","","8.1","90","","4","","24.05","13.51","17.84","","","","",""
"2024-03-19","2024079","10:14","23.0","39.6557","11.0","","","1.5","","8.0","89","","4","","24.32","13.48","18.05","","","","",""
"2024-03-19","2024079","10:14","23.0","39.6557","12.0","","","1.5","","7.9","89","","5","","26.02","13.36","19.38","","","","",""
"2024-03-19","2024079","10:14","23.0","39.6557","13.0","","","1.6","","7.8","88","","5","","27.14","13.27","20.26","","","","",""
"2024-03-19","2024079","10:14","23.0","39.6557","14.0","","","1.5","","7.8","88","","5","","27.44","13.25","20.50","","","","",""
"2024-03-19","2024079","10:14","23.0","39.6557","15.0","","","1.5","","7.7","88","","6","","27.58","13.25","20.60","","","","",""
"2024-03-19","2024079","10:04","24.0","37.0911","1.0","","","4.8","","9.1","100","","4","0.67","18.49","14.05","13.46","","","","",""
"2024-03-19","2024079","10:04","24.0","37.0911","2.0","5.8","0.89","4.9","","9.0","98","2.9","4","","18.96","13.96","13.84","0.64","17.85","3.28","2.19","126.40"
"2024-03-19","2024079","10:04","24.0","37.0911","3.0","","","3.8","","8.7","96","","4","","19.80","13.95","14.49","","","","",""
"2024-03-19","2024079","10:04","24.0","37.0911","4.0","","","2.7","","8.5","94","","4","","20.62","13.92","15.12","","","","",""
"2024-03-19","2024079","10:04","24.0","37.0911","5.0","","","2.2","","8.2","91","","4","","21.79","13.74","16.05","","","","",""
"2024-03-19","2024079","10:04","24.0","37.0911","6.0","","","1.8","","8.1","90","","4","","23.18","13.58","17.15","","","","",""
"2024-03-19","2024079","10:04","24.0","37.0911","7.0","","","1.7","","8.0","89","","5","","23.70","13.51","17.57","","","","",""
"2024-03-19","2024079","10:04","24.0","37.0911","8.0","","","1.6","","8.0","89","","5","","23.72","13.51","17.58","","","","",""
"2024-03-19","2024079","10:04","24.0","37.0911","9.0","","","1.5","","8.0","89","","5","","23.73","13.51","17.59","","","","",""
"2024-03-19","2024079","10:04","24.0","37.0911","10.0","1.6","0.66","1.5","","8.0","89","8.0","5","","23.73","13.51","17.59","","","","",""
"2024-03-19","2024079","9:54","25.0","32.8382","1.0","","","5.0","","9.2","101","","4","0.62","18.40","14.19","13.37","","","","",""
"2024-03-19","2024079","9:54","25.0","32.8382","2.0","","","4.9","","9.0","99","","4","","18.65","14.42","13.51","","","","",""
"2024-03-19","2024079","9:54","25.0","32.8382","3.0","","","4.1","","8.7","96","","4","","19.08","14.48","13.83","","","","",""
"2024-03-19","2024079","9:54","25.0","32.8382","4.0","","","3.1","","8.3","92","","4","","19.49","14.39","14.16","","","","",""
"2024-03-19","2024079","9:54","25.0","32.8382","5.0","","","2.6","","8.1","89","","4","","21.37","13.93","15.70","","","","",""
"2024-03-19","2024079","9:54","25.0","32.8382","6.0","","","2.0","","8.0","88","","5","","22.11","13.76","16.30","","","","",""
"2024-03-19","2024079","9:54","25.0","32.8382","7.0","","","1.8","","7.9","88","","6","","22.61","13.68","16.70","","","","",""
"2024-03-19","2024079","9:54","25.0","32.8382","8.0","","","1.7","","7.9","88","","6","","22.86","13.65","16.89","","","","",""
"2024-03-19","2024079","9:43","26.0","28.7560","1.0","","","4.5","","9.3","102","","3","0.65","18.92","14.20","13.76","","","","",""
"2024-03-19","2024079","9:43","26.0","28.7560","2.0","","","4.6","","9.3","102","","3","","18.92","14.20","13.76","","","","",""
"2024-03-19","2024079","9:43","26.0","28.7560","3.0","","","4.4","","9.2","101","","3","","18.94","14.21","13.78","","","","",""
"2024-03-19","2024079","9:43","26.0","28.7560","4.0","","","4.2","","9.2","101","","3","","19.05","14.25","13.86","","","","",""
"2024-03-19","2024079","9:43","26.0","28.7560","5.0","","","4.0","","9.0","99","","3","","19.20","14.23","13.97","","","","",""
"2024-03-19","2024079","9:43","26.0","28.7560","6.0","","","3.7","","8.6","95","","3","","19.40","14.26","14.13","","","","",""
"2024-03-19","2024079","9:43","26.0","28.7560","7.0","","","2.9","","8.3","92","","4","","19.93","14.29","14.52","","","","",""
"2024-03-19","2024079","9:43","26.0","28.7560","8.0","","","2.4","","8.2","90","","5","","20.67","14.04","15.14","","","","",""
"2024-03-19","2024079","9:43","26.0","28.7560","9.0","","","2.4","","8.1","89","","4","","21.04","13.95","15.44","","","","",""
"2024-03-19","2024079","9:43","26.0","28.7560","10.0","","","2.3","","8.0","89","","4","","21.49","13.84","15.81","","","","",""
"2024-03-19","2024079","9:34","27.0","26.1872","1.0","","","4.2","","9.3","101","","3","0.65","18.56","14.17","13.49","","","","",""
"2024-03-19","2024079","9:34","27.0","26.1872","2.0","4.2","0.87","4.2","","9.3","101","2.6","3","","18.56","14.17","13.49","0.70","19.78","3.71","1.74","128.89"
"2024-03-19","2024079","9:34","27.0","26.1872","3.0","","","4.3","","9.3","101","","3","","18.56","14.17","13.49","","","","",""
"2024-03-19","2024079","9:34","27.0","26.1872","4.0","","","3.9","","9.2","101","","3","","18.56","14.17","13.49","","","","",""
"2024-03-19","2024079","9:34","27.0","26.1872","5.0","","","3.7","","9.1","100","","3","","18.69","14.22","13.58","","","","",""
"2024-03-19","2024079","9:34","27.0","26.1872","6.0","","","3.4","","9.1","99","","4","","18.80","14.23","13.66","","","","",""
"2024-03-19","2024079","9:34","27.0","26.1872","7.0","","","3.2","","9.0","99","","4","","18.84","14.22","13.70","","","","",""
"2024-03-19","2024079","9:34","27.0","26.1872","8.0","","","3.0","","9.0","99","","4","","18.85","14.19","13.72","","","","",""
"2024-03-19","2024079","9:34","27.0","26.1872","9.0","","","2.9","","9.0","98","","4","","18.90","14.24","13.74","","","","",""
"2024-03-19","2024079","9:34","27.0","26.1872","10.0","","","2.9","","8.6","95","","4","","19.30","14.23","14.05","","","","",""
"2024-03-19","2024079","9:34","27.0","26.1872","11.0","2.4","0.76","2.8","","8.1","90","7.1","4","","20.30","14.15","14.84","","","","",""
"2024-03-19","2024079","9:25","28.0","23.5695","1.0","","","5.0","","9.0","100","","4","0.72","18.62","15.00","13.38","","","","",""
"2024-03-19","2024079","9:25","28.0","23.5695","2.0","","","4.8","","9.0","100","","4","","18.63","14.97","13.40","","","","",""
"2024-03-19","2024079","9:25","28.0","23.5695","3.0","","","4.5","","9.0","100","","4","","18.63","14.96","13.40","","","","",""
"2024-03-19","2024079","9:25","28.0","23.5695","4.0","","","4.2","","9.0","100","","4","","18.64","14.95","13.41","","","","",""
"2024-03-19","2024079","9:25","28.0","23.5695","5.0","","","4.1","","9.0","100","","4","","18.64","14.95","13.41","","","","",""
"2024-03-19","2024079","9:25","28.0","23.5695","6.0","","","4.2","","9.0","100","","4","","18.64","14.95","13.41","","","","",""
"2024-03-19","2024079","9:25","28.0","23.5695","7.0","","","4.1","","9.0","100","","4","","18.64","14.94","13.41","","","","",""
"2024-03-19","2024079","9:25","28.0","23.5695","8.0","","","4.0","","9.0","100","","4","","18.65","14.93","13.42","","","","",""
"2024-03-19","2024079","9:25","28.0","23.5695","9.0","","","4.1","","9.0","100","","4","","18.70","14.91","13.46","","","","",""
"2024-03-19","2024079","9:25","28.0","23.5695","10.0","","","4.2","","9.0","100","","4","","18.72","14.90","13.48","","","","",""
"2024-03-19","2024079","9:25","28.0","23.5695","11.0","","","4.2","","9.0","100","","4","","18.75","14.89","13.51","","","","",""
"2024-03-19","2024079","9:25","28.0","23.5695","12.0","","","4.1","","9.0","100","","4","","18.80","14.89","13.54","","","","",""
"2024-03-19","2024079","9:25","28.0","23.5695","13.0","","","4.0","","8.8","98","","4","","18.87","14.89","13.60","","","","",""
"2024-03-19","2024079","9:25","28.0","23.5695","14.0","","","3.8","","8.9","99","","4","","19.24","14.80","13.89","","","","",""
"2024-03-19","2024079","9:15","29.0","20.2526","1.0","","","4.5","","8.9","99","","4","0.75","18.51","15.05","13.29","","","","",""
"2024-03-19","2024079","9:15","29.0","20.2526","2.0","","","4.3","","8.9","99","","4","","18.52","15.05","13.30","","","","",""
"2024-03-19","2024079","9:15","29.0","20.2526","3.0","","","4.2","","8.9","99","","4","","18.52","15.05","13.30","","","","",""
"2024-03-19","2024079","9:15","29.0","20.2526","4.0","","","4.2","","8.9","99","","4","","18.52","15.05","13.30","","","","",""
"2024-03-19","2024079","9:15","29.0","20.2526","5.0","","","4.1","","8.9","99","","4","","18.52","15.05","13.30","","","","",""
"2024-03-19","2024079","9:15","29.0","20.2526","6.0","","","4.0","","8.9","99","","4","","18.52","15.05","13.30","","","","",""
"2024-03-19","2024079","9:15","29.0","20.2526","7.0","","","4.0","","8.9","99","","4","","18.53","15.05","13.31","","","","",""
"2024-03-19","2024079","9:15","29.0","20.2526","8.0","","","4.1","","8.9","99","","4","","18.53","15.05","13.31","","","","",""
"2024-03-19","2024079","9:15","29.0","20.2526","9.0","","","4.0","","8.9","99","","4","","18.54","15.05","13.31","","","","",""
"2024-03-19","2024079","9:15","29.0","20.2526","10.0","","","4.0","","8.9","99","","4","","18.54","15.04","13.32","","","","",""
"2024-03-19","2024079","9:15","29.0","20.2526","11.0","","","4.0","","8.9","99","","4","","18.55","15.04","13.33","","","","",""
"2024-03-19","2024079","9:15","29.0","20.2526","12.0","","","4.0","","8.9","99","","5","","18.56","15.04","13.33","","","","",""
"2024-03-19","2024079","9:15","29.0","20.2526","13.0","","","4.1","","8.9","99","","5","","18.63","15.04","13.38","","","","",""
"2024-03-19","2024079","9:04","29.5","17.5640","1.0","","","4.6","","9.0","100","","5","0.94","18.41","15.00","13.23","","","","",""
"2024-03-19","2024079","9:04","29.5","17.5640","2.0","","","3.9","","9.0","100","","5","","18.41","15.00","13.23","","","","",""
"2024-03-19","2024079","9:04","29.5","17.5640","3.0","","","3.8","","9.0","100","","5","","18.41","15.00","13.23","","","","",""
"2024-03-19","2024079","9:04","29.5","17.5640","4.0","","","3.8","","9.0","100","","5","","18.41","15.00","13.23","","","","",""
"2024-03-19","2024079","9:04","29.5","17.5640","5.0","","","3.7","","8.9","100","","5","","18.41","15.00","13.23","","","","",""
"2024-03-19","2024079","9:04","29.5","17.5640","6.0","","","3.7","","8.9","100","","5","","18.41","15.01","13.23","","","","",""
"2024-03-19","2024079","9:04","29.5","17.5640","7.0","","","3.7","","9.0","100","","5","","18.41","15.01","13.23","","","","",""
"2024-03-19","2024079","9:04","29.5","17.5640","8.0","","","3.8","","8.9","100","","5","","18.41","15.01","13.23","","","","",""
"2024-03-19","2024079","9:04","29.5","17.5640","9.0","","","3.8","","9.0","100","","5","","18.41","15.01","13.23","","","","",""
"2024-03-19","2024079","9:04","29.5","17.5640","10.0","","","3.8","","9.0","100","","5","","18.41","15.00","13.23","","","","",""
"2024-03-19","2024079","9:04","29.5","17.5640","11.0","","","3.8","","8.9","100","","5","","18.41","15.00","13.22","","","","",""
"2024-03-19","2024079","9:04","29.5","17.5640","12.0","","","3.9","","8.9","100","","6","","18.41","15.00","13.22","","","","",""
"2024-03-19","2024079","9:04","29.5","17.5640","13.0","","","3.9","","9.0","100","","5","","18.41","15.00","13.22","","","","",""
"2024-03-19","2024079","9:04","29.5","17.5640","14.0","","","3.9","","9.0","100","","6","","18.41","15.00","13.22","","","","",""
"2024-03-19","2024079","8:54","30.0","14.7543","1.0","","","4.2","","9.1","101","","5","0.84","18.25","14.92","13.11","","","","",""
"2024-03-19","2024079","8:54","30.0","14.7543","2.0","4.2","0.84","4.2","","9.1","101","5.7","5","","18.25","14.92","13.11","0.96","30.20","4.78","4.22","121.06"
"2024-03-19","2024079","8:54","30.0","14.7543","3.0","","","4.2","","9.1","101","","5","","18.25","14.92","13.12","","","","",""
"2024-03-19","2024079","8:54","30.0","14.7543","4.0","","","4.2","","9.1","101","","5","","18.25","14.92","13.12","","","","",""
"2024-03-19","2024079","8:54","30.0","14.7543","5.0","","","4.2","","9.1","101","","5","","18.25","14.92","13.12","","","","",""
"2024-03-19","2024079","8:54","30.0","14.7543","6.0","","","4.2","","9.1","101","","5","","18.25","14.91","13.12","","","","",""
"2024-03-19","2024079","8:54","30.0","14.7543","7.0","","","4.2","","9.1","101","","5","","18.25","14.92","13.12","","","","",""
"2024-03-19","2024079","8:54","30.0","14.7543","8.0","","","4.2","","9.1","101","","5","","18.25","14.92","13.12","","","","",""
"2024-03-19","2024079","8:54","30.0","14.7543","9.0","","","4.2","","9.1","101","","5","","18.25","14.92","13.12","","","","",""
"2024-03-19","2024079","8:54","30.0","14.7543","10.0","","","4.3","","9.1","101","","5","","18.25","14.92","13.11","","","","",""
"2024-03-19","2024079","8:54","30.0","14.7543","11.0","3.9","0.84","4.5","","9.1","101","5.6","5","","18.25","14.92","13.11","","","","",""
"2024-03-19","2024079","8:41","31.0","10.6065","1.0","","","4.9","","9.2","102","","5","0.92","17.73","14.83","12.74","","","","",""
"2024-03-19","2024079","8:41","31.0","10.6065","2.0","","","4.8","","9.2","102","","5","","17.74","14.82","12.74","","","","",""
"2024-03-19","2024079","8:41","31.0","10.6065","3.0","","","4.8","","9.2","102","","5","","17.74","14.82","12.74","","","","",""
"2024-03-19","2024079","8:41","31.0","10.6065","4.0","","","4.7","","9.2","101","","5","","17.75","14.81","12.75","","","","",""
"2024-03-19","2024079","8:41","31.0","10.6065","5.0","","","4.6","","9.1","101","","5","","17.78","14.80","12.78","","","","",""
"2024-03-19","2024079","8:41","31.0","10.6065","6.0","","","4.5","","9.1","100","","6","","17.82","14.78","12.81","","","","",""
"2024-03-19","2024079","8:41","31.0","10.6065","7.0","","","4.4","","9.1","100","","6","","17.84","14.78","12.83","","","","",""
"2024-03-19","2024079","8:41","31.0","10.6065","8.0","","","4.4","","9.0","100","","6","","17.88","14.78","12.86","","","","",""
"2024-03-19","2024079","8:41","31.0","10.6065","9.0","","","4.4","","9.0","99","","6","","17.92","14.78","12.89","","","","",""
"2024-03-19","2024079","8:41","31.0","10.6065","10.0","","","4.6","","9.0","99","","7","","17.94","14.78","12.90","","","","",""
"2024-03-19","2024079","8:41","31.0","10.6065","11.0","","","4.5","","9.0","99","","7","","17.94","14.79","12.91","","","","",""
"2024-03-19","2024079","8:31","32.0","8.1507","1.0","","","5.6","","9.5","105","","8","1.02","17.39","15.17","12.41","","","","",""
"2024-03-19","2024079","8:31","32.0","8.1507","2.0","6.7","0.84","5.9","","9.5","105","4.0","8","","17.41","15.16","12.43","0.89","28.56","2.07","4.58","110.38"
"2024-03-19","2024079","8:31","32.0","8.1507","3.0","","","5.3","","9.4","104","","8","","17.46","15.14","12.47","","","","",""
"2024-03-19","2024079","8:31","32.0","8.1507","4.0","","","5.0","","9.4","104","","8","","17.69","15.04","12.66","","","","",""
"2024-03-19","2024079","8:31","32.0","8.1507","5.0","","","5.0","","9.3","104","","9","","17.72","15.07","12.68","","","","",""
"2024-03-19","2024079","8:31","32.0","8.1507","6.0","","","5.0","","9.4","104","","10","","17.73","15.07","12.69","","","","",""
"2024-03-19","2024079","8:31","32.0","8.1507","7.0","","","5.0","","9.3","104","","10","","17.74","15.07","12.69","","","","",""
"2024-03-19","2024079","8:31","32.0","8.1507","8.0","","","5.1","","9.4","104","","11","","17.74","15.07","12.70","","","","",""
"2024-03-19","2024079","8:31","32.0","8.1507","9.0","","","4.9","","9.4","104","","11","","17.74","15.07","12.70","","","","",""
"2024-03-19","2024079","8:31","32.0","8.1507","10.0","3.8","0.72","4.7","","9.3","104","","11","","17.74","15.07","12.70","","","","",""
"2024-03-19","2024079","8:22","33.0","6.8085","1.0","","","6.1","","9.8","109","","11","0.98","17.19","15.31","12.24","","","","",""
"2024-03-19","2024079","8:22","33.0","6.8085","2.0","","","5.9","","9.8","109","6.7","10","","17.19","15.31","12.23","","","","",""
"2024-03-19","2024079","8:22","33.0","6.8085","3.0","","","5.9","","9.8","109","","10","","17.19","15.31","12.23","","","","",""
"2024-03-19","2024079","8:22","33.0","6.8085","4.0","","","5.9","","9.8","109","","10","","17.19","15.30","12.23","","","","",""
"2024-03-19","2024079","8:22","33.0","6.8085","5.0","","","5.8","","9.8","109","","10","","17.19","15.31","12.23","","","","",""
"2024-03-19","2024079","8:22","33.0","6.8085","6.0","","","5.8","","9.8","109","","10","","17.18","15.30","12.23","","","","",""
"2024-03-19","2024079","8:22","33.0","6.8085","7.0","","","5.8","","9.8","108","","10","","17.18","15.30","12.23","","","","",""
"2024-03-19","2024079","8:22","33.0","6.8085","8.0","","","5.9","","9.7","107","","10","","17.18","15.29","12.23","","","","",""
"2024-03-19","2024079","8:22","33.0","6.8085","9.0","","","5.7","","9.5","106","","11","","17.59","15.28","12.55","","","","",""
"2024-03-19","2024079","8:22","33.0","6.8085","10.0","","","5.1","","9.5","106","","14","","17.67","15.25","12.61","","","","",""
"2024-03-19","2024079","8:22","33.0","6.8085","11.0","","","5.1","","9.5","106","","15","","17.68","15.24","12.62","","","","",""
"2024-03-19","2024079","8:22","33.0","6.8085","12.0","","","5.1","","9.5","106","","15","","17.68","15.25","12.62","","","","",""
"2024-03-19","2024079","8:22","33.0","6.8085","13.0","","","5.1","","9.5","106","","16","","17.68","15.25","12.62","","","","",""
"2024-03-19","2024079","8:12","34.0","3.5290","1.0","","","6.1","","10.0","112","","11","1.09","16.81","15.60","11.88","","","","",""
"2024-03-19","2024079","8:12","34.0","3.5290","2.0","6.7","0.84","6.1","","10.0","112","8.0","11","","16.86","15.53","11.94","","","","",""
"2024-03-19","2024079","8:12","34.0","3.5290","3.0","","","5.5","","10.0","111","","11","","16.89","15.52","11.96","","","","",""
"2024-03-19","2024079","8:12","34.0","3.5290","4.0","","","5.5","","9.8","110","","12","","16.98","15.49","12.04","","","","",""
"2024-03-19","2024079","8:12","34.0","3.5290","5.0","","","5.4","","9.8","109","","13","","17.05","15.40","12.11","","","","",""
"2024-03-19","2024079","8:12","34.0","3.5290","6.0","","","5.5","","9.8","109","","15","","17.07","15.41","12.12","","","","",""
"2024-03-19","2024079","8:12","34.0","3.5290","7.0","4.5","0.69","5.1","","9.8","109","","17","","17.08","15.41","12.13","","","","",""
"2024-03-19","2024079","8:00","35.0","1.6576","1.0","","","6.8","","9.6","107","","13","1.38","16.20","15.66","11.41","","","","",""
"2024-03-19","2024079","8:00","35.0","1.6576","2.0","5.6","0.78","5.7","","9.5","106","14.7","14","","16.22","15.60","11.44","","","","",""
"2024-03-19","2024079","8:00","35.0","1.6576","3.0","","","5.6","","9.5","106","","15","","16.23","15.51","11.46","","","","",""
"2024-03-19","2024079","8:00","35.0","1.6576","4.0","","","5.5","","9.5","105","","16","","16.24","15.47","11.47","","","","",""
"2024-03-19","2024079","8:00","35.0","1.6576","5.0","","","5.5","","9.5","105","","17","","16.24","15.45","11.48","","","","",""
"2024-03-19","2024079","8:00","35.0","1.6576","6.0","","","5.4","","9.5","105","","19","","16.23","15.43","11.48","","","","",""
"2024-03-19","2024079","7:50","36.0","0.0000","1.0","","","5.0","","9.0","99","","17","1.83","15.41","15.05","10.91","","","","",""
"2024-03-19","2024079","7:50","36.0","0.0000","2.0","4.2","0.75","4.7","","9.0","99","14.8","17","","15.50","15.05","10.99","1.37","47.19","4.00","6.60","139.22"
"2024-03-19","2024079","7:50","36.0","0.0000","3.0","","","5.0","","9.0","99","","19","","15.56","15.04","11.04","","","","",""
"2024-03-19","2024079","7:50","36.0","0.0000","4.0","","","5.0","","9.0","99","","19","","15.59","15.04","11.05","","","","",""
"2024-03-19","2024079","7:50","36.0","0.0000","5.0","","","4.8","","9.0","99","","20","","15.59","15.04","11.06","","","","",""
"2024-03-19","2024079","7:50","36.0","0.0000","6.0","3.2","0.62","4.5","","9.0","99","27.6","24","","15.57","15.04","11.04","","","","",""
"2024-04-16","2024107","14:28","2.0","127.7053","1.0","","","2.5","","9.9","101","","15","1.06","0.07","15.93","","","","","",""
"2024-04-16","2024107","14:28","2.0","127.7053","2.0","","","2.6","","9.9","101","","15","","0.07","15.92","","","","","",""
"2024-04-16","2024107","14:28","2.0","127.7053","3.0","","","2.6","","9.9","101","","15","","0.07","15.92","","","","","",""
"2024-04-16","2024107","14:28","2.0","127.7053","4.0","","","2.5","","9.9","101","","15","","0.07","15.92","","","","","",""
"2024-04-16","2024107","14:28","2.0","127.7053","5.0","","","2.5","","9.9","101","","15","","0.07","15.91","","","","","",""
"2024-04-16","2024107","14:28","2.0","127.7053","6.0","","","2.5","","9.9","100","","15","","0.07","15.91","","","","","",""
"2024-04-16","2024107","14:28","2.0","127.7053","7.0","","","2.5","","9.9","100","","15","","0.07","15.91","","","","","",""
"2024-04-16","2024107","14:28","2.0","127.7053","8.0","","","2.5","","9.9","100","","15","","0.07","15.90","","","","","",""
"2024-04-16","2024107","14:18","3.0","125.3243","1.0","","","2.3","","9.9","99","","12","1.57","0.07","15.55","","","","","",""
"2024-04-16","2024107","14:18","3.0","125.3243","2.0","2.4","0.62","2.5","","9.9","99","12.0","13","","0.07","15.54","","0.06","12.71","1.36","0.92","249.59"
"2024-04-16","2024107","14:18","3.0","125.3243","3.0","","","2.5","","9.9","99","","16","","0.07","15.56","","","","","",""
"2024-04-16","2024107","14:18","3.0","125.3243","4.0","","","2.5","","9.9","99","","17","","0.07","15.54","","","","","",""
"2024-04-16","2024107","14:18","3.0","125.3243","5.0","","","2.5","","9.9","99","","17","","0.07","15.52","","","","","",""
"2024-04-16","2024107","14:18","3.0","125.3243","6.0","","","2.5","","9.9","99","","17","","0.07","15.52","","","","","",""
"2024-04-16","2024107","14:18","3.0","125.3243","7.0","","","2.5","","9.9","99","","17","","0.07","15.52","","","","","",""
"2024-04-16","2024107","14:18","3.0","125.3243","8.0","","","2.5","","9.9","99","","17","","0.07","15.52","","","","","",""
"2024-04-16","2024107","14:18","3.0","125.3243","9.0","","","2.5","","9.9","99","","17","","0.07","15.52","","","","","",""
"2024-04-16","2024107","14:18","3.0","125.3243","10.0","2.5","0.60","2.5","","9.9","99","18.3","18","","0.07","15.52","","","","","",""
"2024-04-16","2024107","14:03","4.0","119.8957","1.0","","","2.5","","9.9","100","","16","1.04","0.08","15.54","","","","","",""
"2024-04-16","2024107","14:03","4.0","119.8957","2.0","","","2.5","","9.9","100","","16","","0.08","15.53","","","","","",""
"2024-04-16","2024107","14:03","4.0","119.8957","3.0","","","2.5","","9.9","100","","16","","0.08","15.53","","","","","",""
"2024-04-16","2024107","14:03","4.0","119.8957","4.0","","","2.5","","9.9","100","","16","","0.08","15.52","","","","","",""
"2024-04-16","2024107","14:03","4.0","119.8957","5.0","","","2.5","","9.9","99","","16","","0.08","15.51","","","","","",""
"2024-04-16","2024107","14:03","4.0","119.8957","6.0","","","2.5","","9.9","99","","16","","0.08","15.50","","","","","",""
"2024-04-16","2024107","14:03","4.0","119.8957","7.0","","","2.5","","9.9","99","","16","","0.08","15.48","","","","","",""
"2024-04-16","2024107","14:03","4.0","119.8957","8.0","","","2.4","","9.9","99","","16","","0.08","15.52","","","","","",""
"2024-04-16","2024107","14:03","4.0","119.8957","9.0","","","2.4","","9.9","99","","16","","0.08","15.49","","","","","",""
"2024-04-16","2024107","14:03","4.0","119.8957","10.0","","","2.5","","9.9","99","","16","","0.08","15.45","","","","","",""
"2024-04-16","2024107","14:03","4.0","119.8957","11.0","","","2.5","","9.9","99","","16","","0.08","15.46","","","","","",""
"2024-04-16","2024107","14:03","4.0","119.8957","12.0","","","2.5","","9.9","99","","16","","0.08","15.45","","","","","",""
"2024-04-16","2024107","14:03","4.0","119.8957","13.0","","","2.5","","9.9","99","","16","","0.08","15.46","","","","","",""
"2024-04-16","2024107","14:03","4.0","119.8957","14.0","","","2.6","","9.9","99","","16","","0.08","15.45","","","","","",""
"2024-04-16","2024107","14:03","4.0","119.8957","15.0","","","2.5","","9.9","99","","16","","0.08","15.45","","","","","",""
"2024-04-16","2024107","13:50","5.0","115.6252","1.0","","","2.5","","9.9","100","","17","1.92","0.07","15.37","","","","","",""
"2024-04-16","2024107","13:50","5.0","115.6252","2.0","","","2.5","","9.9","100","","17","","0.07","15.37","","","","","",""
"2024-04-16","2024107","13:50","5.0","115.6252","3.0","","","2.5","","9.9","100","","17","","0.07","15.37","","","","","",""
"2024-04-16","2024107","13:50","5.0","115.6252","4.0","","","2.5","","9.9","99","","17","","0.07","15.37","","","","","",""
"2024-04-16","2024107","13:50","5.0","115.6252","5.0","","","2.4","","9.9","99","","17","","0.07","15.36","","","","","",""
"2024-04-16","2024107","13:50","5.0","115.6252","6.0","","","2.4","","9.9","100","","17","","0.07","15.35","","","","","",""
"2024-04-16","2024107","13:50","5.0","115.6252","7.0","","","2.4","","9.9","99","","17","","0.07","15.36","","","","","",""
"2024-04-16","2024107","13:50","5.0","115.6252","8.0","","","2.4","","9.9","99","","17","","0.07","15.35","","","","","",""
"2024-04-16","2024107","13:50","5.0","115.6252","9.0","","","2.5","","9.9","99","","17","","0.07","15.35","","","","","",""
"2024-04-16","2024107","13:34","6.0","110.8977","1.0","","","2.3","","10.0","100","","15","1.90","0.44","15.48","","","","","",""
"2024-04-16","2024107","13:34","6.0","110.8977","2.0","2.3","0.63","2.4","","10.0","100","15.9","15","","0.45","15.45","","0.11","13.21","2.07","1.36","236.42"
"2024-04-16","2024107","13:34","6.0","110.8977","3.0","","","2.5","","10.0","100","","16","","0.45","15.46","","","","","",""
"2024-04-16","2024107","13:34","6.0","110.8977","4.0","","","2.5","","10.0","100","","16","","0.47","15.45","","","","","",""
"2024-04-16","2024107","13:34","6.0","110.8977","5.0","","","2.5","","10.0","100","","16","","0.57","15.42","","","","","",""
"2024-04-16","2024107","13:34","6.0","110.8977","6.0","","","2.5","","9.9","100","","16","","0.53","15.42","","","","","",""
"2024-04-16","2024107","13:34","6.0","110.8977","7.0","","","2.5","","9.8","99","","16","","0.68","15.41","","","","","",""
"2024-04-16","2024107","13:34","6.0","110.8977","8.0","2.3","0.35","2.5","","9.7","99","","17","","2.41","15.21","0.93","","","","",""
"2024-04-16","2024107","13:16","7.0","104.9810","1.0","","","2.3","","9.8","99","","14","1.84","0.96","15.62","","","","","",""
"2024-04-16","2024107","13:16","7.0","104.9810","2.0","2.5","0.72","2.3","","9.8","99","","14","","1.30","15.43","0.04","","","","",""
"2024-04-16","2024107","13:16","7.0","104.9810","3.0","","","2.3","","9.7","98","","14","","1.50","15.37","0.20","","","","",""
"2024-04-16","2024107","13:16","7.0","104.9810","4.0","","","2.3","","9.6","97","","15","","1.93","15.24","0.55","","","","",""
"2024-04-16","2024107","13:16","7.0","104.9810","5.0","","","2.2","","9.6","97","","15","","2.57","15.10","1.06","","","","",""
"2024-04-16","2024107","13:16","7.0","104.9810","6.0","","","2.2","","9.4","96","","15","","4.38","15.03","2.47","","","","",""
"2024-04-16","2024107","13:16","7.0","104.9810","7.0","","","2.2","","9.3","96","","15","","5.23","14.98","3.13","","","","",""
"2024-04-16","2024107","13:16","7.0","104.9810","8.0","","","2.1","","9.2","95","","15","","6.38","14.95","4.02","","","","",""
"2024-04-16","2024107","13:16","7.0","104.9810","9.0","","","2.1","","9.1","95","","16","","8.17","14.92","5.40","","","","",""
"2024-04-16","2024107","13:16","7.0","104.9810","10.0","","","2.1","","9.1","95","","15","","9.11","14.90","6.12","","","","",""
"2024-04-16","2024107","13:16","7.0","104.9810","11.0","","","2.1","","9.0","95","","15","","9.93","14.88","6.75","","","","",""
"2024-04-16","2024107","13:16","7.0","104.9810","12.0","","","2.1","","9.0","95","","16","","10.20","14.85","6.96","","","","",""
"2024-04-16","2024107","13:16","7.0","104.9810","13.0","","","2.1","","9.0","95","","16","","10.61","14.83","7.28","","","","",""
"2024-04-16","2024107","13:16","7.0","104.9810","14.0","","","2.1","","8.9","95","","16","","11.23","14.79","7.76","","","","",""
"2024-04-16","2024107","12:56","8.0","99.7699","1.0","","","2.7","","9.7","98","","15","2.19","1.96","15.28","0.57","","","","",""
"2024-04-16","2024107","12:56","8.0","99.7699","2.0","2.9","0.72","2.6","","9.4","96","17.8","16","","4.27","15.04","2.39","","","","",""
"2024-04-16","2024107","12:56","8.0","99.7699","3.0","","","2.3","","9.1","95","","16","","8.01","14.86","5.28","","","","",""
"2024-04-16","2024107","12:56","8.0","99.7699","4.0","","","2.1","","8.9","95","","16","","10.88","14.75","7.50","","","","",""
"2024-04-16","2024107","12:56","8.0","99.7699","5.0","","","2.1","","8.8","94","","16","","11.97","14.70","8.34","","","","",""
"2024-04-16","2024107","12:56","8.0","99.7699","6.0","","","2.1","","8.8","94","","17","","13.00","14.65","9.14","","","","",""
"2024-04-16","2024107","12:56","8.0","99.7699","7.0","","","2.1","","8.7","93","","16","","14.59","14.52","10.39","","","","",""
"2024-04-16","2024107","12:56","8.0","99.7699","8.0","","","2.2","","8.6","93","","15","","15.45","14.42","11.07","","","","",""
"2024-04-16","2024107","12:36","9.0","96.7889","1.0","","","2.1","","9.6","99","","14","1.88","3.44","15.44","1.69","","","","",""
"2024-04-16","2024107","12:36","9.0","96.7889","2.0","2.1","0.69","2.1","","9.6","98","14.1","14","","4.01","15.08","2.18","0.19","14.06","3.78","1.24","218.62"
"2024-04-16","2024107","12:36","9.0","96.7889","3.0","","","2.3","","9.6","98","","14","","4.17","15.05","2.31","","","","",""
"2024-04-16","2024107","12:36","9.0","96.7889","4.0","","","2.3","","9.6","98","","14","","4.58","15.01","2.63","","","","",""
"2024-04-16","2024107","12:36","9.0","96.7889","5.0","","","2.2","","9.5","97","","14","","5.15","15.00","3.07","","","","",""
"2024-04-16","2024107","12:36","9.0","96.7889","6.0","","","2.2","","9.3","97","","14","","6.49","14.93","4.10","","","","",""
"2024-04-16","2024107","12:36","9.0","96.7889","7.0","","","2.1","","9.3","96","","13","","7.22","14.89","4.67","","","","",""
"2024-04-16","2024107","12:36","9.0","96.7889","8.0","","","2.1","","9.3","96","","12","","7.30","14.89","4.73","","","","",""
"2024-04-16","2024107","12:36","9.0","96.7889","9.0","","","2.1","","9.3","96","","12","","7.31","14.90","4.74","","","","",""
"2024-04-16","2024107","12:36","9.0","96.7889","10.0","","","2.1","","9.2","96","","13","","7.38","14.91","4.79","","","","",""
"2024-04-16","2024107","12:36","9.0","96.7889","11.0","","","2.1","","9.1","95","","13","","7.95","14.90","5.23","","","","",""
"2024-04-16","2024107","12:36","9.0","96.7889","12.0","","","2.1","","8.8","93","","13","","10.60","14.75","7.29","","","","",""
"2024-04-16","2024107","12:36","9.0","96.7889","13.0","","","2.2","","8.6","93","","16","","15.88","14.32","11.41","","","","",""
"2024-04-16","2024107","12:36","9.0","96.7889","14.0","","","2.3","","8.6","93","","25","","15.88","14.32","11.41","","","","",""
"2024-04-16","2024107","12:36","9.0","96.7889","15.0","","","2.4","","8.6","93","","27","","15.96","14.32","11.47","","","","",""
"2024-04-16","2024107","12:36","9.0","96.7889","16.0","","","2.4","","8.5","92","","29","","16.24","14.29","11.69","","","","",""
"2024-04-16","2024107","12:36","9.0","96.7889","17.0","","","2.4","","8.5","92","","30","","16.60","14.26","11.98","","","","",""
"2024-04-16","2024107","12:36","9.0","96.7889","18.0","","","2.5","","8.5","92","","32","","17.17","14.19","12.42","","","","",""
"2024-04-16","2024107","12:36","9.0","96.7889","19.0","","","2.7","","8.4","92","","39","","17.55","14.14","12.72","","","","",""
"2024-04-16","2024107","12:36","9.0","96.7889","20.0","","","2.6","","8.4","92","","39","","17.89","14.09","12.99","","","","",""
"2024-04-16","2024107","12:36","9.0","96.7889","21.0","","","2.5","","8.4","92","","35","","18.25","14.04","13.28","","","","",""
"2024-04-16","2024107","12:36","9.0","96.7889","22.0","","","2.3","","8.4","92","","29","","18.39","14.01","13.39","","","","",""
"2024-04-16","2024107","12:36","9.0","96.7889","23.0","","","2.2","","8.4","92","","23","","18.42","14.01","13.41","","","","",""
"2024-04-16","2024107","12:24","10.0","93.5951","1.0","","","2.1","","9.5","98","","14","1.58","5.36","15.10","3.21","","","","",""
"2024-04-16","2024107","12:24","10.0","93.5951","2.0","1.9","0.65","2.1","","9.4","97","","14","","5.79","14.99","3.56","","","","",""
"2024-04-16","2024107","12:24","10.0","93.5951","3.0","","","2.2","","9.4","97","","14","","6.04","14.96","3.75","","","","",""
"2024-04-16","2024107","12:24","10.0","93.5951","4.0","","","2.1","","9.2","95","","14","","7.56","14.92","4.93","","","","",""
"2024-04-16","2024107","12:24","10.0","93.5951","5.0","","","2.0","","8.9","94","","13","","10.54","14.80","7.23","","","","",""
"2024-04-16","2024107","12:24","10.0","93.5951","6.0","","","2.0","","8.8","94","","13","","13.28","14.60","9.37","","","","",""
"2024-04-16","2024107","12:24","10.0","93.5951","7.0","","","2.0","","8.7","93","","12","","14.83","14.46","10.58","","","","",""
"2024-04-16","2024107","12:24","10.0","93.5951","8.0","","","2.0","","8.6","92","","12","","15.34","14.41","10.98","","","","",""
"2024-04-16","2024107","12:24","10.0","93.5951","9.0","","","2.0","","8.4","92","","11","","18.01","14.06","13.09","","","","",""
"2024-04-16","2024107","12:24","10.0","93.5951","10.0","","","2.0","","8.4","91","","13","","18.82","13.95","13.73","","","","",""
"2024-04-16","2024107","12:24","10.0","93.5951","11.0","","","2.0","","8.3","91","","14","","19.26","13.89","14.08","","","","",""
"2024-04-16","2024107","12:24","10.0","93.5951","12.0","","","2.0","","8.3","91","","15","","19.77","13.82","14.49","","","","",""
"2024-04-16","2024107","12:24","10.0","93.5951","13.0","","","2.1","","8.3","91","","16","","20.22","13.76","14.84","","","","",""
"2024-04-16","2024107","12:24","10.0","93.5951","14.0","","","2.1","","8.3","91","","17","","20.49","13.72","15.06","","","","",""
"2024-04-16","2024107","12:24","10.0","93.5951","15.0","","","2.1","","8.3","91","","17","","20.65","13.70","15.18","","","","",""
"2024-04-16","2024107","12:06","11.0","89.7672","1.0","","","2.1","","9.3","97","","12","1.36","8.01","15.10","5.25","","","","",""
"2024-04-16","2024107","12:06","11.0","89.7672","2.0","","","2.3","","9.2","96","","12","","8.48","14.95","5.63","","","","",""
"2024-04-16","2024107","12:06","11.0","89.7672","3.0","","","2.2","","8.9","95","","12","","11.42","14.75","7.92","","","","",""
"2024-04-16","2024107","12:06","11.0","89.7672","4.0","","","2.0","","8.8","94","","12","","13.51","14.57","9.55","","","","",""
"2024-04-16","2024107","12:06","11.0","89.7672","5.0","","","2.0","","8.7","94","","11","","14.53","14.45","10.35","","","","",""
"2024-04-16","2024107","12:06","11.0","89.7672","6.0","","","2.0","","8.7","94","","11","","15.53","14.34","11.13","","","","",""
"2024-04-16","2024107","12:06","11.0","89.7672","7.0","","","2.0","","8.6","93","","12","","16.24","14.26","11.69","","","","",""
"2024-04-16","2024107","12:06","11.0","89.7672","8.0","","","2.0","","8.6","93","","12","","16.90","14.18","12.22","","","","",""
"2024-04-16","2024107","12:06","11.0","89.7672","9.0","","","2.0","","8.5","92","","12","","17.76","14.07","12.90","","","","",""
"2024-04-16","2024107","12:06","11.0","89.7672","10.0","","","2.1","","8.4","92","","13","","18.32","14.00","13.34","","","","",""
"2024-04-16","2024107","12:06","11.0","89.7672","11.0","","","2.1","","8.3","91","","14","","19.69","13.83","14.42","","","","",""
"2024-04-16","2024107","12:06","11.0","89.7672","12.0","","","2.1","","8.2","90","","17","","20.74","13.68","15.25","","","","",""
"2024-04-16","2024107","12:06","11.0","89.7672","13.0","","","2.0","","8.2","90","","14","","21.43","13.59","15.81","","","","",""
"2024-04-16","2024107","12:06","11.0","89.7672","14.0","","","1.9","","8.1","90","","13","","21.91","13.52","16.19","","","","",""
"2024-04-16","2024107","12:06","11.0","89.7672","15.0","","","2.0","","8.1","90","","13","","22.12","13.50","16.35","","","","",""
"2024-04-16","2024107","12:06","11.0","89.7672","16.0","","","2.0","","8.1","89","","13","","22.24","13.48","16.44","","","","",""
"2024-04-16","2024107","12:06","11.0","89.7672","17.0","","","2.0","","8.1","89","","13","","22.24","13.48","16.45","","","","",""
"2024-04-16","2024107","12:06","11.0","89.7672","18.0","","","1.9","","8.1","89","","13","","22.26","13.48","16.46","","","","",""
"2024-04-16","2024107","12:06","11.0","89.7672","19.0","","","1.9","","8.1","89","","13","","22.29","13.48","16.48","","","","",""
"2024-04-16","2024107","12:06","11.0","89.7672","20.0","","","1.9","","8.1","89","","13","","22.34","13.48","16.52","","","","",""
"2024-04-16","2024107","11:52","12.0","84.4458","1.0","","","2.3","","8.9","94","","12","1.38","10.15","14.82","6.93","","","","",""
"2024-04-16","2024107","11:52","12.0","84.4458","2.0","","","2.3","","8.7","93","","12","","13.66","14.49","9.67","","","","",""
"2024-04-16","2024107","11:52","12.0","84.4458","3.0","","","2.0","","8.6","93","","11","","16.03","14.28","11.53","","","","",""
"2024-04-16","2024107","11:52","12.0","84.4458","4.0","","","2.0","","8.5","92","","11","","17.12","14.15","12.39","","","","",""
"2024-04-16","2024107","11:52","12.0","84.4458","5.0","","","2.0","","8.3","91","","11","","19.34","13.86","14.15","","","","",""
"2024-04-16","2024107","11:52","12.0","84.4458","6.0","","","1.9","","8.1","90","","11","","22.58","13.46","16.71","","","","",""
"2024-04-16","2024107","11:35","13.0","78.5444","1.0","","","4.7","","9.5","100","","10","0.70","10.93","15.17","7.47","","","","",""
"2024-04-16","2024107","11:35","13.0","78.5444","2.0","3.9","0.85","4.2","","9.2","99","10.1","10","","12.04","14.90","8.36","0.24","13.64","1.64","1.42","167.70"
"2024-04-16","2024107","11:35","13.0","78.5444","3.0","","","4.0","","9.1","98","","8","","13.13","14.70","9.23","","","","",""
"2024-04-16","2024107","11:35","13.0","78.5444","4.0","","","3.5","","8.9","96","","8","","14.77","14.59","10.51","","","","",""
"2024-04-16","2024107","11:35","13.0","78.5444","5.0","","","3.2","","8.6","94","","9","","18.58","14.17","13.51","","","","",""
"2024-04-16","2024107","11:35","13.0","78.5444","6.0","","","2.7","","8.3","92","","9","","21.64","13.69","15.95","","","","",""
"2024-04-16","2024107","11:35","13.0","78.5444","7.0","2.7","0.73","2.7","","8.2","91","9.6","9","","23.55","13.37","17.47","","","","",""
"2024-04-16","2024107","11:22","14.0","74.4288","1.0","","","3.4","","9.3","99","","6","0.49","13.92","14.57","9.86","","","","",""
"2024-04-16","2024107","11:22","14.0","74.4288","2.0","","","4.5","","9.1","99","","6","","16.85","14.34","12.15","","","","",""
"2024-04-16","2024107","11:22","14.0","74.4288","3.0","","","4.9","","8.9","97","","5","","18.04","14.21","13.09","","","","",""
"2024-04-16","2024107","11:22","14.0","74.4288","4.0","","","3.7","","8.7","95","","4","","19.41","14.07","14.17","","","","",""
"2024-04-16","2024107","11:22","14.0","74.4288","5.0","","","2.8","","8.5","93","","4","","20.46","13.85","15.01","","","","",""
"2024-04-16","2024107","11:22","14.0","74.4288","6.0","","","2.5","","8.4","93","","4","","21.54","13.69","15.87","","","","",""
"2024-04-16","2024107","11:22","14.0","74.4288","7.0","","","2.6","","8.3","92","","5","","22.92","13.49","16.97","","","","",""
"2024-04-16","2024107","11:22","14.0","74.4288","8.0","","","2.5","","8.2","91","","5","","23.69","13.35","17.59","","","","",""
"2024-04-16","2024107","11:22","14.0","74.4288","9.0","","","2.4","","8.2","91","","5","","24.27","13.24","18.05","","","","",""
"2024-04-16","2024107","11:22","14.0","74.4288","10.0","","","2.4","","8.1","91","","5","","25.57","13.04","19.10","","","","",""
"2024-04-16","2024107","11:22","14.0","74.4288","11.0","","","2.4","","8.1","91","","5","","26.19","12.94","19.59","","","","",""
"2024-04-16","2024107","11:22","14.0","74.4288","12.0","","","2.9","","8.1","91","","5","","26.34","12.91","19.71","","","","",""
"2024-04-16","2024107","11:22","14.0","74.4288","13.0","","","2.6","","8.1","91","","5","","26.56","12.88","19.88","","","","",""
"2024-04-16","2024107","11:03","15.0","69.9895","1.0","","","2.5","","9.5","99","","7","0.54","10.41","14.46","7.19","","","","",""
"2024-04-16","2024107","11:03","15.0","69.9895","2.0","1.8","0.76","2.4","","9.4","99","5.6","7","","14.24","14.44","10.13","0.22","13.49","2.78","1.45","167.35"
"2024-04-16","2024107","11:03","15.0","69.9895","3.0","","","2.5","","9.4","99","","7","","15.19","14.48","10.86","","","","",""
"2024-04-16","2024107","11:03","15.0","69.9895","4.0","","","2.9","","9.4","99","","6","","15.26","14.48","10.90","","","","",""
"2024-04-16","2024107","11:03","15.0","69.9895","5.0","","","2.9","","9.0","98","","5","","16.22","14.43","11.65","","","","",""
"2024-04-16","2024107","11:03","15.0","69.9895","6.0","","","3.0","","8.5","94","","5","","19.84","13.94","14.52","","","","",""
"2024-04-16","2024107","11:03","15.0","69.9895","7.0","","","2.7","","8.4","93","","5","","21.72","13.61","16.02","","","","",""
"2024-04-16","2024107","11:03","15.0","69.9895","8.0","","","2.7","","8.4","93","","5","","21.84","13.60","16.11","","","","",""
"2024-04-16","2024107","11:03","15.0","69.9895","9.0","","","2.7","","8.4","93","","5","","21.92","13.60","16.18","","","","",""
"2024-04-16","2024107","11:03","15.0","69.9895","10.0","","","2.8","","8.3","92","","5","","22.01","13.59","16.25","","","","",""
"2024-04-16","2024107","11:03","15.0","69.9895","11.0","","","2.7","","8.3","92","","5","","22.52","13.52","16.66","","","","",""
"2024-04-16","2024107","11:03","15.0","69.9895","12.0","","","2.2","","8.3","92","","5","","23.40","13.38","17.36","","","","",""
"2024-04-16","2024107","11:03","15.0","69.9895","13.0","","","2.1","","8.2","91","","5","","23.76","13.33","17.65","","","","",""
"2024-04-16","2024107","11:03","15.0","69.9895","14.0","","","2.1","","8.2","91","","5","","24.21","13.26","18.01","","","","",""
"2024-04-16","2024107","11:03","15.0","69.9895","15.0","","","2.1","","8.1","90","","5","","24.61","13.19","18.33","","","","",""
"2024-04-16","2024107","11:03","15.0","69.9895","16.0","","","2.3","","8.1","90","","8","","25.88","12.99","19.34","","","","",""
"2024-04-16","2024107","11:03","15.0","69.9895","17.0","","","3.2","","8.1","90","","30","","26.61","12.87","19.93","","","","",""
"2024-04-16","2024107","11:03","15.0","69.9895","18.0","","","4.1","","8.1","90","","50","","26.84","12.83","20.11","","","","",""
"2024-04-16","2024107","11:03","15.0","69.9895","19.0","","","4.4","","8.0","90","","58","","26.96","12.81","20.21","","","","",""
"2024-04-16","2024107","11:03","15.0","69.9895","20.0","","","4.3","","8.0","90","","67","","27.03","12.80","20.27","","","","",""
"2024-04-16","2024107","11:03","15.0","69.9895","21.0","","","4.9","","8.0","90","","68","","27.18","12.78","20.39","","","","",""
"2024-04-16","2024107","10:44","16.0","63.0794","1.0","","","3.2","","9.0","98","","6","0.39","17.87","14.17","12.96","","","","",""
"2024-04-16","2024107","10:44","16.0","63.0794","2.0","","","3.5","","8.8","97","","5","","20.67","13.89","15.17","","","","",""
"2024-04-16","2024107","10:44","16.0","63.0794","3.0","","","4.2","","8.6","95","","5","","21.66","13.77","15.95","","","","",""
"2024-04-16","2024107","10:44","16.0","63.0794","4.0","","","3.8","","8.4","93","","4","","24.12","13.35","17.92","","","","",""
"2024-04-16","2024107","10:44","16.0","63.0794","5.0","","","3.1","","8.3","93","","4","","25.23","13.14","18.81","","","","",""
"2024-04-16","2024107","10:44","16.0","63.0794","6.0","","","2.7","","8.3","92","","4","","25.76","13.03","19.24","","","","",""
"2024-04-16","2024107","10:44","16.0","63.0794","7.0","","","2.8","","8.2","92","","4","","26.57","12.87","19.90","","","","",""
"2024-04-16","2024107","10:44","16.0","63.0794","8.0","","","3.0","","8.1","91","","4","","27.66","12.68","20.77","","","","",""
"2024-04-16","2024107","10:44","16.0","63.0794","9.0","","","3.3","","8.0","91","","4","","28.79","12.48","21.69","","","","",""
"2024-04-16","2024107","10:44","16.0","63.0794","10.0","","","3.1","","8.1","91","","5","","28.98","12.44","21.84","","","","",""
"2024-04-16","2024107","10:29","17.0","58.8909","1.0","","","3.9","","9.3","101","","5","0.45","16.07","14.46","11.53","","","","",""
"2024-04-16","2024107","10:29","17.0","58.8909","2.0","4.0","0.85","3.9","","9.3","101","","5","","16.66","14.36","12.00","","","","",""
"2024-04-16","2024107","10:29","17.0","58.8909","3.0","","","4.1","","9.2","100","","5","","17.99","14.31","13.03","","","","",""
"2024-04-16","2024107","10:29","17.0","58.8909","4.0","","","4.3","","9.2","101","","5","","18.82","14.26","13.68","","","","",""
"2024-04-16","2024107","10:29","17.0","58.8909","5.0","","","4.2","","9.3","102","","5","","20.37","14.05","14.90","","","","",""
"2024-04-16","2024107","10:29","17.0","58.8909","6.0","","","4.1","","9.4","104","","4","","20.89","13.95","15.32","","","","",""
"2024-04-16","2024107","10:29","17.0","58.8909","7.0","","","3.8","","9.5","105","","4","","21.05","13.95","15.45","","","","",""
"2024-04-16","2024107","10:29","17.0","58.8909","8.0","","","4.3","","9.0","101","","4","","23.25","13.98","17.13","","","","",""
"2024-04-16","2024107","10:29","17.0","58.8909","9.0","","","3.5","","8.9","99","","3","","23.77","13.35","17.65","","","","",""
"2024-04-16","2024107","10:06","18.0","54.9481","1.0","","","3.8","","9.4","103","","3","0.32","19.69","13.97","14.40","","","","",""
"2024-04-16","2024107","10:06","18.0","54.9481","2.0","3.5","0.85","3.6","","9.4","103","2.2","3","","20.74","13.85","15.23","0.24","10.99","1.86","1.48","106.82"
"2024-04-16","2024107","10:06","18.0","54.9481","3.0","","","4.5","","9.3","103","","3","","21.98","13.75","16.20","","","","",""
"2024-04-16","2024107","10:06","18.0","54.9481","4.0","","","4.6","","9.3","104","","2","","22.15","13.79","16.32","","","","",""
"2024-04-16","2024107","10:06","18.0","54.9481","5.0","","","4.8","","9.3","104","","2","","22.30","13.85","16.42","","","","",""
"2024-04-16","2024107","10:06","18.0","54.9481","6.0","","","4.5","","9.3","103","","2","","22.43","13.85","16.53","","","","",""
"2024-04-16","2024107","10:06","18.0","54.9481","7.0","","","4.6","","9.2","103","","2","","22.44","13.85","16.54","","","","",""
"2024-04-16","2024107","10:06","18.0","54.9481","8.0","","","4.4","","8.9","99","","2","","23.10","13.84","17.04","","","","",""
"2024-04-16","2024107","10:06","18.0","54.9481","9.0","","","3.9","","8.6","96","","2","","24.35","13.51","18.06","","","","",""
"2024-04-16","2024107","10:06","18.0","54.9481","10.0","","","3.3","","8.5","95","","3","","25.05","13.32","18.64","","","","",""
"2024-04-16","2024107","10:06","18.0","54.9481","11.0","","","2.9","","8.5","96","","3","","25.18","13.29","18.75","","","","",""
"2024-04-16","2024107","10:06","18.0","54.9481","12.0","","","3.2","","8.5","96","","3","","25.84","13.14","19.29","","","","",""
"2024-04-16","2024107","10:06","18.0","54.9481","13.0","","","3.3","","8.5","96","","2","","26.36","13.03","19.70","","","","",""
"2024-04-16","2024107","10:06","18.0","54.9481","14.0","","","3.2","","8.5","96","","2","","27.73","12.73","20.82","","","","",""
"2024-04-16","2024107","10:06","18.0","54.9481","15.0","","","3.5","","8.5","95","","3","","28.24","12.64","21.23","","","","",""
"2024-04-16","2024107","10:06","18.0","54.9481","16.0","","","4.2","","8.5","96","","3","","28.82","12.52","21.70","","","","",""
"2024-04-16","2024107","10:06","18.0","54.9481","17.0","","","4.8","","8.5","96","","3","","29.76","12.33","22.46","","","","",""
"2024-04-16","2024107","10:06","18.0","54.9481","18.0","","","5.1","","8.5","96","","3","","29.99","12.28","22.65","","","","",""
"2024-04-16","2024107","10:06","18.0","54.9481","19.0","","","5.9","","8.5","96","","2","","30.10","12.26","22.74","","","","",""
"2024-04-16","2024107","10:06","18.0","54.9481","20.0","","","6.9","","8.5","96","","2","","30.26","12.23","22.87","","","","",""
"2024-04-16","2024107","10:06","18.0","54.9481","21.0","","","6.1","","8.5","96","","2","","30.57","12.17","23.12","","","","",""
"2024-04-16","2024107","10:06","18.0","54.9481","22.0","","","5.7","","8.5","96","","3","","30.66","12.15","23.19","","","","",""
"2024-04-16","2024107","10:06","18.0","54.9481","23.0","","","6.0","","8.5","97","","3","","30.90","12.10","23.38","","","","",""
"2024-04-16","2024107","10:06","18.0","54.9481","24.0","","","5.9","","8.6","97","","6","","31.34","11.99","23.75","","","","",""
"2024-04-16","2024107","10:06","18.0","54.9481","25.0","","","7.9","","8.6","97","","9","","31.45","11.96","23.84","","","","",""
"2024-04-16","2024107","10:06","18.0","54.9481","26.0","","","9.2","","8.6","97","","9","","31.48","11.95","23.87","","","","",""
"2024-04-16","2024107","10:06","18.0","54.9481","27.0","","","8.4","","8.6","97","","10","","31.52","11.94","23.90","","","","",""
"2024-04-16","2024107","10:06","18.0","54.9481","28.0","","","7.7","","8.6","98","","11","","31.56","11.93","23.93","","","","",""
"2024-04-16","2024107","10:06","18.0","54.9481","29.0","","","8.6","","8.6","98","","10","","31.60","11.92","23.97","","","","",""
"2024-04-16","2024107","10:06","18.0","54.9481","30.0","","","8.7","","8.6","98","","10","","31.60","11.92","23.96","","","","",""
"2024-04-16","2024107","10:06","18.0","54.9481","31.0","","","7.7","","8.6","98","","9","","31.60","11.92","23.97","","","","",""
"2024-04-16","2024107","10:06","18.0","54.9481","32.0","","","6.8","","8.6","98","","8","","31.65","11.91","24.00","","","","",""
"2024-04-16","2024107","10:06","18.0","54.9481","33.0","","","7.7","","8.6","97","","7","","31.65","11.91","24.01","","","","",""
"2024-04-16","2024107","10:06","18.0","54.9481","34.0","","","7.3","","8.6","97","","7","","31.68","11.90","24.03","","","","",""
"2024-04-16","2024107","10:06","18.0","54.9481","35.0","","","7.9","","8.6","97","","7","","31.69","11.90","24.04","","","","",""
"2024-04-16","2024107","10:06","18.0","54.9481","36.0","7.6","0.61","7.9","","8.6","97","6.6","6","","31.68","11.90","24.03","","","","",""
"2024-04-16","2024107","9:53","20.0","51.4501","1.0","","","4.1","","8.8","99","","2","0.44","23.42","13.83","17.29","","","","",""
"2024-04-16","2024107","9:53","20.0","51.4501","2.0","4.7","0.88","4.6","","8.8","99","","2","","23.71","13.82","17.52","","","","",""
"2024-04-16","2024107","9:53","20.0","51.4501","3.0","","","4.5","","8.7","97","","2","","23.89","13.79","17.66","","","","",""
"2024-04-16","2024107","9:53","20.0","51.4501","4.0","","","4.2","","8.6","97","","2","","24.64","13.61","18.27","","","","",""
"2024-04-16","2024107","9:53","20.0","51.4501","5.0","","","4.9","","8.6","97","","2","","27.30","12.91","20.46","","","","",""
"2024-04-16","2024107","9:53","20.0","51.4501","6.0","","","6.3","","8.6","97","","2","","28.12","12.71","21.13","","","","",""
"2024-04-16","2024107","9:53","20.0","51.4501","7.0","","","5.0","","8.6","97","","2","","28.31","12.67","21.28","","","","",""
"2024-04-16","2024107","9:53","20.0","51.4501","8.0","","","5.4","","8.6","96","","2","","28.48","12.64","21.42","","","","",""
"2024-04-16","2024107","9:53","20.0","51.4501","9.0","","","4.8","","8.5","96","","2","","28.80","12.56","21.68","","","","",""
"2024-04-16","2024107","9:53","20.0","51.4501","10.0","","","4.8","","8.5","96","","2","","28.98","12.52","21.83","","","","",""
"2024-04-16","2024107","9:53","20.0","51.4501","11.0","","","4.6","","8.5","95","","2","","29.29","12.46","22.07","","","","",""
"2024-04-16","2024107","9:53","20.0","51.4501","12.0","","","5.2","","8.4","95","","2","","29.52","12.41","22.26","","","","",""
"2024-04-16","2024107","9:53","20.0","51.4501","13.0","","","5.9","","8.4","95","","2","","29.66","12.39","22.37","","","","",""
"2024-04-16","2024107","9:53","20.0","51.4501","14.0","","","5.1","","8.4","95","","3","","29.73","12.38","22.43","","","","",""
"2024-04-16","2024107","9:53","20.0","51.4501","15.0","","","5.5","","8.4","95","","3","","29.75","12.38","22.45","","","","",""
"2024-04-16","2024107","9:53","20.0","51.4501","16.0","","","5.1","","8.5","96","","3","","29.79","12.36","22.48","","","","",""
"2024-04-16","2024107","9:53","20.0","51.4501","17.0","","","5.3","","8.5","96","","3","","29.82","12.36","22.50","","","","",""
"2024-04-16","2024107","9:53","20.0","51.4501","18.0","","","5.9","","8.5","96","","2","","29.85","12.36","22.52","","","","",""
"2024-04-16","2024107","9:53","20.0","51.4501","19.0","","","6.6","","8.5","96","","2","","29.89","12.35","22.56","","","","",""
"2024-04-16","2024107","9:53","20.0","51.4501","20.0","","","5.7","","8.5","96","","2","","29.95","12.33","22.61","","","","",""
"2024-04-16","2024107","9:53","20.0","51.4501","21.0","","","4.8","","8.5","96","","2","","29.96","12.33","22.62","","","","",""
"2024-04-16","2024107","9:53","20.0","51.4501","22.0","","","5.7","","8.5","96","","3","","30.00","12.33","22.65","","","","",""
"2024-04-16","2024107","9:53","20.0","51.4501","23.0","","","7.5","","8.5","96","","3","","30.04","12.32","22.68","","","","",""
"2024-04-16","2024107","9:40","21.0","46.6266","1.0","","","4.9","","9.0","101","","2","0.28","22.69","13.99","16.70","","","","",""
"2024-04-16","2024107","9:40","21.0","46.6266","2.0","5.6","0.89","5.6","","8.9","100","","2","","23.00","14.03","16.93","","","","",""
"2024-04-16","2024107","9:40","21.0","46.6266","3.0","","","5.8","","8.8","99","","2","","23.10","13.94","17.02","","","","",""
"2024-04-16","2024107","9:40","21.0","46.6266","4.0","","","4.8","","8.8","98","","2","","23.38","13.85","17.26","","","","",""
"2024-04-16","2024107","9:40","21.0","46.6266","5.0","","","3.4","","8.6","97","","2","","23.62","13.90","17.43","","","","",""
"2024-04-16","2024107","9:40","21.0","46.6266","6.0","","","2.8","","8.5","96","","2","","23.95","13.81","17.70","","","","",""
"2024-04-16","2024107","9:40","21.0","46.6266","7.0","","","2.7","","8.4","94","","2","","24.43","13.68","18.10","","","","",""
"2024-04-16","2024107","9:40","21.0","46.6266","8.0","","","2.7","","8.4","94","","2","","24.96","13.53","18.54","","","","",""
"2024-04-16","2024107","9:40","21.0","46.6266","9.0","","","3.5","","8.4","94","","2","","25.65","13.34","19.10","","","","",""
"2024-04-16","2024107","9:40","21.0","46.6266","10.0","","","3.6","","8.4","95","","3","","26.29","13.15","19.63","","","","",""
"2024-04-16","2024107","9:40","21.0","46.6266","11.0","","","3.6","","8.5","95","","3","","26.78","13.01","20.03","","","","",""
"2024-04-16","2024107","9:40","21.0","46.6266","12.0","","","3.9","","8.5","96","","2","","27.80","12.79","20.86","","","","",""
"2024-04-16","2024107","9:40","21.0","46.6266","13.0","","","5.3","","8.5","96","","2","","28.61","12.62","21.52","","","","",""
"2024-04-16","2024107","9:40","21.0","46.6266","14.0","","","6.5","","8.5","96","","2","","28.70","12.60","21.59","","","","",""
"2024-04-16","2024107","9:40","21.0","46.6266","15.0","","","5.0","","8.5","96","","2","","29.19","12.51","21.99","","","","",""
"2024-04-16","2024107","9:40","21.0","46.6266","16.0","","","7.0","","8.5","96","","3","","29.31","12.49","22.09","","","","",""
"2024-04-16","2024107","9:31","22.0","43.9210","1.0","","","4.3","","9.2","102","","2","0.28","22.56","13.93","16.61","","","","",""
"2024-04-16","2024107","9:31","22.0","43.9210","2.0","5.1","0.89","4.9","","9.0","101","2.1","2","","22.83","13.94","16.82","0.27","9.57","3.07","1.40","71.21"
"2024-04-16","2024107","9:31","22.0","43.9210","3.0","","","5.2","","8.7","98","","2","","23.46","14.02","17.29","","","","",""
"2024-04-16","2024107","9:31","22.0","43.9210","4.0","","","4.6","","8.6","96","","2","","24.18","13.63","17.91","","","","",""
"2024-04-16","2024107","9:31","22.0","43.9210","5.0","","","3.9","","8.4","95","","2","","24.64","13.52","18.29","","","","",""
"2024-04-16","2024107","9:31","22.0","43.9210","6.0","","","3.1","","8.4","94","","2","","25.13","13.37","18.70","","","","",""
"2024-04-16","2024107","9:31","22.0","43.9210","7.0","","","3.0","","8.4","94","","2","","25.65","13.25","19.12","","","","",""
"2024-04-16","2024107","9:31","22.0","43.9210","8.0","","","3.3","","8.4","94","","2","","26.07","13.16","19.45","","","","",""
"2024-04-16","2024107","9:31","22.0","43.9210","9.0","","","3.4","","8.5","95","","2","","26.97","12.96","20.19","","","","",""
"2024-04-16","2024107","9:31","22.0","43.9210","10.0","","","3.7","","8.5","95","","2","","27.76","12.80","20.82","","","","",""
"2024-04-16","2024107","9:31","22.0","43.9210","11.0","","","3.9","","8.5","95","","2","","27.95","12.76","20.99","","","","",""
"2024-04-16","2024107","9:31","22.0","43.9210","12.0","","","4.3","","8.4","95","","2","","28.08","12.73","21.09","","","","",""
"2024-04-16","2024107","9:31","22.0","43.9210","13.0","","","4.8","","8.4","94","","2","","28.20","12.70","21.18","","","","",""
"2024-04-16","2024107","9:31","22.0","43.9210","14.0","","","4.8","","8.3","94","","2","","28.31","12.68","21.28","","","","",""
"2024-04-16","2024107","9:31","22.0","43.9210","15.0","","","4.8","","8.3","94","","2","","28.34","12.68","21.30","","","","",""
"2024-04-16","2024107","9:31","22.0","43.9210","16.0","","","4.9","","8.3","94","","2","","28.37","12.67","21.32","","","","",""
"2024-04-16","2024107","9:31","22.0","43.9210","17.0","5.2","0.74","4.9","","8.3","94","2.9","3","","28.51","12.64","21.44","","","","",""
"2024-04-16","2024107","9:18","23.0","39.6557","1.0","","","4.6","","9.2","103","","2","0.33","22.22","14.04","16.33","","","","",""
"2024-04-16","2024107","9:18","23.0","39.6557","2.0","","","4.9","","9.2","103","","2","","22.28","14.09","16.36","","","","",""
"2024-04-16","2024107","9:18","23.0","39.6557","3.0","","","5.2","","9.2","103","","2","","22.34","14.10","16.41","","","","",""
"2024-04-16","2024107","9:18","23.0","39.6557","4.0","","","5.7","","9.0","101","","2","","22.53","14.20","16.54","","","","",""
"2024-04-16","2024107","9:18","23.0","39.6557","5.0","","","5.4","","8.9","99","","2","","22.65","14.03","16.66","","","","",""
"2024-04-16","2024107","9:18","23.0","39.6557","6.0","","","4.7","","8.6","97","","2","","23.30","13.89","17.19","","","","",""
"2024-04-16","2024107","9:18","23.0","39.6557","7.0","","","3.6","","8.5","95","","2","","23.90","13.79","17.67","","","","",""
"2024-04-16","2024107","9:18","23.0","39.6557","8.0","","","3.0","","8.4","94","","2","","24.39","13.68","18.07","","","","",""
"2024-04-16","2024107","9:18","23.0","39.6557","9.0","","","2.9","","8.3","93","","2","","24.64","13.60","18.28","","","","",""
"2024-04-16","2024107","9:18","23.0","39.6557","10.0","","","2.5","","8.2","92","","2","","25.15","13.42","18.70","","","","",""
"2024-04-16","2024107","9:18","23.0","39.6557","11.0","","","2.5","","8.2","92","","2","","25.35","13.35","18.87","","","","",""
"2024-04-16","2024107","9:18","23.0","39.6557","12.0","","","2.7","","8.2","92","","3","","25.51","13.30","19.00","","","","",""
"2024-04-16","2024107","9:18","23.0","39.6557","13.0","","","2.5","","8.2","92","","3","","25.70","13.28","19.15","","","","",""
"2024-04-16","2024107","9:18","23.0","39.6557","14.0","","","2.3","","8.2","92","","3","","25.97","13.23","19.37","","","","",""
"2024-04-16","2024107","9:07","24.0","37.0911","1.0","","","4.6","","9.2","102","","2","0.36","21.59","13.75","15.90","","","","",""
"2024-04-16","2024107","9:07","24.0","37.0911","2.0","4.5","0.87","4.8","","9.2","101","1.2","2","","21.75","13.80","16.01","0.24","10.42","1.71","1.49","80.47"
"2024-04-16","2024107","9:07","24.0","37.0911","3.0","","","5.3","","8.9","99","","2","","22.11","13.93","16.26","","","","",""
"2024-04-16","2024107","9:07","24.0","37.0911","4.0","","","4.4","","8.6","96","","2","","23.14","13.98","17.05","","","","",""
"2024-04-16","2024107","9:07","24.0","37.0911","5.0","","","3.2","","8.4","94","","2","","23.90","13.85","17.66","","","","",""
"2024-04-16","2024107","9:07","24.0","37.0911","6.0","","","2.7","","8.3","93","","2","","24.31","13.79","17.98","","","","",""
"2024-04-16","2024107","9:07","24.0","37.0911","7.0","","","2.7","","8.2","92","","2","","24.53","13.72","18.17","","","","",""
"2024-04-16","2024107","9:07","24.0","37.0911","8.0","","","2.6","","8.2","92","","3","","24.67","13.67","18.28","","","","",""
"2024-04-16","2024107","9:07","24.0","37.0911","9.0","2.2","0.72","2.5","","8.2","92","3.5","3","","24.71","13.65","18.32","","","","",""
"2024-04-16","2024107","8:56","25.0","32.8382","1.0","","","5.5","","9.4","106","","2","0.37","22.40","14.53","16.37","","","","",""
"2024-04-16","2024107","8:56","25.0","32.8382","2.0","","","5.8","","9.3","105","","2","","22.64","14.57","16.55","","","","",""
"2024-04-16","2024107","8:56","25.0","32.8382","3.0","","","5.3","","9.4","107","","2","","22.85","14.60","16.71","","","","",""
"2024-04-16","2024107","8:56","25.0","32.8382","4.0","","","5.4","","9.4","107","","2","","22.95","14.63","16.78","","","","",""
"2024-04-16","2024107","8:56","25.0","32.8382","5.0","","","5.3","","8.9","102","","2","","23.08","14.63","16.88","","","","",""
"2024-04-16","2024107","8:56","25.0","32.8382","6.0","","","4.6","","8.6","98","","2","","23.51","14.39","17.26","","","","",""
"2024-04-16","2024107","8:56","25.0","32.8382","7.0","","","3.3","","8.5","96","","3","","23.70","14.27","17.42","","","","",""
"2024-04-16","2024107","8:44","26.0","28.7560","1.0","","","4.4","","9.8","110","","2","0.50","22.23","14.23","16.30","","","","",""
"2024-04-16","2024107","8:44","26.0","28.7560","2.0","","","5.3","","9.8","111","","2","","22.59","14.55","16.52","","","","",""
"2024-04-16","2024107","8:44","26.0","28.7560","3.0","","","5.8","","9.7","110","","2","","22.68","14.66","16.57","","","","",""
"2024-04-16","2024107","8:44","26.0","28.7560","4.0","","","5.6","","9.7","110","","2","","22.71","14.68","16.58","","","","",""
"2024-04-16","2024107","8:44","26.0","28.7560","5.0","","","5.4","","9.7","110","","2","","22.73","14.65","16.61","","","","",""
"2024-04-16","2024107","8:44","26.0","28.7560","6.0","","","5.4","","9.7","110","","2","","22.76","14.60","16.64","","","","",""
"2024-04-16","2024107","8:44","26.0","28.7560","7.0","","","5.6","","9.7","110","","2","","22.80","14.55","16.68","","","","",""
"2024-04-16","2024107","8:44","26.0","28.7560","8.0","","","5.3","","9.7","109","","2","","22.87","14.52","16.74","","","","",""
"2024-04-16","2024107","8:44","26.0","28.7560","9.0","","","5.3","","9.6","109","","2","","22.94","14.49","16.80","","","","",""
"2024-04-16","2024107","8:34","27.0","26.1872","1.0","","","6.1","","9.8","111","","2","0.43","22.33","15.04","16.22","","","","",""
"2024-04-16","2024107","8:34","27.0","26.1872","2.0","6.5","0.89","6.3","","9.7","111","2.4","2","","22.33","15.02","16.22","0.08","1.21","","1.32","37.39"
"2024-04-16","2024107","8:34","27.0","26.1872","3.0","","","6.3","","9.7","111","","2","","22.33","15.01","16.23","","","","",""
"2024-04-16","2024107","8:34","27.0","26.1872","4.0","","","6.3","","9.7","111","","2","","22.35","15.01","16.25","","","","",""
"2024-04-16","2024107","8:34","27.0","26.1872","5.0","","","6.2","","9.7","111","","2","","22.39","15.02","16.27","","","","",""
"2024-04-16","2024107","8:34","27.0","26.1872","6.0","","","5.9","","9.7","110","","2","","22.44","15.01","16.31","","","","",""
"2024-04-16","2024107","8:34","27.0","26.1872","7.0","","","5.7","","9.7","110","","2","","22.49","14.92","16.37","","","","",""
"2024-04-16","2024107","8:34","27.0","26.1872","8.0","","","5.3","","9.7","110","","2","","22.59","14.86","16.45","","","","",""
"2024-04-16","2024107","8:34","27.0","26.1872","9.0","","","5.3","","9.7","110","","2","","22.62","14.83","16.48","","","","",""
"2024-04-16","2024107","8:34","27.0","26.1872","10.0","4.7","0.87","5.2","","9.6","110","1.4","2","","22.63","14.83","16.49","","","","",""
"2024-04-16","2024107","8:25","28.0","23.5695","1.0","","","8.1","","9.9","113","","2","0.39","21.90","15.18","15.87","","","","",""
"2024-04-16","2024107","8:25","28.0","23.5695","2.0","","","7.8","","9.9","113","","2","","21.91","15.16","15.88","","","","",""
"2024-04-16","2024107","8:25","28.0","23.5695","3.0","","","6.8","","9.8","112","","2","","21.91","15.16","15.88","","","","",""
"2024-04-16","2024107","8:25","28.0","23.5695","4.0","","","6.7","","9.7","111","","2","","21.98","15.13","15.93","","","","",""
"2024-04-16","2024107","8:25","28.0","23.5695","5.0","","","4.9","","9.6","110","","2","","22.02","15.12","15.97","","","","",""
"2024-04-16","2024107","8:25","28.0","23.5695","6.0","","","4.6","","9.6","109","","2","","22.09","15.08","16.03","","","","",""
"2024-04-16","2024107","8:25","28.0","23.5695","7.0","","","4.1","","9.6","109","","2","","22.19","15.01","16.12","","","","",""
"2024-04-16","2024107","8:25","28.0","23.5695","8.0","","","4.9","","9.6","109","","3","","22.30","15.00","16.21","","","","",""
"2024-04-16","2024107","8:25","28.0","23.5695","9.0","","","5.1","","9.6","110","","2","","22.43","14.97","16.31","","","","",""
"2024-04-16","2024107","8:25","28.0","23.5695","10.0","","","4.8","","9.6","110","","2","","22.51","14.93","16.38","","","","",""
"2024-04-16","2024107","8:25","28.0","23.5695","11.0","","","4.3","","9.6","110","","2","","22.60","14.90","16.45","","","","",""
"2024-04-16","2024107","8:15","29.0","20.2526","1.0","","","9.1","","10.0","115","","2","0.48","21.63","15.25","15.64","","","","",""
"2024-04-16","2024107","8:15","29.0","20.2526","2.0","","","7.1","","10.0","115","","2","","21.63","15.25","15.64","","","","",""
"2024-04-16","2024107","8:15","29.0","20.2526","3.0","","","8.0","","10.1","115","","2","","21.63","15.24","15.65","","","","",""
"2024-04-16","2024107","8:15","29.0","20.2526","4.0","","","7.9","","10.0","115","","2","","21.64","15.26","15.65","","","","",""
"2024-04-16","2024107","8:15","29.0","20.2526","5.0","","","6.7","","10.0","114","","2","","21.66","15.29","15.66","","","","",""
"2024-04-16","2024107","8:15","29.0","20.2526","6.0","","","5.9","","9.9","114","","2","","21.70","15.32","15.68","","","","",""
"2024-04-16","2024107","8:15","29.0","20.2526","7.0","","","5.4","","9.9","113","","2","","21.73","15.31","15.71","","","","",""
"2024-04-16","2024107","8:15","29.0","20.2526","8.0","","","4.8","","9.8","112","","2","","21.77","15.27","15.74","","","","",""
"2024-04-16","2024107","8:15","29.0","20.2526","9.0","","","3.4","","9.7","111","","2","","21.85","15.22","15.81","","","","",""
"2024-04-16","2024107","8:15","29.0","20.2526","10.0","","","3.4","","9.7","111","","3","","21.90","15.19","15.87","","","","",""
"2024-04-16","2024107","8:15","29.0","20.2526","11.0","","","3.7","","9.7","110","","2","","21.93","15.19","15.88","","","","",""
"2024-04-16","2024107","8:15","29.0","20.2526","12.0","","","3.2","","9.6","110","","2","","21.97","15.20","15.91","","","","",""
"2024-04-16","2024107","8:15","29.0","20.2526","13.0","","","3.7","","9.6","110","","2","","22.00","15.16","15.95","","","","",""
"2024-04-16","2024107","8:00","30.0","14.7543","1.0","","","8.8","","9.6","109","","2","0.49","20.81","15.08","15.05","","","","",""
"2024-04-16","2024107","8:00","30.0","14.7543","2.0","8.1","0.90","7.7","","9.6","108","1.5","2","","20.83","15.08","15.06","0.19","3.61","1.07","1.83","47.36"
"2024-04-16","2024107","8:00","30.0","14.7543","3.0","","","7.2","","9.5","108","","3","","20.89","15.08","15.11","","","","",""
"2024-04-16","2024107","8:00","30.0","14.7543","4.0","","","6.2","","9.5","108","","3","","20.96","15.05","15.17","","","","",""
"2024-04-16","2024107","8:00","30.0","14.7543","5.0","","","5.5","","9.6","108","","3","","21.04","15.03","15.24","","","","",""
"2024-04-16","2024107","8:00","30.0","14.7543","6.0","","","4.7","","9.6","109","","3","","21.25","15.08","15.39","","","","",""
"2024-04-16","2024107","8:00","30.0","14.7543","7.0","","","4.5","","9.6","109","","3","","21.34","15.16","15.44","","","","",""
"2024-04-16","2024107","8:00","30.0","14.7543","8.0","","","4.5","","9.6","109","","3","","21.34","15.16","15.44","","","","",""
"2024-04-16","2024107","8:00","30.0","14.7543","9.0","","","4.5","","9.6","109","","3","","21.34","15.17","15.44","","","","",""
"2024-04-16","2024107","8:00","30.0","14.7543","10.0","5.1","0.88","5.1","","9.6","109","3.0","3","","21.35","15.19","15.44","","","","",""
"2024-04-16","2024107","7:46","31.0","10.6065","1.0","","","7.7","","9.3","105","","2","0.57","20.28","15.18","14.63","","","","",""
"2024-04-16","2024107","7:46","31.0","10.6065","2.0","","","7.1","","9.3","105","","3","","20.29","15.18","14.63","","","","",""
"2024-04-16","2024107","7:46","31.0","10.6065","3.0","","","6.7","","9.2","104","","3","","20.29","15.19","14.63","","","","",""
"2024-04-16","2024107","7:46","31.0","10.6065","4.0","","","6.8","","9.2","105","","3","","20.30","15.19","14.63","","","","",""
"2024-04-16","2024107","7:46","31.0","10.6065","5.0","","","6.4","","9.3","105","","3","","20.30","15.19","14.64","","","","",""
"2024-04-16","2024107","7:46","31.0","10.6065","6.0","","","5.1","","9.2","104","","3","","20.30","15.20","14.64","","","","",""
"2024-04-16","2024107","7:46","31.0","10.6065","7.0","","","4.7","","9.2","104","","3","","20.31","15.20","14.64","","","","",""
"2024-04-16","2024107","7:46","31.0","10.6065","8.0","","","5.4","","9.1","103","","3","","20.31","15.21","14.64","","","","",""
"2024-04-16","2024107","7:46","31.0","10.6065","9.0","","","5.4","","9.1","103","","3","","20.31","15.21","14.64","","","","",""
"2024-04-16","2024107","7:46","31.0","10.6065","10.0","","","5.1","","9.0","102","","3","","20.32","15.21","14.65","","","","",""
"2024-04-16","2024107","7:46","31.0","10.6065","11.0","","","5.4","","8.9","100","","3","","20.32","15.22","14.64","","","","",""
"2024-04-16","2024107","7:36","32.0","8.1507","1.0","","","7.0","","9.3","105","","3","0.65","19.55","15.46","14.01","","","","",""
"2024-04-16","2024107","7:36","32.0","8.1507","2.0","6.0","0.86","5.9","","9.3","105","","3","","19.63","15.44","14.07","0.40","8.78","1.64","3.13","55.90"
"2024-04-16","2024107","7:36","32.0","8.1507","3.0","","","5.6","","9.2","104","","3","","19.88","15.42","14.27","","","","",""
"2024-04-16","2024107","7:36","32.0","8.1507","4.0","","","5.3","","9.2","105","","3","","20.18","15.34","14.52","","","","",""
"2024-04-16","2024107","7:36","32.0","8.1507","5.0","","","4.3","","9.3","105","","3","","20.39","15.30","14.68","","","","",""
"2024-04-16","2024107","7:36","32.0","8.1507","6.0","","","4.7","","9.2","104","","3","","20.53","15.27","14.79","","","","",""
"2024-04-16","2024107","7:36","32.0","8.1507","7.0","","","4.6","","9.2","104","","3","","20.57","15.25","14.83","","","","",""
"2024-04-16","2024107","7:36","32.0","8.1507","8.0","","","4.3","","9.1","103","","3","","20.64","15.23","14.89","","","","",""
"2024-04-16","2024107","7:36","32.0","8.1507","9.0","","","4.1","","9.1","103","","3","","20.70","15.20","14.94","","","","",""
"2024-04-16","2024107","7:36","32.0","8.1507","10.0","","","4.1","","9.0","102","","3","","20.70","15.20","14.94","","","","",""
"2024-04-16","2024107","7:36","32.0","8.1507","11.0","","","4.1","","8.5","97","","3","","20.70","15.20","14.94","","","","",""
"2024-04-16","2024107","7:36","32.0","8.1507","12.0","4.8","0.88","4.3","","8.5","97","","3","","20.61","15.26","14.86","","","","",""
"2024-04-16","2024107","7:28","33.0","6.8085","1.0","","","8.1","","9.3","105","","4","0.73","18.68","15.61","13.31","","","","",""
"2024-04-16","2024107","7:28","33.0","6.8085","2.0","","","7.4","","9.3","105","3.9","4","","18.87","15.62","13.46","","","","",""
"2024-04-16","2024107","7:28","33.0","6.8085","3.0","","","6.0","","9.3","105","","4","","19.10","15.58","13.64","","","","",""
"2024-04-16","2024107","7:28","33.0","6.8085","4.0","","","5.5","","9.3","105","","3","","19.26","15.54","13.77","","","","",""
"2024-04-16","2024107","7:28","33.0","6.8085","5.0","","","5.8","","9.3","105","","3","","19.44","15.56","13.90","","","","",""
"2024-04-16","2024107","7:28","33.0","6.8085","6.0","","","5.9","","9.2","104","","4","","19.59","15.50","14.03","","","","",""
"2024-04-16","2024107","7:28","33.0","6.8085","7.0","","","4.9","","9.2","104","","3","","19.84","15.42","14.24","","","","",""
"2024-04-16","2024107","7:28","33.0","6.8085","8.0","","","3.8","","9.3","105","","3","","20.17","15.36","14.50","","","","",""
"2024-04-16","2024107","7:28","33.0","6.8085","9.0","","","4.1","","9.3","105","","3","","20.21","15.36","14.53","","","","",""
"2024-04-16","2024107","7:28","33.0","6.8085","10.0","","","4.0","","9.3","105","","3","","20.21","15.36","14.54","","","","",""
"2024-04-16","2024107","7:28","33.0","6.8085","11.0","","","4.1","","9.2","105","","3","","20.27","15.34","14.58","","","","",""
"2024-04-16","2024107","7:28","33.0","6.8085","12.0","","","3.7","","9.2","105","","3","","20.33","15.32","14.64","","","","",""
"2024-04-16","2024107","7:18","34.0","3.5290","1.0","","","7.9","","9.0","102","","5","0.92","18.71","15.73","13.32","","","","",""
"2024-04-16","2024107","7:18","34.0","3.5290","2.0","5.0","0.85","5.3","","9.0","101","4.5","5","","19.50","15.48","13.97","","","","",""
"2024-04-16","2024107","7:18","34.0","3.5290","3.0","","","4.0","","9.0","101","","5","","19.81","15.39","14.22","","","","",""
"2024-04-16","2024107","7:18","34.0","3.5290","4.0","","","4.1","","9.0","101","","5","","19.88","15.37","14.28","","","","",""
"2024-04-16","2024107","7:18","34.0","3.5290","5.0","","","3.4","","9.0","101","","5","","19.90","15.36","14.30","","","","",""
"2024-04-16","2024107","7:18","34.0","3.5290","6.0","3.6","0.78","3.7","","9.0","101","","5","","19.95","15.35","14.34","","","","",""
"2024-04-16","2024107","7:08","35.0","1.6576","1.0","","","5.9","","8.8","98","","6","0.95","18.04","15.14","12.91","","","","",""
"2024-04-16","2024107","7:08","35.0","1.6576","2.0","4.5","0.83","4.8","","8.8","99","3.9","6","","18.31","15.23","13.11","","","","",""
"2024-04-16","2024107","7:08","35.0","1.6576","3.0","","","3.9","","8.8","99","","6","","18.51","15.34","13.24","","","","",""
"2024-04-16","2024107","7:08","35.0","1.6576","4.0","","","3.5","","8.8","99","","6","","18.55","15.36","13.26","","","","",""
"2024-04-16","2024107","7:08","35.0","1.6576","5.0","","","3.2","","8.8","99","","6","","18.60","15.38","13.29","","","","",""
"2024-04-16","2024107","7:08","35.0","1.6576","6.0","","","3.0","","8.8","99","","6","","18.63","15.38","13.32","","","","",""
"2024-04-16","2024107","7:08","35.0","1.6576","7.0","","","2.8","","8.8","99","","6","","18.67","15.39","13.35","","","","",""
"2024-04-16","2024107","7:08","35.0","1.6576","8.0","","","2.6","","8.8","99","","6","","18.70","15.40","13.37","","","","",""
"2024-04-16","2024107","7:00","36.0","0.0000","1.0","","","2.1","","8.4","93","","8","1.20","17.66","14.86","12.68","","","","",""
"2024-04-16","2024107","7:00","36.0","0.0000","2.0","1.9","0.67","1.7","","8.4","93","8.2","8","","17.84","14.92","12.80","0.73","19.56","3.78","4.45","72.99"
"2024-04-16","2024107","7:00","36.0","0.0000","3.0","","","1.7","","8.4","93","","8","","17.90","14.94","12.85","","","","",""
"2024-04-16","2024107","7:00","36.0","0.0000","4.0","","","1.7","","8.4","94","","8","","17.93","14.96","12.86","","","","",""
"2024-04-16","2024107","7:00","36.0","0.0000","5.0","1.9","0.67","1.8","","8.4","94","9.2","8","","17.93","14.96","12.87","","","","",""
"2024-04-16","2024107","14:43","649.0","132.9388","1.0","","","2.2","","9.7","98","","11","1.28","0.07","15.49","","","","","",""
"2024-04-16","2024107","14:43","649.0","132.9388","2.0","2.4","0.72","2.3","","9.7","98","9.7","11","","0.07","15.47","","0.06","12.21","1.21","0.92","257.78"
"2024-04-16","2024107","14:43","649.0","132.9388","3.0","","","2.3","","9.7","98","","13","","0.07","15.46","","","","","",""
"2024-04-16","2024107","14:43","649.0","132.9388","4.0","","","2.2","","9.7","98","","13","","0.07","15.46","","","","","",""
"2024-04-16","2024107","14:43","649.0","132.9388","5.0","","","2.2","","9.7","98","","14","","0.07","15.46","","","","","",""
"2024-04-16","2024107","14:43","649.0","132.9388","6.0","","","2.2","","9.7","98","","14","","0.07","15.46","","","","","",""
"2024-04-16","2024107","14:43","649.0","132.9388","7.0","","","2.2","","9.7","98","","13","","0.07","15.46","","","","","",""
"2024-04-16","2024107","14:43","649.0","132.9388","8.0","","","2.2","","9.7","98","","14","","0.07","15.46","","","","","",""
"2024-04-16","2024107","14:43","649.0","132.9388","9.0","2.5","0.67","2.2","","9.7","98","15.3","14","","0.07","15.46","","","","","",""
"2024-04-16","2024107","15:30","657.0","147.2548","1.0","","","1.9","","9.9","99","","12","1.16","0.06","15.03","","","","","",""
"2024-04-16","2024107","15:30","657.0","147.2548","2.0","2.0","0.59","2.1","","9.9","99","12.6","12","","0.06","15.03","","0.06","11.35","1.00","0.81","255.29"
"2024-04-16","2024107","15:30","657.0","147.2548","3.0","","","2.2","","9.9","99","","16","","0.06","15.03","","","","","",""
"2024-04-16","2024107","15:30","657.0","147.2548","4.0","","","2.2","","9.9","99","","16","","0.06","15.03","","","","","",""
"2024-04-16","2024107","15:30","657.0","147.2548","5.0","","","2.2","","9.9","99","","17","","0.06","15.03","","","","","",""
"2024-04-16","2024107","15:30","657.0","147.2548","6.0","","","2.2","","9.9","99","","17","","0.06","15.03","","","","","",""
"2024-04-16","2024107","15:30","657.0","147.2548","7.0","","","2.2","","9.9","99","","17","","0.06","15.03","","","","","",""
"2024-04-16","2024107","15:30","657.0","147.2548","8.0","2.1","0.61","2.2","","9.9","99","14.6","17","","0.06","15.04","","","","","",""
"2024-04-30","2024121","10:40","18.0","54.9481","1.0","","","2.8","","7.9","90","","25","1.75","24.00","14.59","17.59","","","","",""
"2024-04-30","2024121","10:40","18.0","54.9481","2.0","4.2","0.51","3.7","","7.9","90","28.3","25","","24.26","14.52","17.81","0.24","9.00","2.71","1.35","73.70"
"2024-04-30","2024121","10:40","18.0","54.9481","3.0","","","4.3","","7.9","90","","27","","24.42","14.48","17.94","","","","",""
"2024-04-30","2024121","10:40","18.0","54.9481","4.0","","","4.5","","7.9","90","","28","","24.44","14.48","17.95","","","","",""
"2024-04-30","2024121","10:40","18.0","54.9481","5.0","","","4.8","","7.9","90","","30","","24.47","14.48","17.97","","","","",""
"2024-04-30","2024121","10:40","18.0","54.9481","6.0","","","4.9","","7.9","90","","30","","24.59","14.45","18.07","","","","",""
"2024-04-30","2024121","10:40","18.0","54.9481","7.0","","","5.0","","7.9","90","","29","","24.82","14.40","18.26","","","","",""
"2024-04-30","2024121","10:40","18.0","54.9481","8.0","","","5.2","","7.9","90","","29","","24.88","14.39","18.31","","","","",""
"2024-04-30","2024121","10:40","18.0","54.9481","9.0","","","5.0","","7.9","90","","28","","24.86","14.39","18.30","","","","",""
"2024-04-30","2024121","10:40","18.0","54.9481","10.0","","","4.9","","7.9","90","","29","","25.02","14.36","18.42","","","","",""
"2024-04-30","2024121","10:40","18.0","54.9481","11.0","","","5.2","","7.9","90","","28","","25.02","14.35","18.42","","","","",""
"2024-04-30","2024121","10:40","18.0","54.9481","12.0","","","5.1","","7.9","90","","27","","25.38","14.27","18.71","","","","",""
"2024-04-30","2024121","10:40","18.0","54.9481","13.0","","","5.2","","7.8","89","","27","","25.53","14.23","18.84","","","","",""
"2024-04-30","2024121","10:40","18.0","54.9481","14.0","","","5.5","","7.8","89","","27","","25.76","14.16","19.03","","","","",""
"2024-04-30","2024121","10:40","18.0","54.9481","15.0","","","5.6","","7.8","89","","30","","25.99","14.10","19.22","","","","",""
"2024-04-30","2024121","10:40","18.0","54.9481","16.0","","","5.7","","7.7","88","","32","","25.99","14.09","19.22","","","","",""
"2024-04-30","2024121","10:40","18.0","54.9481","17.0","","","4.8","","7.7","87","","31","","26.05","14.08","19.26","","","","",""
"2024-04-30","2024121","10:40","18.0","54.9481","18.0","","","5.2","","7.6","87","","33","","26.72","13.87","19.82","","","","",""
"2024-04-30","2024121","10:40","18.0","54.9481","19.0","","","5.7","","7.6","86","","36","","26.65","13.89","19.77","","","","",""
"2024-04-30","2024121","10:40","18.0","54.9481","20.0","","","5.7","","7.5","85","","41","","27.02","13.79","20.07","","","","",""
"2024-04-30","2024121","10:40","18.0","54.9481","21.0","","","5.7","","7.5","85","","46","","27.08","13.77","20.12","","","","",""
"2024-04-30","2024121","10:40","18.0","54.9481","22.0","","","5.6","","7.4","85","","49","","27.57","13.63","20.53","","","","",""
"2024-04-30","2024121","10:40","18.0","54.9481","23.0","","","5.2","","7.4","84","","50","","27.27","13.72","20.27","","","","",""
"2024-04-30","2024121","10:40","18.0","54.9481","24.0","","","5.0","","7.4","84","","51","","27.68","13.60","20.62","","","","",""
"2024-04-30","2024121","10:40","18.0","54.9481","25.0","","","5.3","","7.3","84","","57","","27.66","13.60","20.60","","","","",""
"2024-04-30","2024121","10:40","18.0","54.9481","26.0","","","5.4","","7.3","84","","60","","27.78","13.58","20.70","","","","",""
"2024-04-30","2024121","10:40","18.0","54.9481","27.0","","","5.3","","7.3","84","","66","","27.77","13.58","20.69","","","","",""
"2024-04-30","2024121","10:40","18.0","54.9481","28.0","","","5.2","","7.3","84","","65","","27.75","13.59","20.67","","","","",""
"2024-04-30","2024121","10:40","18.0","54.9481","29.0","","","5.2","","7.3","84","","63","","27.71","13.59","20.64","","","","",""
"2024-04-30","2024121","10:40","18.0","54.9481","30.0","","","5.0","","7.3","84","","63","","27.72","13.59","20.65","","","","",""
"2024-04-30","2024121","10:40","18.0","54.9481","31.0","","","5.1","","7.3","84","","61","","27.71","13.60","20.64","","","","",""
"2024-04-30","2024121","10:40","18.0","54.9481","32.0","","","5.2","","7.3","84","","65","","27.72","13.61","20.64","","","","",""
"2024-04-30","2024121","10:40","18.0","54.9481","33.0","","","5.3","","7.3","84","","67","","27.72","13.60","20.65","","","","",""
"2024-04-30","2024121","10:40","18.0","54.9481","34.0","","","5.4","","7.3","83","","65","","27.77","13.59","20.69","","","","",""
"2024-04-30","2024121","10:40","18.0","54.9481","35.0","","","5.1","","7.3","83","","69","","27.88","13.56","20.78","","","","",""
"2024-04-30","2024121","10:40","18.0","54.9481","36.0","","","5.2","","7.3","83","","68","","27.90","13.56","20.80","","","","",""
"2024-04-30","2024121","10:40","18.0","54.9481","37.0","","","5.5","","7.3","83","","69","","27.90","13.56","20.80","","","","",""
"2024-04-30","2024121","10:40","18.0","54.9481","38.0","","","5.7","","7.3","83","","68","","27.87","13.57","20.77","","","","",""
"2024-04-30","2024121","10:40","18.0","54.9481","39.0","5.5","0.36","5.6","","7.3","83","66.3","68","","27.96","13.53","20.84","","","","",""
"2024-04-30","2024121","10:27","20.0","51.4501","1.0","","","5.7","","8.4","99","","12","0.92","22.42","16.58","15.98","","","","",""
"2024-04-30","2024121","10:27","20.0","51.4501","2.0","9.8","0.86","9.6","","8.4","98","","11","","22.86","16.09","16.42","","","","",""
"2024-04-30","2024121","10:27","20.0","51.4501","3.0","","","6.5","","8.4","98","","10","","23.21","15.73","16.76","","","","",""
"2024-04-30","2024121","10:27","20.0","51.4501","4.0","","","4.8","","8.2","95","","9","","23.65","15.71","17.10","","","","",""
"2024-04-30","2024121","10:27","20.0","51.4501","5.0","","","3.9","","8.1","94","","7","","24.02","15.63","17.40","","","","",""
"2024-04-30","2024121","10:27","20.0","51.4501","6.0","","","3.5","","8.1","94","","8","","24.33","15.43","17.67","","","","",""
"2024-04-30","2024121","10:27","20.0","51.4501","7.0","","","3.1","","8.1","94","","8","","24.52","15.28","17.85","","","","",""
"2024-04-30","2024121","10:27","20.0","51.4501","8.0","","","3.1","","8.0","93","","7","","24.70","15.15","18.01","","","","",""
"2024-04-30","2024121","10:27","20.0","51.4501","9.0","","","3.4","","8.0","92","","7","","25.08","14.97","18.35","","","","",""
"2024-04-30","2024121","10:27","20.0","51.4501","10.0","","","3.6","","7.9","91","","6","","25.41","14.81","18.63","","","","",""
"2024-04-30","2024121","10:27","20.0","51.4501","11.0","","","2.7","","7.8","90","","6","","25.58","14.74","18.78","","","","",""
"2024-04-30","2024121","10:27","20.0","51.4501","12.0","","","2.4","","7.8","90","","6","","26.02","14.57","19.15","","","","",""
"2024-04-30","2024121","10:27","20.0","51.4501","13.0","","","1.9","","7.7","89","","6","","26.15","14.52","19.26","","","","",""
"2024-04-30","2024121","10:27","20.0","51.4501","14.0","","","2.3","","7.7","89","","6","","26.25","14.46","19.35","","","","",""
"2024-04-30","2024121","10:27","20.0","51.4501","15.0","","","2.4","","7.7","89","","6","","26.42","14.38","19.49","","","","",""
"2024-04-30","2024121","10:27","20.0","51.4501","16.0","","","2.4","","7.7","88","","6","","26.57","14.32","19.62","","","","",""
"2024-04-30","2024121","10:27","20.0","51.4501","17.0","","","2.2","","7.6","88","","6","","26.80","14.23","19.82","","","","",""
"2024-04-30","2024121","10:27","20.0","51.4501","18.0","","","1.9","","7.6","87","","6","","26.97","14.16","19.96","","","","",""
"2024-04-30","2024121","10:27","20.0","51.4501","19.0","","","2.0","","7.6","87","","7","","27.19","14.06","20.15","","","","",""
"2024-04-30","2024121","10:27","20.0","51.4501","20.0","","","2.0","","7.5","87","","8","","27.23","14.05","20.18","","","","",""
"2024-04-30","2024121","10:27","20.0","51.4501","21.0","","","2.1","","7.5","87","","8","","27.27","14.03","20.22","","","","",""
"2024-04-30","2024121","10:27","20.0","51.4501","22.0","","","2.4","","7.5","87","","8","","27.29","14.02","20.23","","","","",""
"2024-04-30","2024121","10:27","20.0","51.4501","23.0","","","1.9","","7.5","87","","8","","27.31","14.01","20.25","","","","",""
"2024-04-30","2024121","10:16","21.0","46.6266","1.0","","","6.0","","8.6","102","","12","0.68","21.19","17.36","14.87","","","","",""
"2024-04-30","2024121","10:16","21.0","46.6266","2.0","8.5","0.86","8.5","","8.7","101","","12","","22.57","16.18","16.18","","","","",""
"2024-04-30","2024121","10:16","21.0","46.6266","3.0","","","9.6","","8.6","100","","10","","22.96","15.61","16.59","","","","",""
"2024-04-30","2024121","10:16","21.0","46.6266","4.0","","","9.0","","8.5","98","","6","","23.22","15.58","16.80","","","","",""
"2024-04-30","2024121","10:16","21.0","46.6266","5.0","","","7.4","","8.3","96","","6","","23.51","15.56","17.02","","","","",""
"2024-04-30","2024121","10:16","21.0","46.6266","6.0","","","5.7","","8.2","95","","8","","23.76","15.50","17.23","","","","",""
"2024-04-30","2024121","10:16","21.0","46.6266","7.0","","","4.0","","8.1","95","","8","","23.89","15.48","17.33","","","","",""
"2024-04-30","2024121","10:16","21.0","46.6266","8.0","","","3.5","","8.1","94","","9","","24.00","15.47","17.41","","","","",""
"2024-04-30","2024121","10:16","21.0","46.6266","9.0","","","3.0","","8.0","94","","10","","24.08","15.46","17.48","","","","",""
"2024-04-30","2024121","10:16","21.0","46.6266","10.0","","","2.7","","8.0","93","","11","","24.20","15.44","17.58","","","","",""
"2024-04-30","2024121","10:16","21.0","46.6266","11.0","","","2.7","","7.8","91","","12","","24.39","15.38","17.74","","","","",""
"2024-04-30","2024121","10:16","21.0","46.6266","12.0","","","2.8","","7.5","87","","13","","24.88","15.18","18.15","","","","",""
"2024-04-30","2024121","10:16","21.0","46.6266","13.0","","","3.0","","7.4","85","","13","","26.93","14.26","19.91","","","","",""
"2024-04-30","2024121","10:16","21.0","46.6266","14.0","","","2.5","","7.3","84","","14","","28.11","13.71","20.92","","","","",""
"2024-04-30","2024121","10:16","21.0","46.6266","15.0","","","1.7","","7.2","83","","13","","28.94","13.34","21.64","","","","",""
"2024-04-30","2024121","10:05","22.0","43.9210","1.0","","","2.9","","8.7","100","","3","0.42","23.28","15.53","16.85","","","","",""
"2024-04-30","2024121","10:05","22.0","43.9210","2.0","4.2","0.85","4.9","","8.7","100","2.9","4","","23.34","15.38","16.93","0.33","6.76","2.43","1.51","67.65"
"2024-04-30","2024121","10:05","22.0","43.9210","3.0","","","6.5","","8.7","100","","4","","23.36","15.35","16.95","","","","",""
"2024-04-30","2024121","10:05","22.0","43.9210","4.0","","","7.0","","8.6","99","","5","","23.37","15.33","16.96","","","","",""
"2024-04-30","2024121","10:05","22.0","43.9210","5.0","","","5.7","","8.5","99","","6","","23.40","15.27","17.00","","","","",""
"2024-04-30","2024121","10:05","22.0","43.9210","6.0","","","5.1","","8.5","98","","6","","23.48","15.21","17.07","","","","",""
"2024-04-30","2024121","10:05","22.0","43.9210","7.0","","","4.8","","8.3","95","","6","","23.60","15.23","17.16","","","","",""
"2024-04-30","2024121","10:05","22.0","43.9210","8.0","","","3.3","","8.1","94","","6","","24.14","15.25","17.57","","","","",""
"2024-04-30","2024121","10:05","22.0","43.9210","9.0","","","2.4","","8.0","93","","8","","24.45","15.19","17.82","","","","",""
"2024-04-30","2024121","10:05","22.0","43.9210","10.0","","","2.5","","7.9","92","","10","","24.66","15.15","17.99","","","","",""
"2024-04-30","2024121","10:05","22.0","43.9210","11.0","","","2.2","","7.8","91","","12","","24.80","15.11","18.10","","","","",""
"2024-04-30","2024121","10:05","22.0","43.9210","12.0","","","2.4","","7.7","89","","14","","25.20","14.94","18.44","","","","",""
"2024-04-30","2024121","10:05","22.0","43.9210","13.0","","","2.8","","7.6","87","","15","","25.77","14.70","18.93","","","","",""
"2024-04-30","2024121","10:05","22.0","43.9210","14.0","","","2.7","","7.5","86","","15","","26.93","14.21","19.92","","","","",""
"2024-04-30","2024121","10:05","22.0","43.9210","15.0","","","2.7","","7.5","86","","14","","27.40","14.01","20.32","","","","",""
"2024-04-30","2024121","10:05","22.0","43.9210","16.0","","","2.7","","7.4","85","","12","","27.54","13.94","20.44","","","","",""
"2024-04-30","2024121","10:05","22.0","43.9210","17.0","3.3","0.62","3.0","","7.4","85","11.5","12","","27.84","13.82","20.70","","","","",""
"2024-04-30","2024121","9:54","23.0","39.6557","1.0","","","4.5","","8.3","96","","11","0.80","23.18","15.65","16.75","","","","",""
"2024-04-30","2024121","9:54","23.0","39.6557","2.0","","","5.0","","8.3","96","","12","","23.23","15.56","16.80","","","","",""
"2024-04-30","2024121","9:54","23.0","39.6557","3.0","","","4.5","","8.2","96","","12","","23.27","15.54","16.84","","","","",""
"2024-04-30","2024121","9:54","23.0","39.6557","4.0","","","4.3","","8.2","95","","13","","23.32","15.51","16.88","","","","",""
"2024-04-30","2024121","9:54","23.0","39.6557","5.0","","","3.9","","8.2","95","","14","","23.34","15.50","16.91","","","","",""
"2024-04-30","2024121","9:54","23.0","39.6557","6.0","","","3.4","","8.2","95","","15","","23.41","15.48","16.96","","","","",""
"2024-04-30","2024121","9:54","23.0","39.6557","7.0","","","3.4","","8.2","95","","18","","23.46","15.46","17.00","","","","",""
"2024-04-30","2024121","9:54","23.0","39.6557","8.0","","","3.9","","8.2","95","","19","","23.52","15.46","17.05","","","","",""
"2024-04-30","2024121","9:54","23.0","39.6557","9.0","","","4.2","","8.1","94","","20","","23.64","15.43","17.15","","","","",""
"2024-04-30","2024121","9:54","23.0","39.6557","10.0","","","4.2","","8.1","94","","22","","23.70","15.42","17.20","","","","",""
"2024-04-30","2024121","9:54","23.0","39.6557","11.0","","","4.2","","8.1","94","","24","","23.76","15.41","17.25","","","","",""
"2024-04-30","2024121","9:54","23.0","39.6557","12.0","","","4.4","","8.1","94","","28","","23.78","15.41","17.26","","","","",""
"2024-04-30","2024121","9:54","23.0","39.6557","13.0","","","4.4","","8.1","94","","30","","23.80","15.41","17.28","","","","",""
"2024-04-30","2024121","9:45","24.0","37.0911","1.0","","","3.9","","8.3","96","","17","1.13","23.29","15.71","16.82","","","","",""
"2024-04-30","2024121","9:45","24.0","37.0911","2.0","3.9","0.71","4.1","","8.3","97","16.1","18","","23.28","15.70","16.82","0.39","6.74","2.93","1.57","70.86"
"2024-04-30","2024121","9:45","24.0","37.0911","3.0","","","4.6","","8.3","97","","20","","23.28","15.68","16.82","","","","",""
"2024-04-30","2024121","9:45","24.0","37.0911","4.0","","","4.2","","8.3","96","","21","","23.29","15.68","16.83","","","","",""
"2024-04-30","2024121","9:45","24.0","37.0911","5.0","","","4.3","","8.3","96","","22","","23.30","15.66","16.84","","","","",""
"2024-04-30","2024121","9:45","24.0","37.0911","6.0","","","4.3","","8.3","96","","26","","23.30","15.66","16.84","","","","",""
"2024-04-30","2024121","9:45","24.0","37.0911","7.0","","","4.1","","8.3","96","","27","","23.30","15.66","16.84","","","","",""
"2024-04-30","2024121","9:45","24.0","37.0911","8.0","3.6","0.59","3.6","","8.3","96","31.4","27","","23.30","15.66","16.84","","","","",""
"2024-04-30","2024121","9:35","25.0","32.8382","1.0","","","5.2","","8.6","101","","23","1.59","23.18","15.94","16.69","","","","",""
"2024-04-30","2024121","9:35","25.0","32.8382","2.0","","","5.3","","8.6","100","","27","","23.24","15.88","16.75","","","","",""
"2024-04-30","2024121","9:35","25.0","32.8382","3.0","","","5.6","","8.6","100","","36","","23.30","15.82","16.81","","","","",""
"2024-04-30","2024121","9:35","25.0","32.8382","4.0","","","5.7","","8.6","100","","49","","23.33","15.79","16.84","","","","",""
"2024-04-30","2024121","9:35","25.0","32.8382","5.0","","","5.5","","8.6","100","","53","","23.34","15.79","16.84","","","","",""
"2024-04-30","2024121","9:35","25.0","32.8382","6.0","","","5.0","","8.6","100","","52","","23.33","15.79","16.84","","","","",""
"2024-04-30","2024121","9:25","26.0","28.7560","1.0","","","8.5","","8.9","104","","9","0.86","22.71","16.20","16.28","","","","",""
"2024-04-30","2024121","9:25","26.0","28.7560","2.0","","","8.5","","8.8","103","","9","","22.71","16.20","16.28","","","","",""
"2024-04-30","2024121","9:25","26.0","28.7560","3.0","","","8.9","","8.6","101","","9","","22.81","16.13","16.37","","","","",""
"2024-04-30","2024121","9:25","26.0","28.7560","4.0","","","6.2","","8.6","100","","18","","23.00","15.98","16.54","","","","",""
"2024-04-30","2024121","9:25","26.0","28.7560","5.0","","","6.6","","8.6","100","","42","","23.02","15.96","16.57","","","","",""
"2024-04-30","2024121","9:25","26.0","28.7560","6.0","","","6.3","","8.6","100","","49","","23.04","15.95","16.58","","","","",""
"2024-04-30","2024121","9:25","26.0","28.7560","7.0","","","6.8","","8.6","100","","59","","23.04","15.94","16.59","","","","",""
"2024-04-30","2024121","9:25","26.0","28.7560","8.0","","","7.5","","8.6","100","","68","","23.07","15.93","16.61","","","","",""
"2024-04-30","2024121","9:16","27.0","26.1872","1.0","","","7.2","","8.6","101","","8","0.82","21.65","16.32","15.44","","","","",""
"2024-04-30","2024121","9:16","27.0","26.1872","2.0","8.3","0.84","8.7","","8.6","100","5.1","8","","21.65","16.31","15.45","0.43","5.75","2.78","3.13","69.07"
"2024-04-30","2024121","9:16","27.0","26.1872","3.0","","","8.1","","8.5","100","","8","","21.65","16.31","15.45","","","","",""
"2024-04-30","2024121","9:16","27.0","26.1872","4.0","","","6.7","","8.5","99","","9","","21.68","16.30","15.47","","","","",""
"2024-04-30","2024121","9:16","27.0","26.1872","5.0","","","5.6","","8.5","99","","9","","21.83","16.32","15.58","","","","",""
"2024-04-30","2024121","9:16","27.0","26.1872","6.0","","","4.7","","8.5","99","","11","","22.50","16.24","16.11","","","","",""
"2024-04-30","2024121","9:16","27.0","26.1872","7.0","","","4.9","","8.5","100","","25","","22.85","16.19","16.38","","","","",""
"2024-04-30","2024121","9:16","27.0","26.1872","8.0","5.4","0.64","5.0","","8.5","100","33.1","33","","22.95","16.17","16.47","","","","",""
"2024-04-30","2024121","9:08","28.0","23.5695","1.0","","","5.6","","8.4","98","","12","0.76","21.31","16.45","15.16","","","","",""
"2024-04-30","2024121","9:08","28.0","23.5695","2.0","","","5.4","","8.4","98","","12","","21.31","16.45","15.16","","","","",""
"2024-04-30","2024121","9:08","28.0","23.5695","3.0","","","6.6","","8.4","98","","12","","21.31","16.45","15.16","","","","",""
"2024-04-30","2024121","9:08","28.0","23.5695","4.0","","","5.9","","8.4","98","","12","","21.37","16.45","15.20","","","","",""
"2024-04-30","2024121","9:08","28.0","23.5695","5.0","","","5.0","","8.4","98","","12","","21.58","16.47","15.36","","","","",""
"2024-04-30","2024121","9:08","28.0","23.5695","6.0","","","4.2","","8.4","98","","13","","22.01","16.50","15.68","","","","",""
"2024-04-30","2024121","9:08","28.0","23.5695","7.0","","","3.8","","8.4","99","","13","","22.44","16.43","16.02","","","","",""
"2024-04-30","2024121","9:08","28.0","23.5695","8.0","","","3.6","","8.4","99","","15","","22.69","16.36","16.23","","","","",""
"2024-04-30","2024121","9:08","28.0","23.5695","9.0","","","3.6","","8.4","99","","17","","22.87","16.30","16.38","","","","",""
"2024-04-30","2024121","9:08","28.0","23.5695","10.0","","","3.9","","8.4","99","","19","","22.96","16.28","16.45","","","","",""
"2024-04-30","2024121","9:08","28.0","23.5695","11.0","","","4.3","","8.4","99","","23","","23.04","16.26","16.51","","","","",""
"2024-04-30","2024121","8:58","29.0","20.2526","1.0","","","5.1","","8.3","96","","20","1.49","21.18","16.32","15.09","","","","",""
"2024-04-30","2024121","8:58","29.0","20.2526","2.0","","","5.7","","8.2","96","","21","","21.18","16.32","15.09","","","","",""
"2024-04-30","2024121","8:58","29.0","20.2526","3.0","","","5.1","","8.2","96","","21","","21.18","16.32","15.09","","","","",""
"2024-04-30","2024121","8:58","29.0","20.2526","4.0","","","5.0","","8.2","96","","21","","21.19","16.32","15.09","","","","",""
"2024-04-30","2024121","8:58","29.0","20.2526","5.0","","","5.1","","8.2","96","","21","","21.20","16.32","15.09","","","","",""
"2024-04-30","2024121","8:58","29.0","20.2526","6.0","","","4.9","","8.2","96","","21","","21.20","16.33","15.10","","","","",""
"2024-04-30","2024121","8:58","29.0","20.2526","7.0","","","4.8","","8.2","96","","21","","21.22","16.34","15.11","","","","",""
"2024-04-30","2024121","8:58","29.0","20.2526","8.0","","","5.0","","8.3","97","","21","","21.31","16.37","15.17","","","","",""
"2024-04-30","2024121","8:58","29.0","20.2526","9.0","","","4.4","","8.3","97","","22","","21.83","16.40","15.56","","","","",""
"2024-04-30","2024121","8:58","29.0","20.2526","10.0","","","3.9","","8.3","97","","23","","22.10","16.40","15.76","","","","",""
"2024-04-30","2024121","8:58","29.0","20.2526","11.0","","","3.9","","8.3","98","","23","","22.22","16.41","15.86","","","","",""
"2024-04-30","2024121","8:58","29.0","20.2526","12.0","","","4.8","","8.3","98","","25","","22.45","16.41","16.04","","","","",""
"2024-04-30","2024121","8:45","30.0","14.7543","1.0","","","6.4","","8.2","95","","17","1.96","20.85","16.70","14.75","","","","",""
"2024-04-30","2024121","8:45","30.0","14.7543","2.0","6.9","0.77","6.7","","8.2","95","18.6","18","","20.85","16.68","14.76","0.41","7.43","2.50","3.40","82.96"
"2024-04-30","2024121","8:45","30.0","14.7543","3.0","","","6.8","","8.2","96","","18","","20.86","16.65","14.77","","","","",""
"2024-04-30","2024121","8:45","30.0","14.7543","4.0","","","6.7","","8.2","95","","20","","20.87","16.60","14.78","","","","",""
"2024-04-30","2024121","8:45","30.0","14.7543","5.0","","","6.2","","8.2","95","","21","","20.86","16.63","14.77","","","","",""
"2024-04-30","2024121","8:45","30.0","14.7543","6.0","","","6.4","","8.2","95","","21","","20.87","16.56","14.80","","","","",""
"2024-04-30","2024121","8:45","30.0","14.7543","7.0","","","6.6","","8.2","95","","22","","20.87","16.55","14.80","","","","",""
"2024-04-30","2024121","8:45","30.0","14.7543","8.0","7.5","0.67","7.2","","8.2","96","","23","","20.88","16.50","14.82","","","","",""
"2024-04-30","2024121","8:34","31.0","10.6065","1.0","","","5.8","","7.9","92","","22","1.98","20.40","16.79","14.39","","","","",""
"2024-04-30","2024121","8:34","31.0","10.6065","2.0","","","5.9","","7.9","92","","21","","20.36","16.79","14.36","","","","",""
"2024-04-30","2024121","8:34","31.0","10.6065","3.0","","","5.4","","7.9","92","","20","","20.69","16.83","14.60","","","","",""
"2024-04-30","2024121","8:34","31.0","10.6065","4.0","","","5.0","","7.9","92","","22","","20.76","16.79","14.67","","","","",""
"2024-04-30","2024121","8:34","31.0","10.6065","5.0","","","5.5","","7.9","93","","23","","20.78","16.75","14.69","","","","",""
"2024-04-30","2024121","8:34","31.0","10.6065","6.0","","","5.9","","8.0","93","","26","","20.84","16.71","14.74","","","","",""
"2024-04-30","2024121","8:34","31.0","10.6065","7.0","","","6.5","","8.0","93","","28","","20.91","16.66","14.81","","","","",""
"2024-04-30","2024121","8:34","31.0","10.6065","8.0","","","6.7","","8.0","93","","37","","20.94","16.64","14.83","","","","",""
"2024-04-30","2024121","8:34","31.0","10.6065","9.0","","","6.8","","8.0","93","","38","","20.98","16.62","14.87","","","","",""
"2024-04-30","2024121","8:34","31.0","10.6065","10.0","","","8.0","","8.0","93","","44","","21.06","16.57","14.94","","","","",""
"2024-04-30","2024121","8:25","32.0","8.1507","1.0","","","4.7","","7.8","91","","22","2.22","20.03","16.78","14.10","","","","",""
"2024-04-30","2024121","8:25","32.0","8.1507","2.0","4.7","0.72","4.9","","7.8","90","21.6","22","","20.05","16.79","14.12","0.59","11.71","3.93","4.48","85.45"
"2024-04-30","2024121","8:25","32.0","8.1507","3.0","","","4.8","","7.8","90","","22","","20.05","16.78","14.12","","","","",""
"2024-04-30","2024121","8:25","32.0","8.1507","4.0","","","4.3","","7.7","90","","23","","20.08","16.79","14.15","","","","",""
"2024-04-30","2024121","8:25","32.0","8.1507","5.0","","","4.3","","7.7","90","","24","","20.16","16.80","14.20","","","","",""
"2024-04-30","2024121","8:25","32.0","8.1507","6.0","","","5.2","","7.7","90","","33","","20.20","16.81","14.23","","","","",""
"2024-04-30","2024121","8:25","32.0","8.1507","7.0","","","5.3","","7.7","90","","40","","20.23","16.81","14.25","","","","",""
"2024-04-30","2024121","8:25","32.0","8.1507","8.0","5.0","0.49","5.1","","7.7","90","","44","","20.26","16.82","14.27","","","","",""
"2024-04-30","2024121","8:18","33.0","6.8085","1.0","","","4.7","","7.7","89","","29","2.51","19.63","16.64","13.83","","","","",""
"2024-04-30","2024121","8:18","33.0","6.8085","2.0","","","4.5","","7.7","89","34.9","28","","19.64","16.65","13.84","","","","",""
"2024-04-30","2024121","8:18","33.0","6.8085","3.0","","","4.1","","7.7","89","","28","","19.66","16.65","13.85","","","","",""
"2024-04-30","2024121","8:18","33.0","6.8085","4.0","","","4.4","","7.7","89","","28","","19.67","16.66","13.86","","","","",""
"2024-04-30","2024121","8:18","33.0","6.8085","5.0","","","4.2","","7.7","89","","28","","19.69","16.67","13.88","","","","",""
"2024-04-30","2024121","8:18","33.0","6.8085","6.0","","","4.4","","7.7","89","","28","","19.70","16.67","13.88","","","","",""
"2024-04-30","2024121","8:18","33.0","6.8085","7.0","","","4.3","","7.7","89","","28","","19.76","16.66","13.93","","","","",""
"2024-04-30","2024121","8:18","33.0","6.8085","8.0","","","5.2","","7.7","89","","32","","19.80","16.67","13.96","","","","",""
"2024-04-30","2024121","8:18","33.0","6.8085","9.0","","","5.1","","7.7","89","","38","","19.80","16.67","13.96","","","","",""
"2024-04-30","2024121","8:18","33.0","6.8085","10.0","","","5.1","","7.7","89","","39","","19.77","16.66","13.93","","","","",""
"2024-04-30","2024121","8:09","34.0","3.5290","1.0","","","3.7","","7.6","87","","29","2.57","19.25","16.34","13.60","","","","",""
"2024-04-30","2024121","8:09","34.0","3.5290","2.0","3.0","0.60","3.1","","7.6","87","25.5","29","","19.26","16.34","13.61","","","","",""
"2024-04-30","2024121","8:09","34.0","3.5290","3.0","","","3.2","","7.6","87","","29","","19.27","16.34","13.62","","","","",""
"2024-04-30","2024121","8:09","34.0","3.5290","4.0","","","3.4","","7.5","86","","29","","19.33","16.33","13.67","","","","",""
"2024-04-30","2024121","8:09","34.0","3.5290","5.0","","","3.5","","7.5","86","","31","","19.42","16.27","13.75","","","","",""
"2024-04-30","2024121","8:09","34.0","3.5290","6.0","3.5","0.42","3.5","","7.4","85","","35","","19.54","16.05","13.88","","","","",""
"2024-04-30","2024121","8:00","35.0","1.6576","1.0","","","3.0","","7.6","86","","31","2.61","17.89","16.22","12.59","","","","",""
"2024-04-30","2024121","8:00","35.0","1.6576","2.0","2.8","0.60","3.0","","7.8","88","26.3","28","","18.04","16.17","12.72","","","","",""
"2024-04-30","2024121","8:00","35.0","1.6576","3.0","","","3.3","","7.8","89","","25","","18.55","16.27","13.09","","","","",""
"2024-04-30","2024121","8:00","35.0","1.6576","4.0","","","3.4","","7.7","89","","26","","19.03","16.62","13.38","","","","",""
"2024-04-30","2024121","8:00","35.0","1.6576","5.0","","","3.0","","7.7","89","","34","","19.14","16.69","13.45","","","","",""
"2024-04-30","2024121","7:51","36.0","0.0000","1.0","","","4.4","","7.7","87","","23","1.94","17.02","16.44","11.88","","","","",""
"2024-04-30","2024121","7:51","36.0","0.0000","2.0","3.6","0.73","3.8","","7.6","87","17.1","23","","17.28","16.61","12.04","1.82","45.26","6.28","9.09","106.82"
"2024-04-30","2024121","7:51","36.0","0.0000","3.0","","","2.9","","7.6","87","","23","","17.66","16.61","12.33","","","","",""
"2024-04-30","2024121","7:51","36.0","0.0000","4.0","3.0","0.64","2.9","","7.6","87","27.4","23","","17.98","16.38","12.62","","","","",""
"2024-05-15","2024136","14:36","2.0","127.7053","1.0","","","2.3","","9.6","102","","24","1.44","0.05","18.28","","","","","",""
"2024-05-15","2024136","14:36","2.0","127.7053","2.0","","","2.8","","9.6","102","","25","","0.05","18.27","","","","","",""
"2024-05-15","2024136","14:36","2.0","127.7053","3.0","","","3.4","","9.6","102","","26","","0.05","18.26","","","","","",""
"2024-05-15","2024136","14:36","2.0","127.7053","4.0","","","3.3","","9.6","102","","26","","0.05","18.26","","","","","",""
"2024-05-15","2024136","14:36","2.0","127.7053","5.0","","","3.2","","9.6","102","","25","","0.05","18.26","","","","","",""
"2024-05-15","2024136","14:36","2.0","127.7053","6.0","","","3.2","","9.6","102","","26","","0.05","18.26","","","","","",""
"2024-05-15","2024136","14:36","2.0","127.7053","7.0","","","3.2","","9.6","102","","26","","0.05","18.26","","","","","",""
"2024-05-15","2024136","14:36","2.0","127.7053","8.0","","","3.3","","9.6","102","","26","","0.05","18.26","","","","","",""
"2024-05-15","2024136","14:23","3.0","125.3243","1.0","","","3.3","","9.5","102","","13","1.59","0.07","18.35","","","","","",""
"2024-05-15","2024136","14:23","3.0","125.3243","2.0","3.5","0.67","3.4","","9.6","102","17.8","15","","0.07","18.35","","0.10","10.99","1.00","1.38","214.35"
"2024-05-15","2024136","14:23","3.0","125.3243","3.0","","","3.6","","9.6","102","","21","","0.07","18.33","","","","","",""
"2024-05-15","2024136","14:23","3.0","125.3243","4.0","","","3.7","","9.6","102","","22","","0.07","18.33","","","","","",""
"2024-05-15","2024136","14:23","3.0","125.3243","5.0","","","3.6","","9.6","102","","22","","0.07","18.32","","","","","",""
"2024-05-15","2024136","14:23","3.0","125.3243","6.0","","","3.6","","9.6","102","","22","","0.07","18.31","","","","","",""
"2024-05-15","2024136","14:23","3.0","125.3243","7.0","","","3.6","","9.6","102","","22","","0.07","18.29","","","","","",""
"2024-05-15","2024136","14:23","3.0","125.3243","8.0","","","3.7","","9.6","102","","22","","0.07","18.27","","","","","",""
"2024-05-15","2024136","14:23","3.0","125.3243","9.0","","","3.6","","9.6","102","","22","","0.07","18.27","","","","","",""
"2024-05-15","2024136","14:23","3.0","125.3243","10.0","3.5","0.64","3.5","","9.6","102","18.7","22","","0.07","18.27","","","","","",""
"2024-05-15","2024136","13:49","5.0","115.6252","1.0","","","3.4","","9.4","100","","51","1.80","0.10","18.20","","","","","",""
"2024-05-15","2024136","13:49","5.0","115.6252","2.0","","","3.9","","9.4","100","","52","","0.10","18.20","","","","","",""
"2024-05-15","2024136","13:49","5.0","115.6252","3.0","","","3.7","","9.4","100","","53","","0.10","18.20","","","","","",""
"2024-05-15","2024136","13:49","5.0","115.6252","4.0","","","3.8","","9.4","100","","51","","0.10","18.20","","","","","",""
"2024-05-15","2024136","13:49","5.0","115.6252","5.0","","","3.7","","9.4","100","","52","","0.10","18.20","","","","","",""
"2024-05-15","2024136","13:49","5.0","115.6252","6.0","","","3.8","","9.4","100","","51","","0.10","18.20","","","","","",""
"2024-05-15","2024136","13:49","5.0","115.6252","7.0","","","3.7","","9.4","100","","51","","0.10","18.20","","","","","",""
"2024-05-15","2024136","13:49","5.0","115.6252","8.0","","","3.8","","9.4","100","","52","","0.10","18.20","","","","","",""
"2024-05-15","2024136","13:49","5.0","115.6252","9.0","","","3.8","","9.3","99","","50","","0.10","18.20","","","","","",""
"2024-05-15","2024136","13:32","6.0","110.8977","1.0","","","3.8","","9.6","102","","46","3.09","0.18","18.22","","","","","",""
"2024-05-15","2024136","13:32","6.0","110.8977","2.0","4.6","0.62","4.7","","9.5","101","51.8","50","","0.18","18.23","","0.12","10.35","1.29","1.66","219.69"
"2024-05-15","2024136","13:32","6.0","110.8977","3.0","","","4.7","","9.6","102","","49","","0.18","18.22","","","","","",""
"2024-05-15","2024136","13:32","6.0","110.8977","4.0","","","4.7","","9.5","101","","49","","0.18","18.22","","","","","",""
"2024-05-15","2024136","13:32","6.0","110.8977","5.0","","","4.9","","9.5","101","","49","","0.18","18.21","","","","","",""
"2024-05-15","2024136","13:32","6.0","110.8977","6.0","","","4.9","","9.5","102","","49","","0.18","18.21","","","","","",""
"2024-05-15","2024136","13:32","6.0","110.8977","7.0","","","4.9","","9.5","102","","49","","0.18","18.20","","","","","",""
"2024-05-15","2024136","13:32","6.0","110.8977","8.0","","","5.0","","9.6","102","","54","","0.18","18.20","","","","","",""
"2024-05-15","2024136","13:32","6.0","110.8977","9.0","5.1","0.58","5.0","","9.6","102","60.0","61","","0.18","18.19","","","","","",""
"2024-05-15","2024136","13:14","7.0","104.9810","1.0","","","3.7","","9.5","101","","21","3.14","0.58","18.25","","","","","",""
"2024-05-15","2024136","13:14","7.0","104.9810","2.0","3.3","0.63","3.6","","9.4","101","","21","","0.55","18.26","","","","","",""
"2024-05-15","2024136","13:14","7.0","104.9810","3.0","","","3.9","","9.4","101","","20","","0.55","18.23","","","","","",""
"2024-05-15","2024136","13:14","7.0","104.9810","4.0","","","3.9","","9.4","100","","21","","0.62","18.17","","","","","",""
"2024-05-15","2024136","13:14","7.0","104.9810","5.0","","","3.9","","9.4","100","","22","","0.70","18.18","","","","","",""
"2024-05-15","2024136","13:14","7.0","104.9810","6.0","","","3.8","","9.3","99","","23","","0.86","18.11","","","","","",""
"2024-05-15","2024136","13:14","7.0","104.9810","7.0","","","3.9","","9.2","98","","26","","1.34","18.01","","","","","",""
"2024-05-15","2024136","13:14","7.0","104.9810","8.0","","","3.8","","9.2","98","","30","","1.90","17.95","0.06","","","","",""
"2024-05-15","2024136","13:14","7.0","104.9810","9.0","","","4.4","","9.1","98","","41","","2.23","17.92","0.32","","","","",""
"2024-05-15","2024136","13:14","7.0","104.9810","10.0","","","4.6","","9.0","97","","47","","3.03","17.86","0.94","","","","",""
"2024-05-15","2024136","13:14","7.0","104.9810","11.0","","","4.4","","9.0","97","","52","","3.61","17.82","1.39","","","","",""
"2024-05-15","2024136","13:14","7.0","104.9810","12.0","","","4.2","","8.9","97","","52","","4.18","17.78","1.84","","","","",""
"2024-05-15","2024136","13:14","7.0","104.9810","13.0","","","4.1","","8.9","96","","51","","4.61","17.75","2.17","","","","",""
"2024-05-15","2024136","13:14","7.0","104.9810","14.0","","","4.1","","8.8","96","","51","","5.16","17.72","2.59","","","","",""
"2024-05-15","2024136","12:53","8.0","99.7699","1.0","","","2.9","","9.3","100","","17","2.07","2.33","17.99","0.38","","","","",""
"2024-05-15","2024136","12:53","8.0","99.7699","2.0","2.1","0.63","2.9","","9.3","99","20.8","16","","3.22","17.75","1.11","","","","",""
"2024-05-15","2024136","12:53","8.0","99.7699","3.0","","","2.9","","9.3","99","","17","","3.62","17.61","1.44","","","","",""
"2024-05-15","2024136","12:53","8.0","99.7699","4.0","","","2.8","","9.2","99","","20","","4.02","17.53","1.76","","","","",""
"2024-05-15","2024136","12:53","8.0","99.7699","5.0","","","2.7","","9.2","99","","19","","4.48","17.48","2.12","","","","",""
"2024-05-15","2024136","12:53","8.0","99.7699","6.0","","","2.6","","9.1","98","","18","","4.97","17.46","2.50","","","","",""
"2024-05-15","2024136","12:53","8.0","99.7699","7.0","","","2.6","","9.0","97","","18","","5.65","17.45","3.02","","","","",""
"2024-05-15","2024136","12:53","8.0","99.7699","8.0","","","2.5","","8.9","96","","19","","6.02","17.44","3.30","","","","",""
"2024-05-15","2024136","12:53","8.0","99.7699","9.0","","","2.5","","8.7","95","","20","","7.33","17.43","4.30","","","","",""
"2024-05-15","2024136","12:53","8.0","99.7699","10.0","","","2.4","","8.6","95","","21","","8.58","17.41","5.25","","","","",""
"2024-05-15","2024136","12:53","8.0","99.7699","11.0","","","2.5","","8.5","94","","23","","9.16","17.42","5.70","","","","",""
"2024-05-15","2024136","12:53","8.0","99.7699","12.0","","","2.4","","8.4","94","","24","","10.39","17.38","6.64","","","","",""
"2024-05-15","2024136","12:53","8.0","99.7699","13.0","","","2.2","","8.3","93","","21","","11.06","17.32","7.16","","","","",""
"2024-05-15","2024136","12:53","8.0","99.7699","14.0","","","2.2","","8.3","93","","21","","12.62","17.18","8.38","","","","",""
"2024-05-15","2024136","12:35","9.0","96.7889","1.0","","","2.1","","9.2","100","","12","1.65","4.21","17.98","1.82","","","","",""
"2024-05-15","2024136","12:35","9.0","96.7889","2.0","1.7","0.64","1.9","","9.1","99","14.7","12","","4.17","17.98","1.79","0.29","12.14","3.71","2.04","188.35"
"2024-05-15","2024136","12:35","9.0","96.7889","3.0","","","2.2","","9.0","98","","12","","4.44","17.89","2.01","","","","",""
"2024-05-15","2024136","12:35","9.0","96.7889","4.0","","","2.3","","9.0","98","","12","","5.60","17.61","2.95","","","","",""
"2024-05-15","2024136","12:35","9.0","96.7889","5.0","","","2.2","","9.0","98","","12","","5.88","17.54","3.17","","","","",""
"2024-05-15","2024136","12:35","9.0","96.7889","6.0","","","2.2","","8.9","97","","13","","5.95","17.53","3.23","","","","",""
"2024-05-15","2024136","12:35","9.0","96.7889","7.0","","","2.2","","8.9","97","","13","","6.49","17.51","3.64","","","","",""
"2024-05-15","2024136","12:35","9.0","96.7889","8.0","","","2.1","","8.8","96","","13","","7.55","17.47","4.46","","","","",""
"2024-05-15","2024136","12:35","9.0","96.7889","9.0","","","2.1","","8.8","96","","13","","7.60","17.47","4.50","","","","",""
"2024-05-15","2024136","12:35","9.0","96.7889","10.0","","","2.2","","8.7","96","","12","","7.67","17.47","4.55","","","","",""
"2024-05-15","2024136","12:35","9.0","96.7889","11.0","","","2.1","","8.7","96","","12","","7.84","17.46","4.69","","","","",""
"2024-05-15","2024136","12:35","9.0","96.7889","12.0","","","2.1","","8.7","96","","12","","7.94","17.46","4.76","","","","",""
"2024-05-15","2024136","12:35","9.0","96.7889","13.0","","","2.0","","8.7","96","","12","","8.19","17.45","4.95","","","","",""
"2024-05-15","2024136","12:35","9.0","96.7889","14.0","","","2.0","","8.7","96","","12","","8.31","17.45","5.04","","","","",""
"2024-05-15","2024136","12:35","9.0","96.7889","15.0","","","2.0","","8.7","96","","12","","8.30","17.45","5.03","","","","",""
"2024-05-15","2024136","12:35","9.0","96.7889","16.0","","","1.9","","8.6","95","","12","","8.34","17.45","5.07","","","","",""
"2024-05-15","2024136","12:35","9.0","96.7889","17.0","","","1.9","","8.5","94","","11","","8.79","17.42","5.42","","","","",""
"2024-05-15","2024136","12:35","9.0","96.7889","18.0","","","2.1","","8.3","93","","13","","11.68","17.22","7.65","","","","",""
"2024-05-15","2024136","12:35","9.0","96.7889","19.0","","","2.4","","8.2","92","","19","","12.82","17.13","8.54","","","","",""
"2024-05-15","2024136","12:35","9.0","96.7889","20.0","","","2.4","","8.1","92","","22","","14.39","16.93","9.78","","","","",""
"2024-05-15","2024136","12:35","9.0","96.7889","21.0","","","2.7","","8.1","91","","26","","15.64","16.74","10.77","","","","",""
"2024-05-15","2024136","12:35","9.0","96.7889","22.0","","","2.6","","8.0","91","","28","","15.97","16.69","11.03","","","","",""
"2024-05-15","2024136","12:35","9.0","96.7889","23.0","","","3.0","","8.0","91","","34","","16.40","16.63","11.37","","","","",""
"2024-05-15","2024136","12:35","9.0","96.7889","24.0","","","3.8","","7.9","90","","45","","16.59","16.60","11.52","","","","",""
"2024-05-15","2024136","12:35","9.0","96.7889","25.0","","","","","7.9","90","","72","","17.38","16.44","12.15","","","","",""
"2024-05-15","2024136","12:35","9.0","96.7889","26.0","","","","","7.9","90","","93","","17.82","16.35","12.51","","","","",""
"2024-05-15","2024136","12:22","10.0","93.5951","1.0","","","2.0","","9.1","99","","10","1.56","6.46","17.70","3.59","","","","",""
"2024-05-15","2024136","12:22","10.0","93.5951","2.0","2.0","0.72","2.2","","9.0","98","","10","","6.54","17.67","3.65","","","","",""
"2024-05-15","2024136","12:22","10.0","93.5951","3.0","","","2.3","","8.9","98","","10","","7.02","17.53","4.04","","","","",""
"2024-05-15","2024136","12:22","10.0","93.5951","4.0","","","2.1","","8.9","97","","11","","7.39","17.50","4.33","","","","",""
"2024-05-15","2024136","12:22","10.0","93.5951","5.0","","","2.1","","8.7","96","","12","","7.94","17.49","4.75","","","","",""
"2024-05-15","2024136","12:22","10.0","93.5951","6.0","","","2.1","","8.6","95","","13","","9.42","17.42","5.89","","","","",""
"2024-05-15","2024136","12:22","10.0","93.5951","7.0","","","2.2","","8.5","94","","14","","10.12","17.38","6.44","","","","",""
"2024-05-15","2024136","12:22","10.0","93.5951","8.0","","","2.1","","8.3","93","","15","","11.89","17.23","7.81","","","","",""
"2024-05-15","2024136","12:22","10.0","93.5951","9.0","","","2.1","","8.2","92","","16","","13.25","17.08","8.88","","","","",""
"2024-05-15","2024136","12:22","10.0","93.5951","10.0","","","2.2","","8.2","92","","18","","14.35","16.92","9.74","","","","",""
"2024-05-15","2024136","12:22","10.0","93.5951","11.0","","","2.5","","8.1","92","","22","","14.74","16.86","10.06","","","","",""
"2024-05-15","2024136","12:22","10.0","93.5951","12.0","","","2.5","","8.1","92","","24","","15.07","16.79","10.32","","","","",""
"2024-05-15","2024136","12:22","10.0","93.5951","13.0","","","2.4","","8.0","91","","24","","15.82","16.67","10.92","","","","",""
"2024-05-15","2024136","12:22","10.0","93.5951","14.0","","","2.4","","8.0","91","","22","","16.58","16.56","11.52","","","","",""
"2024-05-15","2024136","12:22","10.0","93.5951","15.0","","","2.3","","7.9","91","","21","","17.38","16.42","12.16","","","","",""
"2024-05-15","2024136","12:01","11.0","89.7672","1.0","","","","","8.6","96","","8","1.51","9.49","17.38","5.96","","","","",""
"2024-05-15","2024136","12:01","11.0","89.7672","2.0","","","1.2","","8.6","95","","9","","10.32","17.26","6.61","","","","",""
"2024-05-15","2024136","12:01","11.0","89.7672","3.0","","","1.9","","8.4","94","","10","","12.51","16.99","8.33","","","","",""
"2024-05-15","2024136","12:01","11.0","89.7672","4.0","","","1.8","","8.3","93","","11","","12.93","16.94","8.66","","","","",""
"2024-05-15","2024136","12:01","11.0","89.7672","5.0","","","1.9","","8.1","92","","11","","14.22","16.81","9.68","","","","",""
"2024-05-15","2024136","12:01","11.0","89.7672","6.0","","","1.8","","8.1","91","","12","","15.63","16.64","10.78","","","","",""
"2024-05-15","2024136","12:01","11.0","89.7672","7.0","","","1.8","","8.0","91","","12","","17.24","16.39","12.06","","","","",""
"2024-05-15","2024136","12:01","11.0","89.7672","8.0","","","2.0","","7.9","90","","14","","17.66","16.31","12.40","","","","",""
"2024-05-15","2024136","12:01","11.0","89.7672","9.0","","","2.1","","7.9","90","","18","","18.13","16.22","12.77","","","","",""
"2024-05-15","2024136","12:01","11.0","89.7672","10.0","","","2.3","","7.9","90","","20","","18.50","16.16","13.07","","","","",""
"2024-05-15","2024136","12:01","11.0","89.7672","11.0","","","2.5","","7.9","90","","23","","18.76","16.12","13.27","","","","",""
"2024-05-15","2024136","12:01","11.0","89.7672","12.0","","","2.6","","7.9","90","","26","","18.99","16.07","13.46","","","","",""
"2024-05-15","2024136","12:01","11.0","89.7672","13.0","","","2.8","","7.9","90","","30","","19.34","16.00","13.74","","","","",""
"2024-05-15","2024136","12:01","11.0","89.7672","14.0","","","2.7","","7.9","90","","29","","19.72","15.92","14.05","","","","",""
"2024-05-15","2024136","12:01","11.0","89.7672","15.0","","","2.7","","7.9","90","","28","","19.86","15.90","14.16","","","","",""
"2024-05-15","2024136","12:01","11.0","89.7672","16.0","","","2.6","","7.8","90","","28","","20.02","15.87","14.29","","","","",""
"2024-05-15","2024136","12:01","11.0","89.7672","17.0","","","2.7","","7.9","90","","27","","20.13","15.84","14.38","","","","",""
"2024-05-15","2024136","11:48","12.0","84.4458","1.0","","","2.0","","8.7","97","","9","1.06","11.02","17.34","7.13","","","","",""
"2024-05-15","2024136","11:48","12.0","84.4458","2.0","","","1.9","","8.2","93","","8","","14.49","16.85","9.87","","","","",""
"2024-05-15","2024136","11:48","12.0","84.4458","3.0","","","1.8","","8.1","92","","8","","17.31","16.35","12.12","","","","",""
"2024-05-15","2024136","11:48","12.0","84.4458","4.0","","","1.7","","8.0","91","","8","","17.94","16.21","12.63","","","","",""
"2024-05-15","2024136","11:48","12.0","84.4458","5.0","","","1.7","","7.9","90","","8","","19.02","15.99","13.50","","","","",""
"2024-05-15","2024136","11:48","12.0","84.4458","6.0","","","1.7","","7.9","90","","8","","20.26","15.76","14.50","","","","",""
"2024-05-15","2024136","11:48","12.0","84.4458","7.0","","","1.8","","7.9","90","","8","","21.46","15.54","15.45","","","","",""
"2024-05-15","2024136","11:28","13.0","78.5444","1.0","","","2.5","","8.9","100","","10","1.54","12.46","16.99","8.29","","","","",""
"2024-05-15","2024136","11:28","13.0","78.5444","2.0","3.3","0.80","3.6","","8.6","97","12.9","10","","12.62","16.91","8.43","0.41","13.21","2.78","2.23","153.10"
"2024-05-15","2024136","11:28","13.0","78.5444","3.0","","","3.0","","8.4","94","","10","","14.62","16.65","10.01","","","","",""
"2024-05-15","2024136","11:28","13.0","78.5444","4.0","","","2.1","","8.3","94","","10","","17.16","16.18","12.04","","","","",""
"2024-05-15","2024136","11:28","13.0","78.5444","5.0","","","1.8","","8.2","93","","11","","20.13","15.69","14.41","","","","",""
"2024-05-15","2024136","11:28","13.0","78.5444","6.0","","","1.6","","7.9","90","","11","","20.51","15.63","14.71","","","","",""
"2024-05-15","2024136","11:28","13.0","78.5444","7.0","","","1.5","","7.6","87","","11","","22.50","15.31","16.30","","","","",""
"2024-05-15","2024136","11:28","13.0","78.5444","8.0","2.4","0.67","1.8","","7.6","88","14.4","11","","23.63","15.04","17.22","","","","",""
"2024-05-15","2024136","11:15","14.0","74.4288","1.0","","","2.6","","8.6","98","","7","0.88","17.84","16.14","12.56","","","","",""
"2024-05-15","2024136","11:15","14.0","74.4288","2.0","","","2.8","","8.6","98","","7","","17.85","16.14","12.57","","","","",""
"2024-05-15","2024136","11:15","14.0","74.4288","3.0","","","3.5","","8.5","96","","7","","18.23","16.12","12.86","","","","",""
"2024-05-15","2024136","11:15","14.0","74.4288","4.0","","","3.2","","8.3","95","","7","","18.74","16.11","13.26","","","","",""
"2024-05-15","2024136","11:15","14.0","74.4288","5.0","","","2.6","","8.1","92","","7","","19.48","15.91","13.86","","","","",""
"2024-05-15","2024136","11:15","14.0","74.4288","6.0","","","2.0","","7.7","88","","7","","21.63","15.43","15.61","","","","",""
"2024-05-15","2024136","11:15","14.0","74.4288","7.0","","","1.6","","7.5","86","","7","","23.27","15.10","16.93","","","","",""
"2024-05-15","2024136","11:15","14.0","74.4288","8.0","","","1.7","","7.4","85","","7","","24.41","14.81","17.86","","","","",""
"2024-05-15","2024136","11:15","14.0","74.4288","9.0","","","1.8","","7.4","85","","7","","24.81","14.71","18.19","","","","",""
"2024-05-15","2024136","11:15","14.0","74.4288","10.0","","","1.9","","7.4","85","","7","","25.93","14.42","19.11","","","","",""
"2024-05-15","2024136","11:15","14.0","74.4288","11.0","","","2.0","","7.3","84","","7","","26.42","14.25","19.52","","","","",""
"2024-05-15","2024136","11:15","14.0","74.4288","12.0","","","2.2","","7.2","83","","7","","27.12","13.99","20.11","","","","",""
"2024-05-15","2024136","11:15","14.0","74.4288","13.0","","","2.7","","7.2","83","","10","","27.46","13.84","20.40","","","","",""
"2024-05-15","2024136","10:56","15.0","69.9895","1.0","","","3.1","","8.7","97","","8","1.24","12.90","17.12","8.60","","","","",""
"2024-05-15","2024136","10:56","15.0","69.9895","2.0","4.2","0.83","4.0","","8.7","98","9.1","9","","13.55","16.86","9.15","0.42","14.06","2.50","2.27","139.22"
"2024-05-15","2024136","10:56","15.0","69.9895","3.0","","","4.3","","8.6","97","","8","","15.39","16.28","10.67","","","","",""
"2024-05-15","2024136","10:56","15.0","69.9895","4.0","","","4.0","","8.4","95","","8","","16.32","16.10","11.41","","","","",""
"2024-05-15","2024136","10:56","15.0","69.9895","5.0","","","3.8","","8.1","92","","7","","17.61","16.09","12.40","","","","",""
"2024-05-15","2024136","10:56","15.0","69.9895","6.0","","","3.1","","7.9","90","","7","","20.53","15.70","14.72","","","","",""
"2024-05-15","2024136","10:56","15.0","69.9895","7.0","","","2.5","","7.8","89","","7","","21.17","15.56","15.23","","","","",""
"2024-05-15","2024136","10:56","15.0","69.9895","8.0","","","2.2","","7.7","89","","7","","21.86","15.42","15.79","","","","",""
"2024-05-15","2024136","10:56","15.0","69.9895","9.0","","","1.9","","7.7","88","","7","","22.23","15.35","16.08","","","","",""
"2024-05-15","2024136","10:56","15.0","69.9895","10.0","","","1.8","","7.7","88","","6","","22.51","15.27","16.31","","","","",""
"2024-05-15","2024136","10:56","15.0","69.9895","11.0","","","1.9","","7.6","87","","6","","22.68","15.24","16.45","","","","",""
"2024-05-15","2024136","10:56","15.0","69.9895","12.0","","","1.9","","7.6","87","","6","","23.66","15.03","17.24","","","","",""
"2024-05-15","2024136","10:56","15.0","69.9895","13.0","","","1.9","","7.5","87","","6","","24.28","14.90","17.74","","","","",""
"2024-05-15","2024136","10:56","15.0","69.9895","14.0","","","2.0","","7.5","87","","6","","24.52","14.87","17.94","","","","",""
"2024-05-15","2024136","10:56","15.0","69.9895","15.0","","","2.0","","7.4","86","","6","","24.79","14.83","18.15","","","","",""
"2024-05-15","2024136","10:56","15.0","69.9895","16.0","","","1.8","","7.4","85","","6","","25.16","14.70","18.46","","","","",""
"2024-05-15","2024136","10:56","15.0","69.9895","17.0","","","1.8","","7.3","84","","7","","26.01","14.41","19.17","","","","",""
"2024-05-15","2024136","10:56","15.0","69.9895","18.0","","","2.0","","7.2","83","","7","","26.80","14.12","19.83","","","","",""
"2024-05-15","2024136","10:56","15.0","69.9895","19.0","","","2.2","","7.2","83","","9","","27.13","13.97","20.12","","","","",""
"2024-05-15","2024136","10:56","15.0","69.9895","20.0","","","2.6","","7.2","83","","12","","27.30","13.90","20.26","","","","",""
"2024-05-15","2024136","10:56","15.0","69.9895","21.0","","","3.2","","7.2","83","","15","","27.42","13.84","20.37","","","","",""
"2024-05-15","2024136","10:37","16.0","63.0794","1.0","","","5.0","","8.2","93","","7","0.81","18.00","16.29","12.66","","","","",""
"2024-05-15","2024136","10:37","16.0","63.0794","2.0","","","4.4","","7.6","88","","7","","22.28","15.37","16.12","","","","",""
"2024-05-15","2024136","10:37","16.0","63.0794","3.0","","","2.9","","7.5","86","","7","","24.33","14.84","17.80","","","","",""
"2024-05-15","2024136","10:37","16.0","63.0794","4.0","","","2.5","","7.3","84","","6","","25.83","14.41","19.03","","","","",""
"2024-05-15","2024136","10:37","16.0","63.0794","5.0","","","2.5","","7.2","83","","6","","27.41","13.80","20.37","","","","",""
"2024-05-15","2024136","10:37","16.0","63.0794","6.0","","","2.4","","7.2","82","","6","","27.87","13.58","20.76","","","","",""
"2024-05-15","2024136","10:37","16.0","63.0794","7.0","","","2.6","","7.0","80","","6","","28.26","13.39","21.10","","","","",""
"2024-05-15","2024136","10:37","16.0","63.0794","8.0","","","2.8","","6.9","79","","6","","28.71","13.16","21.49","","","","",""
"2024-05-15","2024136","10:37","16.0","63.0794","9.0","","","2.7","","6.9","78","","7","","28.92","13.05","21.68","","","","",""
"2024-05-15","2024136","10:37","16.0","63.0794","10.0","","","2.8","","6.8","78","","7","","29.14","12.93","21.87","","","","",""
"2024-05-15","2024136","10:22","17.0","58.8909","1.0","","","4.7","","8.3","95","","6","0.74","21.88","15.50","15.79","","","","",""
"2024-05-15","2024136","10:22","17.0","58.8909","2.0","5.2","0.85","4.8","","8.2","94","","6","","22.31","15.40","16.13","","","","",""
"2024-05-15","2024136","10:22","17.0","58.8909","3.0","","","4.6","","8.1","93","","6","","23.59","15.05","17.19","","","","",""
"2024-05-15","2024136","10:22","17.0","58.8909","4.0","","","3.9","","8.0","93","","6","","25.29","14.63","18.58","","","","",""
"2024-05-15","2024136","10:22","17.0","58.8909","5.0","","","3.6","","7.9","91","","6","","25.75","14.52","18.95","","","","",""
"2024-05-15","2024136","10:22","17.0","58.8909","6.0","","","3.0","","7.7","89","","6","","26.39","14.27","19.49","","","","",""
"2024-05-15","2024136","10:22","17.0","58.8909","7.0","","","2.6","","7.5","86","","5","","26.62","14.09","19.70","","","","",""
"2024-05-15","2024136","10:22","17.0","58.8909","8.0","","","2.3","","7.2","83","","6","","27.51","13.72","20.46","","","","",""
"2024-05-15","2024136","10:22","17.0","58.8909","9.0","","","2.3","","7.2","82","","6","","28.55","13.24","21.35","","","","",""
"2024-05-15","2024136","10:22","17.0","58.8909","10.0","","","2.4","","7.2","82","","6","","29.11","12.98","21.84","","","","",""
"2024-05-15","2024136","9:57","18.0","54.9481","1.0","","","4.7","","8.1","93","","5","0.67","24.60","14.61","18.05","","","","",""
"2024-05-15","2024136","9:57","18.0","54.9481","2.0","4.3","0.84","4.9","","8.1","93","3.9","5","","24.83","14.56","18.23","0.54","16.56","2.07","2.03","81.89"
"2024-05-15","2024136","9:57","18.0","54.9481","3.0","","","4.6","","8.1","93","","5","","25.18","14.50","18.52","","","","",""
"2024-05-15","2024136","9:57","18.0","54.9481","4.0","","","4.4","","8.1","93","","5","","25.53","14.54","18.77","","","","",""
"2024-05-15","2024136","9:57","18.0","54.9481","5.0","","","4.2","","8.1","93","","5","","25.58","14.58","18.81","","","","",""
"2024-05-15","2024136","9:57","18.0","54.9481","6.0","","","4.1","","8.1","93","","5","","25.58","14.57","18.81","","","","",""
"2024-05-15","2024136","9:57","18.0","54.9481","7.0","","","4.3","","8.1","93","","5","","25.59","14.58","18.81","","","","",""
"2024-05-15","2024136","9:57","18.0","54.9481","8.0","","","4.3","","8.1","93","","5","","25.62","14.63","18.83","","","","",""
"2024-05-15","2024136","9:57","18.0","54.9481","9.0","","","4.2","","8.1","94","","5","","25.71","14.73","18.88","","","","",""
"2024-05-15","2024136","9:57","18.0","54.9481","10.0","","","4.0","","8.1","93","","5","","25.75","14.74","18.91","","","","",""
"2024-05-15","2024136","9:57","18.0","54.9481","11.0","","","3.7","","8.0","93","","5","","25.89","14.73","19.01","","","","",""
"2024-05-15","2024136","9:57","18.0","54.9481","12.0","","","3.5","","8.0","93","","5","","25.95","14.71","19.07","","","","",""
"2024-05-15","2024136","9:57","18.0","54.9481","13.0","","","3.5","","8.0","93","","5","","25.99","14.67","19.11","","","","",""
"2024-05-15","2024136","9:57","18.0","54.9481","14.0","","","3.5","","8.0","92","","5","","26.07","14.59","19.19","","","","",""
"2024-05-15","2024136","9:57","18.0","54.9481","15.0","","","3.8","","8.0","92","","5","","26.09","14.50","19.21","","","","",""
"2024-05-15","2024136","9:57","18.0","54.9481","16.0","","","3.8","","7.9","91","","5","","26.14","14.38","19.28","","","","",""
"2024-05-15","2024136","9:57","18.0","54.9481","17.0","","","3.8","","7.7","89","","5","","26.75","14.16","19.79","","","","",""
"2024-05-15","2024136","9:57","18.0","54.9481","18.0","","","3.3","","7.7","88","","5","","27.24","13.99","20.21","","","","",""
"2024-05-15","2024136","9:57","18.0","54.9481","19.0","","","3.0","","7.6","88","","6","","27.36","13.93","20.30","","","","",""
"2024-05-15","2024136","9:57","18.0","54.9481","20.0","","","3.1","","7.5","87","","6","","27.60","13.80","20.52","","","","",""
"2024-05-15","2024136","9:57","18.0","54.9481","21.0","","","3.6","","7.3","84","","7","","27.88","13.66","20.76","","","","",""
"2024-05-15","2024136","9:57","18.0","54.9481","22.0","","","3.6","","7.2","82","","7","","28.64","13.25","21.43","","","","",""
"2024-05-15","2024136","9:57","18.0","54.9481","23.0","","","4.1","","7.1","80","","8","","29.56","12.78","22.22","","","","",""
"2024-05-15","2024136","9:57","18.0","54.9481","24.0","","","4.6","","6.9","79","","8","","30.23","12.42","22.81","","","","",""
"2024-05-15","2024136","9:57","18.0","54.9481","25.0","","","5.3","","6.8","77","","9","","30.66","12.19","23.19","","","","",""
"2024-05-15","2024136","9:57","18.0","54.9481","26.0","","","5.6","","6.8","76","","10","","31.03","11.97","23.52","","","","",""
"2024-05-15","2024136","9:57","18.0","54.9481","27.0","","","6.4","","6.7","76","","12","","31.14","11.90","23.61","","","","",""
"2024-05-15","2024136","9:57","18.0","54.9481","28.0","","","6.4","","6.7","75","","13","","31.20","11.86","23.66","","","","",""
"2024-05-15","2024136","9:57","18.0","54.9481","29.0","","","6.7","","6.6","75","","13","","31.38","11.74","23.83","","","","",""
"2024-05-15","2024136","9:57","18.0","54.9481","30.0","","","6.7","","6.6","75","","12","","31.35","11.76","23.80","","","","",""
"2024-05-15","2024136","9:57","18.0","54.9481","31.0","","","6.9","","6.6","75","","13","","31.35","11.76","23.80","","","","",""
"2024-05-15","2024136","9:57","18.0","54.9481","32.0","","","7.4","","6.6","74","","13","","31.36","11.75","23.81","","","","",""
"2024-05-15","2024136","9:57","18.0","54.9481","33.0","","","6.7","","6.6","74","","13","","31.39","11.73","23.84","","","","",""
"2024-05-15","2024136","9:57","18.0","54.9481","34.0","","","6.5","","6.6","74","","12","","31.40","11.72","23.85","","","","",""
"2024-05-15","2024136","9:57","18.0","54.9481","35.0","","","7.2","","6.6","74","","12","","31.42","11.71","23.87","","","","",""
"2024-05-15","2024136","9:57","18.0","54.9481","36.0","","","7.2","","6.6","74","","12","","31.43","11.70","23.87","","","","",""
"2024-05-15","2024136","9:57","18.0","54.9481","37.0","","","6.5","","6.6","74","","12","","31.44","11.70","23.88","","","","",""
"2024-05-15","2024136","9:57","18.0","54.9481","38.0","","","6.3","","6.5","73","","12","","31.44","11.69","23.88","","","","",""
"2024-05-15","2024136","9:57","18.0","54.9481","39.0","","","6.0","","6.5","73","","11","","31.50","11.65","23.93","","","","",""
"2024-05-15","2024136","9:44","20.0","51.4501","1.0","","","3.2","","7.8","91","","5","0.55","26.15","15.02","19.15","","","","",""
"2024-05-15","2024136","9:44","20.0","51.4501","2.0","3.8","0.82","3.5","","7.8","91","","5","","26.24","14.85","19.26","","","","",""
"2024-05-15","2024136","9:44","20.0","51.4501","3.0","","","3.7","","7.8","90","","5","","26.26","14.80","19.29","","","","",""
"2024-05-15","2024136","9:44","20.0","51.4501","4.0","","","3.2","","7.8","90","","5","","26.29","14.75","19.32","","","","",""
"2024-05-15","2024136","9:44","20.0","51.4501","5.0","","","3.1","","7.7","89","","5","","26.31","14.73","19.34","","","","",""
"2024-05-15","2024136","9:44","20.0","51.4501","6.0","","","3.0","","7.5","87","","5","","26.54","14.58","19.55","","","","",""
"2024-05-15","2024136","9:44","20.0","51.4501","7.0","","","3.2","","7.5","86","","5","","27.44","14.03","20.34","","","","",""
"2024-05-15","2024136","9:44","20.0","51.4501","8.0","","","3.3","","7.4","85","","6","","27.70","13.87","20.58","","","","",""
"2024-05-15","2024136","9:44","20.0","51.4501","9.0","","","3.3","","7.4","84","","6","","28.39","13.52","21.18","","","","",""
"2024-05-15","2024136","9:44","20.0","51.4501","10.0","","","4.0","","7.3","84","","6","","28.84","13.28","21.57","","","","",""
"2024-05-15","2024136","9:44","20.0","51.4501","11.0","","","4.1","","7.3","84","","6","","29.11","13.13","21.81","","","","",""
"2024-05-15","2024136","9:44","20.0","51.4501","12.0","","","4.3","","7.3","84","","6","","29.20","13.08","21.89","","","","",""
"2024-05-15","2024136","9:44","20.0","51.4501","13.0","","","4.5","","7.3","83","","6","","29.16","13.10","21.86","","","","",""
"2024-05-15","2024136","9:44","20.0","51.4501","14.0","","","3.9","","7.2","83","","6","","29.25","13.05","21.94","","","","",""
"2024-05-15","2024136","9:44","20.0","51.4501","15.0","","","4.1","","7.2","82","","6","","29.71","12.80","22.33","","","","",""
"2024-05-15","2024136","9:44","20.0","51.4501","16.0","","","3.9","","7.2","82","","7","","29.92","12.68","22.52","","","","",""
"2024-05-15","2024136","9:44","20.0","51.4501","17.0","","","3.7","","7.2","82","","7","","29.91","12.69","22.51","","","","",""
"2024-05-15","2024136","9:44","20.0","51.4501","18.0","","","3.8","","7.2","82","","7","","29.92","12.67","22.52","","","","",""
"2024-05-15","2024136","9:44","20.0","51.4501","19.0","","","3.8","","7.2","82","","7","","29.91","12.68","22.52","","","","",""
"2024-05-15","2024136","9:44","20.0","51.4501","20.0","","","4.2","","7.2","81","","7","","29.93","12.66","22.54","","","","",""
"2024-05-15","2024136","9:44","20.0","51.4501","21.0","","","4.9","","7.1","81","","7","","29.93","12.66","22.54","","","","",""
"2024-05-15","2024136","9:44","20.0","51.4501","22.0","","","4.1","","7.1","81","","7","","29.94","12.65","22.55","","","","",""
"2024-05-15","2024136","9:44","20.0","51.4501","23.0","","","4.2","","7.1","81","","7","","29.93","12.65","22.53","","","","",""
"2024-05-15","2024136","9:31","21.0","46.6266","1.0","","","4.5","","8.2","96","","5","0.56","25.04","15.30","18.25","","","","",""
"2024-05-15","2024136","9:31","21.0","46.6266","2.0","4.7","0.84","4.6","","8.2","96","","5","","25.04","15.31","18.25","","","","",""
"2024-05-15","2024136","9:31","21.0","46.6266","3.0","","","4.7","","8.2","95","","5","","25.04","15.30","18.25","","","","",""
"2024-05-15","2024136","9:31","21.0","46.6266","4.0","","","4.4","","8.1","94","","5","","25.04","15.29","18.25","","","","",""
"2024-05-15","2024136","9:31","21.0","46.6266","5.0","","","3.6","","7.8","92","","5","","25.22","15.30","18.39","","","","",""
"2024-05-15","2024136","9:31","21.0","46.6266","6.0","","","2.5","","7.7","90","","5","","25.71","15.26","18.77","","","","",""
"2024-05-15","2024136","9:31","21.0","46.6266","7.0","","","2.3","","7.7","90","","5","","25.89","15.18","18.93","","","","",""
"2024-05-15","2024136","9:31","21.0","46.6266","8.0","","","2.3","","7.7","90","","5","","25.92","15.16","18.96","","","","",""
"2024-05-15","2024136","9:31","21.0","46.6266","9.0","","","2.1","","7.5","88","","5","","26.03","15.09","19.05","","","","",""
"2024-05-15","2024136","9:31","21.0","46.6266","10.0","","","1.9","","7.4","87","","5","","26.42","14.78","19.41","","","","",""
"2024-05-15","2024136","9:31","21.0","46.6266","11.0","","","2.2","","7.3","85","","5","","26.52","14.67","19.51","","","","",""
"2024-05-15","2024136","9:31","21.0","46.6266","12.0","","","2.5","","7.2","83","","6","","26.88","14.38","19.85","","","","",""
"2024-05-15","2024136","9:31","21.0","46.6266","13.0","","","2.7","","7.2","83","","6","","27.89","13.83","20.74","","","","",""
"2024-05-15","2024136","9:31","21.0","46.6266","14.0","","","3.8","","7.2","82","","6","","28.60","13.41","21.36","","","","",""
"2024-05-15","2024136","9:31","21.0","46.6266","15.0","","","3.8","","7.2","82","","6","","29.11","13.14","21.81","","","","",""
"2024-05-15","2024136","9:31","21.0","46.6266","16.0","","","4.3","","7.2","83","","6","","29.68","12.83","22.31","","","","",""
"2024-05-15","2024136","9:22","22.0","43.9210","1.0","","","4.5","","8.1","95","","4","0.56","24.98","15.32","18.20","","","","",""
"2024-05-15","2024136","9:22","22.0","43.9210","2.0","4.6","0.87","4.9","","8.1","94","2.4","4","","25.04","15.30","18.25","0.49","15.28","2.28","1.79","76.20"
"2024-05-15","2024136","9:22","22.0","43.9210","3.0","","","4.9","","7.9","93","","4","","25.06","15.29","18.27","","","","",""
"2024-05-15","2024136","9:22","22.0","43.9210","4.0","","","3.8","","7.7","90","","5","","25.41","15.23","18.55","","","","",""
"2024-05-15","2024136","9:22","22.0","43.9210","5.0","","","2.2","","7.5","87","","5","","25.93","15.04","18.98","","","","",""
"2024-05-15","2024136","9:22","22.0","43.9210","6.0","","","2.1","","7.4","86","","5","","26.31","14.82","19.32","","","","",""
"2024-05-15","2024136","9:22","22.0","43.9210","7.0","","","2.2","","7.4","86","","5","","26.80","14.41","19.78","","","","",""
"2024-05-15","2024136","9:22","22.0","43.9210","8.0","","","2.3","","7.3","85","","5","","26.99","14.26","19.96","","","","",""
"2024-05-15","2024136","9:22","22.0","43.9210","9.0","","","2.8","","7.2","83","","5","","27.30","14.07","20.23","","","","",""
"2024-05-15","2024136","9:22","22.0","43.9210","10.0","","","2.6","","7.1","81","","5","","28.12","13.65","20.95","","","","",""
"2024-05-15","2024136","9:22","22.0","43.9210","11.0","","","3.0","","7.1","81","","5","","29.38","12.96","22.05","","","","",""
"2024-05-15","2024136","9:22","22.0","43.9210","12.0","","","3.4","","7.1","81","","5","","29.65","12.82","22.29","","","","",""
"2024-05-15","2024136","9:22","22.0","43.9210","13.0","","","3.3","","7.1","81","","6","","29.67","12.80","22.31","","","","",""
"2024-05-15","2024136","9:22","22.0","43.9210","14.0","","","3.4","","7.1","80","","6","","29.69","12.80","22.32","","","","",""
"2024-05-15","2024136","9:22","22.0","43.9210","15.0","","","3.1","","7.1","80","","6","","29.70","12.79","22.33","","","","",""
"2024-05-15","2024136","9:22","22.0","43.9210","16.0","","","3.2","","7.1","80","","6","","29.71","12.78","22.34","","","","",""
"2024-05-15","2024136","9:22","22.0","43.9210","17.0","4.8","0.68","3.9","","7.0","80","6.7","6","","29.71","12.78","22.34","","","","",""
"2024-05-15","2024136","9:10","23.0","39.6557","1.0","","","5.2","","8.2","96","","5","0.62","24.62","15.68","17.85","","","","",""
"2024-05-15","2024136","9:10","23.0","39.6557","2.0","","","4.7","","8.1","95","","5","","24.64","15.70","17.86","","","","",""
"2024-05-15","2024136","9:10","23.0","39.6557","3.0","","","3.7","","8.0","94","","5","","24.67","15.71","17.88","","","","",""
"2024-05-15","2024136","9:10","23.0","39.6557","4.0","","","3.1","","7.9","93","","5","","24.89","15.65","18.06","","","","",""
"2024-05-15","2024136","9:10","23.0","39.6557","5.0","","","2.5","","7.9","93","","5","","25.03","15.48","18.21","","","","",""
"2024-05-15","2024136","9:10","23.0","39.6557","6.0","","","2.4","","7.9","92","","5","","25.09","15.40","18.26","","","","",""
"2024-05-15","2024136","9:10","23.0","39.6557","7.0","","","2.3","","7.9","93","","5","","25.19","15.35","18.35","","","","",""
"2024-05-15","2024136","9:10","23.0","39.6557","8.0","","","2.5","","7.9","92","","5","","25.29","15.33","18.43","","","","",""
"2024-05-15","2024136","9:10","23.0","39.6557","9.0","","","2.2","","7.7","90","","5","","25.43","15.30","18.55","","","","",""
"2024-05-15","2024136","9:10","23.0","39.6557","10.0","","","2.2","","7.6","89","","5","","25.79","15.09","18.87","","","","",""
"2024-05-15","2024136","9:10","23.0","39.6557","11.0","","","2.0","","7.5","87","","5","","25.98","14.97","19.04","","","","",""
"2024-05-15","2024136","9:10","23.0","39.6557","12.0","","","1.7","","7.4","86","","5","","26.12","14.88","19.17","","","","",""
"2024-05-15","2024136","9:10","23.0","39.6557","13.0","","","1.9","","7.4","86","","5","","26.43","14.71","19.43","","","","",""
"2024-05-15","2024136","9:10","23.0","39.6557","14.0","","","2.0","","7.4","85","","6","","26.51","14.66","19.51","","","","",""
"2024-05-15","2024136","8:59","24.0","37.0911","1.0","","","5.0","","8.3","97","","4","0.59","24.45","15.60","17.73","","","","",""
"2024-05-15","2024136","8:59","24.0","37.0911","2.0","5.4","0.84","5.5","","8.3","97","2.8","4","","24.45","15.57","17.74","0.49","15.14","2.43","1.78","79.76"
"2024-05-15","2024136","8:59","24.0","37.0911","3.0","","","5.5","","8.2","95","","4","","24.45","15.55","17.74","","","","",""
"2024-05-15","2024136","8:59","24.0","37.0911","4.0","","","4.7","","7.8","92","","4","","24.59","15.55","17.85","","","","",""
"2024-05-15","2024136","8:59","24.0","37.0911","5.0","","","2.9","","7.6","89","","5","","25.37","15.35","18.49","","","","",""
"2024-05-15","2024136","8:59","24.0","37.0911","6.0","","","1.9","","7.5","88","","5","","25.59","15.33","18.66","","","","",""
"2024-05-15","2024136","8:59","24.0","37.0911","7.0","","","1.9","","7.5","88","","5","","25.67","15.32","18.72","","","","",""
"2024-05-15","2024136","8:59","24.0","37.0911","8.0","","","2.0","","7.4","87","","6","","25.80","15.25","18.84","","","","",""
"2024-05-15","2024136","8:49","25.0","32.8382","1.0","","","5.6","","8.0","96","","5","0.73","24.72","16.62","17.72","","","","",""
"2024-05-15","2024136","8:49","25.0","32.8382","2.0","","","4.9","","7.9","94","","5","","24.80","16.57","17.80","","","","",""
"2024-05-15","2024136","8:49","25.0","32.8382","3.0","","","3.4","","7.7","92","","6","","24.96","16.40","17.95","","","","",""
"2024-05-15","2024136","8:49","25.0","32.8382","4.0","","","2.2","","7.7","92","","6","","25.20","16.05","18.22","","","","",""
"2024-05-15","2024136","8:49","25.0","32.8382","5.0","","","1.8","","7.7","92","","6","","25.34","15.89","18.35","","","","",""
"2024-05-15","2024136","8:49","25.0","32.8382","6.0","","","1.8","","7.7","91","","6","","25.34","15.89","18.36","","","","",""
"2024-05-15","2024136","8:49","25.0","32.8382","7.0","","","1.8","","7.7","91","","6","","25.35","15.88","18.36","","","","",""
"2024-05-15","2024136","8:38","26.0","28.7560","1.0","","","12.3","","8.3","101","","4","0.69","24.09","17.27","17.10","","","","",""
"2024-05-15","2024136","8:38","26.0","28.7560","2.0","","","8.7","","8.3","100","","4","","24.57","17.18","17.49","","","","",""
"2024-05-15","2024136","8:38","26.0","28.7560","3.0","","","5.8","","8.2","98","","5","","24.80","16.82","17.74","","","","",""
"2024-05-15","2024136","8:38","26.0","28.7560","4.0","","","4.7","","8.1","97","","5","","24.86","16.71","17.81","","","","",""
"2024-05-15","2024136","8:38","26.0","28.7560","5.0","","","3.8","","8.1","96","","6","","25.06","16.46","18.02","","","","",""
"2024-05-15","2024136","8:38","26.0","28.7560","6.0","","","3.4","","8.1","96","","6","","25.15","16.31","18.12","","","","",""
"2024-05-15","2024136","8:38","26.0","28.7560","7.0","","","3.3","","8.0","96","","6","","25.17","16.28","18.14","","","","",""
"2024-05-15","2024136","8:38","26.0","28.7560","8.0","","","3.2","","8.0","96","","6","","25.21","16.20","18.19","","","","",""
"2024-05-15","2024136","8:38","26.0","28.7560","9.0","","","3.2","","8.0","95","","6","","25.29","16.04","18.28","","","","",""
"2024-05-15","2024136","8:29","27.0","26.1872","1.0","","","6.7","","8.2","100","","5","0.73","23.50","17.98","16.49","","","","",""
"2024-05-15","2024136","8:29","27.0","26.1872","2.0","7.2","0.87","6.8","","8.2","100","4.1","5","","23.59","17.90","16.58","0.52","8.42","2.64","2.42","71.57"
"2024-05-15","2024136","8:29","27.0","26.1872","3.0","","","5.6","","8.2","99","","5","","23.77","17.73","16.75","","","","",""
"2024-05-15","2024136","8:29","27.0","26.1872","4.0","","","4.5","","7.9","96","","6","","23.84","17.75","16.80","","","","",""
"2024-05-15","2024136","8:29","27.0","26.1872","5.0","","","4.0","","7.8","94","","6","","24.16","17.53","17.10","","","","",""
"2024-05-15","2024136","8:29","27.0","26.1872","6.0","","","3.3","","7.9","96","","6","","24.56","17.06","17.51","","","","",""
"2024-05-15","2024136","8:29","27.0","26.1872","7.0","","","3.3","","8.0","96","","7","","24.86","16.75","17.80","","","","",""
"2024-05-15","2024136","8:29","27.0","26.1872","8.0","","","3.1","","8.0","96","","6","","25.00","16.56","17.95","","","","",""
"2024-05-15","2024136","8:29","27.0","26.1872","9.0","","","2.9","","8.0","96","","6","","25.06","16.47","18.01","","","","",""
"2024-05-15","2024136","8:29","27.0","26.1872","10.0","3.1","0.77","2.9","","8.0","96","6.0","7","","25.07","16.44","18.03","","","","",""
"2024-05-15","2024136","8:19","28.0","23.5695","1.0","","","6.2","","8.1","99","","6","0.79","23.22","18.36","16.19","","","","",""
"2024-05-15","2024136","8:19","28.0","23.5695","2.0","","","6.0","","8.0","99","","6","","23.22","18.36","16.19","","","","",""
"2024-05-15","2024136","8:19","28.0","23.5695","3.0","","","5.9","","8.0","99","","6","","23.22","18.36","16.19","","","","",""
"2024-05-15","2024136","8:19","28.0","23.5695","4.0","","","5.8","","8.0","98","","6","","23.22","18.36","16.19","","","","",""
"2024-05-15","2024136","8:19","28.0","23.5695","5.0","","","5.4","","7.9","96","","6","","23.35","18.31","16.30","","","","",""
"2024-05-15","2024136","8:19","28.0","23.5695","6.0","","","3.8","","7.7","94","","6","","23.68","18.03","16.62","","","","",""
"2024-05-15","2024136","8:19","28.0","23.5695","7.0","","","3.4","","7.9","96","","6","","24.05","17.62","16.99","","","","",""
"2024-05-15","2024136","8:19","28.0","23.5695","8.0","","","4.1","","7.9","96","","7","","24.41","17.26","17.35","","","","",""
"2024-05-15","2024136","8:19","28.0","23.5695","9.0","","","4.3","","7.8","95","","7","","24.45","17.20","17.40","","","","",""
"2024-05-15","2024136","8:19","28.0","23.5695","10.0","","","4.1","","7.8","94","","8","","24.54","17.02","17.50","","","","",""
"2024-05-15","2024136","8:19","28.0","23.5695","11.0","","","3.9","","7.8","94","","8","","24.59","16.94","17.56","","","","",""
"2024-05-15","2024136","8:19","28.0","23.5695","12.0","","","3.9","","7.8","94","","8","","24.67","16.87","17.63","","","","",""
"2024-05-15","2024136","8:09","29.0","20.2526","1.0","","","5.6","","8.0","99","","6","0.82","23.11","18.33","16.11","","","","",""
"2024-05-15","2024136","8:09","29.0","20.2526","2.0","","","5.5","","8.1","99","","6","","23.11","18.33","16.11","","","","",""
"2024-05-15","2024136","8:09","29.0","20.2526","3.0","","","5.5","","8.1","99","","6","","23.11","18.32","16.12","","","","",""
"2024-05-15","2024136","8:09","29.0","20.2526","4.0","","","5.6","","8.0","98","","6","","23.11","18.32","16.12","","","","",""
"2024-05-15","2024136","8:09","29.0","20.2526","5.0","","","5.2","","7.9","97","","6","","23.20","18.37","16.17","","","","",""
"2024-05-15","2024136","8:09","29.0","20.2526","6.0","","","4.2","","7.8","96","","6","","23.35","18.28","16.31","","","","",""
"2024-05-15","2024136","8:09","29.0","20.2526","7.0","","","3.8","","7.8","95","","6","","23.51","18.12","16.46","","","","",""
"2024-05-15","2024136","8:09","29.0","20.2526","8.0","","","3.8","","7.8","94","","6","","23.80","17.82","16.76","","","","",""
"2024-05-15","2024136","8:09","29.0","20.2526","9.0","","","3.7","","7.8","94","","6","","24.08","17.50","17.04","","","","",""
"2024-05-15","2024136","8:09","29.0","20.2526","10.0","","","3.5","","7.8","94","","7","","24.21","17.35","17.18","","","","",""
"2024-05-15","2024136","8:09","29.0","20.2526","11.0","","","3.5","","7.8","94","","7","","24.25","17.32","17.21","","","","",""
"2024-05-15","2024136","8:09","29.0","20.2526","12.0","","","3.8","","7.8","94","","7","","24.29","17.27","17.25","","","","",""
"2024-05-15","2024136","8:09","29.0","20.2526","13.0","","","3.6","","7.8","94","","8","","24.30","17.23","17.27","","","","",""
"2024-05-15","2024136","8:09","29.0","20.2526","14.0","","","3.4","","7.8","94","","8","","24.31","17.21","17.29","","","","",""
"2024-05-15","2024136","7:55","30.0","14.7543","1.0","","","5.3","","7.6","93","","8","1.04","22.29","18.25","15.51","","","","",""
"2024-05-15","2024136","7:55","30.0","14.7543","2.0","4.9","0.84","5.0","","7.6","93","7.0","8","","22.29","18.22","15.52","0.70","12.99","3.50","3.52","79.76"
"2024-05-15","2024136","7:55","30.0","14.7543","3.0","","","4.9","","7.7","93","","8","","22.29","18.22","15.52","","","","",""
"2024-05-15","2024136","7:55","30.0","14.7543","4.0","","","4.7","","7.6","93","","8","","22.35","18.29","15.54","","","","",""
"2024-05-15","2024136","7:55","30.0","14.7543","5.0","","","4.1","","7.6","93","","8","","22.40","18.33","15.57","","","","",""
"2024-05-15","2024136","7:55","30.0","14.7543","6.0","","","3.8","","7.7","93","","8","","22.43","18.32","15.60","","","","",""
"2024-05-15","2024136","7:55","30.0","14.7543","7.0","","","4.0","","7.7","94","","8","","22.50","18.32","15.65","","","","",""
"2024-05-15","2024136","7:55","30.0","14.7543","8.0","","","4.1","","7.7","94","","8","","22.64","18.30","15.76","","","","",""
"2024-05-15","2024136","7:55","30.0","14.7543","9.0","","","4.4","","7.8","95","","8","","22.81","18.38","15.88","","","","",""
"2024-05-15","2024136","7:55","30.0","14.7543","10.0","4.3","0.59","4.4","","7.8","95","","8","","22.88","18.38","15.93","","","","",""
"2024-05-15","2024136","7:42","31.0","10.6065","1.0","","","5.3","","7.4","90","","8","1.14","21.64","18.55","14.95","","","","",""
"2024-05-15","2024136","7:42","31.0","10.6065","2.0","","","4.3","","7.3","89","","8","","21.77","18.74","15.00","","","","",""
"2024-05-15","2024136","7:42","31.0","10.6065","3.0","","","2.8","","7.3","89","","8","","21.93","18.69","15.14","","","","",""
"2024-05-15","2024136","7:42","31.0","10.6065","4.0","","","2.0","","7.3","89","","8","","21.96","18.66","15.16","","","","",""
"2024-05-15","2024136","7:42","31.0","10.6065","5.0","","","2.2","","7.3","90","","9","","22.03","18.59","15.23","","","","",""
"2024-05-15","2024136","7:42","31.0","10.6065","6.0","","","2.3","","7.4","90","","9","","22.06","18.55","15.27","","","","",""
"2024-05-15","2024136","7:42","31.0","10.6065","7.0","","","2.4","","7.4","90","","9","","22.13","18.51","15.33","","","","",""
"2024-05-15","2024136","7:42","31.0","10.6065","8.0","","","2.6","","7.4","90","","9","","22.17","18.48","15.36","","","","",""
"2024-05-15","2024136","7:42","31.0","10.6065","9.0","","","3.0","","7.4","90","","10","","22.23","18.46","15.41","","","","",""
"2024-05-15","2024136","7:42","31.0","10.6065","10.0","","","2.9","","7.4","90","","11","","22.31","18.43","15.48","","","","",""
"2024-05-15","2024136","7:32","32.0","8.1507","1.0","","","5.0","","7.3","89","","8","1.15","21.56","18.79","14.83","","","","",""
"2024-05-15","2024136","7:32","32.0","8.1507","2.0","4.6","0.81","4.6","","7.3","89","7.9","8","","21.56","18.79","14.83","0.74","11.28","3.14","4.36","85.10"
"2024-05-15","2024136","7:32","32.0","8.1507","3.0","","","4.3","","7.3","90","","8","","21.56","18.79","14.83","","","","",""
"2024-05-15","2024136","7:32","32.0","8.1507","4.0","","","4.2","","7.3","89","","8","","21.56","18.78","14.83","","","","",""
"2024-05-15","2024136","7:32","32.0","8.1507","5.0","","","3.8","","7.2","88","","8","","21.72","18.78","14.95","","","","",""
"2024-05-15","2024136","7:32","32.0","8.1507","6.0","","","1.9","","7.1","88","","9","","21.88","18.78","15.07","","","","",""
"2024-05-15","2024136","7:32","32.0","8.1507","7.0","","","1.5","","7.1","87","","10","","21.89","18.77","15.09","","","","",""
"2024-05-15","2024136","7:32","32.0","8.1507","8.0","","","1.6","","7.2","88","","11","","21.90","18.75","15.10","","","","",""
"2024-05-15","2024136","7:32","32.0","8.1507","9.0","","","1.8","","7.2","88","","12","","21.90","18.72","15.11","","","","",""
"2024-05-15","2024136","7:25","33.0","6.8085","1.0","","","4.6","","7.2","89","","10","1.31","21.38","18.94","14.66","","","","",""
"2024-05-15","2024136","7:25","33.0","6.8085","2.0","","","3.7","","7.2","88","10.4","10","","21.38","18.94","14.66","","","","",""
"2024-05-15","2024136","7:25","33.0","6.8085","3.0","","","3.1","","7.2","88","","10","","21.57","18.98","14.79","","","","",""
"2024-05-15","2024136","7:25","33.0","6.8085","4.0","","","2.6","","7.1","88","","10","","21.63","19.01","14.83","","","","",""
"2024-05-15","2024136","7:25","33.0","6.8085","5.0","","","2.8","","7.1","88","","11","","21.66","18.99","14.86","","","","",""
"2024-05-15","2024136","7:25","33.0","6.8085","6.0","","","2.8","","7.2","88","","11","","21.68","18.94","14.89","","","","",""
"2024-05-15","2024136","7:25","33.0","6.8085","7.0","","","2.8","","7.2","88","","12","","21.71","18.92","14.92","","","","",""
"2024-05-15","2024136","7:25","33.0","6.8085","8.0","","","2.8","","7.1","88","","12","","21.73","18.88","14.94","","","","",""
"2024-05-15","2024136","7:25","33.0","6.8085","9.0","","","2.6","","7.1","88","","12","","21.75","18.84","14.96","","","","",""
"2024-05-15","2024136","7:25","33.0","6.8085","10.0","","","2.4","","7.1","88","","12","","21.77","18.82","14.99","","","","",""
"2024-05-15","2024136","7:25","33.0","6.8085","11.0","","","2.3","","7.2","88","","13","","21.79","18.84","15.00","","","","",""
"2024-05-15","2024136","7:14","34.0","3.5290","1.0","","","3.9","","7.0","86","","17","1.64","21.17","19.31","14.41","","","","",""
"2024-05-15","2024136","7:14","34.0","3.5290","2.0","3.1","0.74","3.2","","7.0","86","15.9","16","","21.19","19.21","14.45","","","","",""
"2024-05-15","2024136","7:14","34.0","3.5290","3.0","","","2.9","","7.1","87","","16","","21.22","19.16","14.49","","","","",""
"2024-05-15","2024136","7:14","34.0","3.5290","4.0","","","3.2","","7.1","87","","17","","21.28","19.20","14.52","","","","",""
"2024-05-15","2024136","7:14","34.0","3.5290","5.0","","","3.4","","7.1","87","","17","","21.31","19.20","14.54","","","","",""
"2024-05-15","2024136","7:14","34.0","3.5290","6.0","","","3.4","","7.1","87","","17","","21.32","19.16","14.56","","","","",""
"2024-05-15","2024136","7:14","34.0","3.5290","7.0","2.9","0.52","2.9","","7.1","87","","17","","21.33","19.15","14.57","","","","",""
"2024-05-15","2024136","7:04","35.0","1.6576","1.0","","","3.2","","7.0","86","","19","1.53","20.68","19.25","14.05","","","","",""
"2024-05-15","2024136","7:04","35.0","1.6576","2.0","2.7","0.70","3.0","","7.0","86","17.5","19","","20.71","19.30","14.07","","","","",""
"2024-05-15","2024136","7:04","35.0","1.6576","3.0","","","3.1","","7.0","86","","19","","20.74","19.36","14.08","","","","",""
"2024-05-15","2024136","7:04","35.0","1.6576","4.0","","","3.2","","7.0","86","","19","","20.75","19.36","14.08","","","","",""
"2024-05-15","2024136","7:04","35.0","1.6576","5.0","","","3.1","","7.0","86","","19","","20.79","19.42","14.10","","","","",""
"2024-05-15","2024136","7:04","35.0","1.6576","6.0","","","3.1","","6.9","86","","20","","20.84","19.47","14.13","","","","",""
"2024-05-15","2024136","6:56","36.0","0.0000","1.0","","","3.3","","6.7","82","","28","2.43","20.34","18.99","13.86","","","","",""
"2024-05-15","2024136","6:56","36.0","0.0000","2.0","2.7","0.65","2.9","","6.7","82","25.6","28","","20.35","19.00","13.86","1.16","24.56","6.07","6.33","103.97"
"2024-05-15","2024136","6:56","36.0","0.0000","3.0","","","2.8","","6.7","82","","28","","20.40","19.05","13.89","","","","",""
"2024-05-15","2024136","6:56","36.0","0.0000","4.0","","","2.7","","6.7","82","","28","","20.41","19.06","13.89","","","","",""
"2024-05-15","2024136","6:56","36.0","0.0000","5.0","3.3","0.39","2.7","","6.7","82","","28","","20.41","19.07","13.90","","","","",""
"2024-05-15","2024136","14:52","649.0","132.9388","1.0","","","2.4","","9.5","102","","10","1.27","0.05","18.32","","","","","",""
"2024-05-15","2024136","14:52","649.0","132.9388","2.0","2.5","0.70","2.6","","9.5","102","12.6","12","","0.05","18.29","","0.09","9.42","1.07","1.01","239.63"
"2024-05-15","2024136","14:52","649.0","132.9388","3.0","","","2.6","","9.5","102","","12","","0.05","18.29","","","","","",""
"2024-05-15","2024136","14:52","649.0","132.9388","4.0","","","2.5","","9.5","102","","12","","0.05","18.29","","","","","",""
"2024-05-15","2024136","14:52","649.0","132.9388","5.0","","","2.4","","9.5","102","","12","","0.05","18.29","","","","","",""
"2024-05-15","2024136","14:52","649.0","132.9388","6.0","","","2.4","","9.5","102","","10","","0.05","18.29","","","","","",""
"2024-05-15","2024136","14:52","649.0","132.9388","7.0","","","2.6","","9.6","102","","10","","0.05","18.29","","","","","",""
"2024-05-15","2024136","14:52","649.0","132.9388","8.0","","","2.4","","9.6","102","","6","","0.05","18.29","","","","","",""
"2024-05-15","2024136","14:52","649.0","132.9388","9.0","","","2.4","","9.6","102","","6","","0.05","18.29","","","","","",""
"2024-05-15","2024136","14:52","649.0","132.9388","10.0","2.5","0.68","2.6","","9.5","102","7.5","6","","0.05","18.29","","","","","",""
"2024-05-15","2024136","15:38","657.0","147.2548","1.0","","","1.0","","9.3","100","","12","0.96","0.05","18.77","","","","","",""
"2024-05-15","2024136","15:38","657.0","147.2548","2.0","1.3","0.53","1.3","","9.3","100","9.7","11","","0.05","18.77","","0.09","8.64","1.57","1.08","241.05"
"2024-05-15","2024136","15:38","657.0","147.2548","3.0","","","1.2","","9.3","100","","11","","0.05","18.76","","","","","",""
"2024-05-15","2024136","15:38","657.0","147.2548","4.0","","","1.3","","9.3","100","","11","","0.05","18.76","","","","","",""
"2024-05-15","2024136","15:38","657.0","147.2548","5.0","","","1.3","","9.3","100","","11","","0.05","18.74","","","","","",""
"2024-05-15","2024136","15:38","657.0","147.2548","6.0","","","1.3","","9.3","100","","12","","0.05","18.73","","","","","",""
"2024-05-15","2024136","15:38","657.0","147.2548","7.0","","","1.3","","9.3","100","","12","","0.05","18.71","","","","","",""
"2024-05-15","2024136","15:38","657.0","147.2548","8.0","1.4","0.47","1.3","","9.3","100","11.1","12","","0.05","18.71","","","","","",""
"2024-06-04","2024156","13:37","2.0","127.7053","1.0","","","3.6","","8.9","100","","20","1.72","0.07","20.88","","","","","",""
"2024-06-04","2024156","13:37","2.0","127.7053","2.0","","","3.7","","8.8","99","","19","","0.07","20.82","","","","","",""
"2024-06-04","2024156","13:37","2.0","127.7053","3.0","","","3.8","","8.9","99","","20","","0.07","20.76","","","","","",""
"2024-06-04","2024156","13:37","2.0","127.7053","4.0","","","3.8","","8.9","100","","20","","0.07","20.68","","","","","",""
"2024-06-04","2024156","13:37","2.0","127.7053","5.0","","","3.8","","8.9","100","","21","","0.07","20.70","","","","","",""
"2024-06-04","2024156","13:37","2.0","127.7053","6.0","","","3.8","","8.9","100","","21","","0.07","20.63","","","","","",""
"2024-06-04","2024156","13:37","2.0","127.7053","7.0","","","3.8","","9.0","100","","22","","0.06","20.57","","","","","",""
"2024-06-04","2024156","13:37","2.0","127.7053","8.0","","","3.8","","9.0","100","","24","","0.06","20.57","","","","","",""
"2024-06-04","2024156","13:37","2.0","127.7053","9.0","","","3.7","","9.0","100","","24","","0.06","20.56","","","","","",""
"2024-06-04","2024156","13:27","3.0","125.3243","1.0","","","3.7","","8.9","100","","31","2.00","0.08","20.70","","","","","",""
"2024-06-04","2024156","13:27","3.0","125.3243","2.0","4.2","0.64","3.9","","8.9","99","20.9","31","","0.08","20.70","","0.12","8.21","1.00","1.53","204.38"
"2024-06-04","2024156","13:27","3.0","125.3243","3.0","","","4.0","","8.9","99","","32","","0.08","20.68","","","","","",""
"2024-06-04","2024156","13:27","3.0","125.3243","4.0","","","4.0","","8.8","99","","32","","0.08","20.65","","","","","",""
"2024-06-04","2024156","13:27","3.0","125.3243","5.0","","","4.0","","8.9","99","","34","","0.08","20.64","","","","","",""
"2024-06-04","2024156","13:27","3.0","125.3243","6.0","","","3.9","","8.9","99","","36","","0.08","20.64","","","","","",""
"2024-06-04","2024156","13:27","3.0","125.3243","7.0","","","3.9","","8.9","99","","37","","0.08","20.62","","","","","",""
"2024-06-04","2024156","13:27","3.0","125.3243","8.0","","","3.8","","8.8","99","","38","","0.08","20.63","","","","","",""
"2024-06-04","2024156","13:27","3.0","125.3243","9.0","","","4.0","","8.8","99","","37","","0.08","20.63","","","","","",""
"2024-06-04","2024156","13:27","3.0","125.3243","10.0","4.5","0.51","4.1","","8.9","99","42.9","38","","0.08","20.59","","","","","",""
"2024-06-04","2024156","13:14","4.0","119.8957","1.0","","","3.9","","8.8","99","","31","1.93","0.15","20.63","","","","","",""
"2024-06-04","2024156","13:14","4.0","119.8957","2.0","","","4.0","","8.8","99","","29","","0.15","20.64","","","","","",""
"2024-06-04","2024156","13:14","4.0","119.8957","3.0","","","3.8","","8.8","99","","29","","0.15","20.64","","","","","",""
"2024-06-04","2024156","13:14","4.0","119.8957","4.0","","","3.8","","8.8","99","","29","","0.15","20.63","","","","","",""
"2024-06-04","2024156","13:14","4.0","119.8957","5.0","","","3.9","","8.8","99","","29","","0.15","20.62","","","","","",""
"2024-06-04","2024156","13:14","4.0","119.8957","6.0","","","3.9","","8.8","99","","30","","0.14","20.58","","","","","",""
"2024-06-04","2024156","13:14","4.0","119.8957","7.0","","","3.9","","8.8","99","","31","","0.14","20.59","","","","","",""
"2024-06-04","2024156","13:14","4.0","119.8957","8.0","","","3.9","","8.8","98","","31","","0.14","20.57","","","","","",""
"2024-06-04","2024156","13:14","4.0","119.8957","9.0","","","3.9","","8.8","98","","32","","0.14","20.54","","","","","",""
"2024-06-04","2024156","13:14","4.0","119.8957","10.0","","","3.9","","8.8","98","","33","","0.14","20.52","","","","","",""
"2024-06-04","2024156","13:14","4.0","119.8957","11.0","","","3.9","","8.8","98","","35","","0.14","20.52","","","","","",""
"2024-06-04","2024156","13:14","4.0","119.8957","12.0","","","3.9","","8.8","98","","34","","0.14","20.50","","","","","",""
"2024-06-04","2024156","13:14","4.0","119.8957","13.0","","","3.9","","8.8","98","","36","","0.14","20.49","","","","","",""
"2024-06-04","2024156","13:14","4.0","119.8957","14.0","","","3.9","","8.8","98","","37","","0.14","20.48","","","","","",""
"2024-06-04","2024156","13:14","4.0","119.8957","15.0","","","3.9","","8.8","98","","37","","0.14","20.49","","","","","",""
"2024-06-04","2024156","13:14","4.0","119.8957","16.0","","","3.9","","8.8","98","","38","","0.14","20.48","","","","","",""
"2024-06-04","2024156","13:02","5.0","115.6252","1.0","","","4.0","","8.9","99","","23","2.19","0.36","20.72","","","","","",""
"2024-06-04","2024156","13:02","5.0","115.6252","2.0","","","4.1","","8.8","99","","22","","0.36","20.71","","","","","",""
"2024-06-04","2024156","13:02","5.0","115.6252","3.0","","","4.2","","8.9","99","","22","","0.39","20.51","","","","","",""
"2024-06-04","2024156","13:02","5.0","115.6252","4.0","","","4.1","","8.9","99","","27","","0.40","20.49","","","","","",""
"2024-06-04","2024156","13:02","5.0","115.6252","5.0","","","4.0","","8.9","99","","30","","0.41","20.47","","","","","",""
"2024-06-04","2024156","13:02","5.0","115.6252","6.0","","","4.0","","8.9","99","","31","","0.41","20.45","","","","","",""
"2024-06-04","2024156","13:02","5.0","115.6252","7.0","","","4.0","","8.9","99","","34","","0.41","20.44","","","","","",""
"2024-06-04","2024156","13:02","5.0","115.6252","8.0","","","4.0","","8.9","99","","36","","0.41","20.44","","","","","",""
"2024-06-04","2024156","13:02","5.0","115.6252","9.0","","","4.0","","8.9","99","","36","","0.41","20.44","","","","","",""
"2024-06-04","2024156","13:02","5.0","115.6252","10.0","","","4.0","","8.9","99","","35","","0.41","20.44","","","","","",""
"2024-06-04","2024156","12:50","6.0","110.8977","1.0","","","2.6","","8.9","100","","37","2.51","1.63","20.45","","","","","",""
"2024-06-04","2024156","12:50","6.0","110.8977","2.0","2.7","0.54","2.8","","8.9","100","29.9","37","","1.66","20.45","","0.22","5.50","2.00","1.66","205.44"
"2024-06-04","2024156","12:50","6.0","110.8977","3.0","","","2.8","","8.9","100","","38","","1.85","20.40","","","","","",""
"2024-06-04","2024156","12:50","6.0","110.8977","4.0","","","2.8","","8.8","99","","42","","1.97","20.40","","","","","",""
"2024-06-04","2024156","12:50","6.0","110.8977","5.0","","","2.7","","8.8","99","","44","","2.25","20.29","","","","","",""
"2024-06-04","2024156","12:50","6.0","110.8977","6.0","","","2.6","","8.8","99","","49","","2.36","20.20","","","","","",""
"2024-06-04","2024156","12:50","6.0","110.8977","7.0","","","2.6","","8.8","99","","54","","2.37","20.18","","","","","",""
"2024-06-04","2024156","12:50","6.0","110.8977","8.0","","","2.6","","8.8","99","","56","","2.37","20.18","","","","","",""
"2024-06-04","2024156","12:50","6.0","110.8977","9.0","","","2.5","","8.8","99","","56","","2.37","20.18","","","","","",""
"2024-06-04","2024156","12:50","6.0","110.8977","10.0","2.4","0.40","2.5","","8.8","99","61.4","56","","2.37","20.18","","","","","",""
"2024-06-04","2024156","12:35","7.0","104.9810","1.0","","","2.3","","8.5","97","","55","3.20","5.38","20.01","2.30","","","","",""
"2024-06-04","2024156","12:35","7.0","104.9810","2.0","2.3","0.54","2.4","","8.6","98","","53","","5.51","19.87","2.42","","","","",""
"2024-06-04","2024156","12:35","7.0","104.9810","3.0","","","2.5","","8.6","97","","57","","5.52","19.87","2.43","","","","",""
"2024-06-04","2024156","12:35","7.0","104.9810","4.0","","","2.4","","8.5","97","","59","","5.59","19.83","2.49","","","","",""
"2024-06-04","2024156","12:35","7.0","104.9810","5.0","","","2.5","","8.5","97","","64","","5.79","19.67","2.68","","","","",""
"2024-06-04","2024156","12:35","7.0","104.9810","6.0","","","2.6","","8.5","97","","78","","5.84","19.62","2.73","","","","",""
"2024-06-04","2024156","12:35","7.0","104.9810","7.0","","","2.8","","8.5","96","","93","","5.88","19.61","2.76","","","","",""
"2024-06-04","2024156","12:35","7.0","104.9810","8.0","","","2.9","","8.5","96","","101","","5.90","19.59","2.78","","","","",""
"2024-06-04","2024156","12:35","7.0","104.9810","9.0","","","3.2","","8.5","96","","110","","5.93","19.58","2.80","","","","",""
"2024-06-04","2024156","12:35","7.0","104.9810","10.0","","","3.3","","8.5","96","","127","","5.94","19.57","2.81","","","","",""
"2024-06-04","2024156","12:35","7.0","104.9810","11.0","","","3.5","","8.5","96","","130","","5.98","19.55","2.85","","","","",""
"2024-06-04","2024156","12:35","7.0","104.9810","12.0","","","3.7","","8.5","96","","142","","6.00","19.55","2.86","","","","",""
"2024-06-04","2024156","12:35","7.0","104.9810","13.0","","","3.8","","8.5","96","","145","","5.99","19.55","2.86","","","","",""
"2024-06-04","2024156","12:35","7.0","104.9810","14.0","","","3.8","","8.5","96","","144","","5.99","19.55","2.85","","","","",""
"2024-06-04","2024156","12:35","7.0","104.9810","15.0","","","3.8","","8.5","96","","143","","5.99","19.55","2.85","","","","",""
"2024-06-04","2024156","12:20","8.0","99.7699","1.0","","","1.7","","8.5","97","","12","1.81","6.42","19.93","3.10","","","","",""
"2024-06-04","2024156","12:20","8.0","99.7699","2.0","2.0","0.67","1.8","","8.5","96","20.0","13","","6.77","19.52","3.45","","","","",""
"2024-06-04","2024156","12:20","8.0","99.7699","3.0","","","1.7","","8.5","96","","13","","7.51","19.28","4.06","","","","",""
"2024-06-04","2024156","12:20","8.0","99.7699","4.0","","","1.6","","8.4","96","","14","","7.78","19.20","4.29","","","","",""
"2024-06-04","2024156","12:20","8.0","99.7699","5.0","","","1.6","","8.4","96","","16","","7.92","19.16","4.40","","","","",""
"2024-06-04","2024156","12:20","8.0","99.7699","6.0","","","1.8","","8.4","96","","17","","8.23","19.11","4.65","","","","",""
"2024-06-04","2024156","12:20","8.0","99.7699","7.0","","","2.2","","8.4","95","","24","","8.51","19.07","4.87","","","","",""
"2024-06-04","2024156","12:20","8.0","99.7699","8.0","","","2.7","","8.3","95","","46","","8.79","19.03","5.08","","","","",""
"2024-06-04","2024156","12:20","8.0","99.7699","9.0","","","3.4","","8.3","95","","73","","8.96","19.01","5.22","","","","",""
"2024-06-04","2024156","12:20","8.0","99.7699","10.0","","","4.7","","8.3","95","","106","","9.03","19.00","5.28","","","","",""
"2024-06-04","2024156","12:20","8.0","99.7699","11.0","","","5.2","","8.3","95","","192","","9.03","19.00","5.27","","","","",""
"2024-06-04","2024156","12:20","8.0","99.7699","12.0","","","5.5","","8.3","95","","226","","9.03","19.00","5.27","","","","",""
"2024-06-04","2024156","12:20","8.0","99.7699","13.0","","","5.5","","8.3","95","","244","","9.02","19.00","5.27","","","","",""
"2024-06-04","2024156","12:20","8.0","99.7699","14.0","","","5.7","","8.3","95","","250","","9.02","19.00","5.26","","","","",""
"2024-06-04","2024156","12:20","8.0","99.7699","15.0","","","5.7","","8.3","95","","255","","9.02","19.00","5.26","","","","",""
"2024-06-04","2024156","12:07","9.0","96.7889","1.0","","","1.8","","8.3","96","","19","2.17","8.81","19.32","5.04","","","","",""
"2024-06-04","2024156","12:07","9.0","96.7889","2.0","1.6","0.58","1.9","","8.3","95","26.4","18","","9.31","19.10","5.47","0.44","7.57","4.21","2.17","170.91"
"2024-06-04","2024156","12:07","9.0","96.7889","3.0","","","1.9","","8.3","95","","24","","9.65","19.03","5.74","","","","",""
"2024-06-04","2024156","12:07","9.0","96.7889","4.0","","","2.4","","8.3","95","","35","","10.30","18.91","6.26","","","","",""
"2024-06-04","2024156","12:07","9.0","96.7889","5.0","","","2.3","","8.3","95","","51","","10.32","18.91","6.28","","","","",""
"2024-06-04","2024156","12:07","9.0","96.7889","6.0","","","2.2","","8.3","95","","52","","10.53","18.89","6.43","","","","",""
"2024-06-04","2024156","12:07","9.0","96.7889","7.0","","","2.2","","8.3","95","","47","","10.59","18.89","6.48","","","","",""
"2024-06-04","2024156","12:07","9.0","96.7889","8.0","","","2.2","","8.2","95","","46","","10.72","18.87","6.58","","","","",""
"2024-06-04","2024156","12:07","9.0","96.7889","9.0","","","2.2","","8.2","95","","45","","10.97","18.85","6.78","","","","",""
"2024-06-04","2024156","12:07","9.0","96.7889","10.0","","","2.2","","8.2","95","","46","","11.08","18.84","6.86","","","","",""
"2024-06-04","2024156","12:07","9.0","96.7889","11.0","","","2.2","","8.2","95","","43","","11.16","18.83","6.92","","","","",""
"2024-06-04","2024156","12:07","9.0","96.7889","12.0","","","2.4","","8.2","95","","47","","11.21","18.82","6.97","","","","",""
"2024-06-04","2024156","12:07","9.0","96.7889","13.0","","","2.4","","8.2","95","","54","","11.21","18.82","6.97","","","","",""
"2024-06-04","2024156","12:07","9.0","96.7889","14.0","","","2.3","","8.2","95","","54","","11.20","18.82","6.96","","","","",""
"2024-06-04","2024156","12:07","9.0","96.7889","15.0","","","2.4","","8.2","94","","53","","11.28","18.81","7.02","","","","",""
"2024-06-04","2024156","12:07","9.0","96.7889","16.0","","","2.6","","8.2","94","","59","","11.37","18.79","7.09","","","","",""
"2024-06-04","2024156","12:07","9.0","96.7889","17.0","","","3.1","","8.2","94","","77","","11.43","18.77","7.14","","","","",""
"2024-06-04","2024156","12:07","9.0","96.7889","18.0","","","3.1","","8.2","94","","92","","11.43","18.77","7.15","","","","",""
"2024-06-04","2024156","12:07","9.0","96.7889","19.0","","","3.5","","8.2","94","","99","","11.51","18.76","7.21","","","","",""
"2024-06-04","2024156","12:07","9.0","96.7889","20.0","","","3.8","","8.2","94","","113","","11.55","18.75","7.24","","","","",""
"2024-06-04","2024156","12:07","9.0","96.7889","21.0","","","3.8","","8.2","94","","127","","11.54","18.75","7.23","","","","",""
"2024-06-04","2024156","12:07","9.0","96.7889","22.0","","","3.9","","8.2","94","","128","","11.55","18.75","7.24","","","","",""
"2024-06-04","2024156","12:07","9.0","96.7889","23.0","","","3.8","","8.2","94","","131","","11.55","18.75","7.24","","","","",""
"2024-06-04","2024156","12:07","9.0","96.7889","24.0","","","3.8","","8.2","94","","130","","11.56","18.75","7.25","","","","",""
"2024-06-04","2024156","11:58","10.0","93.5951","1.0","","","2.2","","8.2","95","","12","1.92","10.07","19.32","5.99","","","","",""
"2024-06-04","2024156","11:58","10.0","93.5951","2.0","2.3","0.71","2.2","","8.2","95","","12","","10.16","19.25","6.08","","","","",""
"2024-06-04","2024156","11:58","10.0","93.5951","3.0","","","2.0","","8.2","95","","12","","10.35","19.18","6.24","","","","",""
"2024-06-04","2024156","11:58","10.0","93.5951","4.0","","","1.9","","8.2","95","","12","","10.43","19.15","6.30","","","","",""
"2024-06-04","2024156","11:58","10.0","93.5951","5.0","","","1.9","","8.2","95","","11","","10.42","19.15","6.30","","","","",""
"2024-06-04","2024156","11:58","10.0","93.5951","6.0","","","1.9","","8.2","95","","11","","10.44","19.14","6.31","","","","",""
"2024-06-04","2024156","11:58","10.0","93.5951","7.0","","","1.9","","8.2","95","","11","","10.46","19.13","6.33","","","","",""
"2024-06-04","2024156","11:58","10.0","93.5951","8.0","","","1.9","","8.2","95","","11","","10.50","19.12","6.36","","","","",""
"2024-06-04","2024156","11:58","10.0","93.5951","9.0","","","1.9","","8.2","94","","11","","10.54","19.13","6.39","","","","",""
"2024-06-04","2024156","11:58","10.0","93.5951","10.0","","","1.9","","8.1","94","","11","","10.59","19.10","6.43","","","","",""
"2024-06-04","2024156","11:58","10.0","93.5951","11.0","","","1.9","","8.1","94","","11","","10.85","18.99","6.66","","","","",""
"2024-06-04","2024156","11:58","10.0","93.5951","12.0","","","1.9","","8.1","94","","12","","10.92","18.98","6.72","","","","",""
"2024-06-04","2024156","11:58","10.0","93.5951","13.0","","","1.9","","8.1","93","","13","","11.03","18.96","6.80","","","","",""
"2024-06-04","2024156","11:58","10.0","93.5951","14.0","","","1.8","","8.1","93","","13","","11.25","18.89","6.98","","","","",""
"2024-06-04","2024156","11:58","10.0","93.5951","15.0","","","1.9","","8.1","93","","15","","11.50","18.87","7.18","","","","",""
"2024-06-04","2024156","11:58","10.0","93.5951","16.0","","","2.0","","8.1","93","","18","","11.57","18.87","7.23","","","","",""
"2024-06-04","2024156","11:58","10.0","93.5951","17.0","","","2.0","","8.1","93","","18","","11.87","18.82","7.47","","","","",""
"2024-06-04","2024156","11:43","11.0","89.7672","1.0","","","2.8","","8.1","95","","21","1.30","12.85","18.95","8.18","","","","",""
"2024-06-04","2024156","11:43","11.0","89.7672","2.0","","","2.7","","8.1","94","","21","","12.92","18.89","8.25","","","","",""
"2024-06-04","2024156","11:43","11.0","89.7672","3.0","","","2.5","","8.0","94","","21","","13.14","18.75","8.45","","","","",""
"2024-06-04","2024156","11:43","11.0","89.7672","4.0","","","2.1","","8.1","94","","21","","13.27","18.69","8.55","","","","",""
"2024-06-04","2024156","11:43","11.0","89.7672","5.0","","","2.0","","8.0","94","","22","","13.26","18.69","8.55","","","","",""
"2024-06-04","2024156","11:43","11.0","89.7672","6.0","","","1.9","","8.1","94","","23","","13.25","18.69","8.54","","","","",""
"2024-06-04","2024156","11:43","11.0","89.7672","7.0","","","1.9","","8.1","94","","23","","13.23","18.68","8.53","","","","",""
"2024-06-04","2024156","11:43","11.0","89.7672","8.0","","","1.8","","8.1","94","","23","","13.26","18.67","8.55","","","","",""
"2024-06-04","2024156","11:43","11.0","89.7672","9.0","","","1.8","","8.1","94","","24","","13.72","18.65","8.91","","","","",""
"2024-06-04","2024156","11:43","11.0","89.7672","10.0","","","2.0","","8.0","94","","30","","14.45","18.57","9.48","","","","",""
"2024-06-04","2024156","11:43","11.0","89.7672","11.0","","","2.6","","8.0","94","","50","","15.06","18.51","9.96","","","","",""
"2024-06-04","2024156","11:43","11.0","89.7672","12.0","","","3.0","","8.0","94","","74","","15.20","18.49","10.06","","","","",""
"2024-06-04","2024156","11:43","11.0","89.7672","13.0","","","3.2","","8.0","94","","94","","15.23","18.48","10.09","","","","",""
"2024-06-04","2024156","11:43","11.0","89.7672","14.0","","","3.2","","8.0","94","","104","","15.29","18.47","10.14","","","","",""
"2024-06-04","2024156","11:43","11.0","89.7672","15.0","","","3.3","","8.0","94","","109","","15.29","18.47","10.14","","","","",""
"2024-06-04","2024156","11:43","11.0","89.7672","16.0","","","3.4","","8.0","94","","110","","15.26","18.48","10.12","","","","",""
"2024-06-04","2024156","11:43","11.0","89.7672","17.0","","","3.5","","8.0","94","","107","","15.26","18.48","10.11","","","","",""
"2024-06-04","2024156","11:43","11.0","89.7672","18.0","","","3.4","","8.0","94","","106","","15.24","18.48","10.10","","","","",""
"2024-06-04","2024156","11:43","11.0","89.7672","19.0","","","3.5","","8.1","94","","104","","15.24","18.48","10.10","","","","",""
"2024-06-04","2024156","11:43","11.0","89.7672","20.0","","","3.6","","8.1","94","","103","","15.24","18.48","10.10","","","","",""
"2024-06-04","2024156","11:43","11.0","89.7672","21.0","","","3.4","","8.1","94","","104","","15.24","18.48","10.10","","","","",""
"2024-06-04","2024156","11:43","11.0","89.7672","22.0","","","3.5","","8.0","94","","104","","15.23","18.48","10.09","","","","",""
"2024-06-04","2024156","11:33","12.0","84.4458","1.0","","","4.7","","8.2","97","","19","1.19","15.37","19.14","10.05","","","","",""
"2024-06-04","2024156","11:33","12.0","84.4458","2.0","","","4.5","","8.1","95","","20","","16.14","18.61","10.75","","","","",""
"2024-06-04","2024156","11:33","12.0","84.4458","3.0","","","3.3","","8.0","94","","21","","17.03","18.27","11.50","","","","",""
"2024-06-04","2024156","11:33","12.0","84.4458","4.0","","","2.9","","7.9","94","","21","","17.85","18.03","12.18","","","","",""
"2024-06-04","2024156","11:33","12.0","84.4458","5.0","","","3.7","","7.9","94","","27","","18.67","17.83","12.84","","","","",""
"2024-06-04","2024156","11:33","12.0","84.4458","6.0","","","5.7","","7.9","94","","142","","18.83","17.78","12.98","","","","",""
"2024-06-04","2024156","11:33","12.0","84.4458","7.0","","","6.5","","7.9","94","","303","","18.88","17.77","13.02","","","","",""
"2024-06-04","2024156","11:33","12.0","84.4458","8.0","","","6.5","","7.9","93","","387","","18.88","17.77","13.02","","","","",""
"2024-06-04","2024156","11:18","13.0","78.5444","1.0","","","5.3","","8.0","95","","20","1.13","18.88","18.23","12.92","","","","",""
"2024-06-04","2024156","11:18","13.0","78.5444","2.0","","","4.6","","7.8","92","15.6","19","","19.81","17.62","13.76","0.51","8.42","2.57","2.36","119.28"
"2024-06-04","2024156","11:18","13.0","78.5444","3.0","","","3.6","","7.7","91","","18","","20.37","17.43","14.23","","","","",""
"2024-06-04","2024156","11:18","13.0","78.5444","4.0","","","3.4","","7.6","90","","18","","21.73","17.03","15.35","","","","",""
"2024-06-04","2024156","11:18","13.0","78.5444","5.0","","","3.8","","7.6","90","","29","","22.43","16.78","15.94","","","","",""
"2024-06-04","2024156","11:18","13.0","78.5444","6.0","","","4.1","","7.6","90","","57","","22.59","16.73","16.08","","","","",""
"2024-06-04","2024156","11:18","13.0","78.5444","7.0","","","4.6","","7.6","90","","85","","22.73","16.68","16.19","","","","",""
"2024-06-04","2024156","11:18","13.0","78.5444","8.0","","","4.6","","7.6","90","","111","","22.73","16.67","16.19","","","","",""
"2024-06-04","2024156","11:18","13.0","78.5444","9.0","4.1","0.40","4.5","","7.6","90","112.7","118","","22.77","16.66","16.22","","","","",""
"2024-06-04","2024156","11:06","14.0","74.4288","1.0","","","3.8","","7.7","91","","21","1.18","22.08","17.20","15.59","","","","",""
"2024-06-04","2024156","11:06","14.0","74.4288","2.0","","","4.0","","7.6","91","","19","","22.27","17.03","15.77","","","","",""
"2024-06-04","2024156","11:06","14.0","74.4288","3.0","","","4.0","","7.6","90","","23","","22.53","16.84","16.01","","","","",""
"2024-06-04","2024156","11:06","14.0","74.4288","4.0","","","4.1","","7.6","90","","28","","22.62","16.80","16.08","","","","",""
"2024-06-04","2024156","11:06","14.0","74.4288","5.0","","","3.9","","7.5","89","","30","","23.05","16.65","16.44","","","","",""
"2024-06-04","2024156","11:06","14.0","74.4288","6.0","","","4.2","","7.5","89","","36","","23.29","16.58","16.64","","","","",""
"2024-06-04","2024156","11:06","14.0","74.4288","7.0","","","4.4","","7.5","89","","47","","23.35","16.57","16.69","","","","",""
"2024-06-04","2024156","11:06","14.0","74.4288","8.0","","","4.1","","7.5","88","","55","","23.39","16.56","16.72","","","","",""
"2024-06-04","2024156","11:06","14.0","74.4288","9.0","","","4.1","","7.4","88","","63","","23.53","16.49","16.84","","","","",""
"2024-06-04","2024156","11:06","14.0","74.4288","10.0","","","3.9","","7.4","88","","68","","23.87","16.30","17.15","","","","",""
"2024-06-04","2024156","11:06","14.0","74.4288","11.0","","","3.8","","7.4","88","","67","","23.93","16.27","17.19","","","","",""
"2024-06-04","2024156","11:06","14.0","74.4288","12.0","","","3.8","","7.4","88","","71","","23.93","16.26","17.20","","","","",""
"2024-06-04","2024156","11:06","14.0","74.4288","13.0","","","4.1","","7.4","88","","77","","23.93","16.26","17.20","","","","",""
"2024-06-04","2024156","11:06","14.0","74.4288","14.0","","","4.7","","7.4","88","","90","","23.92","16.26","17.19","","","","",""
"2024-06-04","2024156","10:53","15.0","69.9895","1.0","","","3.6","","7.7","92","","18","1.19","21.54","17.53","15.10","","","","",""
"2024-06-04","2024156","10:53","15.0","69.9895","2.0","3.7","0.76","3.9","","7.6","90","14.5","19","","22.00","17.14","15.53","0.54","9.35","3.14","2.47","104.32"
"2024-06-04","2024156","10:53","15.0","69.9895","3.0","","","3.3","","7.6","90","","25","","22.67","16.78","16.12","","","","",""
"2024-06-04","2024156","10:53","15.0","69.9895","4.0","","","3.2","","7.6","90","","37","","22.95","16.65","16.36","","","","",""
"2024-06-04","2024156","10:53","15.0","69.9895","5.0","","","3.7","","7.6","89","","63","","23.22","16.52","16.60","","","","",""
"2024-06-04","2024156","10:53","15.0","69.9895","6.0","","","3.7","","7.5","89","","84","","23.28","16.49","16.65","","","","",""
"2024-06-04","2024156","10:53","15.0","69.9895","7.0","","","3.8","","7.5","89","","87","","23.48","16.41","16.82","","","","",""
"2024-06-04","2024156","10:53","15.0","69.9895","8.0","","","4.5","","7.5","89","","100","","23.79","16.29","17.09","","","","",""
"2024-06-04","2024156","10:53","15.0","69.9895","9.0","","","5.2","","7.5","89","","122","","23.85","16.27","17.13","","","","",""
"2024-06-04","2024156","10:53","15.0","69.9895","10.0","","","5.6","","7.5","89","","181","","23.90","16.25","17.18","","","","",""
"2024-06-04","2024156","10:53","15.0","69.9895","11.0","","","5.6","","7.5","88","","240","","23.96","16.23","17.23","","","","",""
"2024-06-04","2024156","10:53","15.0","69.9895","12.0","","","5.6","","7.5","89","","247","","24.04","16.21","17.29","","","","",""
"2024-06-04","2024156","10:53","15.0","69.9895","13.0","","","5.3","","7.5","89","","231","","24.05","16.21","17.30","","","","",""
"2024-06-04","2024156","10:53","15.0","69.9895","14.0","","","5.1","","7.5","89","","208","","24.11","16.19","17.35","","","","",""
"2024-06-04","2024156","10:53","15.0","69.9895","15.0","","","4.7","","7.5","89","","182","","24.14","16.19","17.37","","","","",""
"2024-06-04","2024156","10:53","15.0","69.9895","16.0","","","4.8","","7.5","88","","150","","24.12","16.19","17.35","","","","",""
"2024-06-04","2024156","10:53","15.0","69.9895","17.0","","","4.6","","7.5","88","","145","","24.14","16.18","17.38","","","","",""
"2024-06-04","2024156","10:53","15.0","69.9895","18.0","","","4.6","","7.5","88","","143","","24.15","16.18","17.38","","","","",""
"2024-06-04","2024156","10:53","15.0","69.9895","19.0","","","4.4","","7.5","88","","137","","24.18","16.17","17.41","","","","",""
"2024-06-04","2024156","10:53","15.0","69.9895","20.0","","","4.5","","7.5","88","","126","","24.18","16.17","17.41","","","","",""
"2024-06-04","2024156","10:53","15.0","69.9895","21.0","","","4.6","","7.5","88","","125","","24.19","16.17","17.42","","","","",""
"2024-06-04","2024156","10:53","15.0","69.9895","22.0","","","4.5","","7.5","88","","127","","24.20","16.16","17.42","","","","",""
"2024-06-04","2024156","10:53","15.0","69.9895","23.0","4.6","0.37","4.5","","7.5","88","127.8","127","","24.20","16.16","17.43","","","","",""
"2024-06-04","2024156","10:36","16.0","63.0794","1.0","","","4.6","","7.2","84","","42","2.25","27.69","14.88","20.37","","","","",""
"2024-06-04","2024156","10:36","16.0","63.0794","2.0","","","4.6","","7.2","84","","42","","27.69","14.88","20.37","","","","",""
"2024-06-04","2024156","10:36","16.0","63.0794","3.0","","","4.5","","7.2","84","","42","","27.67","14.87","20.36","","","","",""
"2024-06-04","2024156","10:36","16.0","63.0794","4.0","","","4.6","","7.2","84","","44","","27.67","14.87","20.35","","","","",""
"2024-06-04","2024156","10:36","16.0","63.0794","5.0","","","5.0","","7.1","84","","47","","27.66","14.86","20.35","","","","",""
"2024-06-04","2024156","10:36","16.0","63.0794","6.0","","","5.0","","7.1","84","","51","","27.65","14.86","20.35","","","","",""
"2024-06-04","2024156","10:36","16.0","63.0794","7.0","","","5.2","","7.2","84","","54","","27.65","14.85","20.35","","","","",""
"2024-06-04","2024156","10:36","16.0","63.0794","8.0","","","5.1","","7.1","84","","54","","27.65","14.85","20.35","","","","",""
"2024-06-04","2024156","10:36","16.0","63.0794","9.0","","","5.1","","7.1","84","","55","","27.66","14.85","20.35","","","","",""
"2024-06-04","2024156","10:36","16.0","63.0794","10.0","","","5.1","","7.1","84","","57","","27.68","14.84","20.37","","","","",""
"2024-06-04","2024156","10:36","16.0","63.0794","11.0","","","5.1","","7.1","84","","58","","27.68","14.83","20.37","","","","",""
"2024-06-04","2024156","10:25","17.0","58.8909","1.0","","","3.0","","7.2","85","","11","1.24","26.80","15.17","19.62","","","","",""
"2024-06-04","2024156","10:25","17.0","58.8909","2.0","4.3","0.77","4.1","","7.2","85","","12","","27.16","15.05","19.93","","","","",""
"2024-06-04","2024156","10:25","17.0","58.8909","3.0","","","4.2","","7.2","84","","12","","27.43","14.99","20.15","","","","",""
"2024-06-04","2024156","10:25","17.0","58.8909","4.0","","","4.2","","7.1","84","","12","","27.74","14.87","20.41","","","","",""
"2024-06-04","2024156","10:25","17.0","58.8909","5.0","","","5.0","","7.1","83","","23","","28.05","14.67","20.69","","","","",""
"2024-06-04","2024156","10:25","17.0","58.8909","6.0","","","5.2","","7.1","83","","67","","28.05","14.67","20.69","","","","",""
"2024-06-04","2024156","10:25","17.0","58.8909","7.0","","","5.5","","7.0","82","","90","","28.14","14.61","20.77","","","","",""
"2024-06-04","2024156","10:25","17.0","58.8909","8.0","","","6.1","","7.0","82","","107","","28.33","14.48","20.94","","","","",""
"2024-06-04","2024156","10:25","17.0","58.8909","9.0","","","6.7","","7.0","82","","168","","28.42","14.42","21.02","","","","",""
"2024-06-04","2024156","10:25","17.0","58.8909","10.0","","","7.5","","7.0","82","","185","","28.42","14.42","21.03","","","","",""
"2024-06-04","2024156","10:00","18.0","54.9481","1.0","","","5.3","","7.0","81","","11","0.69","29.84","13.52","22.29","","","","",""
"2024-06-04","2024156","10:00","18.0","54.9481","2.0","6.5","0.58","5.9","","7.0","81","11.5","11","","29.84","13.54","22.29","0.56","11.85","3.14","2.26","58.39"
"2024-06-04","2024156","10:00","18.0","54.9481","3.0","","","6.0","","6.9","80","","10","","29.84","13.53","22.29","","","","",""
"2024-06-04","2024156","10:00","18.0","54.9481","4.0","","","5.8","","6.9","80","","10","","29.84","13.49","22.30","","","","",""
"2024-06-04","2024156","10:00","18.0","54.9481","5.0","","","5.9","","6.9","80","","13","","29.84","13.47","22.31","","","","",""
"2024-06-04","2024156","10:00","18.0","54.9481","6.0","","","6.1","","6.9","80","","13","","29.85","13.46","22.32","","","","",""
"2024-06-04","2024156","10:00","18.0","54.9481","7.0","","","6.1","","6.9","80","","14","","29.85","13.46","22.32","","","","",""
"2024-06-04","2024156","10:00","18.0","54.9481","8.0","","","6.1","","6.9","80","","15","","29.84","13.46","22.31","","","","",""
"2024-06-04","2024156","10:00","18.0","54.9481","9.0","","","6.1","","6.9","80","","15","","29.84","13.46","22.31","","","","",""
"2024-06-04","2024156","10:00","18.0","54.9481","10.0","","","6.0","","6.9","80","","15","","29.84","13.46","22.31","","","","",""
"2024-06-04","2024156","10:00","18.0","54.9481","11.0","","","6.1","","6.9","80","","15","","29.84","13.46","22.31","","","","",""
"2024-06-04","2024156","10:00","18.0","54.9481","12.0","","","5.8","","6.9","80","","16","","29.85","13.46","22.32","","","","",""
"2024-06-04","2024156","10:00","18.0","54.9481","13.0","","","5.9","","6.9","80","","15","","29.86","13.45","22.33","","","","",""
"2024-06-04","2024156","10:00","18.0","54.9481","14.0","","","6.2","","6.9","80","","16","","29.89","13.42","22.35","","","","",""
"2024-06-04","2024156","10:00","18.0","54.9481","15.0","","","5.7","","6.9","80","","17","","29.91","13.40","22.37","","","","",""
"2024-06-04","2024156","10:00","18.0","54.9481","16.0","","","6.1","","6.9","80","","18","","29.92","13.40","22.38","","","","",""
"2024-06-04","2024156","10:00","18.0","54.9481","17.0","","","6.1","","6.9","80","","16","","29.91","13.40","22.38","","","","",""
"2024-06-04","2024156","10:00","18.0","54.9481","18.0","","","6.4","","6.9","80","","16","","29.91","13.40","22.38","","","","",""
"2024-06-04","2024156","10:00","18.0","54.9481","19.0","","","6.2","","6.9","79","","17","","29.93","13.39","22.39","","","","",""
"2024-06-04","2024156","10:00","18.0","54.9481","20.0","","","6.4","","6.9","79","","17","","29.93","13.38","22.39","","","","",""
"2024-06-04","2024156","10:00","18.0","54.9481","21.0","","","6.4","","6.9","79","","18","","29.94","13.37","22.40","","","","",""
"2024-06-04","2024156","10:00","18.0","54.9481","22.0","","","6.4","","6.9","79","","19","","29.94","13.38","22.40","","","","",""
"2024-06-04","2024156","10:00","18.0","54.9481","23.0","","","5.8","","6.9","79","","19","","29.93","13.38","22.40","","","","",""
"2024-06-04","2024156","10:00","18.0","54.9481","24.0","","","6.3","","6.9","79","","19","","29.93","13.38","22.40","","","","",""
"2024-06-04","2024156","10:00","18.0","54.9481","25.0","","","6.3","","6.9","80","","18","","29.91","13.40","22.38","","","","",""
"2024-06-04","2024156","10:00","18.0","54.9481","26.0","","","6.0","","6.9","80","","17","","29.92","13.39","22.39","","","","",""
"2024-06-04","2024156","10:00","18.0","54.9481","27.0","","","6.1","","6.9","80","","16","","29.91","13.40","22.38","","","","",""
"2024-06-04","2024156","10:00","18.0","54.9481","28.0","","","6.5","","6.9","80","","15","","29.91","13.40","22.38","","","","",""
"2024-06-04","2024156","10:00","18.0","54.9481","29.0","","","6.4","","6.9","80","","16","","29.92","13.39","22.39","","","","",""
"2024-06-04","2024156","10:00","18.0","54.9481","30.0","","","6.3","","6.9","80","","15","","29.92","13.39","22.39","","","","",""
"2024-06-04","2024156","10:00","18.0","54.9481","31.0","","","6.5","","6.9","79","","16","","29.93","13.39","22.39","","","","",""
"2024-06-04","2024156","10:00","18.0","54.9481","32.0","","","6.4","","6.9","79","","15","","29.97","13.35","22.43","","","","",""
"2024-06-04","2024156","10:00","18.0","54.9481","33.0","","","6.4","","6.9","79","","16","","29.97","13.35","22.43","","","","",""
"2024-06-04","2024156","10:00","18.0","54.9481","34.0","","","6.6","","6.9","79","","16","","29.97","13.35","22.43","","","","",""
"2024-06-04","2024156","10:00","18.0","54.9481","35.0","","","6.7","","6.9","79","","16","","29.97","13.35","22.43","","","","",""
"2024-06-04","2024156","10:00","18.0","54.9481","36.0","","","6.7","","6.9","79","","16","","29.97","13.35","22.43","","","","",""
"2024-06-04","2024156","10:00","18.0","54.9481","37.0","","","6.9","","6.9","79","","16","","29.96","13.36","22.42","","","","",""
"2024-06-04","2024156","10:00","18.0","54.9481","38.0","","","6.1","","6.9","79","","17","","29.96","13.36","22.42","","","","",""
"2024-06-04","2024156","10:00","18.0","54.9481","39.0","","","7.1","","6.9","79","","17","","29.96","13.36","22.42","","","","",""
"2024-06-04","2024156","10:00","18.0","54.9481","40.0","","","7.1","","6.9","79","","17","","29.96","13.36","22.42","","","","",""
"2024-06-04","2024156","10:00","18.0","54.9481","41.0","","","7.8","","6.9","79","","17","","29.96","13.36","22.42","","","","",""
"2024-06-04","2024156","10:00","18.0","54.9481","42.0","","","7.6","","6.9","79","","17","","29.96","13.36","22.42","","","","",""
"2024-06-04","2024156","10:00","18.0","54.9481","43.0","","","6.8","","6.9","79","","18","","29.95","13.37","22.41","","","","",""
"2024-06-04","2024156","10:00","18.0","54.9481","44.0","","","6.4","","6.9","79","","20","","29.95","13.37","22.42","","","","",""
"2024-06-04","2024156","10:00","18.0","54.9481","45.0","","","6.5","","6.9","79","","20","","29.96","13.36","22.42","","","","",""
"2024-06-04","2024156","10:00","18.0","54.9481","46.0","","","7.2","","6.9","79","","17","","29.96","13.36","22.42","","","","",""
"2024-06-04","2024156","10:00","18.0","54.9481","47.0","","","7.0","","6.9","79","","23","","29.96","13.37","22.42","","","","",""
"2024-06-04","2024156","10:00","18.0","54.9481","48.0","7.6","0.49","7.5","","6.9","79","30.4","24","","29.97","13.36","22.43","","","","",""
"2024-06-04","2024156","9:44","20.0","51.4501","1.0","","","5.9","","7.6","90","","7","0.62","27.31","15.49","19.95","","","","",""
"2024-06-04","2024156","9:44","20.0","51.4501","2.0","6.2","0.79","6.3","","7.6","90","","7","","27.38","15.39","20.02","","","","",""
"2024-06-04","2024156","9:44","20.0","51.4501","3.0","","","6.5","","7.5","89","","7","","27.52","15.32","20.14","","","","",""
"2024-06-04","2024156","9:44","20.0","51.4501","4.0","","","6.1","","7.4","88","","7","","27.68","15.18","20.30","","","","",""
"2024-06-04","2024156","9:44","20.0","51.4501","5.0","","","5.7","","7.3","86","","7","","27.80","15.06","20.42","","","","",""
"2024-06-04","2024156","9:44","20.0","51.4501","6.0","","","5.4","","7.2","85","","7","","28.07","14.83","20.67","","","","",""
"2024-06-04","2024156","9:44","20.0","51.4501","7.0","","","5.1","","7.2","84","","7","","28.41","14.55","20.99","","","","",""
"2024-06-04","2024156","9:44","20.0","51.4501","8.0","","","5.2","","7.2","84","","7","","28.45","14.52","21.03","","","","",""
"2024-06-04","2024156","9:44","20.0","51.4501","9.0","","","5.5","","7.1","84","","8","","28.49","14.50","21.06","","","","",""
"2024-06-04","2024156","9:44","20.0","51.4501","10.0","","","5.9","","7.1","83","","7","","28.78","14.30","21.33","","","","",""
"2024-06-04","2024156","9:44","20.0","51.4501","11.0","","","5.8","","7.1","83","","7","","28.76","14.32","21.31","","","","",""
"2024-06-04","2024156","9:44","20.0","51.4501","12.0","","","6.0","","7.1","82","","7","","28.89","14.21","21.43","","","","",""
"2024-06-04","2024156","9:44","20.0","51.4501","13.0","","","6.2","","7.0","82","","7","","29.02","14.11","21.55","","","","",""
"2024-06-04","2024156","9:44","20.0","51.4501","14.0","","","6.7","","7.0","82","","8","","29.18","13.98","21.70","","","","",""
"2024-06-04","2024156","9:44","20.0","51.4501","15.0","","","6.4","","7.0","81","","12","","29.25","13.92","21.76","","","","",""
"2024-06-04","2024156","9:44","20.0","51.4501","16.0","","","6.1","","6.9","81","","15","","29.31","13.87","21.82","","","","",""
"2024-06-04","2024156","9:44","20.0","51.4501","17.0","","","6.5","","6.9","81","","17","","29.40","13.79","21.90","","","","",""
"2024-06-04","2024156","9:44","20.0","51.4501","18.0","","","6.6","","6.9","80","","22","","29.37","13.82","21.88","","","","",""
"2024-06-04","2024156","9:44","20.0","51.4501","19.0","","","6.9","","6.9","80","","24","","29.41","13.78","21.91","","","","",""
"2024-06-04","2024156","9:44","20.0","51.4501","20.0","","","7.1","","6.9","80","","25","","29.44","13.76","21.94","","","","",""
"2024-06-04","2024156","9:44","20.0","51.4501","21.0","","","6.8","","6.9","80","","26","","29.46","13.74","21.96","","","","",""
"2024-06-04","2024156","9:44","20.0","51.4501","22.0","","","7.1","","6.9","80","","27","","29.50","13.71","22.00","","","","",""
"2024-06-04","2024156","9:44","20.0","51.4501","23.0","","","7.3","","6.9","80","","27","","29.52","13.70","22.01","","","","",""
"2024-06-04","2024156","9:44","20.0","51.4501","24.0","","","7.6","","6.9","80","","28","","29.51","13.70","22.01","","","","",""
"2024-06-04","2024156","9:44","20.0","51.4501","25.0","","","7.2","","6.9","80","","28","","29.51","13.70","22.01","","","","",""
"2024-06-04","2024156","9:44","20.0","51.4501","26.0","","","6.7","","6.9","80","","29","","29.51","13.70","22.00","","","","",""
"2024-06-04","2024156","9:29","21.0","46.6266","1.0","","","5.1","","7.3","87","","11","1.06","26.96","15.76","19.62","","","","",""
"2024-06-04","2024156","9:29","21.0","46.6266","2.0","5.4","0.72","5.3","","7.3","86","","13","","27.01","15.62","19.69","","","","",""
"2024-06-04","2024156","9:29","21.0","46.6266","3.0","","","5.6","","7.2","85","","14","","27.13","15.37","19.84","","","","",""
"2024-06-04","2024156","9:29","21.0","46.6266","4.0","","","5.5","","7.2","85","","15","","27.48","15.05","20.17","","","","",""
"2024-06-04","2024156","9:29","21.0","46.6266","5.0","","","5.7","","7.2","84","","22","","27.82","14.84","20.48","","","","",""
"2024-06-04","2024156","9:29","21.0","46.6266","6.0","","","6.2","","7.2","84","","30","","27.88","14.81","20.53","","","","",""
"2024-06-04","2024156","9:29","21.0","46.6266","7.0","","","6.2","","7.2","84","","33","","27.92","14.79","20.57","","","","",""
"2024-06-04","2024156","9:29","21.0","46.6266","8.0","","","6.3","","7.2","84","","40","","27.97","14.77","20.61","","","","",""
"2024-06-04","2024156","9:29","21.0","46.6266","9.0","","","6.3","","7.2","84","","43","","28.04","14.73","20.67","","","","",""
"2024-06-04","2024156","9:29","21.0","46.6266","10.0","","","6.7","","7.2","84","","48","","28.05","14.73","20.68","","","","",""
"2024-06-04","2024156","9:29","21.0","46.6266","11.0","","","6.6","","7.1","84","","56","","28.07","14.72","20.69","","","","",""
"2024-06-04","2024156","9:29","21.0","46.6266","12.0","","","6.6","","7.1","84","","58","","28.16","14.69","20.77","","","","",""
"2024-06-04","2024156","9:29","21.0","46.6266","13.0","","","7.1","","7.1","84","","72","","28.17","14.68","20.78","","","","",""
"2024-06-04","2024156","9:29","21.0","46.6266","14.0","","","6.8","","7.1","84","","79","","28.17","14.69","20.78","","","","",""
"2024-06-04","2024156","9:29","21.0","46.6266","15.0","","","6.6","","7.1","84","","81","","28.17","14.69","20.78","","","","",""
"2024-06-04","2024156","9:29","21.0","46.6266","16.0","","","6.3","","7.1","84","","83","","28.16","14.68","20.77","","","","",""
"2024-06-04","2024156","9:16","22.0","43.9210","1.0","","","5.6","","7.4","88","","14","1.06","26.87","15.59","19.59","","","","",""
"2024-06-04","2024156","9:16","22.0","43.9210","2.0","5.9","0.72","6.0","","7.4","88","14.4","15","","26.91","15.53","19.63","0.58","10.07","3.50","2.24","71.57"
"2024-06-04","2024156","9:16","22.0","43.9210","3.0","","","5.8","","7.4","88","","16","","26.93","15.51","19.66","","","","",""
"2024-06-04","2024156","9:16","22.0","43.9210","4.0","","","5.6","","7.4","88","","17","","26.95","15.50","19.67","","","","",""
"2024-06-04","2024156","9:16","22.0","43.9210","5.0","","","5.8","","7.4","88","","17","","27.01","15.48","19.72","","","","",""
"2024-06-04","2024156","9:16","22.0","43.9210","6.0","","","5.6","","7.4","88","","17","","27.10","15.43","19.81","","","","",""
"2024-06-04","2024156","9:16","22.0","43.9210","7.0","","","5.6","","7.4","88","","20","","27.13","15.43","19.82","","","","",""
"2024-06-04","2024156","9:16","22.0","43.9210","8.0","","","6.1","","7.4","88","","24","","27.15","15.42","19.84","","","","",""
"2024-06-04","2024156","9:16","22.0","43.9210","9.0","","","6.0","","7.4","88","","26","","27.14","15.42","19.84","","","","",""
"2024-06-04","2024156","9:16","22.0","43.9210","10.0","","","5.9","","7.4","87","","26","","27.14","15.42","19.84","","","","",""
"2024-06-04","2024156","9:16","22.0","43.9210","11.0","","","6.0","","7.4","87","","26","","27.20","15.40","19.89","","","","",""
"2024-06-04","2024156","9:16","22.0","43.9210","12.0","","","6.1","","7.4","87","","29","","27.30","15.37","19.97","","","","",""
"2024-06-04","2024156","9:16","22.0","43.9210","13.0","","","6.0","","7.4","87","","38","","27.32","15.36","19.98","","","","",""
"2024-06-04","2024156","9:16","22.0","43.9210","14.0","","","6.1","","7.3","87","","43","","27.34","15.36","20.00","","","","",""
"2024-06-04","2024156","9:16","22.0","43.9210","15.0","","","6.1","","7.4","87","","48","","27.37","15.35","20.03","","","","",""
"2024-06-04","2024156","9:16","22.0","43.9210","16.0","","","6.0","","7.4","87","","56","","27.39","15.35","20.04","","","","",""
"2024-06-04","2024156","9:16","22.0","43.9210","17.0","","","5.9","","7.4","87","","61","","27.39","15.35","20.04","","","","",""
"2024-06-04","2024156","9:16","22.0","43.9210","18.0","6.0","0.41","5.9","","7.4","87","63.9","61","","27.38","15.35","20.04","","","","",""
"2024-06-04","2024156","9:02","23.0","39.6557","1.0","","","7.7","","7.6","94","","13","1.28","25.47","18.04","17.98","","","","",""
"2024-06-04","2024156","9:02","23.0","39.6557","2.0","","","6.2","","7.6","93","","13","","26.05","17.15","18.62","","","","",""
"2024-06-04","2024156","9:02","23.0","39.6557","3.0","","","5.1","","7.6","92","","14","","26.29","16.83","18.88","","","","",""
"2024-06-04","2024156","9:02","23.0","39.6557","4.0","","","4.7","","7.6","91","","15","","26.57","16.49","19.17","","","","",""
"2024-06-04","2024156","9:02","23.0","39.6557","5.0","","","4.9","","7.6","91","","22","","26.72","16.27","19.33","","","","",""
"2024-06-04","2024156","9:02","23.0","39.6557","6.0","","","5.4","","7.6","91","","42","","26.80","16.14","19.42","","","","",""
"2024-06-04","2024156","9:02","23.0","39.6557","7.0","","","5.8","","7.6","91","","58","","26.83","16.08","19.46","","","","",""
"2024-06-04","2024156","9:02","23.0","39.6557","8.0","","","6.1","","7.6","91","","74","","26.85","16.05","19.48","","","","",""
"2024-06-04","2024156","9:02","23.0","39.6557","9.0","","","6.1","","7.6","90","","85","","26.85","16.04","19.48","","","","",""
"2024-06-04","2024156","9:02","23.0","39.6557","10.0","","","6.2","","7.5","90","","88","","26.87","16.01","19.50","","","","",""
"2024-06-04","2024156","9:02","23.0","39.6557","11.0","","","6.3","","7.6","90","","93","","26.87","16.01","19.50","","","","",""
"2024-06-04","2024156","9:02","23.0","39.6557","12.0","","","6.9","","7.5","90","","103","","26.87","15.99","19.51","","","","",""
"2024-06-04","2024156","9:02","23.0","39.6557","13.0","","","7.3","","7.6","90","","128","","26.87","15.99","19.51","","","","",""
"2024-06-04","2024156","9:02","23.0","39.6557","14.0","","","7.4","","7.6","90","","142","","26.87","15.99","19.50","","","","",""
"2024-06-04","2024156","8:49","24.0","37.0911","1.0","","","5.9","","7.5","93","","17","1.68","25.42","17.95","17.96","","","","",""
"2024-06-04","2024156","8:49","24.0","37.0911","2.0","5.5","0.81","5.6","","7.7","94","15.5","17","","26.09","16.94","18.70","0.95","7.85","6.21","3.70","91.15"
"2024-06-04","2024156","8:49","24.0","37.0911","3.0","","","5.6","","7.7","93","","22","","26.27","16.67","18.90","","","","",""
"2024-06-04","2024156","8:49","24.0","37.0911","4.0","","","5.5","","7.8","93","","31","","26.39","16.50","19.03","","","","",""
"2024-06-04","2024156","8:49","24.0","37.0911","5.0","","","5.6","","7.7","93","","46","","26.40","16.49","19.04","","","","",""
"2024-06-04","2024156","8:49","24.0","37.0911","6.0","","","5.8","","7.7","93","","55","","26.43","16.45","19.07","","","","",""
"2024-06-04","2024156","8:49","24.0","37.0911","7.0","","","5.8","","7.7","93","","60","","26.47","16.40","19.11","","","","",""
"2024-06-04","2024156","8:49","24.0","37.0911","8.0","5.3","0.43","5.6","","7.7","93","76.8","72","","26.48","16.39","19.12","","","","",""
"2024-06-04","2024156","8:36","25.0","32.8382","1.0","","","7.7","","8.0","98","","48","3.98","25.60","17.55","18.19","","","","",""
"2024-06-04","2024156","8:36","25.0","32.8382","2.0","","","7.7","","8.0","98","","51","","25.60","17.54","18.19","","","","",""
"2024-06-04","2024156","8:36","25.0","32.8382","3.0","","","7.7","","8.0","98","","53","","25.60","17.54","18.19","","","","",""
"2024-06-04","2024156","8:36","25.0","32.8382","4.0","","","8.0","","8.0","98","","54","","25.60","17.54","18.20","","","","",""
"2024-06-04","2024156","8:36","25.0","32.8382","5.0","","","7.8","","8.0","98","","55","","25.60","17.54","18.20","","","","",""
"2024-06-04","2024156","8:36","25.0","32.8382","6.0","","","7.9","","8.0","98","","55","","25.60","17.54","18.20","","","","",""
"2024-06-04","2024156","8:24","26.0","28.7560","1.0","","","7.5","","7.7","96","","23","1.84","24.38","18.88","16.95","","","","",""
"2024-06-04","2024156","8:24","26.0","28.7560","2.0","","","7.0","","7.6","95","","23","","24.41","18.83","16.98","","","","",""
"2024-06-04","2024156","8:24","26.0","28.7560","3.0","","","6.7","","7.6","95","","24","","24.48","18.75","17.06","","","","",""
"2024-06-04","2024156","8:24","26.0","28.7560","4.0","","","7.1","","7.7","95","","29","","24.57","18.63","17.16","","","","",""
"2024-06-04","2024156","8:24","26.0","28.7560","5.0","","","7.6","","7.7","95","","38","","24.59","18.62","17.17","","","","",""
"2024-06-04","2024156","8:24","26.0","28.7560","6.0","","","7.7","","7.7","95","","45","","24.59","18.62","17.17","","","","",""
"2024-06-04","2024156","8:24","26.0","28.7560","7.0","","","7.8","","7.7","95","","48","","24.59","18.61","17.18","","","","",""
"2024-06-04","2024156","8:24","26.0","28.7560","8.0","","","8.2","","7.7","95","","53","","24.59","18.61","17.18","","","","",""
"2024-06-04","2024156","8:24","26.0","28.7560","9.0","","","8.4","","7.7","95","","57","","24.59","18.61","17.18","","","","",""
"2024-06-04","2024156","8:13","27.0","26.1872","1.0","","","7.5","","7.5","94","","24","2.03","24.14","19.19","16.70","","","","",""
"2024-06-04","2024156","8:13","27.0","26.1872","2.0","8.7","0.82","7.8","","7.5","94","24.2","24","","24.15","19.15","16.72","0.81","6.41","3.14","5.29","87.23"
"2024-06-04","2024156","8:13","27.0","26.1872","3.0","","","7.0","","7.5","94","","26","","24.17","19.12","16.74","","","","",""
"2024-06-04","2024156","8:13","27.0","26.1872","4.0","","","7.1","","7.5","94","","27","","24.20","19.07","16.77","","","","",""
"2024-06-04","2024156","8:13","27.0","26.1872","5.0","","","7.0","","7.5","94","","28","","24.24","19.01","16.82","","","","",""
"2024-06-04","2024156","8:13","27.0","26.1872","6.0","","","7.4","","7.5","94","","30","","24.39","18.84","16.97","","","","",""
"2024-06-04","2024156","8:13","27.0","26.1872","7.0","","","7.6","","7.6","94","","38","","24.49","18.74","17.07","","","","",""
"2024-06-04","2024156","8:13","27.0","26.1872","8.0","","","8.1","","7.6","94","","52","","24.50","18.73","17.08","","","","",""
"2024-06-04","2024156","8:13","27.0","26.1872","9.0","","","8.3","","7.6","94","","58","","24.52","18.71","17.10","","","","",""
"2024-06-04","2024156","8:13","27.0","26.1872","10.0","9.4","0.41","8.7","","7.6","94","","65","","24.63","18.60","17.21","","","","",""
"2024-06-04","2024156","8:02","28.0","23.5695","1.0","","","8.9","","7.5","94","","24","2.11","24.13","19.24","16.68","","","","",""
"2024-06-04","2024156","8:02","28.0","23.5695","2.0","","","8.0","","7.5","94","","26","","24.16","19.17","16.72","","","","",""
"2024-06-04","2024156","8:02","28.0","23.5695","3.0","","","7.6","","7.5","94","","27","","24.19","19.10","16.75","","","","",""
"2024-06-04","2024156","8:02","28.0","23.5695","4.0","","","7.2","","7.5","94","","28","","24.21","19.06","16.78","","","","",""
"2024-06-04","2024156","8:02","28.0","23.5695","5.0","","","7.1","","7.5","94","","28","","24.23","19.02","16.81","","","","",""
"2024-06-04","2024156","8:02","28.0","23.5695","6.0","","","6.8","","7.5","94","","28","","24.25","18.99","16.82","","","","",""
"2024-06-04","2024156","8:02","28.0","23.5695","7.0","","","6.6","","7.5","94","","29","","24.26","18.98","16.84","","","","",""
"2024-06-04","2024156","8:02","28.0","23.5695","8.0","","","6.6","","7.5","94","","30","","24.28","18.97","16.86","","","","",""
"2024-06-04","2024156","8:02","28.0","23.5695","9.0","","","6.7","","7.5","94","","31","","24.29","18.96","16.87","","","","",""
"2024-06-04","2024156","8:02","28.0","23.5695","10.0","","","6.7","","7.5","94","","32","","24.31","18.94","16.88","","","","",""
"2024-06-04","2024156","8:02","28.0","23.5695","11.0","","","6.8","","7.6","94","","34","","24.32","18.93","16.90","","","","",""
"2024-06-04","2024156","7:51","29.0","20.2526","1.0","","","7.7","","7.3","91","","27","2.61","23.82","19.56","16.36","","","","",""
"2024-06-04","2024156","7:51","29.0","20.2526","2.0","","","7.7","","7.3","92","","31","","23.89","19.46","16.44","","","","",""
"2024-06-04","2024156","7:51","29.0","20.2526","3.0","","","8.0","","7.4","92","","36","","23.96","19.35","16.53","","","","",""
"2024-06-04","2024156","7:51","29.0","20.2526","4.0","","","8.0","","7.4","93","","42","","24.00","19.29","16.57","","","","",""
"2024-06-04","2024156","7:51","29.0","20.2526","5.0","","","8.3","","7.4","93","","47","","24.06","19.19","16.64","","","","",""
"2024-06-04","2024156","7:51","29.0","20.2526","6.0","","","8.0","","7.4","93","","52","","24.10","19.13","16.69","","","","",""
"2024-06-04","2024156","7:51","29.0","20.2526","7.0","","","7.9","","7.5","93","","55","","24.19","19.01","16.78","","","","",""
"2024-06-04","2024156","7:51","29.0","20.2526","8.0","","","8.5","","7.5","93","","62","","24.29","18.87","16.89","","","","",""
"2024-06-04","2024156","7:51","29.0","20.2526","9.0","","","9.1","","7.5","93","","93","","24.31","18.84","16.91","","","","",""
"2024-06-04","2024156","7:51","29.0","20.2526","10.0","","","9.0","","7.5","93","","115","","24.32","18.83","16.92","","","","",""
"2024-06-04","2024156","7:51","29.0","20.2526","11.0","","","9.2","","7.5","93","","126","","24.34","18.82","16.94","","","","",""
"2024-06-04","2024156","7:51","29.0","20.2526","12.0","","","9.8","","7.5","93","","135","","24.37","18.77","16.97","","","","",""
"2024-06-04","2024156","7:35","30.0","14.7543","1.0","","","8.0","","7.1","90","","31","2.49","23.45","19.81","16.02","","","","",""
"2024-06-04","2024156","7:35","30.0","14.7543","2.0","8.6","0.84","8.1","","7.1","89","30.9","31","","23.52","19.78","16.08","1.09","10.07","4.14","7.07","102.19"
"2024-06-04","2024156","7:35","30.0","14.7543","3.0","","","7.5","","7.0","89","","35","","23.59","19.75","16.15","","","","",""
"2024-06-04","2024156","7:35","30.0","14.7543","4.0","","","7.7","","7.0","88","","40","","23.64","19.72","16.19","","","","",""
"2024-06-04","2024156","7:35","30.0","14.7543","5.0","","","7.9","","7.0","88","","49","","23.70","19.66","16.25","","","","",""
"2024-06-04","2024156","7:35","30.0","14.7543","6.0","","","7.9","","6.9","87","","55","","23.79","19.56","16.34","","","","",""
"2024-06-04","2024156","7:35","30.0","14.7543","7.0","","","7.8","","6.7","84","","60","","23.91","19.48","16.45","","","","",""
"2024-06-04","2024156","7:35","30.0","14.7543","8.0","7.8","0.32","7.9","","6.5","82","","63","","24.11","19.48","16.60","","","","",""
"2024-06-04","2024156","7:22","31.0","10.6065","1.0","","","7.6","","6.8","86","","33","2.33","22.56","20.16","15.26","","","","",""
"2024-06-04","2024156","7:22","31.0","10.6065","2.0","","","7.2","","6.8","86","","35","","22.85","20.12","15.49","","","","",""
"2024-06-04","2024156","7:22","31.0","10.6065","3.0","","","7.9","","6.9","88","","40","","22.97","20.17","15.57","","","","",""
"2024-06-04","2024156","7:22","31.0","10.6065","4.0","","","9.6","","7.0","89","","48","","23.14","20.16","15.70","","","","",""
"2024-06-04","2024156","7:22","31.0","10.6065","5.0","","","9.9","","7.0","89","","56","","23.23","20.09","15.79","","","","",""
"2024-06-04","2024156","7:22","31.0","10.6065","6.0","","","9.8","","7.1","89","","59","","23.24","20.05","15.81","","","","",""
"2024-06-04","2024156","7:22","31.0","10.6065","7.0","","","9.9","","7.1","89","","63","","23.25","20.04","15.82","","","","",""
"2024-06-04","2024156","7:22","31.0","10.6065","8.0","","","9.6","","7.1","89","","68","","23.30","19.99","15.87","","","","",""
"2024-06-04","2024156","7:22","31.0","10.6065","9.0","","","9.6","","7.1","89","","71","","23.43","19.86","15.99","","","","",""
"2024-06-04","2024156","7:12","32.0","8.1507","1.0","","","6.2","","6.4","81","","44","2.88","21.59","20.38","14.47","","","","",""
"2024-06-04","2024156","7:12","32.0","8.1507","2.0","6.2","0.76","6.4","","6.4","81","42.5","44","","21.91","20.39","14.71","2.41","18.85","7.14","9.69","117.85"
"2024-06-04","2024156","7:12","32.0","8.1507","3.0","","","6.9","","6.4","81","","48","","22.07","20.31","14.85","","","","",""
"2024-06-04","2024156","7:12","32.0","8.1507","4.0","","","7.1","","6.5","82","","53","","22.19","20.26","14.96","","","","",""
"2024-06-04","2024156","7:12","32.0","8.1507","5.0","","","6.9","","6.5","82","","56","","22.30","20.16","15.07","","","","",""
"2024-06-04","2024156","7:12","32.0","8.1507","6.0","","","6.9","","6.6","83","","69","","22.42","20.07","15.18","","","","",""
"2024-06-04","2024156","7:12","32.0","8.1507","7.0","6.1","0.46","6.9","","6.6","83","","79","","22.65","19.97","15.37","","","","",""
"2024-06-04","2024156","7:04","33.0","6.8085","1.0","","","8.8","","6.1","77","","93","4.93","20.56","20.63","13.63","","","","",""
"2024-06-04","2024156","7:04","33.0","6.8085","2.0","8.1","0.66","8.5","","6.1","77","96.7","95","","20.51","20.62","13.60","","","","",""
"2024-06-04","2024156","7:04","33.0","6.8085","3.0","","","8.7","","6.2","79","","95","","20.58","20.64","13.65","","","","",""
"2024-06-04","2024156","7:04","33.0","6.8085","4.0","","","9.2","","6.3","79","","98","","21.07","20.70","14.00","","","","",""
"2024-06-04","2024156","7:04","33.0","6.8085","5.0","","","9.9","","6.2","79","","100","","21.30","20.68","14.18","","","","",""
"2024-06-04","2024156","7:04","33.0","6.8085","6.0","","","10.2","","6.3","80","","111","","21.44","20.62","14.30","","","","",""
"2024-06-04","2024156","7:04","33.0","6.8085","7.0","","","10.2","","6.3","80","","120","","21.66","20.60","14.47","","","","",""
"2024-06-04","2024156","7:04","33.0","6.8085","8.0","","","10.0","","6.2","79","","124","","21.78","20.54","14.57","","","","",""
"2024-06-04","2024156","7:04","33.0","6.8085","9.0","","","10.0","","6.3","79","","125","","21.89","20.44","14.69","","","","",""
"2024-06-04","2024156","6:52","34.0","3.5290","1.0","","","","","6.4","81","","112","6.79","19.86","20.57","13.12","","","","",""
"2024-06-04","2024156","6:52","34.0","3.5290","2.0","7.5","0.62","7.5","","6.4","80","123.0","124","","20.80","20.58","13.82","5.37","45.26","10.57","13.82","159.87"
"2024-06-04","2024156","6:52","34.0","3.5290","3.0","","","","","6.3","80","","173","","21.32","20.42","14.26","","","","",""
"2024-06-04","2024156","6:52","34.0","3.5290","4.0","","","","","6.3","80","","164","","21.36","20.39","14.29","","","","",""
"2024-06-04","2024156","6:52","34.0","3.5290","5.0","9.9","0.42","9.9","","6.3","80","","197","","21.50","20.37","14.41","","","","",""
"2024-06-04","2024156","13:50","649.0","132.9388","1.0","","","2.9","","9.0","101","","14","1.52","0.05","20.79","","","","","",""
"2024-06-04","2024156","13:50","649.0","132.9388","2.0","3.0","0.71","2.9","","9.0","101","14.1","13","","0.05","20.81","","0.13","11.07","1.29","1.72","239.27"
"2024-06-04","2024156","13:50","649.0","132.9388","3.0","","","3.0","","9.0","101","","13","","0.05","20.79","","","","","",""
"2024-06-04","2024156","13:50","649.0","132.9388","4.0","","","2.9","","9.0","101","","13","","0.05","20.76","","","","","",""
"2024-06-04","2024156","13:50","649.0","132.9388","5.0","","","3.0","","9.0","101","","14","","0.05","20.74","","","","","",""
"2024-06-04","2024156","13:50","649.0","132.9388","6.0","","","3.1","","9.0","101","","14","","0.05","20.73","","","","","",""
"2024-06-04","2024156","13:50","649.0","132.9388","7.0","","","3.2","","9.0","101","","15","","0.05","20.73","","","","","",""
"2024-06-04","2024156","13:50","649.0","132.9388","8.0","","","3.3","","9.0","101","","16","","0.05","20.73","","","","","",""
"2024-06-04","2024156","13:50","649.0","132.9388","9.0","","","3.3","","9.0","101","","17","","0.06","20.73","","","","","",""
"2024-06-04","2024156","13:50","649.0","132.9388","10.0","3.1","0.63","3.3","","9.0","101","21.6","20","","0.05","20.73","","","","","",""
"2024-06-04","2024156","14:29","657.0","147.2548","1.0","","","0.9","","8.5","96","","18","1.18","0.06","21.26","","","","","",""
"2024-06-04","2024156","14:29","657.0","147.2548","2.0","1.0","0.48","1.0","","8.5","96","11.2","18","","0.06","21.25","","0.14","11.64","2.14","1.76","232.15"
"2024-06-04","2024156","14:29","657.0","147.2548","3.0","","","1.0","","8.5","96","","18","","0.06","21.24","","","","","",""
"2024-06-04","2024156","14:29","657.0","147.2548","4.0","","","1.0","","8.5","96","","18","","0.06","21.21","","","","","",""
"2024-06-04","2024156","14:29","657.0","147.2548","5.0","","","1.1","","8.5","96","","18","","0.06","21.20","","","","","",""
"2024-06-04","2024156","14:29","657.0","147.2548","6.0","","","1.0","","8.5","96","","18","","0.06","21.20","","","","","",""
"2024-06-04","2024156","14:29","657.0","147.2548","7.0","","","1.1","","8.5","96","","18","","0.05","21.20","","","","","",""
"2024-06-04","2024156","14:29","657.0","147.2548","8.0","1.1","0.45","1.1","","8.5","96","12.2","18","","0.05","21.20","","","","","",""
"2024-06-13","2024165","11:22","18.0","54.9481","1.0","","","5.3","","7.9","94","","7","1.07","27.58","15.68","20.12","","","","",""
"2024-06-13","2024165","11:22","18.0","54.9481","2.0","5.3","0.78","5.4","","7.8","93","8.4","8","","27.69","15.62","20.22","0.72","14.71","3.93","2.64","71.92"
"2024-06-13","2024165","11:22","18.0","54.9481","3.0","","","4.7","","7.8","93","","9","","28.24","15.33","20.70","","","","",""
"2024-06-13","2024165","11:22","18.0","54.9481","4.0","","","4.7","","7.8","93","","10","","28.23","15.33","20.69","","","","",""
"2024-06-13","2024165","11:22","18.0","54.9481","5.0","","","5.1","","7.8","93","","10","","28.26","15.31","20.72","","","","",""
"2024-06-13","2024165","11:22","18.0","54.9481","6.0","","","4.9","","7.8","93","","10","","28.28","15.30","20.74","","","","",""
"2024-06-13","2024165","11:22","18.0","54.9481","7.0","","","4.9","","7.8","93","","10","","28.32","15.28","20.77","","","","",""
"2024-06-13","2024165","11:22","18.0","54.9481","8.0","","","5.0","","7.8","93","","11","","28.40","15.24","20.84","","","","",""
"2024-06-13","2024165","11:22","18.0","54.9481","9.0","","","4.9","","7.8","93","","11","","28.45","15.21","20.88","","","","",""
"2024-06-13","2024165","11:22","18.0","54.9481","10.0","","","5.0","","7.8","93","","11","","28.49","15.19","20.92","","","","",""
"2024-06-13","2024165","11:22","18.0","54.9481","11.0","","","5.2","","7.8","93","","11","","28.51","15.17","20.94","","","","",""
"2024-06-13","2024165","11:22","18.0","54.9481","12.0","","","5.2","","7.8","93","","11","","28.53","15.16","20.95","","","","",""
"2024-06-13","2024165","11:22","18.0","54.9481","13.0","","","5.5","","7.8","93","","12","","28.56","15.14","20.99","","","","",""
"2024-06-13","2024165","11:22","18.0","54.9481","14.0","","","5.6","","7.8","93","","12","","28.61","15.11","21.03","","","","",""
"2024-06-13","2024165","11:22","18.0","54.9481","15.0","","","5.3","","7.8","93","","12","","28.64","15.10","21.05","","","","",""
"2024-06-13","2024165","11:22","18.0","54.9481","16.0","","","5.0","","7.8","92","","12","","28.66","15.08","21.07","","","","",""
"2024-06-13","2024165","11:22","18.0","54.9481","17.0","","","5.5","","7.7","92","","12","","28.74","15.04","21.14","","","","",""
"2024-06-13","2024165","11:22","18.0","54.9481","18.0","","","5.3","","7.8","92","","12","","28.84","14.98","21.23","","","","",""
"2024-06-13","2024165","11:22","18.0","54.9481","19.0","","","5.4","","7.7","92","","13","","28.90","14.94","21.29","","","","",""
"2024-06-13","2024165","11:22","18.0","54.9481","20.0","","","5.8","","7.7","92","","13","","28.97","14.90","21.35","","","","",""
"2024-06-13","2024165","11:22","18.0","54.9481","21.0","","","5.8","","7.7","91","","13","","29.05","14.85","21.43","","","","",""
"2024-06-13","2024165","11:22","18.0","54.9481","22.0","","","6.8","","7.7","91","","15","","29.18","14.78","21.54","","","","",""
"2024-06-13","2024165","11:22","18.0","54.9481","23.0","","","7.0","","7.7","91","","16","","29.55","14.56","21.86","","","","",""
"2024-06-13","2024165","11:22","18.0","54.9481","24.0","","","7.2","","7.7","91","","20","","29.73","14.45","22.03","","","","",""
"2024-06-13","2024165","11:22","18.0","54.9481","25.0","","","8.0","","7.7","91","","22","","29.86","14.36","22.15","","","","",""
"2024-06-13","2024165","11:22","18.0","54.9481","26.0","","","8.2","","7.7","91","","23","","29.91","14.34","22.19","","","","",""
"2024-06-13","2024165","11:22","18.0","54.9481","27.0","","","8.4","","7.7","90","","24","","30.00","14.28","22.27","","","","",""
"2024-06-13","2024165","11:22","18.0","54.9481","28.0","","","8.6","","7.7","90","","24","","30.01","14.27","22.28","","","","",""
"2024-06-13","2024165","11:22","18.0","54.9481","29.0","","","8.9","","7.7","90","","26","","30.05","14.25","22.32","","","","",""
"2024-06-13","2024165","11:22","18.0","54.9481","30.0","","","8.3","","7.6","89","","26","","30.18","14.17","22.43","","","","",""
"2024-06-13","2024165","11:22","18.0","54.9481","31.0","","","8.2","","7.6","89","","27","","30.59","13.92","22.80","","","","",""
"2024-06-13","2024165","11:22","18.0","54.9481","32.0","","","7.9","","7.6","89","","28","","30.68","13.86","22.88","","","","",""
"2024-06-13","2024165","11:22","18.0","54.9481","33.0","","","9.1","","7.6","89","","25","","30.74","13.82","22.93","","","","",""
"2024-06-13","2024165","11:22","18.0","54.9481","34.0","","","8.1","","7.6","89","","27","","30.83","13.76","23.02","","","","",""
"2024-06-13","2024165","11:22","18.0","54.9481","35.0","","","8.3","","7.6","89","","25","","30.82","13.77","23.01","","","","",""
"2024-06-13","2024165","11:22","18.0","54.9481","36.0","","","8.4","","7.6","89","","25","","30.88","13.73","23.06","","","","",""
"2024-06-13","2024165","11:22","18.0","54.9481","37.0","","","10.8","","7.6","89","","29","","30.96","13.68","23.13","","","","",""
"2024-06-13","2024165","11:22","18.0","54.9481","38.0","","","11.5","","7.6","89","","32","","30.98","13.67","23.15","","","","",""
"2024-06-13","2024165","11:22","18.0","54.9481","39.0","11.1","0.55","11.5","","7.6","89","33.9","34","","30.99","13.66","23.16","","","","",""
"2024-06-13","2024165","11:09","20.0","51.4501","1.0","","","5.1","","7.7","95","","6","1.01","27.29","17.85","19.41","","","","",""
"2024-06-13","2024165","11:09","20.0","51.4501","2.0","5.0","0.81","5.3","","7.6","94","","6","","27.31","17.79","19.44","","","","",""
"2024-06-13","2024165","11:09","20.0","51.4501","3.0","","","5.4","","7.5","93","","7","","27.44","17.52","19.61","","","","",""
"2024-06-13","2024165","11:09","20.0","51.4501","4.0","","","5.3","","7.4","91","","8","","27.70","17.17","19.88","","","","",""
"2024-06-13","2024165","11:09","20.0","51.4501","5.0","","","4.3","","7.4","91","","8","","27.78","17.07","19.96","","","","",""
"2024-06-13","2024165","11:09","20.0","51.4501","6.0","","","3.8","","7.4","91","","8","","27.86","16.93","20.06","","","","",""
"2024-06-13","2024165","11:09","20.0","51.4501","7.0","","","3.8","","7.5","91","","7","","27.93","16.80","20.14","","","","",""
"2024-06-13","2024165","11:09","20.0","51.4501","8.0","","","3.8","","7.5","91","","6","","27.98","16.69","20.20","","","","",""
"2024-06-13","2024165","11:09","20.0","51.4501","9.0","","","3.9","","7.5","91","","5","","28.07","16.44","20.33","","","","",""
"2024-06-13","2024165","11:09","20.0","51.4501","10.0","","","3.7","","7.6","91","","5","","28.22","16.23","20.49","","","","",""
"2024-06-13","2024165","11:09","20.0","51.4501","11.0","","","4.0","","7.6","91","","4","","28.35","16.11","20.62","","","","",""
"2024-06-13","2024165","11:09","20.0","51.4501","12.0","","","4.5","","7.6","91","","4","","28.65","15.85","20.90","","","","",""
"2024-06-13","2024165","11:09","20.0","51.4501","13.0","","","4.8","","7.6","91","","5","","28.80","15.70","21.05","","","","",""
"2024-06-13","2024165","11:09","20.0","51.4501","14.0","","","5.3","","7.6","91","","6","","28.89","15.60","21.14","","","","",""
"2024-06-13","2024165","11:09","20.0","51.4501","15.0","","","5.7","","7.6","91","","6","","28.91","15.59","21.16","","","","",""
"2024-06-13","2024165","11:09","20.0","51.4501","16.0","","","5.4","","7.6","91","","7","","28.92","15.58","21.16","","","","",""
"2024-06-13","2024165","11:09","20.0","51.4501","17.0","","","5.4","","7.6","91","","7","","28.97","15.54","21.21","","","","",""
"2024-06-13","2024165","11:09","20.0","51.4501","18.0","","","5.3","","7.6","91","","7","","28.98","15.53","21.23","","","","",""
"2024-06-13","2024165","11:09","20.0","51.4501","19.0","","","5.0","","7.6","91","","7","","29.00","15.52","21.24","","","","",""
"2024-06-13","2024165","11:09","20.0","51.4501","20.0","","","5.4","","7.6","91","","8","","29.01","15.51","21.25","","","","",""
"2024-06-13","2024165","11:09","20.0","51.4501","21.0","","","6.3","","7.6","91","","8","","29.01","15.51","21.25","","","","",""
"2024-06-13","2024165","11:09","20.0","51.4501","22.0","","","5.6","","7.6","91","","9","","29.03","15.50","21.27","","","","",""
"2024-06-13","2024165","11:09","20.0","51.4501","23.0","","","5.8","","7.6","91","","9","","29.04","15.49","21.28","","","","",""
"2024-06-13","2024165","10:56","21.0","46.6266","1.0","","","5.9","","7.8","99","","7","0.81","26.60","18.69","18.69","","","","",""
"2024-06-13","2024165","10:56","21.0","46.6266","2.0","6.0","0.85","6.2","","7.8","98","","7","","26.62","18.68","18.70","","","","",""
"2024-06-13","2024165","10:56","21.0","46.6266","3.0","","","7.1","","7.8","98","","7","","26.63","18.66","18.72","","","","",""
"2024-06-13","2024165","10:56","21.0","46.6266","4.0","","","6.9","","7.5","94","","7","","26.67","18.63","18.75","","","","",""
"2024-06-13","2024165","10:56","21.0","46.6266","5.0","","","5.7","","7.3","92","","7","","26.86","18.44","18.95","","","","",""
"2024-06-13","2024165","10:56","21.0","46.6266","6.0","","","4.3","","7.2","90","","8","","26.93","18.34","19.03","","","","",""
"2024-06-13","2024165","10:56","21.0","46.6266","7.0","","","3.4","","7.2","89","","9","","27.08","18.11","19.19","","","","",""
"2024-06-13","2024165","10:56","21.0","46.6266","8.0","","","2.7","","7.1","89","","10","","27.25","17.86","19.38","","","","",""
"2024-06-13","2024165","10:56","21.0","46.6266","9.0","","","2.5","","7.2","89","","11","","27.44","17.57","19.59","","","","",""
"2024-06-13","2024165","10:56","21.0","46.6266","10.0","","","2.5","","7.3","90","","11","","27.88","16.91","20.08","","","","",""
"2024-06-13","2024165","10:56","21.0","46.6266","11.0","","","3.0","","7.3","89","","10","","28.06","16.64","20.28","","","","",""
"2024-06-13","2024165","10:56","21.0","46.6266","12.0","","","3.8","","7.3","89","","11","","28.21","16.43","20.44","","","","",""
"2024-06-13","2024165","10:56","21.0","46.6266","13.0","","","4.1","","7.3","89","","13","","28.38","16.21","20.62","","","","",""
"2024-06-13","2024165","10:56","21.0","46.6266","14.0","","","4.6","","7.4","89","","15","","28.59","15.95","20.83","","","","",""
"2024-06-13","2024165","10:56","21.0","46.6266","15.0","","","5.4","","7.4","89","","19","","28.72","15.81","20.96","","","","",""
"2024-06-13","2024165","10:56","21.0","46.6266","16.0","","","5.5","","7.4","89","","21","","28.83","15.72","21.07","","","","",""
"2024-06-13","2024165","10:39","22.0","43.9210","1.0","","","7.2","","8.0","100","","5","0.79","27.03","17.99","19.18","","","","",""
"2024-06-13","2024165","10:39","22.0","43.9210","2.0","7.4","0.85","7.7","","7.9","98","6.3","5","","27.14","17.78","19.32","0.95","11.42","3.78","3.14","71.92"
"2024-06-13","2024165","10:39","22.0","43.9210","3.0","","","8.2","","7.8","97","","5","","27.30","17.50","19.50","","","","",""
"2024-06-13","2024165","10:39","22.0","43.9210","4.0","","","7.7","","7.7","94","","5","","27.49","17.17","19.72","","","","",""
"2024-06-13","2024165","10:39","22.0","43.9210","5.0","","","6.5","","7.6","93","","6","","27.78","16.74","20.04","","","","",""
"2024-06-13","2024165","10:39","22.0","43.9210","6.0","","","4.8","","7.6","92","","6","","27.88","16.59","20.15","","","","",""
"2024-06-13","2024165","10:39","22.0","43.9210","7.0","","","4.1","","7.5","91","","6","","27.96","16.49","20.23","","","","",""
"2024-06-13","2024165","10:39","22.0","43.9210","8.0","","","3.7","","7.5","91","","7","","28.01","16.44","20.28","","","","",""
"2024-06-13","2024165","10:39","22.0","43.9210","9.0","","","3.6","","7.5","91","","8","","28.07","16.39","20.34","","","","",""
"2024-06-13","2024165","10:39","22.0","43.9210","10.0","","","3.6","","7.4","90","","10","","28.10","16.36","20.37","","","","",""
"2024-06-13","2024165","10:39","22.0","43.9210","11.0","","","3.6","","7.4","90","","11","","28.14","16.32","20.41","","","","",""
"2024-06-13","2024165","10:39","22.0","43.9210","12.0","","","3.6","","7.4","90","","12","","28.22","16.25","20.48","","","","",""
"2024-06-13","2024165","10:39","22.0","43.9210","13.0","","","3.7","","7.4","89","","13","","28.35","16.12","20.61","","","","",""
"2024-06-13","2024165","10:39","22.0","43.9210","14.0","","","3.8","","7.4","89","","14","","28.53","15.94","20.79","","","","",""
"2024-06-13","2024165","10:39","22.0","43.9210","15.0","","","4.2","","7.3","88","","14","","28.70","15.76","20.96","","","","",""
"2024-06-13","2024165","10:39","22.0","43.9210","16.0","","","4.7","","7.4","88","","15","","29.04","15.42","21.30","","","","",""
"2024-06-13","2024165","10:39","22.0","43.9210","17.0","4.8","0.60","4.6","","7.5","89","19.2","16","","29.74","14.82","21.96","","","","",""
"2024-06-13","2024165","10:26","23.0","39.6557","1.0","","","8.3","","8.2","103","","6","0.66","26.77","18.60","18.84","","","","",""
"2024-06-13","2024165","10:26","23.0","39.6557","2.0","","","8.4","","8.1","102","","6","","26.81","18.51","18.89","","","","",""
"2024-06-13","2024165","10:26","23.0","39.6557","3.0","","","7.9","","8.0","101","","6","","26.84","18.44","18.93","","","","",""
"2024-06-13","2024165","10:26","23.0","39.6557","4.0","","","7.7","","7.7","96","","6","","26.84","18.40","18.94","","","","",""
"2024-06-13","2024165","10:26","23.0","39.6557","5.0","","","7.2","","7.6","94","","6","","27.12","17.92","19.27","","","","",""
"2024-06-13","2024165","10:26","23.0","39.6557","6.0","","","4.7","","7.6","94","","7","","27.41","17.47","19.59","","","","",""
"2024-06-13","2024165","10:26","23.0","39.6557","7.0","","","3.8","","7.6","93","","7","","27.51","17.30","19.71","","","","",""
"2024-06-13","2024165","10:26","23.0","39.6557","8.0","","","3.8","","7.6","93","","9","","27.53","17.26","19.74","","","","",""
"2024-06-13","2024165","10:26","23.0","39.6557","9.0","","","3.5","","7.5","93","","9","","27.59","17.17","19.80","","","","",""
"2024-06-13","2024165","10:26","23.0","39.6557","10.0","","","3.2","","7.5","92","","10","","27.66","17.06","19.87","","","","",""
"2024-06-13","2024165","10:26","23.0","39.6557","11.0","","","2.8","","7.5","92","","11","","27.69","17.00","19.91","","","","",""
"2024-06-13","2024165","10:26","23.0","39.6557","12.0","","","2.8","","7.5","92","","12","","27.72","16.95","19.94","","","","",""
"2024-06-13","2024165","10:26","23.0","39.6557","13.0","","","2.7","","7.5","92","","13","","27.72","16.94","19.95","","","","",""
"2024-06-13","2024165","10:26","23.0","39.6557","14.0","","","2.7","","7.5","92","","14","","27.72","16.94","19.95","","","","",""
"2024-06-13","2024165","10:15","24.0","37.0911","1.0","","","11.8","","8.3","105","","5","0.62","26.61","18.92","18.64","","","","",""
"2024-06-13","2024165","10:15","24.0","37.0911","2.0","11.9","0.88","12.1","","7.8","98","5.4","5","","26.99","18.27","19.09","0.89","9.85","0.86","3.11","72.99"
"2024-06-13","2024165","10:15","24.0","37.0911","3.0","","","8.8","","7.6","95","","7","","27.20","17.94","19.32","","","","",""
"2024-06-13","2024165","10:15","24.0","37.0911","4.0","","","7.4","","7.5","94","","9","","27.35","17.71","19.49","","","","",""
"2024-06-13","2024165","10:15","24.0","37.0911","5.0","","","5.9","","7.5","93","","9","","27.42","17.59","19.57","","","","",""
"2024-06-13","2024165","10:15","24.0","37.0911","6.0","","","4.9","","7.5","92","","10","","27.48","17.49","19.64","","","","",""
"2024-06-13","2024165","10:15","24.0","37.0911","7.0","","","4.3","","7.4","92","","10","","27.51","17.43","19.68","","","","",""
"2024-06-13","2024165","10:15","24.0","37.0911","8.0","","","3.7","","7.4","92","","10","","27.54","17.36","19.71","","","","",""
"2024-06-13","2024165","10:15","24.0","37.0911","9.0","3.5","0.67","3.1","","7.5","92","10.5","11","","27.54","17.36","19.71","","","","",""
"2024-06-13","2024165","10:03","25.0","32.8382","1.0","","","8.9","","8.1","103","","5","0.76","26.25","19.09","18.33","","","","",""
"2024-06-13","2024165","10:03","25.0","32.8382","2.0","","","9.6","","7.7","97","","5","","26.54","18.69","18.64","","","","",""
"2024-06-13","2024165","10:03","25.0","32.8382","3.0","","","8.6","","7.5","94","","7","","26.96","18.23","19.07","","","","",""
"2024-06-13","2024165","10:03","25.0","32.8382","4.0","","","6.4","","7.5","93","","11","","27.24","17.92","19.36","","","","",""
"2024-06-13","2024165","10:03","25.0","32.8382","5.0","","","5.0","","7.5","93","","15","","27.27","17.88","19.39","","","","",""
"2024-06-13","2024165","10:03","25.0","32.8382","6.0","","","4.6","","7.5","93","","16","","27.28","17.87","19.40","","","","",""
"2024-06-13","2024165","10:03","25.0","32.8382","7.0","","","4.2","","7.5","93","","16","","27.30","17.84","19.42","","","","",""
"2024-06-13","2024165","9:51","26.0","28.7560","1.0","","","5.7","","8.0","102","","7","0.95","26.13","19.17","18.21","","","","",""
"2024-06-13","2024165","9:51","26.0","28.7560","2.0","","","7.8","","7.9","101","","6","","26.13","19.14","18.22","","","","",""
"2024-06-13","2024165","9:51","26.0","28.7560","3.0","","","8.8","","7.9","100","","6","","26.34","18.86","18.45","","","","",""
"2024-06-13","2024165","9:51","26.0","28.7560","4.0","","","9.0","","7.9","100","","6","","26.60","18.53","18.73","","","","",""
"2024-06-13","2024165","9:51","26.0","28.7560","5.0","","","8.7","","7.7","97","","5","","26.75","18.36","18.88","","","","",""
"2024-06-13","2024165","9:51","26.0","28.7560","6.0","","","7.6","","7.5","94","","5","","26.94","18.29","19.05","","","","",""
"2024-06-13","2024165","9:51","26.0","28.7560","7.0","","","5.9","","7.5","93","","6","","27.16","18.00","19.28","","","","",""
"2024-06-13","2024165","9:51","26.0","28.7560","8.0","","","5.5","","7.4","92","","8","","27.22","17.90","19.35","","","","",""
"2024-06-13","2024165","9:51","26.0","28.7560","9.0","","","5.3","","7.4","93","","9","","27.24","17.86","19.37","","","","",""
"2024-06-13","2024165","9:51","26.0","28.7560","10.0","","","5.3","","7.4","92","","11","","27.25","17.84","19.39","","","","",""
"2024-06-13","2024165","9:41","27.0","26.1872","1.0","","","8.3","","7.9","101","","7","0.99","25.65","19.49","17.77","","","","",""
"2024-06-13","2024165","9:41","27.0","26.1872","2.0","9.3","0.88","9.2","","7.8","100","7.1","6","","25.65","19.48","17.78","0.94","9.50","2.71","4.08","74.42"
"2024-06-13","2024165","9:41","27.0","26.1872","3.0","","","8.6","","7.7","97","","7","","25.69","19.45","17.82","","","","",""
"2024-06-13","2024165","9:41","27.0","26.1872","4.0","","","7.0","","7.6","97","","7","","26.05","19.15","18.16","","","","",""
"2024-06-13","2024165","9:41","27.0","26.1872","5.0","","","5.9","","7.6","96","","7","","26.51","18.63","18.63","","","","",""
"2024-06-13","2024165","9:41","27.0","26.1872","6.0","","","6.3","","7.6","95","","8","","26.66","18.45","18.79","","","","",""
"2024-06-13","2024165","9:41","27.0","26.1872","7.0","","","6.4","","7.6","95","","10","","26.94","18.08","19.09","","","","",""
"2024-06-13","2024165","9:41","27.0","26.1872","8.0","","","6.4","","7.6","94","","16","","27.00","17.99","19.16","","","","",""
"2024-06-13","2024165","9:41","27.0","26.1872","9.0","","","6.4","","7.6","95","","24","","27.04","17.95","19.20","","","","",""
"2024-06-13","2024165","9:41","27.0","26.1872","10.0","6.0","0.67","6.4","","7.6","95","32.1","32","","27.04","17.95","19.20","","","","",""
"2024-06-13","2024165","9:32","28.0","23.5695","1.0","","","7.2","","7.7","98","","9","0.74","25.31","19.67","17.47","","","","",""
"2024-06-13","2024165","9:32","28.0","23.5695","2.0","","","7.4","","7.7","98","","9","","25.31","19.66","17.47","","","","",""
"2024-06-13","2024165","9:32","28.0","23.5695","3.0","","","7.2","","7.7","97","","9","","25.31","19.66","17.47","","","","",""
"2024-06-13","2024165","9:32","28.0","23.5695","4.0","","","7.0","","7.6","97","","9","","25.31","19.65","17.48","","","","",""
"2024-06-13","2024165","9:32","28.0","23.5695","5.0","","","6.7","","7.6","97","","9","","25.32","19.64","17.49","","","","",""
"2024-06-13","2024165","9:32","28.0","23.5695","6.0","","","6.9","","7.6","96","","9","","25.35","19.63","17.51","","","","",""
"2024-06-13","2024165","9:32","28.0","23.5695","7.0","","","6.6","","7.6","96","","9","","25.58","19.55","17.70","","","","",""
"2024-06-13","2024165","9:32","28.0","23.5695","8.0","","","6.2","","7.5","96","","9","","25.92","19.37","18.01","","","","",""
"2024-06-13","2024165","9:32","28.0","23.5695","9.0","","","6.1","","7.5","95","","9","","26.25","18.94","18.36","","","","",""
"2024-06-13","2024165","9:32","28.0","23.5695","10.0","","","6.3","","7.5","94","","10","","26.51","18.61","18.64","","","","",""
"2024-06-13","2024165","9:32","28.0","23.5695","11.0","","","7.6","","7.5","95","","20","","26.62","18.46","18.76","","","","",""
"2024-06-13","2024165","9:32","28.0","23.5695","12.0","","","8.3","","7.6","95","","38","","26.66","18.40","18.80","","","","",""
"2024-06-13","2024165","9:32","28.0","23.5695","13.0","","","8.4","","7.6","95","","56","","26.67","18.38","18.82","","","","",""
"2024-06-13","2024165","9:21","29.0","20.2526","1.0","","","6.9","","7.5","95","","11","0.89","25.01","19.95","17.17","","","","",""
"2024-06-13","2024165","9:21","29.0","20.2526","2.0","","","6.9","","7.5","95","","11","","25.01","19.94","17.18","","","","",""
"2024-06-13","2024165","9:21","29.0","20.2526","3.0","","","7.2","","7.5","95","","12","","25.01","19.94","17.18","","","","",""
"2024-06-13","2024165","9:21","29.0","20.2526","4.0","","","7.1","","7.5","95","","11","","25.01","19.94","17.18","","","","",""
"2024-06-13","2024165","9:21","29.0","20.2526","5.0","","","6.6","","7.5","95","","12","","25.02","19.94","17.18","","","","",""
"2024-06-13","2024165","9:21","29.0","20.2526","6.0","","","6.4","","7.5","95","","12","","25.03","19.93","17.19","","","","",""
"2024-06-13","2024165","9:21","29.0","20.2526","7.0","","","6.3","","7.5","95","","11","","25.03","19.93","17.20","","","","",""
"2024-06-13","2024165","9:21","29.0","20.2526","8.0","","","6.3","","7.4","95","","11","","25.04","19.93","17.20","","","","",""
"2024-06-13","2024165","9:21","29.0","20.2526","9.0","","","6.3","","7.4","94","","11","","25.38","19.84","17.48","","","","",""
"2024-06-13","2024165","9:21","29.0","20.2526","10.0","","","6.3","","7.4","94","","11","","25.83","19.44","17.92","","","","",""
"2024-06-13","2024165","9:21","29.0","20.2526","11.0","","","6.3","","7.5","94","","11","","26.24","18.96","18.35","","","","",""
"2024-06-13","2024165","9:21","29.0","20.2526","12.0","","","6.9","","7.5","94","","16","","26.41","18.75","18.53","","","","",""
"2024-06-13","2024165","9:21","29.0","20.2526","13.0","","","7.9","","7.5","95","","28","","26.42","18.73","18.55","","","","",""
"2024-06-13","2024165","9:11","29.5","17.5640","1.0","","","7.1","","7.4","95","","14","1.00","24.63","20.10","16.85","","","","",""
"2024-06-13","2024165","9:11","29.5","17.5640","2.0","","","7.6","","7.4","95","","13","","24.64","20.09","16.86","","","","",""
"2024-06-13","2024165","9:11","29.5","17.5640","3.0","","","7.3","","7.4","94","","13","","24.65","20.09","16.87","","","","",""
"2024-06-13","2024165","9:11","29.5","17.5640","4.0","","","6.3","","7.3","94","","13","","24.68","20.09","16.88","","","","",""
"2024-06-13","2024165","9:11","29.5","17.5640","5.0","","","6.0","","7.3","94","","13","","24.68","20.09","16.89","","","","",""
"2024-06-13","2024165","9:11","29.5","17.5640","6.0","","","6.2","","7.3","94","","14","","24.69","20.09","16.90","","","","",""
"2024-06-13","2024165","9:11","29.5","17.5640","7.0","","","6.1","","7.3","94","","14","","24.70","20.05","16.91","","","","",""
"2024-06-13","2024165","9:11","29.5","17.5640","8.0","","","6.0","","7.3","93","","14","","24.71","20.04","16.92","","","","",""
"2024-06-13","2024165","9:11","29.5","17.5640","9.0","","","6.0","","7.3","93","","15","","24.78","20.04","16.98","","","","",""
"2024-06-13","2024165","9:11","29.5","17.5640","10.0","","","6.1","","7.3","93","","19","","24.86","20.04","17.04","","","","",""
"2024-06-13","2024165","9:11","29.5","17.5640","11.0","","","6.1","","7.3","93","","26","","24.93","20.03","17.09","","","","",""
"2024-06-13","2024165","9:11","29.5","17.5640","12.0","","","6.6","","7.2","93","","35","","25.05","19.97","17.20","","","","",""
"2024-06-13","2024165","9:11","29.5","17.5640","13.0","","","7.7","","7.3","93","","42","","25.50","19.69","17.61","","","","",""
"2024-06-13","2024165","9:11","29.5","17.5640","14.0","","","7.9","","7.4","94","","41","","25.92","19.38","18.00","","","","",""
"2024-06-13","2024165","9:01","30.0","14.7543","1.0","","","8.1","","7.4","95","","14","1.22","24.37","20.46","16.56","","","","",""
"2024-06-13","2024165","9:01","30.0","14.7543","2.0","10.4","0.92","9.3","","7.3","94","12.4","14","","24.38","20.45","16.57","1.27","12.14","2.57","6.38","59.46"
"2024-06-13","2024165","9:01","30.0","14.7543","3.0","","","7.9","","7.3","93","","13","","24.39","20.44","16.58","","","","",""
"2024-06-13","2024165","9:01","30.0","14.7543","4.0","","","7.2","","7.2","92","","14","","24.41","20.42","16.60","","","","",""
"2024-06-13","2024165","9:01","30.0","14.7543","5.0","","","7.0","","7.1","91","","14","","24.44","20.42","16.62","","","","",""
"2024-06-13","2024165","9:01","30.0","14.7543","6.0","","","7.0","","7.1","91","","15","","24.58","20.38","16.74","","","","",""
"2024-06-13","2024165","9:01","30.0","14.7543","7.0","","","7.4","","7.1","91","","23","","24.70","20.33","16.84","","","","",""
"2024-06-13","2024165","9:01","30.0","14.7543","8.0","","","7.6","","7.1","91","","51","","24.70","20.32","16.85","","","","",""
"2024-06-13","2024165","9:01","30.0","14.7543","9.0","","","7.7","","7.1","91","","62","","24.71","20.32","16.85","","","","",""
"2024-06-13","2024165","9:01","30.0","14.7543","10.0","8.5","0.67","8.2","","7.1","91","76.2","74","","24.71","20.31","16.86","","","","",""
"2024-06-13","2024165","8:49","31.0","10.6065","1.0","","","7.9","","7.1","92","","19","1.50","24.25","20.90","16.35","","","","",""
"2024-06-13","2024165","8:49","31.0","10.6065","2.0","","","7.8","","7.0","91","","19","","24.26","20.87","16.37","","","","",""
"2024-06-13","2024165","8:49","31.0","10.6065","3.0","","","7.2","","7.1","92","","19","","24.29","20.82","16.40","","","","",""
"2024-06-13","2024165","8:49","31.0","10.6065","4.0","","","7.6","","7.1","92","","19","","24.30","20.80","16.42","","","","",""
"2024-06-13","2024165","8:49","31.0","10.6065","5.0","","","7.7","","7.1","92","","20","","24.31","20.79","16.43","","","","",""
"2024-06-13","2024165","8:49","31.0","10.6065","6.0","","","7.9","","7.1","92","","21","","24.31","20.79","16.43","","","","",""
"2024-06-13","2024165","8:49","31.0","10.6065","7.0","","","7.9","","7.1","92","","21","","24.32","20.76","16.44","","","","",""
"2024-06-13","2024165","8:49","31.0","10.6065","8.0","","","8.1","","7.1","92","","28","","24.33","20.74","16.46","","","","",""
"2024-06-13","2024165","8:49","31.0","10.6065","9.0","","","8.5","","7.1","91","","34","","24.34","20.73","16.47","","","","",""
"2024-06-13","2024165","8:49","31.0","10.6065","10.0","","","8.6","","7.1","91","","41","","24.35","20.72","16.48","","","","",""
"2024-06-13","2024165","8:49","31.0","10.6065","11.0","","","8.7","","7.1","92","","62","","24.35","20.71","16.48","","","","",""
"2024-06-13","2024165","8:39","32.0","8.1507","1.0","","","10.0","","7.0","92","","21","1.86","24.24","21.39","16.23","","","","",""
"2024-06-13","2024165","8:39","32.0","8.1507","2.0","10.3","0.87","10.0","","6.9","90","19.9","23","","24.25","21.31","16.25","1.34","12.49","2.86","6.72","60.17"
"2024-06-13","2024165","8:39","32.0","8.1507","3.0","","","8.6","","7.0","90","","30","","24.26","21.17","16.29","","","","",""
"2024-06-13","2024165","8:39","32.0","8.1507","4.0","","","8.6","","7.0","90","","34","","24.26","21.16","16.30","","","","",""
"2024-06-13","2024165","8:39","32.0","8.1507","5.0","","","8.6","","6.9","90","","37","","24.27","21.14","16.31","","","","",""
"2024-06-13","2024165","8:39","32.0","8.1507","6.0","","","9.4","","6.9","90","","47","","24.27","21.10","16.32","","","","",""
"2024-06-13","2024165","8:39","32.0","8.1507","7.0","","","9.3","","6.9","90","","57","","24.27","21.10","16.32","","","","",""
"2024-06-13","2024165","8:39","32.0","8.1507","8.0","","","9.5","","6.9","90","","67","","24.27","21.09","16.32","","","","",""
"2024-06-13","2024165","8:39","32.0","8.1507","9.0","9.6","0.78","9.6","","6.9","90","","66","","24.27","21.09","16.32","","","","",""
"2024-06-13","2024165","8:30","33.0","6.8085","1.0","","","10.1","","7.0","91","","24","2.02","24.12","21.45","16.11","","","","",""
"2024-06-13","2024165","8:30","33.0","6.8085","2.0","","","9.7","","6.9","90","24.3","24","","24.12","21.44","16.12","","","","",""
"2024-06-13","2024165","8:30","33.0","6.8085","3.0","","","9.2","","6.9","90","","24","","24.18","21.42","16.17","","","","",""
"2024-06-13","2024165","8:30","33.0","6.8085","4.0","","","9.4","","6.9","91","","24","","24.18","21.38","16.18","","","","",""
"2024-06-13","2024165","8:30","33.0","6.8085","5.0","","","9.7","","6.9","91","","25","","24.18","21.30","16.21","","","","",""
"2024-06-13","2024165","8:30","33.0","6.8085","6.0","","","9.7","","7.0","91","","28","","24.18","21.27","16.21","","","","",""
"2024-06-13","2024165","8:30","33.0","6.8085","7.0","","","9.4","","7.0","91","","31","","24.18","21.22","16.22","","","","",""
"2024-06-13","2024165","8:30","33.0","6.8085","8.0","","","9.7","","7.0","91","","35","","24.18","21.20","16.23","","","","",""
"2024-06-13","2024165","8:30","33.0","6.8085","9.0","","","9.1","","7.0","91","","36","","24.18","21.20","16.23","","","","",""
"2024-06-13","2024165","8:30","33.0","6.8085","10.0","","","9.5","","7.0","91","","37","","24.18","21.18","16.23","","","","",""
"2024-06-13","2024165","8:30","33.0","6.8085","11.0","","","9.6","","7.0","91","","42","","24.18","21.16","16.24","","","","",""
"2024-06-13","2024165","8:17","34.0","3.5290","1.0","","","8.9","","6.7","88","","21","1.87","23.85","21.42","15.92","","","","",""
"2024-06-13","2024165","8:17","34.0","3.5290","2.0","8.6","0.90","8.7","","6.7","87","21.7","21","","23.90","21.46","15.95","","","","",""
"2024-06-13","2024165","8:17","34.0","3.5290","3.0","","","8.7","","6.7","87","","25","","23.93","21.47","15.97","","","","",""
"2024-06-13","2024165","8:17","34.0","3.5290","4.0","","","8.9","","6.7","87","","32","","23.94","21.48","15.97","","","","",""
"2024-06-13","2024165","8:17","34.0","3.5290","5.0","","","9.0","","6.6","87","","35","","23.95","21.49","15.98","","","","",""
"2024-06-13","2024165","8:17","34.0","3.5290","6.0","","","9.2","","6.6","87","","37","","24.01","21.52","16.01","","","","",""
"2024-06-13","2024165","8:17","34.0","3.5290","7.0","","","9.2","","6.6","86","","50","","24.03","21.54","16.03","","","","",""
"2024-06-13","2024165","8:17","34.0","3.5290","8.0","8.8","0.76","9.2","","6.6","86","","62","","24.05","21.56","16.04","","","","",""
"2024-06-13","2024165","8:05","35.0","1.6576","1.0","","","8.1","","6.7","87","","22","2.01","23.67","21.31","15.81","","","","",""
"2024-06-13","2024165","8:05","35.0","1.6576","2.0","8.8","0.89","8.4","","6.7","88","23.1","24","","23.72","21.35","15.84","","","","",""
"2024-06-13","2024165","8:05","35.0","1.6576","3.0","","","8.5","","6.8","88","","27","","23.75","21.33","15.87","","","","",""
"2024-06-13","2024165","8:05","35.0","1.6576","4.0","","","8.2","","6.8","88","","32","","23.79","21.35","15.89","","","","",""
"2024-06-13","2024165","8:05","35.0","1.6576","5.0","","","8.3","","6.8","88","","33","","23.83","21.42","15.91","","","","",""
"2024-06-13","2024165","8:05","35.0","1.6576","6.0","","","8.3","","6.8","89","","32","","23.86","21.45","15.92","","","","",""
"2024-06-13","2024165","7:52","36.0","0.0000","1.0","","","6.8","","6.6","85","","23","2.16","23.33","21.05","15.63","","","","",""
"2024-06-13","2024165","7:52","36.0","0.0000","2.0","6.5","0.84","6.8","","6.6","86","22.4","23","","23.47","21.09","15.71","2.15","18.92","6.28","8.96","82.60"
"2024-06-13","2024165","7:52","36.0","0.0000","3.0","","","7.4","","6.6","86","","29","","23.50","21.11","15.74","","","","",""
"2024-06-13","2024165","7:52","36.0","0.0000","4.0","","","8.0","","6.6","86","","32","","23.55","21.15","15.76","","","","",""
"2024-06-13","2024165","7:52","36.0","0.0000","5.0","8.2","0.85","8.0","","6.6","86","34.0","34","","23.57","21.19","15.77","","","","",""
"2024-07-12","2024194","11:48","18.0","54.9481","1.0","","","3.5","","7.0","87","","10","0.84","29.81","17.41","21.44","","","","",""
"2024-07-12","2024194","11:48","18.0","54.9481","2.0","4.6","0.78","3.7","","7.0","87","8.6","10","","29.82","17.39","21.45","0.76","12.57","5.57","2.67","63.02"
"2024-07-12","2024194","11:48","18.0","54.9481","3.0","","","3.9","","6.9","87","","10","","29.84","17.36","21.47","","","","",""
"2024-07-12","2024194","11:48","18.0","54.9481","4.0","","","3.8","","6.9","87","","10","","29.84","17.35","21.48","","","","",""
"2024-07-12","2024194","11:48","18.0","54.9481","5.0","","","3.8","","6.9","86","","10","","29.86","17.33","21.50","","","","",""
"2024-07-12","2024194","11:48","18.0","54.9481","6.0","","","3.7","","6.8","85","","10","","29.92","17.25","21.56","","","","",""
"2024-07-12","2024194","11:48","18.0","54.9481","7.0","","","3.7","","6.8","85","","10","","29.99","17.18","21.63","","","","",""
"2024-07-12","2024194","11:48","18.0","54.9481","8.0","","","3.6","","6.7","84","","10","","30.08","17.10","21.72","","","","",""
"2024-07-12","2024194","11:48","18.0","54.9481","9.0","","","3.5","","6.7","84","","11","","30.14","17.05","21.78","","","","",""
"2024-07-12","2024194","11:48","18.0","54.9481","10.0","","","3.4","","6.7","83","","11","","30.24","16.96","21.87","","","","",""
"2024-07-12","2024194","11:48","18.0","54.9481","11.0","","","3.4","","6.7","83","","10","","30.27","16.94","21.90","","","","",""
"2024-07-12","2024194","11:48","18.0","54.9481","12.0","","","3.4","","6.7","83","","10","","30.28","16.93","21.92","","","","",""
"2024-07-12","2024194","11:48","18.0","54.9481","13.0","","","3.4","","6.6","83","","10","","30.30","16.91","21.93","","","","",""
"2024-07-12","2024194","11:48","18.0","54.9481","14.0","","","3.4","","6.6","83","","11","","30.41","16.82","22.04","","","","",""
"2024-07-12","2024194","11:48","18.0","54.9481","15.0","","","3.3","","6.6","83","","11","","30.43","16.81","22.06","","","","",""
"2024-07-12","2024194","11:48","18.0","54.9481","16.0","","","3.3","","6.6","82","","11","","30.44","16.80","22.06","","","","",""
"2024-07-12","2024194","11:48","18.0","54.9481","17.0","","","3.3","","6.6","82","","12","","30.45","16.80","22.07","","","","",""
"2024-07-12","2024194","11:48","18.0","54.9481","18.0","","","3.3","","6.6","83","","11","","30.45","16.80","22.07","","","","",""
"2024-07-12","2024194","11:48","18.0","54.9481","19.0","","","3.3","","6.6","83","","11","","30.45","16.80","22.07","","","","",""
"2024-07-12","2024194","11:48","18.0","54.9481","20.0","","","3.3","","6.6","83","","12","","30.46","16.80","22.08","","","","",""
"2024-07-12","2024194","11:48","18.0","54.9481","21.0","","","3.3","","6.6","82","","12","","30.47","16.79","22.09","","","","",""
"2024-07-12","2024194","11:48","18.0","54.9481","22.0","","","3.2","","6.6","82","","12","","30.48","16.78","22.10","","","","",""
"2024-07-12","2024194","11:48","18.0","54.9481","23.0","","","3.1","","6.6","82","","11","","30.50","16.77","22.12","","","","",""
"2024-07-12","2024194","11:48","18.0","54.9481","24.0","","","3.2","","6.6","82","","12","","30.52","16.75","22.13","","","","",""
"2024-07-12","2024194","11:48","18.0","54.9481","25.0","","","3.2","","6.6","81","","12","","30.59","16.69","22.20","","","","",""
"2024-07-12","2024194","11:48","18.0","54.9481","26.0","","","3.1","","6.5","81","","12","","30.72","16.57","22.33","","","","",""
"2024-07-12","2024194","11:48","18.0","54.9481","27.0","","","3.0","","6.5","80","","12","","30.84","16.45","22.45","","","","",""
"2024-07-12","2024194","11:48","18.0","54.9481","28.0","","","3.0","","6.5","80","","12","","30.87","16.43","22.48","","","","",""
"2024-07-12","2024194","11:48","18.0","54.9481","29.0","","","3.0","","6.4","80","","12","","30.93","16.38","22.53","","","","",""
"2024-07-12","2024194","11:48","18.0","54.9481","30.0","","","3.0","","6.4","80","","12","","30.98","16.32","22.59","","","","",""
"2024-07-12","2024194","11:48","18.0","54.9481","31.0","","","3.0","","6.4","79","","13","","31.00","16.31","22.60","","","","",""
"2024-07-12","2024194","11:48","18.0","54.9481","32.0","","","3.0","","6.4","79","","12","","31.01","16.29","22.62","","","","",""
"2024-07-12","2024194","11:48","18.0","54.9481","33.0","","","3.0","","6.4","79","","13","","31.03","16.27","22.64","","","","",""
"2024-07-12","2024194","11:48","18.0","54.9481","34.0","","","3.0","","6.4","79","","12","","31.05","16.26","22.65","","","","",""
"2024-07-12","2024194","11:48","18.0","54.9481","35.0","3.6","0.59","3.0","","6.4","79","20.6","13","","31.04","16.27","22.64","","","","",""
"2024-07-12","2024194","11:34","20.0","51.4501","1.0","","","3.9","","7.2","93","","7","0.83","29.49","19.34","20.73","","","","",""
"2024-07-12","2024194","11:34","20.0","51.4501","2.0","5.3","0.84","4.5","","7.0","91","","7","","29.54","19.16","20.81","","","","",""
"2024-07-12","2024194","11:34","20.0","51.4501","3.0","","","4.3","","7.0","90","","6","","29.65","18.73","21.00","","","","",""
"2024-07-12","2024194","11:34","20.0","51.4501","4.0","","","4.1","","6.9","88","","6","","29.71","18.66","21.06","","","","",""
"2024-07-12","2024194","11:34","20.0","51.4501","5.0","","","3.7","","6.9","88","","6","","29.80","18.49","21.18","","","","",""
"2024-07-12","2024194","11:34","20.0","51.4501","6.0","","","3.6","","6.8","87","","7","","29.84","18.43","21.22","","","","",""
"2024-07-12","2024194","11:34","20.0","51.4501","7.0","","","3.6","","6.8","87","","8","","29.90","18.37","21.28","","","","",""
"2024-07-12","2024194","11:34","20.0","51.4501","8.0","","","3.5","","6.8","86","","9","","29.89","18.38","21.27","","","","",""
"2024-07-12","2024194","11:34","20.0","51.4501","9.0","","","3.5","","6.8","86","","9","","29.92","18.34","21.31","","","","",""
"2024-07-12","2024194","11:34","20.0","51.4501","10.0","","","3.4","","6.8","86","","10","","29.96","18.26","21.36","","","","",""
"2024-07-12","2024194","11:34","20.0","51.4501","11.0","","","3.4","","6.8","86","","10","","29.99","18.21","21.39","","","","",""
"2024-07-12","2024194","11:34","20.0","51.4501","12.0","","","3.5","","6.8","86","","10","","30.01","18.19","21.41","","","","",""
"2024-07-12","2024194","11:34","20.0","51.4501","13.0","","","3.5","","6.8","86","","11","","30.02","18.19","21.42","","","","",""
"2024-07-12","2024194","11:34","20.0","51.4501","14.0","","","3.5","","6.8","86","","12","","30.02","18.19","21.41","","","","",""
"2024-07-12","2024194","11:34","20.0","51.4501","15.0","","","3.5","","6.8","87","","12","","30.01","18.19","21.41","","","","",""
"2024-07-12","2024194","11:34","20.0","51.4501","16.0","","","3.5","","6.8","86","","12","","30.01","18.20","21.41","","","","",""
"2024-07-12","2024194","11:34","20.0","51.4501","17.0","","","3.6","","6.8","86","","12","","30.02","18.18","21.42","","","","",""
"2024-07-12","2024194","11:34","20.0","51.4501","18.0","","","3.5","","6.8","86","","13","","30.03","18.18","21.42","","","","",""
"2024-07-12","2024194","11:34","20.0","51.4501","19.0","","","3.6","","6.8","87","","13","","30.02","18.19","21.42","","","","",""
"2024-07-12","2024194","11:34","20.0","51.4501","20.0","","","3.5","","6.8","87","","13","","30.02","18.19","21.42","","","","",""
"2024-07-12","2024194","11:34","20.0","51.4501","21.0","","","3.5","","6.8","86","","14","","30.02","18.18","21.42","","","","",""
"2024-07-12","2024194","11:34","20.0","51.4501","22.0","","","3.6","","6.8","86","","14","","30.04","18.15","21.44","","","","",""
"2024-07-12","2024194","11:34","20.0","51.4501","23.0","","","3.6","","6.8","86","","14","","30.05","18.13","21.45","","","","",""
"2024-07-12","2024194","11:34","20.0","51.4501","24.0","","","3.6","","6.8","86","","15","","30.07","18.09","21.48","","","","",""
"2024-07-12","2024194","11:34","20.0","51.4501","25.0","","","3.6","","6.8","86","","15","","30.08","18.05","21.50","","","","",""
"2024-07-12","2024194","11:18","21.0","46.6266","1.0","","","4.2","","7.0","92","","6","0.88","28.98","20.52","20.05","","","","",""
"2024-07-12","2024194","11:18","21.0","46.6266","2.0","3.6","0.83","4.2","","6.8","90","","6","","29.04","20.33","20.14","","","","",""
"2024-07-12","2024194","11:18","21.0","46.6266","3.0","","","4.3","","6.8","89","","6","","29.17","19.93","20.34","","","","",""
"2024-07-12","2024194","11:18","21.0","46.6266","4.0","","","4.0","","6.8","89","","8","","29.20","19.84","20.38","","","","",""
"2024-07-12","2024194","11:18","21.0","46.6266","5.0","","","4.0","","6.8","88","","9","","29.20","19.81","20.39","","","","",""
"2024-07-12","2024194","11:18","21.0","46.6266","6.0","","","3.9","","6.8","89","","9","","29.21","19.77","20.41","","","","",""
"2024-07-12","2024194","11:18","21.0","46.6266","7.0","","","3.8","","6.8","89","","10","","29.22","19.73","20.43","","","","",""
"2024-07-12","2024194","11:18","21.0","46.6266","8.0","","","3.7","","6.8","89","","11","","29.28","19.61","20.50","","","","",""
"2024-07-12","2024194","11:18","21.0","46.6266","9.0","","","3.7","","6.8","88","","12","","29.39","19.39","20.64","","","","",""
"2024-07-12","2024194","11:18","21.0","46.6266","10.0","","","3.7","","6.8","88","","13","","29.47","19.20","20.75","","","","",""
"2024-07-12","2024194","11:18","21.0","46.6266","11.0","","","3.7","","6.8","87","","14","","29.58","18.96","20.89","","","","",""
"2024-07-12","2024194","11:18","21.0","46.6266","12.0","","","3.6","","6.7","86","","14","","29.68","18.77","21.02","","","","",""
"2024-07-12","2024194","11:18","21.0","46.6266","13.0","","","3.5","","6.7","86","","15","","29.81","18.54","21.17","","","","",""
"2024-07-12","2024194","11:18","21.0","46.6266","14.0","","","3.4","","6.7","86","","15","","29.86","18.47","21.22","","","","",""
"2024-07-12","2024194","11:18","21.0","46.6266","15.0","","","3.5","","6.8","86","","16","","29.88","18.43","21.25","","","","",""
"2024-07-12","2024194","11:18","21.0","46.6266","16.0","","","3.7","","6.8","86","","16","","29.89","18.42","21.26","","","","",""
"2024-07-12","2024194","11:08","22.0","43.9210","1.0","","","3.5","","7.1","95","","7","0.77","28.61","21.22","19.58","","","","",""
"2024-07-12","2024194","11:08","22.0","43.9210","2.0","4.2","0.84","3.9","","6.8","91","5.8","6","","28.62","21.17","19.60","1.34","14.92","4.71","4.50","91.86"
"2024-07-12","2024194","11:08","22.0","43.9210","3.0","","","4.4","","6.8","90","","6","","28.85","20.43","19.96","","","","",""
"2024-07-12","2024194","11:08","22.0","43.9210","4.0","","","4.5","","6.9","90","","7","","29.14","19.79","20.35","","","","",""
"2024-07-12","2024194","11:08","22.0","43.9210","5.0","","","4.3","","6.8","88","","7","","29.47","19.09","20.78","","","","",""
"2024-07-12","2024194","11:08","22.0","43.9210","6.0","","","3.9","","6.8","88","","7","","29.55","18.92","20.88","","","","",""
"2024-07-12","2024194","11:08","22.0","43.9210","7.0","","","3.5","","6.8","87","","8","","29.59","18.86","20.92","","","","",""
"2024-07-12","2024194","11:08","22.0","43.9210","8.0","","","3.3","","6.8","87","","9","","29.61","18.83","20.95","","","","",""
"2024-07-12","2024194","11:08","22.0","43.9210","9.0","","","3.3","","6.8","88","","10","","29.62","18.81","20.96","","","","",""
"2024-07-12","2024194","11:08","22.0","43.9210","10.0","","","3.4","","6.8","87","","11","","29.64","18.77","20.99","","","","",""
"2024-07-12","2024194","11:08","22.0","43.9210","11.0","","","3.4","","6.8","87","","12","","29.66","18.74","21.01","","","","",""
"2024-07-12","2024194","11:08","22.0","43.9210","12.0","","","3.6","","6.8","87","","13","","29.68","18.68","21.04","","","","",""
"2024-07-12","2024194","11:08","22.0","43.9210","13.0","","","3.6","","6.8","87","","14","","29.70","18.63","21.06","","","","",""
"2024-07-12","2024194","11:08","22.0","43.9210","14.0","","","3.6","","6.8","87","","15","","29.72","18.59","21.09","","","","",""
"2024-07-12","2024194","11:08","22.0","43.9210","15.0","","","3.6","","6.8","87","","16","","29.75","18.49","21.14","","","","",""
"2024-07-12","2024194","11:08","22.0","43.9210","16.0","","","3.6","","6.8","87","","17","","29.79","18.41","21.19","","","","",""
"2024-07-12","2024194","11:08","22.0","43.9210","17.0","","","3.6","","6.8","87","","18","","29.81","18.36","21.22","","","","",""
"2024-07-12","2024194","11:08","22.0","43.9210","18.0","3.6","0.67","3.7","","6.8","87","16.5","18","","29.82","18.34","21.23","","","","",""
"2024-07-12","2024194","10:51","23.0","39.6557","1.0","","","4.6","","6.9","93","","6","0.68","28.32","21.99","19.15","","","","",""
"2024-07-12","2024194","10:51","23.0","39.6557","2.0","","","4.7","","6.7","90","","6","","28.56","21.29","19.52","","","","",""
"2024-07-12","2024194","10:51","23.0","39.6557","3.0","","","4.5","","6.6","88","","9","","28.69","21.00","19.70","","","","",""
"2024-07-12","2024194","10:51","23.0","39.6557","4.0","","","4.2","","6.6","87","","11","","28.80","20.73","19.85","","","","",""
"2024-07-12","2024194","10:51","23.0","39.6557","5.0","","","3.9","","6.5","86","","12","","28.92","20.43","20.02","","","","",""
"2024-07-12","2024194","10:51","23.0","39.6557","6.0","","","3.6","","6.6","86","","12","","29.05","20.19","20.18","","","","",""
"2024-07-12","2024194","10:51","23.0","39.6557","7.0","","","3.3","","6.5","86","","13","","29.10","20.11","20.24","","","","",""
"2024-07-12","2024194","10:51","23.0","39.6557","8.0","","","3.3","","6.6","86","","14","","29.18","19.98","20.33","","","","",""
"2024-07-12","2024194","10:51","23.0","39.6557","9.0","","","3.2","","6.5","86","","15","","29.20","19.93","20.36","","","","",""
"2024-07-12","2024194","10:51","23.0","39.6557","10.0","","","3.2","","6.5","86","","15","","29.23","19.86","20.41","","","","",""
"2024-07-12","2024194","10:51","23.0","39.6557","11.0","","","3.2","","6.6","86","","16","","29.25","19.82","20.43","","","","",""
"2024-07-12","2024194","10:51","23.0","39.6557","12.0","","","3.2","","6.5","85","","16","","29.29","19.74","20.48","","","","",""
"2024-07-12","2024194","10:51","23.0","39.6557","13.0","","","3.2","","6.6","86","","17","","29.33","19.65","20.53","","","","",""
"2024-07-12","2024194","10:51","23.0","39.6557","14.0","","","3.2","","6.6","86","","17","","29.41","19.47","20.64","","","","",""
"2024-07-12","2024194","10:40","24.0","37.0911","1.0","","","4.7","","6.8","92","","6","0.64","28.18","22.27","18.97","","","","",""
"2024-07-12","2024194","10:40","24.0","37.0911","2.0","4.9","0.80","4.9","","6.6","88","5.7","5","","28.56","21.31","19.51","1.39","16.06","3.86","5.05","99.70"
"2024-07-12","2024194","10:40","24.0","37.0911","3.0","","","4.4","","6.5","86","","7","","28.83","20.73","19.87","","","","",""
"2024-07-12","2024194","10:40","24.0","37.0911","4.0","","","3.8","","6.5","86","","9","","28.99","20.37","20.09","","","","",""
"2024-07-12","2024194","10:40","24.0","37.0911","5.0","","","3.4","","6.5","85","","10","","29.09","20.16","20.22","","","","",""
"2024-07-12","2024194","10:40","24.0","37.0911","6.0","","","3.2","","6.5","85","","12","","29.12","20.08","20.26","","","","",""
"2024-07-12","2024194","10:40","24.0","37.0911","7.0","","","3.0","","6.5","85","","14","","29.16","20.00","20.31","","","","",""
"2024-07-12","2024194","10:40","24.0","37.0911","8.0","","","2.9","","6.5","85","","15","","29.17","19.96","20.33","","","","",""
"2024-07-12","2024194","10:40","24.0","37.0911","9.0","2.0","0.58","2.7","","6.5","84","13.5","15","","29.19","19.92","20.36","","","","",""
"2024-07-12","2024194","10:26","25.0","32.8382","1.0","","","5.0","","6.7","90","","6","0.91","28.09","22.30","18.89","","","","",""
"2024-07-12","2024194","10:26","25.0","32.8382","2.0","","","4.9","","6.7","91","","8","","28.38","21.61","19.30","","","","",""
"2024-07-12","2024194","10:26","25.0","32.8382","3.0","","","4.8","","6.7","89","","10","","28.51","21.35","19.47","","","","",""
"2024-07-12","2024194","10:26","25.0","32.8382","4.0","","","4.6","","6.6","89","","16","","28.67","21.09","19.66","","","","",""
"2024-07-12","2024194","10:26","25.0","32.8382","5.0","","","4.5","","6.6","88","","22","","28.70","21.02","19.70","","","","",""
"2024-07-12","2024194","10:26","25.0","32.8382","6.0","","","4.5","","6.7","89","","22","","28.73","20.96","19.74","","","","",""
"2024-07-12","2024194","10:14","26.0","28.7560","1.0","","","4.9","","6.5","89","","9","0.95","27.85","22.63","18.62","","","","",""
"2024-07-12","2024194","10:14","26.0","28.7560","2.0","","","5.1","","6.6","90","","9","","28.00","22.45","18.79","","","","",""
"2024-07-12","2024194","10:14","26.0","28.7560","3.0","","","4.8","","6.8","92","","10","","28.10","22.24","18.92","","","","",""
"2024-07-12","2024194","10:14","26.0","28.7560","4.0","","","4.9","","6.8","91","","10","","28.24","21.95","19.11","","","","",""
"2024-07-12","2024194","10:14","26.0","28.7560","5.0","","","5.0","","6.8","92","","15","","28.33","21.73","19.24","","","","",""
"2024-07-12","2024194","10:14","26.0","28.7560","6.0","","","5.0","","6.8","91","","19","","28.39","21.59","19.31","","","","",""
"2024-07-12","2024194","10:14","26.0","28.7560","7.0","","","5.1","","6.8","92","","22","","28.44","21.45","19.39","","","","",""
"2024-07-12","2024194","10:14","26.0","28.7560","8.0","","","5.2","","6.9","92","","25","","28.46","21.41","19.41","","","","",""
"2024-07-12","2024194","10:03","27.0","26.1872","1.0","","","4.3","","6.6","90","","8","0.93","27.68","22.67","18.48","","","","",""
"2024-07-12","2024194","10:03","27.0","26.1872","2.0","4.4","0.81","4.8","","6.6","90","5.9","8","","27.70","22.60","18.52","1.55","15.99","6.43","6.62","103.61"
"2024-07-12","2024194","10:03","27.0","26.1872","3.0","","","4.6","","6.6","89","","10","","27.71","22.58","18.53","","","","",""
"2024-07-12","2024194","10:03","27.0","26.1872","4.0","","","4.2","","6.5","89","","11","","27.72","22.56","18.54","","","","",""
"2024-07-12","2024194","10:03","27.0","26.1872","5.0","","","4.0","","6.5","89","","11","","27.73","22.56","18.55","","","","",""
"2024-07-12","2024194","10:03","27.0","26.1872","6.0","","","3.9","","6.5","89","","11","","27.79","22.52","18.61","","","","",""
"2024-07-12","2024194","10:03","27.0","26.1872","7.0","","","4.0","","6.5","89","","15","","27.88","22.41","18.71","","","","",""
"2024-07-12","2024194","10:03","27.0","26.1872","8.0","","","3.9","","6.5","89","","28","","27.96","22.34","18.78","","","","",""
"2024-07-12","2024194","10:03","27.0","26.1872","9.0","3.0","0.48","3.8","","6.6","89","48.4","49","","27.98","22.32","18.80","","","","",""
"2024-07-12","2024194","9:52","28.0","23.5695","1.0","","","4.3","","6.6","90","","10","1.09","27.50","22.73","18.33","","","","",""
"2024-07-12","2024194","9:52","28.0","23.5695","2.0","","","4.6","","6.6","90","","10","","27.51","22.71","18.34","","","","",""
"2024-07-12","2024194","9:52","28.0","23.5695","3.0","","","4.4","","6.5","89","","10","","27.51","22.67","18.36","","","","",""
"2024-07-12","2024194","9:52","28.0","23.5695","4.0","","","4.2","","6.5","89","","10","","27.53","22.63","18.38","","","","",""
"2024-07-12","2024194","9:52","28.0","23.5695","5.0","","","3.9","","6.5","89","","11","","27.58","22.62","18.42","","","","",""
"2024-07-12","2024194","9:52","28.0","23.5695","6.0","","","3.8","","6.5","88","","12","","27.60","22.61","18.44","","","","",""
"2024-07-12","2024194","9:52","28.0","23.5695","7.0","","","3.8","","6.5","88","","13","","27.64","22.59","18.47","","","","",""
"2024-07-12","2024194","9:52","28.0","23.5695","8.0","","","4.0","","6.5","88","","14","","27.67","22.58","18.50","","","","",""
"2024-07-12","2024194","9:52","28.0","23.5695","9.0","","","4.2","","6.4","88","","15","","27.71","22.56","18.54","","","","",""
"2024-07-12","2024194","9:52","28.0","23.5695","10.0","","","4.3","","6.4","88","","20","","27.74","22.56","18.56","","","","",""
"2024-07-12","2024194","9:52","28.0","23.5695","11.0","","","4.5","","6.4","87","","25","","27.76","22.55","18.58","","","","",""
"2024-07-12","2024194","9:42","29.0","20.2526","1.0","","","4.0","","6.4","87","","11","1.23","27.36","22.90","18.18","","","","",""
"2024-07-12","2024194","9:42","29.0","20.2526","2.0","","","4.2","","6.3","86","","11","","27.37","22.81","18.21","","","","",""
"2024-07-12","2024194","9:42","29.0","20.2526","3.0","","","3.6","","6.3","86","","12","","27.39","22.73","18.25","","","","",""
"2024-07-12","2024194","9:42","29.0","20.2526","4.0","","","3.4","","6.3","86","","14","","27.40","22.72","18.25","","","","",""
"2024-07-12","2024194","9:42","29.0","20.2526","5.0","","","3.4","","6.3","86","","15","","27.41","22.71","18.26","","","","",""
"2024-07-12","2024194","9:42","29.0","20.2526","6.0","","","3.4","","6.3","86","","16","","27.41","22.70","18.27","","","","",""
"2024-07-12","2024194","9:42","29.0","20.2526","7.0","","","3.5","","6.3","85","","17","","27.43","22.68","18.29","","","","",""
"2024-07-12","2024194","9:42","29.0","20.2526","8.0","","","3.5","","6.3","85","","19","","27.44","22.68","18.30","","","","",""
"2024-07-12","2024194","9:42","29.0","20.2526","9.0","","","3.5","","6.3","85","","22","","27.46","22.68","18.32","","","","",""
"2024-07-12","2024194","9:42","29.0","20.2526","10.0","","","3.7","","6.3","85","","25","","27.48","22.68","18.33","","","","",""
"2024-07-12","2024194","9:42","29.0","20.2526","11.0","","","3.9","","6.3","85","","30","","27.48","22.68","18.33","","","","",""
"2024-07-12","2024194","9:42","29.0","20.2526","12.0","","","3.8","","6.3","85","","33","","27.48","22.68","18.33","","","","",""
"2024-07-12","2024194","9:32","29.5","17.5640","1.0","","","4.4","","6.4","88","","11","1.25","27.18","23.12","17.98","","","","",""
"2024-07-12","2024194","9:32","29.5","17.5640","2.0","","","4.5","","6.4","88","","11","","27.18","23.11","17.98","","","","",""
"2024-07-12","2024194","9:32","29.5","17.5640","3.0","","","4.4","","6.3","87","","11","","27.18","23.08","17.99","","","","",""
"2024-07-12","2024194","9:32","29.5","17.5640","4.0","","","4.1","","6.2","85","","11","","27.20","22.99","18.03","","","","",""
"2024-07-12","2024194","9:32","29.5","17.5640","5.0","","","3.6","","6.2","85","","13","","27.23","22.94","18.07","","","","",""
"2024-07-12","2024194","9:32","29.5","17.5640","6.0","","","3.5","","6.3","85","","16","","27.23","22.92","18.08","","","","",""
"2024-07-12","2024194","9:32","29.5","17.5640","7.0","","","3.6","","6.3","85","","20","","27.24","22.93","18.08","","","","",""
"2024-07-12","2024194","9:32","29.5","17.5640","8.0","","","3.7","","6.2","85","","24","","27.24","22.93","18.08","","","","",""
"2024-07-12","2024194","9:32","29.5","17.5640","9.0","","","3.7","","6.2","85","","25","","27.24","22.93","18.08","","","","",""
"2024-07-12","2024194","9:32","29.5","17.5640","10.0","","","3.8","","6.2","85","","26","","27.24","22.93","18.08","","","","",""
"2024-07-12","2024194","9:32","29.5","17.5640","11.0","","","3.9","","6.2","85","","29","","27.24","22.93","18.08","","","","",""
"2024-07-12","2024194","9:32","29.5","17.5640","12.0","","","4.1","","6.2","85","","34","","27.25","22.93","18.09","","","","",""
"2024-07-12","2024194","9:22","30.0","14.7543","1.0","","","3.5","","6.3","87","","12","1.67","27.01","23.40","17.78","","","","",""
"2024-07-12","2024194","9:22","30.0","14.7543","2.0","4.1","0.78","3.8","","6.3","87","12.4","13","","27.09","23.37","17.84","1.69","16.35","5.85","8.21","126.40"
"2024-07-12","2024194","9:22","30.0","14.7543","3.0","","","2.6","","6.3","87","","23","","27.10","23.37","17.85","","","","",""
"2024-07-12","2024194","9:22","30.0","14.7543","4.0","","","2.7","","6.3","87","","25","","27.10","23.36","17.86","","","","",""
"2024-07-12","2024194","9:22","30.0","14.7543","5.0","","","2.8","","6.3","87","","27","","27.11","23.36","17.86","","","","",""
"2024-07-12","2024194","9:22","30.0","14.7543","6.0","","","3.0","","6.3","86","","31","","27.12","23.35","17.87","","","","",""
"2024-07-12","2024194","9:22","30.0","14.7543","7.0","","","3.1","","6.3","87","","33","","27.13","23.35","17.88","","","","",""
"2024-07-12","2024194","9:22","30.0","14.7543","8.0","","","3.2","","6.3","86","","35","","27.13","23.34","17.88","","","","",""
"2024-07-12","2024194","9:22","30.0","14.7543","9.0","3.1","0.32","3.4","","6.3","86","","42","","27.13","23.34","17.88","","","","",""
"2024-07-12","2024194","9:09","31.0","10.6065","1.0","","","2.7","","6.2","86","","17","1.91","26.83","23.62","17.58","","","","",""
"2024-07-12","2024194","9:09","31.0","10.6065","2.0","","","2.5","","6.2","86","","19","","26.83","23.61","17.58","","","","",""
"2024-07-12","2024194","9:09","31.0","10.6065","3.0","","","2.3","","6.2","86","","21","","26.84","23.60","17.59","","","","",""
"2024-07-12","2024194","9:09","31.0","10.6065","4.0","","","2.5","","6.2","86","","22","","26.85","23.59","17.60","","","","",""
"2024-07-12","2024194","9:09","31.0","10.6065","5.0","","","2.5","","6.2","86","","24","","26.86","23.58","17.61","","","","",""
"2024-07-12","2024194","9:09","31.0","10.6065","6.0","","","2.7","","6.2","86","","26","","26.87","23.58","17.62","","","","",""
"2024-07-12","2024194","9:09","31.0","10.6065","7.0","","","2.8","","6.2","86","","28","","26.87","23.58","17.62","","","","",""
"2024-07-12","2024194","9:09","31.0","10.6065","8.0","","","3.0","","6.2","86","","31","","26.88","23.57","17.63","","","","",""
"2024-07-12","2024194","9:09","31.0","10.6065","9.0","","","3.2","","6.2","86","","37","","26.89","23.57","17.63","","","","",""
"2024-07-12","2024194","9:09","31.0","10.6065","10.0","","","3.5","","6.2","86","","40","","26.89","23.56","17.64","","","","",""
"2024-07-12","2024194","9:00","32.0","8.1507","1.0","","","2.8","","6.2","85","","24","2.41","26.65","23.82","17.39","","","","",""
"2024-07-12","2024194","9:00","32.0","8.1507","2.0","2.9","0.65","2.8","","6.2","85","32.5","29","","26.67","23.80","17.41","2.14","18.28","6.93","9.63","149.19"
"2024-07-12","2024194","9:00","32.0","8.1507","3.0","","","2.5","","6.2","85","","29","","26.68","23.78","17.42","","","","",""
"2024-07-12","2024194","9:00","32.0","8.1507","4.0","","","2.7","","6.2","85","","32","","26.69","23.77","17.43","","","","",""
"2024-07-12","2024194","9:00","32.0","8.1507","5.0","","","2.8","","6.1","85","","34","","26.69","23.76","17.43","","","","",""
"2024-07-12","2024194","9:00","32.0","8.1507","6.0","","","2.8","","6.2","85","","36","","26.70","23.75","17.44","","","","",""
"2024-07-12","2024194","9:00","32.0","8.1507","7.0","","","2.9","","6.2","85","","39","","26.71","23.75","17.45","","","","",""
"2024-07-12","2024194","9:00","32.0","8.1507","8.0","2.7","0.43","2.8","","6.2","85","","39","","26.71","23.74","17.45","","","","",""
"2024-07-12","2024194","8:52","33.0","6.8085","1.0","","","2.8","","6.1","84","","21","1.90","26.36","23.88","17.15","","","","",""
"2024-07-12","2024194","8:52","33.0","6.8085","2.0","","","2.5","","6.1","84","27.2","22","","26.37","23.86","17.16","","","","",""
"2024-07-12","2024194","8:52","33.0","6.8085","3.0","","","2.4","","6.1","84","","22","","26.37","23.83","17.17","","","","",""
"2024-07-12","2024194","8:52","33.0","6.8085","4.0","","","2.4","","6.1","84","","22","","26.37","23.83","17.18","","","","",""
"2024-07-12","2024194","8:52","33.0","6.8085","5.0","","","2.4","","6.0","83","","23","","26.39","23.82","17.19","","","","",""
"2024-07-12","2024194","8:52","33.0","6.8085","6.0","","","2.7","","6.0","84","","24","","26.48","23.84","17.25","","","","",""
"2024-07-12","2024194","8:52","33.0","6.8085","7.0","","","2.9","","6.0","83","","33","","26.48","23.83","17.25","","","","",""
"2024-07-12","2024194","8:52","33.0","6.8085","8.0","","","3.0","","6.0","83","","34","","26.53","23.86","17.29","","","","",""
"2024-07-12","2024194","8:52","33.0","6.8085","9.0","","","3.4","","6.0","83","","41","","26.55","23.86","17.30","","","","",""
"2024-07-12","2024194","8:40","34.0","3.5290","1.0","","","2.2","","5.6","77","","55","4.06","25.96","23.43","16.98","","","","",""
"2024-07-12","2024194","8:40","34.0","3.5290","2.0","1.9","0.45","2.1","","5.6","77","63.9","55","","25.96","23.43","16.98","","","","",""
"2024-07-12","2024194","8:40","34.0","3.5290","3.0","","","2.2","","5.6","77","","56","","25.96","23.43","16.98","","","","",""
"2024-07-12","2024194","8:40","34.0","3.5290","4.0","","","2.3","","5.6","77","","56","","25.99","23.42","17.00","","","","",""
"2024-07-12","2024194","8:40","34.0","3.5290","5.0","","","2.4","","5.6","76","","58","","26.00","23.40","17.01","","","","",""
"2024-07-12","2024194","8:40","34.0","3.5290","6.0","2.5","0.30","2.5","","5.6","77","","58","","26.01","23.37","17.03","","","","",""
"2024-07-12","2024194","8:29","35.0","1.6576","1.0","","","1.9","","5.6","78","","33","2.41","25.47","23.90","16.47","","","","",""
"2024-07-12","2024194","8:29","35.0","1.6576","2.0","2.4","0.68","2.1","","5.6","78","24.7","34","","25.59","23.89","16.56","","","","",""
"2024-07-12","2024194","8:29","35.0","1.6576","3.0","","","1.7","","5.6","78","","38","","25.65","23.89","16.61","","","","",""
"2024-07-12","2024194","8:29","35.0","1.6576","4.0","","","1.7","","5.6","78","","39","","25.78","23.88","16.71","","","","",""
"2024-07-12","2024194","8:29","35.0","1.6576","5.0","","","1.8","","5.7","78","","42","","25.85","23.88","16.76","","","","",""
"2024-07-12","2024194","8:29","35.0","1.6576","6.0","","","1.8","","5.7","78","","45","","25.92","23.84","16.83","","","","",""
"2024-07-12","2024194","8:21","36.0","0.0000","1.0","","","2.1","","5.5","76","","41","2.93","24.81","24.02","15.94","","","","",""
"2024-07-12","2024194","8:21","36.0","0.0000","2.0","2.0","0.56","2.1","","5.5","76","33.3","40","","25.15","23.97","16.21","4.53","38.48","11.64","13.84","175.54"
"2024-07-12","2024194","8:21","36.0","0.0000","3.0","","","2.1","","5.5","76","","56","","25.28","23.95","16.31","","","","",""
"2024-07-12","2024194","8:21","36.0","0.0000","4.0","1.8","0.40","1.7","","5.5","76","77.6","79","","25.23","23.96","16.28","","","","",""
"2024-07-23","2024205","13:53","2.0","127.7053","1.0","","","2.5","","8.4","99","","14","1.43","0.26","23.28","","","","","",""
"2024-07-23","2024205","13:53","2.0","127.7053","2.0","","","2.7","","8.3","98","","14","","0.33","23.29","","","","","",""
"2024-07-23","2024205","13:53","2.0","127.7053","3.0","","","2.5","","8.3","98","","15","","0.37","23.29","","","","","",""
"2024-07-23","2024205","13:53","2.0","127.7053","4.0","","","2.5","","8.3","98","","15","","0.38","23.26","","","","","",""
"2024-07-23","2024205","13:53","2.0","127.7053","5.0","","","2.4","","8.3","98","","16","","0.39","23.25","","","","","",""
"2024-07-23","2024205","13:53","2.0","127.7053","6.0","","","2.4","","8.3","98","","16","","0.39","23.26","","","","","",""
"2024-07-23","2024205","13:53","2.0","127.7053","7.0","","","2.5","","8.3","98","","16","","0.39","23.26","","","","","",""
"2024-07-23","2024205","13:53","2.0","127.7053","8.0","","","2.5","","8.3","98","","16","","0.39","23.26","","","","","",""
"2024-07-23","2024205","13:39","3.0","125.3243","1.0","","","1.6","","8.4","99","","18","1.55","0.36","23.05","","","","","",""
"2024-07-23","2024205","13:39","3.0","125.3243","2.0","2.9","0.64","2.6","","8.3","98","15.9","17","","0.41","23.01","","0.13","6.55","0.79","1.39","196.19"
"2024-07-23","2024205","13:39","3.0","125.3243","3.0","","","2.5","","8.3","97","","19","","0.48","23.01","","","","","",""
"2024-07-23","2024205","13:39","3.0","125.3243","4.0","","","2.5","","8.3","97","","22","","0.54","23.05","","","","","",""
"2024-07-23","2024205","13:39","3.0","125.3243","5.0","","","2.5","","8.3","97","","21","","0.54","23.06","","","","","",""
"2024-07-23","2024205","13:39","3.0","125.3243","6.0","","","2.5","","8.3","97","","22","","0.57","23.07","","","","","",""
"2024-07-23","2024205","13:39","3.0","125.3243","7.0","","","2.6","","8.2","97","","22","","0.63","23.11","","","","","",""
"2024-07-23","2024205","13:39","3.0","125.3243","8.0","","","2.6","","8.2","97","","23","","0.66","23.10","","","","","",""
"2024-07-23","2024205","13:39","3.0","125.3243","9.0","","","2.7","","8.2","96","","25","","0.68","23.10","","","","","",""
"2024-07-23","2024205","13:39","3.0","125.3243","10.0","","","2.7","","8.2","97","","25","","0.94","23.07","","","","","",""
"2024-07-23","2024205","13:39","3.0","125.3243","11.0","2.7","0.55","2.7","","8.2","97","23.8","24","","1.06","23.05","","","","","",""
"2024-07-23","2024205","13:24","4.0","119.8957","1.0","","","2.5","","8.3","98","","10","2.17","1.07","22.82","","","","","",""
"2024-07-23","2024205","13:24","4.0","119.8957","2.0","","","2.6","","8.3","97","","11","","1.09","22.81","","","","","",""
"2024-07-23","2024205","13:24","4.0","119.8957","3.0","","","2.5","","8.2","97","","14","","1.10","22.81","","","","","",""
"2024-07-23","2024205","13:24","4.0","119.8957","4.0","","","2.5","","8.3","97","","15","","1.19","22.77","","","","","",""
"2024-07-23","2024205","13:24","4.0","119.8957","5.0","","","2.5","","8.3","97","","15","","1.21","22.76","","","","","",""
"2024-07-23","2024205","13:24","4.0","119.8957","6.0","","","2.5","","8.3","97","","16","","1.22","22.76","","","","","",""
"2024-07-23","2024205","13:24","4.0","119.8957","7.0","","","2.5","","8.2","97","","16","","1.23","22.76","","","","","",""
"2024-07-23","2024205","13:24","4.0","119.8957","8.0","","","2.6","","8.2","97","","16","","1.22","22.76","","","","","",""
"2024-07-23","2024205","13:24","4.0","119.8957","9.0","","","2.5","","8.3","97","","17","","1.22","22.76","","","","","",""
"2024-07-23","2024205","13:24","4.0","119.8957","10.0","","","2.6","","8.2","97","","17","","1.22","22.76","","","","","",""
"2024-07-23","2024205","13:24","4.0","119.8957","11.0","","","2.6","","8.2","97","","17","","1.22","22.76","","","","","",""
"2024-07-23","2024205","13:24","4.0","119.8957","12.0","","","2.6","","8.3","97","","18","","1.22","22.76","","","","","",""
"2024-07-23","2024205","13:24","4.0","119.8957","13.0","","","2.6","","8.2","97","","18","","1.22","22.76","","","","","",""
"2024-07-23","2024205","13:24","4.0","119.8957","14.0","","","2.6","","8.3","97","","19","","1.24","22.76","","","","","",""
"2024-07-23","2024205","13:24","4.0","119.8957","15.0","","","2.6","","8.2","97","","20","","1.24","22.76","","","","","",""
"2024-07-23","2024205","13:09","5.0","115.6252","1.0","","","2.5","","8.3","98","","29","1.91","1.95","22.75","","","","","",""
"2024-07-23","2024205","13:09","5.0","115.6252","2.0","","","2.7","","8.3","98","","33","","1.97","22.69","","","","","",""
"2024-07-23","2024205","13:09","5.0","115.6252","3.0","","","2.6","","8.3","97","","39","","1.99","22.65","","","","","",""
"2024-07-23","2024205","13:09","5.0","115.6252","4.0","","","2.5","","8.3","97","","43","","2.00","22.63","","","","","",""
"2024-07-23","2024205","13:09","5.0","115.6252","5.0","","","2.5","","8.3","97","","46","","2.02","22.62","","","","","",""
"2024-07-23","2024205","13:09","5.0","115.6252","6.0","","","2.5","","8.3","97","","48","","2.03","22.62","","","","","",""
"2024-07-23","2024205","13:09","5.0","115.6252","7.0","","","2.6","","8.3","98","","48","","2.04","22.62","","","","","",""
"2024-07-23","2024205","13:09","5.0","115.6252","8.0","","","2.6","","8.3","97","","48","","2.04","22.61","","","","","",""
"2024-07-23","2024205","13:09","5.0","115.6252","9.0","","","2.6","","8.3","97","","50","","2.05","22.61","","","","","",""
"2024-07-23","2024205","12:52","6.0","110.8977","1.0","","","3.0","","8.3","99","","26","1.98","3.10","22.81","","","","","",""
"2024-07-23","2024205","12:52","6.0","110.8977","2.0","3.3","0.71","3.0","","8.3","99","20.3","26","","3.25","22.65","0.08","0.22","5.95","1.93","1.92","205.44"
"2024-07-23","2024205","12:52","6.0","110.8977","3.0","","","2.7","","8.3","99","","32","","3.32","22.63","0.14","","","","",""
"2024-07-23","2024205","12:52","6.0","110.8977","4.0","","","2.7","","8.3","99","","42","","3.39","22.61","0.19","","","","",""
"2024-07-23","2024205","12:52","6.0","110.8977","5.0","","","2.8","","8.3","99","","47","","3.44","22.61","0.24","","","","",""
"2024-07-23","2024205","12:52","6.0","110.8977","6.0","","","2.8","","8.3","99","","50","","3.49","22.60","0.28","","","","",""
"2024-07-23","2024205","12:52","6.0","110.8977","7.0","","","2.8","","8.3","99","","53","","3.55","22.59","0.32","","","","",""
"2024-07-23","2024205","12:52","6.0","110.8977","8.0","","","2.8","","8.3","99","","54","","3.57","22.59","0.34","","","","",""
"2024-07-23","2024205","12:52","6.0","110.8977","9.0","2.2","0.48","2.8","","8.3","99","48.5","54","","3.63","22.58","0.39","","","","",""
"2024-07-23","2024205","12:34","7.0","104.9810","1.0","","","3.2","","8.1","98","","40","2.39","6.60","22.46","2.65","","","","",""
"2024-07-23","2024205","12:34","7.0","104.9810","2.0","2.8","0.61","3.1","","8.1","97","","40","","6.60","22.41","2.67","","","","",""
"2024-07-23","2024205","12:34","7.0","104.9810","3.0","","","3.1","","8.1","97","","50","","6.74","22.24","2.81","","","","",""
"2024-07-23","2024205","12:34","7.0","104.9810","4.0","","","3.1","","8.1","97","","71","","6.79","22.23","2.85","","","","",""
"2024-07-23","2024205","12:34","7.0","104.9810","5.0","","","3.1","","8.1","97","","77","","6.80","22.23","2.86","","","","",""
"2024-07-23","2024205","12:34","7.0","104.9810","6.0","","","3.1","","8.1","97","","79","","6.84","22.22","2.89","","","","",""
"2024-07-23","2024205","12:34","7.0","104.9810","7.0","","","3.2","","8.1","97","","86","","6.91","22.22","2.94","","","","",""
"2024-07-23","2024205","12:34","7.0","104.9810","8.0","","","3.3","","8.1","97","","91","","6.96","22.22","2.98","","","","",""
"2024-07-23","2024205","12:34","7.0","104.9810","9.0","","","3.4","","8.1","97","","95","","7.03","22.22","3.04","","","","",""
"2024-07-23","2024205","12:34","7.0","104.9810","10.0","","","3.4","","8.1","97","","98","","7.09","22.20","3.08","","","","",""
"2024-07-23","2024205","12:34","7.0","104.9810","11.0","","","3.5","","8.1","97","","105","","7.11","22.20","3.10","","","","",""
"2024-07-23","2024205","12:34","7.0","104.9810","12.0","","","3.6","","8.1","97","","106","","7.16","22.18","3.14","","","","",""
"2024-07-23","2024205","12:34","7.0","104.9810","13.0","","","3.7","","8.1","97","","116","","7.24","22.16","3.21","","","","",""
"2024-07-23","2024205","12:18","8.0","99.7699","1.0","","","4.1","","8.1","98","","56","4.21","8.93","22.08","4.50","","","","",""
"2024-07-23","2024205","12:18","8.0","99.7699","2.0","3.5","0.63","4.0","","8.1","97","61.9","56","","8.99","21.94","4.58","","","","",""
"2024-07-23","2024205","12:18","8.0","99.7699","3.0","","","3.9","","8.1","97","","56","","9.12","21.86","4.70","","","","",""
"2024-07-23","2024205","12:18","8.0","99.7699","4.0","","","4.2","","8.1","97","","76","","9.31","21.78","4.86","","","","",""
"2024-07-23","2024205","12:18","8.0","99.7699","5.0","","","4.4","","8.0","97","","110","","9.40","21.75","4.93","","","","",""
"2024-07-23","2024205","12:18","8.0","99.7699","6.0","","","4.1","","8.0","96","","123","","9.48","21.74","4.99","","","","",""
"2024-07-23","2024205","12:18","8.0","99.7699","7.0","","","3.9","","8.0","96","","125","","9.61","21.73","5.09","","","","",""
"2024-07-23","2024205","12:18","8.0","99.7699","8.0","","","3.9","","8.0","96","","121","","9.67","21.73","5.14","","","","",""
"2024-07-23","2024205","12:18","8.0","99.7699","9.0","","","3.8","","8.0","96","","121","","9.66","21.73","5.14","","","","",""
"2024-07-23","2024205","12:18","8.0","99.7699","10.0","","","3.8","","8.0","96","","120","","9.69","21.74","5.16","","","","",""
"2024-07-23","2024205","12:18","8.0","99.7699","11.0","","","3.8","","8.0","96","","121","","9.70","21.74","5.16","","","","",""
"2024-07-23","2024205","12:18","8.0","99.7699","12.0","","","3.8","","8.0","96","","121","","9.70","21.74","5.16","","","","",""
"2024-07-23","2024205","12:18","8.0","99.7699","13.0","","","3.8","","8.0","96","","121","","9.68","21.76","5.14","","","","",""
"2024-07-23","2024205","12:18","8.0","99.7699","14.0","","","3.9","","7.9","96","","120","","9.69","21.76","5.15","","","","",""
"2024-07-23","2024205","12:18","8.0","99.7699","15.0","","","3.8","","8.0","96","","122","","9.69","21.76","5.15","","","","",""
"2024-07-23","2024205","12:02","9.0","96.7889","1.0","","","3.9","","8.0","97","","70","3.96","10.49","21.78","5.74","","","","",""
"2024-07-23","2024205","12:02","9.0","96.7889","2.0","3.4","0.59","3.8","","8.0","97","68.7","68","","10.60","21.65","5.86","0.54","13.56","3.43","2.61","169.48"
"2024-07-23","2024205","12:02","9.0","96.7889","3.0","","","4.0","","7.9","96","","77","","10.74","21.62","5.97","","","","",""
"2024-07-23","2024205","12:02","9.0","96.7889","4.0","","","4.1","","8.0","96","","103","","10.87","21.59","6.08","","","","",""
"2024-07-23","2024205","12:02","9.0","96.7889","5.0","","","4.1","","7.9","96","","119","","10.92","21.58","6.12","","","","",""
"2024-07-23","2024205","12:02","9.0","96.7889","6.0","","","4.3","","7.9","96","","130","","10.97","21.56","6.16","","","","",""
"2024-07-23","2024205","12:02","9.0","96.7889","7.0","","","4.3","","7.9","96","","143","","10.99","21.56","6.18","","","","",""
"2024-07-23","2024205","12:02","9.0","96.7889","8.0","","","4.3","","7.9","96","","147","","11.00","21.56","6.18","","","","",""
"2024-07-23","2024205","12:02","9.0","96.7889","9.0","","","4.3","","7.9","96","","149","","11.03","21.54","6.21","","","","",""
"2024-07-23","2024205","12:02","9.0","96.7889","10.0","","","4.3","","7.9","96","","157","","11.10","21.53","6.27","","","","",""
"2024-07-23","2024205","12:02","9.0","96.7889","11.0","","","4.4","","7.9","96","","163","","11.17","21.51","6.32","","","","",""
"2024-07-23","2024205","12:02","9.0","96.7889","12.0","","","4.5","","7.9","96","","177","","11.20","21.51","6.35","","","","",""
"2024-07-23","2024205","12:02","9.0","96.7889","13.0","","","4.6","","7.9","96","","190","","11.28","21.49","6.41","","","","",""
"2024-07-23","2024205","12:02","9.0","96.7889","14.0","","","4.6","","7.9","96","","200","","11.36","21.47","6.48","","","","",""
"2024-07-23","2024205","12:02","9.0","96.7889","15.0","","","4.7","","7.9","96","","212","","11.39","21.47","6.50","","","","",""
"2024-07-23","2024205","12:02","9.0","96.7889","16.0","","","4.8","","7.9","96","","222","","11.38","21.47","6.49","","","","",""
"2024-07-23","2024205","12:02","9.0","96.7889","17.0","","","5.0","","7.9","96","","232","","11.37","21.48","6.49","","","","",""
"2024-07-23","2024205","12:02","9.0","96.7889","18.0","","","5.0","","7.9","95","","237","","11.36","21.48","6.48","","","","",""
"2024-07-23","2024205","12:02","9.0","96.7889","19.0","","","5.0","","7.9","96","","238","","11.35","21.48","6.47","","","","",""
"2024-07-23","2024205","12:02","9.0","96.7889","20.0","","","5.0","","7.9","96","","241","","11.35","21.49","6.46","","","","",""
"2024-07-23","2024205","12:02","9.0","96.7889","21.0","","","5.1","","7.9","95","","239","","11.37","21.48","6.48","","","","",""
"2024-07-23","2024205","12:02","9.0","96.7889","22.0","","","5.1","","7.9","96","","243","","11.37","21.48","6.48","","","","",""
"2024-07-23","2024205","12:02","9.0","96.7889","23.0","","","5.1","","7.9","96","","248","","11.39","21.48","6.50","","","","",""
"2024-07-23","2024205","12:02","9.0","96.7889","24.0","","","5.1","","7.9","96","","248","","11.42","21.48","6.52","","","","",""
"2024-07-23","2024205","12:02","9.0","96.7889","25.0","","","5.1","","7.9","96","","247","","11.45","21.47","6.54","","","","",""
"2024-07-23","2024205","12:02","9.0","96.7889","26.0","","","5.2","","7.9","96","","246","","11.49","21.47","6.57","","","","",""
"2024-07-23","2024205","11:50","10.0","93.5951","1.0","","","4.0","","7.9","96","","80","4.47","11.95","21.52","6.91","","","","",""
"2024-07-23","2024205","11:50","10.0","93.5951","2.0","3.3","0.52","3.9","","7.9","96","","84","","12.03","21.40","7.00","","","","",""
"2024-07-23","2024205","11:50","10.0","93.5951","3.0","","","4.2","","7.9","96","","111","","12.04","21.40","7.01","","","","",""
"2024-07-23","2024205","11:50","10.0","93.5951","4.0","","","4.3","","7.9","96","","137","","12.04","21.40","7.01","","","","",""
"2024-07-23","2024205","11:50","10.0","93.5951","5.0","","","4.3","","7.9","96","","148","","12.06","21.39","7.03","","","","",""
"2024-07-23","2024205","11:50","10.0","93.5951","6.0","","","4.4","","7.9","96","","153","","12.11","21.38","7.06","","","","",""
"2024-07-23","2024205","11:50","10.0","93.5951","7.0","","","4.4","","7.9","96","","162","","12.13","21.38","7.08","","","","",""
"2024-07-23","2024205","11:50","10.0","93.5951","8.0","","","4.5","","7.9","96","","165","","12.14","21.38","7.08","","","","",""
"2024-07-23","2024205","11:50","10.0","93.5951","9.0","","","4.5","","7.9","96","","163","","12.20","21.37","7.14","","","","",""
"2024-07-23","2024205","11:50","10.0","93.5951","10.0","","","4.5","","7.8","95","","167","","12.28","21.36","7.20","","","","",""
"2024-07-23","2024205","11:50","10.0","93.5951","11.0","","","4.5","","7.8","95","","168","","12.48","21.33","7.35","","","","",""
"2024-07-23","2024205","11:50","10.0","93.5951","12.0","","","4.6","","7.8","95","","174","","12.80","21.30","7.61","","","","",""
"2024-07-23","2024205","11:50","10.0","93.5951","13.0","","","4.8","","7.8","95","","210","","13.20","21.26","7.92","","","","",""
"2024-07-23","2024205","11:50","10.0","93.5951","14.0","","","5.0","","7.8","95","","244","","13.43","21.24","8.09","","","","",""
"2024-07-23","2024205","11:50","10.0","93.5951","15.0","","","5.3","","7.8","95","","272","","13.52","21.23","8.16","","","","",""
"2024-07-23","2024205","11:33","11.0","89.7672","1.0","","","3.4","","7.6","94","","45","4.05","14.99","21.28","9.26","","","","",""
"2024-07-23","2024205","11:33","11.0","89.7672","2.0","","","3.6","","7.6","94","","63","","15.34","21.17","9.56","","","","",""
"2024-07-23","2024205","11:33","11.0","89.7672","3.0","","","4.0","","7.6","94","","118","","15.46","21.14","9.65","","","","",""
"2024-07-23","2024205","11:33","11.0","89.7672","4.0","","","4.1","","7.6","94","","139","","15.50","21.13","9.69","","","","",""
"2024-07-23","2024205","11:33","11.0","89.7672","5.0","","","4.1","","7.6","94","","147","","15.63","21.12","9.79","","","","",""
"2024-07-23","2024205","11:33","11.0","89.7672","6.0","","","4.3","","7.6","94","","156","","15.94","21.09","10.02","","","","",""
"2024-07-23","2024205","11:33","11.0","89.7672","7.0","","","4.4","","7.6","94","","170","","16.04","21.08","10.10","","","","",""
"2024-07-23","2024205","11:33","11.0","89.7672","8.0","","","4.4","","7.6","94","","173","","16.11","21.08","10.16","","","","",""
"2024-07-23","2024205","11:33","11.0","89.7672","9.0","","","4.3","","7.6","94","","174","","16.14","21.07","10.18","","","","",""
"2024-07-23","2024205","11:33","11.0","89.7672","10.0","","","4.1","","7.6","94","","175","","16.15","21.07","10.19","","","","",""
"2024-07-23","2024205","11:33","11.0","89.7672","11.0","","","4.0","","7.6","95","","170","","16.16","21.07","10.20","","","","",""
"2024-07-23","2024205","11:33","11.0","89.7672","12.0","","","4.1","","7.6","95","","165","","16.17","21.07","10.20","","","","",""
"2024-07-23","2024205","11:33","11.0","89.7672","13.0","","","4.1","","7.6","94","","165","","16.21","21.07","10.23","","","","",""
"2024-07-23","2024205","11:33","11.0","89.7672","14.0","","","4.1","","7.6","94","","164","","16.32","21.07","10.32","","","","",""
"2024-07-23","2024205","11:33","11.0","89.7672","15.0","","","4.0","","7.6","94","","160","","16.42","21.06","10.40","","","","",""
"2024-07-23","2024205","11:33","11.0","89.7672","16.0","","","4.0","","7.6","94","","158","","16.62","21.05","10.55","","","","",""
"2024-07-23","2024205","11:33","11.0","89.7672","17.0","","","4.0","","7.6","95","","156","","16.95","21.04","10.80","","","","",""
"2024-07-23","2024205","11:33","11.0","89.7672","18.0","","","3.8","","7.6","95","","146","","17.18","21.03","10.98","","","","",""
"2024-07-23","2024205","11:33","11.0","89.7672","19.0","","","3.8","","7.6","95","","142","","17.25","21.03","11.03","","","","",""
"2024-07-23","2024205","11:33","11.0","89.7672","20.0","","","3.7","","7.6","95","","134","","17.53","21.02","11.24","","","","",""
"2024-07-23","2024205","11:20","12.0","84.4458","1.0","","","3.7","","7.5","94","","43","2.92","18.43","21.14","11.90","","","","",""
"2024-07-23","2024205","11:20","12.0","84.4458","2.0","","","3.5","","7.5","94","","50","","18.47","21.09","11.94","","","","",""
"2024-07-23","2024205","11:20","12.0","84.4458","3.0","","","3.6","","7.5","94","","62","","18.51","21.07","11.97","","","","",""
"2024-07-23","2024205","11:20","12.0","84.4458","4.0","","","3.9","","7.5","94","","79","","18.55","21.05","12.00","","","","",""
"2024-07-23","2024205","11:20","12.0","84.4458","5.0","","","4.0","","7.5","94","","101","","18.56","21.05","12.01","","","","",""
"2024-07-23","2024205","11:20","12.0","84.4458","6.0","","","4.0","","7.5","94","","118","","18.58","21.05","12.03","","","","",""
"2024-07-23","2024205","11:20","12.0","84.4458","7.0","","","4.1","","7.5","94","","125","","18.63","21.04","12.07","","","","",""
"2024-07-23","2024205","11:02","13.0","78.5444","1.0","","","4.2","","7.3","93","","90","4.62","21.03","20.89","13.93","","","","",""
"2024-07-23","2024205","11:02","13.0","78.5444","2.0","4.5","0.65","4.5","","7.3","93","99.7","103","","21.12","20.83","14.01","0.79","13.07","4.14","3.01","111.45"
"2024-07-23","2024205","11:02","13.0","78.5444","3.0","","","4.5","","7.3","93","","127","","21.20","20.81","14.07","","","","",""
"2024-07-23","2024205","11:02","13.0","78.5444","4.0","","","4.6","","7.3","93","","152","","21.40","20.77","14.23","","","","",""
"2024-07-23","2024205","11:02","13.0","78.5444","5.0","","","4.8","","7.3","93","","169","","21.74","20.69","14.51","","","","",""
"2024-07-23","2024205","11:02","13.0","78.5444","6.0","","","4.8","","7.3","93","","181","","22.36","20.55","15.01","","","","",""
"2024-07-23","2024205","11:02","13.0","78.5444","7.0","","","4.7","","7.3","93","","186","","22.96","20.42","15.50","","","","",""
"2024-07-23","2024205","11:02","13.0","78.5444","8.0","5.1","0.54","4.8","","7.3","93","165.0","161","","23.29","20.35","15.77","","","","",""
"2024-07-23","2024205","10:51","14.0","74.4288","1.0","","","4.0","","7.3","94","","13","2.09","23.13","20.80","15.53","","","","",""
"2024-07-23","2024205","10:51","14.0","74.4288","2.0","","","3.5","","7.3","93","","18","","23.26","20.49","15.71","","","","",""
"2024-07-23","2024205","10:51","14.0","74.4288","3.0","","","3.5","","7.3","93","","27","","23.33","20.39","15.79","","","","",""
"2024-07-23","2024205","10:51","14.0","74.4288","4.0","","","3.7","","7.3","93","","34","","23.41","20.31","15.87","","","","",""
"2024-07-23","2024205","10:51","14.0","74.4288","5.0","","","3.9","","7.3","93","","46","","23.45","20.27","15.91","","","","",""
"2024-07-23","2024205","10:51","14.0","74.4288","6.0","","","4.2","","7.3","93","","66","","23.46","20.26","15.92","","","","",""
"2024-07-23","2024205","10:51","14.0","74.4288","7.0","","","4.3","","7.3","93","","92","","23.47","20.24","15.93","","","","",""
"2024-07-23","2024205","10:51","14.0","74.4288","8.0","","","4.2","","7.3","93","","105","","23.55","20.19","16.01","","","","",""
"2024-07-23","2024205","10:51","14.0","74.4288","9.0","","","4.3","","7.3","93","","120","","23.81","20.09","16.23","","","","",""
"2024-07-23","2024205","10:51","14.0","74.4288","10.0","","","4.4","","7.3","93","","129","","24.04","20.02","16.42","","","","",""
"2024-07-23","2024205","10:51","14.0","74.4288","11.0","","","4.5","","7.3","93","","141","","24.14","20.00","16.50","","","","",""
"2024-07-23","2024205","10:51","14.0","74.4288","12.0","","","4.6","","7.3","92","","148","","24.29","19.96","16.62","","","","",""
"2024-07-23","2024205","10:51","14.0","74.4288","13.0","","","4.7","","7.3","93","","150","","24.49","19.90","16.79","","","","",""
"2024-07-23","2024205","10:51","14.0","74.4288","14.0","","","5.0","","7.3","92","","154","","24.77","19.81","17.03","","","","",""
"2024-07-23","2024205","10:38","15.0","69.9895","1.0","","","4.8","","7.4","94","","17","2.72","23.25","20.52","15.69","","","","",""
"2024-07-23","2024205","10:38","15.0","69.9895","2.0","","","5.1","","7.3","93","38.7","36","","23.66","20.24","16.08","0.79","15.78","4.21","3.51","104.68"
"2024-07-23","2024205","10:38","15.0","69.9895","3.0","","","5.1","","7.3","93","","72","","24.01","20.05","16.39","","","","",""
"2024-07-23","2024205","10:38","15.0","69.9895","4.0","","","5.1","","7.3","93","","142","","24.14","20.02","16.49","","","","",""
"2024-07-23","2024205","10:38","15.0","69.9895","5.0","","","5.7","","7.2","92","","257","","24.48","19.93","16.78","","","","",""
"2024-07-23","2024205","10:38","15.0","69.9895","6.0","","","5.5","","7.2","92","","297","","25.16","19.73","17.34","","","","",""
"2024-07-23","2024205","10:38","15.0","69.9895","7.0","","","5.0","","7.3","92","","249","","25.34","19.67","17.49","","","","",""
"2024-07-23","2024205","10:38","15.0","69.9895","8.0","","","4.3","","7.2","92","","185","","25.36","19.66","17.51","","","","",""
"2024-07-23","2024205","10:38","15.0","69.9895","9.0","","","4.1","","7.2","92","","151","","25.44","19.64","17.58","","","","",""
"2024-07-23","2024205","10:38","15.0","69.9895","10.0","","","4.1","","7.2","92","","130","","25.54","19.61","17.66","","","","",""
"2024-07-23","2024205","10:38","15.0","69.9895","11.0","","","4.1","","7.2","92","","134","","25.67","19.57","17.77","","","","",""
"2024-07-23","2024205","10:38","15.0","69.9895","12.0","","","4.1","","7.2","91","","137","","25.86","19.50","17.93","","","","",""
"2024-07-23","2024205","10:38","15.0","69.9895","13.0","","","4.2","","7.2","91","","136","","26.20","19.39","18.22","","","","",""
"2024-07-23","2024205","10:38","15.0","69.9895","14.0","","","4.1","","7.1","91","","131","","26.32","19.35","18.32","","","","",""
"2024-07-23","2024205","10:38","15.0","69.9895","15.0","","","4.6","","7.1","91","","140","","26.36","19.32","18.36","","","","",""
"2024-07-23","2024205","10:38","15.0","69.9895","16.0","","","5.3","","7.1","91","","193","","26.38","19.31","18.37","","","","",""
"2024-07-23","2024205","10:38","15.0","69.9895","17.0","","","5.7","","7.1","90","","246","","26.44","19.28","18.43","","","","",""
"2024-07-23","2024205","10:38","15.0","69.9895","18.0","","","6.2","","7.1","90","","281","","26.46","19.26","18.45","","","","",""
"2024-07-23","2024205","10:38","15.0","69.9895","19.0","","","6.4","","7.1","90","","357","","26.49","19.24","18.47","","","","",""
"2024-07-23","2024205","10:38","15.0","69.9895","20.0","","","6.5","","7.1","90","","386","","26.56","19.21","18.53","","","","",""
"2024-07-23","2024205","10:38","15.0","69.9895","21.0","6.8","0.37","6.6","","7.0","89","","409","","26.62","19.18","18.59","","","","",""
"2024-07-23","2024205","10:22","16.0","63.0794","1.0","","","4.1","","7.3","94","","8","2.26","24.09","20.47","16.34","","","","",""
"2024-07-23","2024205","10:22","16.0","63.0794","2.0","","","4.2","","7.2","92","","12","","24.61","20.02","16.85","","","","",""
"2024-07-23","2024205","10:22","16.0","63.0794","3.0","","","3.7","","7.2","91","","33","","25.64","19.57","17.74","","","","",""
"2024-07-23","2024205","10:22","16.0","63.0794","4.0","","","3.7","","7.2","91","","54","","26.33","19.30","18.34","","","","",""
"2024-07-23","2024205","10:22","16.0","63.0794","5.0","","","3.8","","7.1","91","","71","","26.58","19.21","18.55","","","","",""
"2024-07-23","2024205","10:22","16.0","63.0794","6.0","","","4.0","","7.1","90","","97","","26.81","19.13","18.74","","","","",""
"2024-07-23","2024205","10:22","16.0","63.0794","7.0","","","4.2","","7.1","90","","134","","27.05","19.05","18.95","","","","",""
"2024-07-23","2024205","10:22","16.0","63.0794","8.0","","","4.4","","7.1","90","","178","","27.15","19.02","19.03","","","","",""
"2024-07-23","2024205","10:22","16.0","63.0794","9.0","","","4.5","","7.1","90","","204","","27.20","19.00","19.07","","","","",""
"2024-07-23","2024205","10:22","16.0","63.0794","10.0","","","4.8","","7.1","90","","224","","27.24","18.99","19.10","","","","",""
"2024-07-23","2024205","10:08","17.0","58.8909","1.0","","","2.9","","7.1","90","","2","2.43","27.18","19.07","19.03","","","","",""
"2024-07-23","2024205","10:08","17.0","58.8909","2.0","3.2","0.70","3.2","","7.0","89","","11","","27.24","19.09","19.08","","","","",""
"2024-07-23","2024205","10:08","17.0","58.8909","3.0","","","3.1","","6.9","88","","40","","27.38","19.04","19.20","","","","",""
"2024-07-23","2024205","10:08","17.0","58.8909","4.0","","","3.2","","6.9","88","","61","","27.94","18.79","19.68","","","","",""
"2024-07-23","2024205","10:08","17.0","58.8909","5.0","","","3.4","","6.9","88","","82","","28.44","18.56","20.12","","","","",""
"2024-07-23","2024205","10:08","17.0","58.8909","6.0","","","3.5","","6.9","88","","112","","28.46","18.55","20.14","","","","",""
"2024-07-23","2024205","10:08","17.0","58.8909","7.0","","","3.7","","6.9","88","","138","","28.46","18.54","20.14","","","","",""
"2024-07-23","2024205","10:08","17.0","58.8909","8.0","","","3.9","","6.9","88","","156","","28.46","18.54","20.14","","","","",""
"2024-07-23","2024205","10:08","17.0","58.8909","9.0","","","4.0","","6.9","88","","169","","28.45","18.55","20.14","","","","",""
"2024-07-23","2024205","9:47","18.0","54.9481","1.0","","","4.6","","6.7","84","","38","3.41","30.85","16.96","22.34","","","","",""
"2024-07-23","2024205","9:47","18.0","54.9481","2.0","5.0","0.65","4.9","","6.7","84","42.4","35","","30.91","16.90","22.40","0.80","11.07","5.57","2.39","54.12"
"2024-07-23","2024205","9:47","18.0","54.9481","3.0","","","5.0","","6.7","84","","45","","30.94","16.88","22.43","","","","",""
"2024-07-23","2024205","9:47","18.0","54.9481","4.0","","","5.0","","6.7","84","","47","","30.94","16.88","22.43","","","","",""
"2024-07-23","2024205","9:47","18.0","54.9481","5.0","","","5.1","","6.8","84","","47","","30.94","16.87","22.43","","","","",""
"2024-07-23","2024205","9:47","18.0","54.9481","6.0","","","4.9","","6.7","84","","47","","30.94","16.87","22.43","","","","",""
"2024-07-23","2024205","9:47","18.0","54.9481","7.0","","","4.8","","6.8","84","","48","","30.97","16.85","22.46","","","","",""
"2024-07-23","2024205","9:47","18.0","54.9481","8.0","","","4.8","","6.8","84","","52","","30.96","16.86","22.45","","","","",""
"2024-07-23","2024205","9:47","18.0","54.9481","9.0","","","4.8","","6.7","84","","52","","30.98","16.84","22.47","","","","",""
"2024-07-23","2024205","9:47","18.0","54.9481","10.0","","","4.9","","6.7","84","","54","","31.01","16.81","22.49","","","","",""
"2024-07-23","2024205","9:47","18.0","54.9481","11.0","","","5.1","","6.7","84","","56","","30.99","16.83","22.48","","","","",""
"2024-07-23","2024205","9:47","18.0","54.9481","12.0","","","5.0","","6.7","84","","56","","31.05","16.78","22.53","","","","",""
"2024-07-23","2024205","9:47","18.0","54.9481","13.0","","","4.9","","6.8","84","","56","","31.10","16.73","22.58","","","","",""
"2024-07-23","2024205","9:47","18.0","54.9481","14.0","","","5.1","","6.7","84","","62","","31.08","16.74","22.57","","","","",""
"2024-07-23","2024205","9:47","18.0","54.9481","15.0","","","5.0","","6.8","84","","64","","31.09","16.74","22.57","","","","",""
"2024-07-23","2024205","9:47","18.0","54.9481","16.0","","","5.1","","6.7","84","","65","","31.08","16.74","22.57","","","","",""
"2024-07-23","2024205","9:47","18.0","54.9481","17.0","","","5.1","","6.7","84","","59","","31.13","16.69","22.62","","","","",""
"2024-07-23","2024205","9:47","18.0","54.9481","18.0","","","5.1","","6.8","84","","57","","31.15","16.68","22.63","","","","",""
"2024-07-23","2024205","9:47","18.0","54.9481","19.0","","","5.1","","6.8","84","","58","","31.15","16.68","22.63","","","","",""
"2024-07-23","2024205","9:47","18.0","54.9481","20.0","","","5.1","","6.8","84","","61","","31.11","16.71","22.60","","","","",""
"2024-07-23","2024205","9:47","18.0","54.9481","21.0","","","5.2","","6.8","84","","63","","31.11","16.72","22.60","","","","",""
"2024-07-23","2024205","9:47","18.0","54.9481","22.0","","","5.1","","6.7","84","","63","","31.13","16.70","22.61","","","","",""
"2024-07-23","2024205","9:47","18.0","54.9481","23.0","","","5.1","","6.8","84","","64","","31.12","16.71","22.60","","","","",""
"2024-07-23","2024205","9:47","18.0","54.9481","24.0","","","5.0","","6.7","84","","65","","31.12","16.71","22.61","","","","",""
"2024-07-23","2024205","9:47","18.0","54.9481","25.0","","","5.1","","6.7","84","","65","","31.15","16.68","22.63","","","","",""
"2024-07-23","2024205","9:47","18.0","54.9481","26.0","","","5.1","","6.7","84","","60","","31.16","16.67","22.64","","","","",""
"2024-07-23","2024205","9:47","18.0","54.9481","27.0","","","5.1","","6.7","84","","60","","31.18","16.64","22.67","","","","",""
"2024-07-23","2024205","9:47","18.0","54.9481","28.0","","","5.2","","6.7","84","","61","","31.24","16.58","22.73","","","","",""
"2024-07-23","2024205","9:47","18.0","54.9481","29.0","","","5.2","","6.7","84","","60","","31.26","16.57","22.74","","","","",""
"2024-07-23","2024205","9:47","18.0","54.9481","30.0","","","5.2","","6.7","84","","63","","31.27","16.56","22.75","","","","",""
"2024-07-23","2024205","9:47","18.0","54.9481","31.0","","","5.3","","6.7","84","","74","","31.26","16.57","22.74","","","","",""
"2024-07-23","2024205","9:47","18.0","54.9481","32.0","","","5.3","","6.7","84","","86","","31.25","16.58","22.73","","","","",""
"2024-07-23","2024205","9:47","18.0","54.9481","33.0","","","5.3","","6.7","84","","86","","31.26","16.56","22.75","","","","",""
"2024-07-23","2024205","9:47","18.0","54.9481","34.0","","","5.3","","6.7","84","","84","","31.28","16.55","22.77","","","","",""
"2024-07-23","2024205","9:47","18.0","54.9481","35.0","","","5.3","","6.7","84","","84","","31.28","16.54","22.77","","","","",""
"2024-07-23","2024205","9:47","18.0","54.9481","36.0","","","5.3","","6.7","84","","83","","31.29","16.53","22.78","","","","",""
"2024-07-23","2024205","9:47","18.0","54.9481","37.0","","","5.3","","6.7","84","","86","","31.32","16.49","22.81","","","","",""
"2024-07-23","2024205","9:47","18.0","54.9481","38.0","","","5.6","","6.7","83","","94","","31.36","16.45","22.85","","","","",""
"2024-07-23","2024205","9:47","18.0","54.9481","39.0","","","5.7","","6.7","83","","95","","31.39","16.41","22.88","","","","",""
"2024-07-23","2024205","9:47","18.0","54.9481","40.0","","","6.0","","6.7","83","","98","","31.45","16.35","22.94","","","","",""
"2024-07-23","2024205","9:47","18.0","54.9481","41.0","","","6.0","","6.7","83","","101","","31.45","16.35","22.94","","","","",""
"2024-07-23","2024205","9:47","18.0","54.9481","42.0","","","6.0","","6.7","83","","102","","31.46","16.33","22.95","","","","",""
"2024-07-23","2024205","9:47","18.0","54.9481","43.0","","","6.0","","6.7","83","","109","","31.45","16.34","22.94","","","","",""
"2024-07-23","2024205","9:47","18.0","54.9481","44.0","5.7","0.48","6.0","","6.7","83","110.6","115","","31.46","16.34","22.95","","","","",""
"2024-07-23","2024205","9:32","20.0","51.4501","1.0","","","4.0","","6.9","89","","19","1.10","29.93","19.16","21.11","","","","",""
"2024-07-23","2024205","9:32","20.0","51.4501","2.0","4.1","0.76","4.0","","6.8","88","","19","","29.94","19.11","21.13","","","","",""
"2024-07-23","2024205","9:32","20.0","51.4501","3.0","","","3.9","","6.8","88","","20","","29.95","19.05","21.16","","","","",""
"2024-07-23","2024205","9:32","20.0","51.4501","4.0","","","3.7","","6.8","88","","20","","29.96","19.03","21.17","","","","",""
"2024-07-23","2024205","9:32","20.0","51.4501","5.0","","","3.7","","6.8","88","","21","","29.97","19.01","21.18","","","","",""
"2024-07-23","2024205","9:32","20.0","51.4501","6.0","","","3.9","","6.8","88","","22","","29.99","18.99","21.20","","","","",""
"2024-07-23","2024205","9:32","20.0","51.4501","7.0","","","4.1","","6.8","88","","22","","30.01","18.97","21.22","","","","",""
"2024-07-23","2024205","9:32","20.0","51.4501","8.0","","","4.1","","6.8","88","","23","","30.03","18.95","21.24","","","","",""
"2024-07-23","2024205","9:32","20.0","51.4501","9.0","","","4.1","","6.8","87","","24","","30.08","18.89","21.29","","","","",""
"2024-07-23","2024205","9:32","20.0","51.4501","10.0","","","4.2","","6.8","87","","25","","30.16","18.77","21.39","","","","",""
"2024-07-23","2024205","9:32","20.0","51.4501","11.0","","","4.1","","6.8","87","","27","","30.18","18.73","21.41","","","","",""
"2024-07-23","2024205","9:32","20.0","51.4501","12.0","","","4.2","","6.8","87","","28","","30.18","18.73","21.41","","","","",""
"2024-07-23","2024205","9:32","20.0","51.4501","13.0","","","4.1","","6.8","87","","30","","30.19","18.72","21.41","","","","",""
"2024-07-23","2024205","9:32","20.0","51.4501","14.0","","","4.1","","6.8","87","","31","","30.21","18.68","21.44","","","","",""
"2024-07-23","2024205","9:32","20.0","51.4501","15.0","","","4.0","","6.8","87","","31","","30.22","18.66","21.46","","","","",""
"2024-07-23","2024205","9:32","20.0","51.4501","16.0","","","4.1","","6.8","87","","33","","30.24","18.63","21.48","","","","",""
"2024-07-23","2024205","9:32","20.0","51.4501","17.0","","","4.2","","6.8","87","","36","","30.25","18.61","21.49","","","","",""
"2024-07-23","2024205","9:32","20.0","51.4501","18.0","","","4.1","","6.8","87","","36","","30.27","18.57","21.51","","","","",""
"2024-07-23","2024205","9:32","20.0","51.4501","19.0","","","4.1","","6.8","87","","37","","30.27","18.57","21.52","","","","",""
"2024-07-23","2024205","9:32","20.0","51.4501","20.0","","","4.1","","6.8","87","","36","","30.28","18.56","21.52","","","","",""
"2024-07-23","2024205","9:32","20.0","51.4501","21.0","","","4.1","","6.8","87","","37","","30.28","18.55","21.53","","","","",""
"2024-07-23","2024205","9:32","20.0","51.4501","22.0","","","4.1","","6.7","87","","37","","30.28","18.55","21.53","","","","",""
"2024-07-23","2024205","9:32","20.0","51.4501","23.0","","","4.0","","6.7","86","","38","","30.30","18.53","21.55","","","","",""
"2024-07-23","2024205","9:32","20.0","51.4501","24.0","","","4.1","","6.7","86","","40","","30.37","18.40","21.63","","","","",""
"2024-07-23","2024205","9:32","20.0","51.4501","25.0","","","4.1","","6.7","86","","49","","30.41","18.32","21.68","","","","",""
"2024-07-23","2024205","9:17","21.0","46.6266","1.0","","","3.9","","6.8","89","","19","1.32","29.38","20.30","20.41","","","","",""
"2024-07-23","2024205","9:17","21.0","46.6266","2.0","3.7","0.74","4.0","","6.7","89","","19","","29.45","20.13","20.50","","","","",""
"2024-07-23","2024205","9:17","21.0","46.6266","3.0","","","3.6","","6.7","89","","20","","29.53","19.97","20.60","","","","",""
"2024-07-23","2024205","9:17","21.0","46.6266","4.0","","","3.5","","6.7","88","","22","","29.55","19.92","20.63","","","","",""
"2024-07-23","2024205","9:17","21.0","46.6266","5.0","","","3.5","","6.8","89","","24","","29.56","19.91","20.64","","","","",""
"2024-07-23","2024205","9:17","21.0","46.6266","6.0","","","3.6","","6.8","89","","24","","29.57","19.88","20.66","","","","",""
"2024-07-23","2024205","9:17","21.0","46.6266","7.0","","","3.8","","6.8","88","","25","","29.58","19.86","20.67","","","","",""
"2024-07-23","2024205","9:17","21.0","46.6266","8.0","","","3.9","","6.8","89","","26","","29.59","19.85","20.68","","","","",""
"2024-07-23","2024205","9:17","21.0","46.6266","9.0","","","4.0","","6.8","89","","26","","29.60","19.84","20.69","","","","",""
"2024-07-23","2024205","9:17","21.0","46.6266","10.0","","","4.1","","6.8","89","","26","","29.62","19.79","20.71","","","","",""
"2024-07-23","2024205","9:17","21.0","46.6266","11.0","","","4.2","","6.8","89","","27","","29.63","19.76","20.73","","","","",""
"2024-07-23","2024205","9:17","21.0","46.6266","12.0","","","4.2","","6.8","89","","29","","29.63","19.75","20.74","","","","",""
"2024-07-23","2024205","9:17","21.0","46.6266","13.0","","","4.3","","6.8","89","","30","","29.64","19.75","20.74","","","","",""
"2024-07-23","2024205","9:17","21.0","46.6266","14.0","","","4.3","","6.8","89","","30","","29.65","19.75","20.75","","","","",""
"2024-07-23","2024205","9:17","21.0","46.6266","15.0","","","4.2","","6.8","89","","32","","29.65","19.75","20.75","","","","",""
"2024-07-23","2024205","9:07","22.0","43.9210","1.0","","","2.7","","6.7","88","","20","1.54","29.47","19.95","20.56","","","","",""
"2024-07-23","2024205","9:07","22.0","43.9210","2.0","2.6","0.69","2.5","","6.7","88","16.7","20","","29.49","19.90","20.59","1.29","15.85","5.85","4.34","88.30"
"2024-07-23","2024205","9:07","22.0","43.9210","3.0","","","2.5","","6.7","88","","26","","29.50","19.90","20.60","","","","",""
"2024-07-23","2024205","9:07","22.0","43.9210","4.0","","","2.5","","6.7","88","","27","","29.50","19.89","20.60","","","","",""
"2024-07-23","2024205","9:07","22.0","43.9210","5.0","","","2.6","","6.7","88","","28","","29.51","19.89","20.60","","","","",""
"2024-07-23","2024205","9:07","22.0","43.9210","6.0","","","2.6","","6.7","88","","28","","29.51","19.88","20.61","","","","",""
"2024-07-23","2024205","9:07","22.0","43.9210","7.0","","","2.6","","6.7","87","","29","","29.52","19.88","20.62","","","","",""
"2024-07-23","2024205","9:07","22.0","43.9210","8.0","","","2.6","","6.7","88","","29","","29.53","19.86","20.63","","","","",""
"2024-07-23","2024205","9:07","22.0","43.9210","9.0","","","2.6","","6.7","88","","29","","29.54","19.84","20.64","","","","",""
"2024-07-23","2024205","9:07","22.0","43.9210","10.0","","","2.6","","6.7","88","","30","","29.54","19.84","20.65","","","","",""
"2024-07-23","2024205","9:07","22.0","43.9210","11.0","","","2.6","","6.7","88","","31","","29.55","19.83","20.65","","","","",""
"2024-07-23","2024205","9:07","22.0","43.9210","12.0","","","2.7","","6.7","88","","31","","29.56","19.82","20.66","","","","",""
"2024-07-23","2024205","9:07","22.0","43.9210","13.0","","","2.7","","6.7","88","","32","","29.57","19.79","20.68","","","","",""
"2024-07-23","2024205","9:07","22.0","43.9210","14.0","","","2.7","","6.7","87","","33","","29.58","19.77","20.69","","","","",""
"2024-07-23","2024205","9:07","22.0","43.9210","15.0","","","2.7","","6.7","87","","34","","29.60","19.74","20.72","","","","",""
"2024-07-23","2024205","9:07","22.0","43.9210","16.0","","","2.8","","6.7","87","","36","","29.63","19.69","20.75","","","","",""
"2024-07-23","2024205","9:07","22.0","43.9210","17.0","3.0","0.48","2.8","","6.7","87","47.8","42","","29.67","19.62","20.80","","","","",""
"2024-07-23","2024205","8:53","23.0","39.6557","1.0","","","2.9","","6.8","90","","34","2.13","29.02","20.54","20.07","","","","",""
"2024-07-23","2024205","8:53","23.0","39.6557","2.0","","","2.7","","6.8","90","","35","","29.01","20.57","20.06","","","","",""
"2024-07-23","2024205","8:53","23.0","39.6557","3.0","","","2.6","","6.8","90","","31","","29.01","20.58","20.05","","","","",""
"2024-07-23","2024205","8:53","23.0","39.6557","4.0","","","2.6","","6.7","89","","29","","29.01","20.58","20.05","","","","",""
"2024-07-23","2024205","8:53","23.0","39.6557","5.0","","","2.6","","6.7","89","","29","","29.03","20.52","20.08","","","","",""
"2024-07-23","2024205","8:53","23.0","39.6557","6.0","","","2.7","","6.7","89","","35","","29.05","20.49","20.11","","","","",""
"2024-07-23","2024205","8:53","23.0","39.6557","7.0","","","2.7","","6.7","89","","39","","29.08","20.47","20.13","","","","",""
"2024-07-23","2024205","8:53","23.0","39.6557","8.0","","","2.7","","6.7","88","","41","","29.09","20.46","20.14","","","","",""
"2024-07-23","2024205","8:53","23.0","39.6557","9.0","","","2.7","","6.7","88","","44","","29.11","20.44","20.16","","","","",""
"2024-07-23","2024205","8:53","23.0","39.6557","10.0","","","2.7","","6.7","88","","45","","29.17","20.39","20.22","","","","",""
"2024-07-23","2024205","8:53","23.0","39.6557","11.0","","","2.7","","6.7","88","","49","","29.20","20.36","20.25","","","","",""
"2024-07-23","2024205","8:53","23.0","39.6557","12.0","","","2.7","","6.7","88","","55","","29.22","20.34","20.27","","","","",""
"2024-07-23","2024205","8:43","24.0","37.0911","1.0","","","3.6","","6.9","91","","34","2.31","28.88","20.90","19.86","","","","",""
"2024-07-23","2024205","8:43","24.0","37.0911","2.0","3.3","0.60","3.5","","6.9","92","33.1","35","","28.88","20.89","19.87","1.24","15.06","4.71","5.63","108.60"
"2024-07-23","2024205","8:43","24.0","37.0911","3.0","","","3.6","","6.9","92","","38","","28.88","20.89","19.87","","","","",""
"2024-07-23","2024205","8:43","24.0","37.0911","4.0","","","3.6","","6.9","91","","42","","28.88","20.90","19.87","","","","",""
"2024-07-23","2024205","8:43","24.0","37.0911","5.0","","","3.5","","6.9","91","","42","","28.88","20.89","19.87","","","","",""
"2024-07-23","2024205","8:43","24.0","37.0911","6.0","","","3.6","","6.9","92","","44","","28.89","20.88","19.88","","","","",""
"2024-07-23","2024205","8:43","24.0","37.0911","7.0","3.3","0.44","3.7","","6.9","91","","48","","28.89","20.87","19.88","","","","",""
"2024-07-23","2024205","8:33","25.0","32.8382","1.0","","","3.7","","6.7","90","","58","4.03","28.48","21.42","19.43","","","","",""
"2024-07-23","2024205","8:33","25.0","32.8382","2.0","","","3.6","","6.7","89","","61","","28.48","21.42","19.43","","","","",""
"2024-07-23","2024205","8:33","25.0","32.8382","3.0","","","3.6","","6.7","89","","62","","28.48","21.41","19.43","","","","",""
"2024-07-23","2024205","8:33","25.0","32.8382","4.0","","","3.7","","6.7","89","","62","","28.49","21.40","19.44","","","","",""
"2024-07-23","2024205","8:33","25.0","32.8382","5.0","","","3.8","","6.7","90","","71","","28.50","21.39","19.45","","","","",""
"2024-07-23","2024205","8:33","25.0","32.8382","6.0","","","4.0","","6.7","90","","88","","28.51","21.36","19.47","","","","",""
"2024-07-23","2024205","8:20","26.0","28.7560","1.0","","","3.1","","6.5","88","","39","2.42","28.28","21.65","19.22","","","","",""
"2024-07-23","2024205","8:20","26.0","28.7560","2.0","","","3.2","","6.5","88","","38","","28.29","21.64","19.22","","","","",""
"2024-07-23","2024205","8:20","26.0","28.7560","3.0","","","3.2","","6.6","88","","40","","28.30","21.63","19.23","","","","",""
"2024-07-23","2024205","8:20","26.0","28.7560","4.0","","","3.3","","6.5","88","","47","","28.30","21.62","19.24","","","","",""
"2024-07-23","2024205","8:20","26.0","28.7560","5.0","","","3.3","","6.6","88","","54","","28.31","21.61","19.25","","","","",""
"2024-07-23","2024205","8:20","26.0","28.7560","6.0","","","3.5","","6.6","88","","59","","28.32","21.60","19.26","","","","",""
"2024-07-23","2024205","8:20","26.0","28.7560","7.0","","","3.7","","6.6","88","","75","","28.33","21.59","19.27","","","","",""
"2024-07-23","2024205","8:10","27.0","26.1872","1.0","","","3.1","","6.4","87","","47","2.72","28.11","21.86","19.03","","","","",""
"2024-07-23","2024205","8:10","27.0","26.1872","2.0","3.0","0.55","3.0","","6.4","86","47.7","48","","28.11","21.85","19.03","1.44","14.99","6.00","7.86","134.23"
"2024-07-23","2024205","8:10","27.0","26.1872","3.0","","","3.0","","6.4","86","","52","","28.11","21.85","19.03","","","","",""
"2024-07-23","2024205","8:10","27.0","26.1872","4.0","","","3.3","","6.4","87","","60","","28.11","21.84","19.04","","","","",""
"2024-07-23","2024205","8:10","27.0","26.1872","5.0","","","3.4","","6.4","87","","77","","28.12","21.82","19.04","","","","",""
"2024-07-23","2024205","8:10","27.0","26.1872","6.0","","","3.8","","6.4","87","","95","","28.12","21.81","19.05","","","","",""
"2024-07-23","2024205","8:10","27.0","26.1872","7.0","","","4.2","","6.4","87","","154","","28.12","21.80","19.06","","","","",""
"2024-07-23","2024205","8:10","27.0","26.1872","8.0","","","4.5","","6.4","86","","220","","28.12","21.79","19.05","","","","",""
"2024-07-23","2024205","8:10","27.0","26.1872","9.0","6.2","0.19","5.1","","6.4","87","","275","","28.12","21.79","19.05","","","","",""
"2024-07-23","2024205","8:00","28.0","23.5695","1.0","","","3.5","","6.3","85","","72","5.31","28.00","22.04","18.90","","","","",""
"2024-07-23","2024205","8:00","28.0","23.5695","2.0","","","3.5","","6.3","85","","80","","28.00","22.04","18.90","","","","",""
"2024-07-23","2024205","8:00","28.0","23.5695","3.0","","","3.6","","6.3","85","","92","","28.00","22.03","18.90","","","","",""
"2024-07-23","2024205","8:00","28.0","23.5695","4.0","","","3.7","","6.3","86","","102","","28.00","22.02","18.90","","","","",""
"2024-07-23","2024205","8:00","28.0","23.5695","5.0","","","3.8","","6.4","86","","118","","28.01","22.00","18.91","","","","",""
"2024-07-23","2024205","8:00","28.0","23.5695","6.0","","","3.9","","6.3","86","","133","","28.02","21.98","18.92","","","","",""
"2024-07-23","2024205","8:00","28.0","23.5695","7.0","","","4.0","","6.4","86","","150","","28.02","21.98","18.93","","","","",""
"2024-07-23","2024205","8:00","28.0","23.5695","8.0","","","4.1","","6.4","86","","164","","28.03","21.96","18.94","","","","",""
"2024-07-23","2024205","8:00","28.0","23.5695","9.0","","","4.2","","6.4","86","","175","","28.03","21.95","18.95","","","","",""
"2024-07-23","2024205","8:00","28.0","23.5695","10.0","","","4.2","","6.4","86","","193","","28.03","21.95","18.95","","","","",""
"2024-07-23","2024205","7:50","29.0","20.2526","1.0","","","3.5","","6.1","82","","28","2.19","28.01","22.25","18.85","","","","",""
"2024-07-23","2024205","7:50","29.0","20.2526","2.0","","","3.2","","6.1","83","","32","","28.02","22.20","18.87","","","","",""
"2024-07-23","2024205","7:50","29.0","20.2526","3.0","","","3.2","","6.1","83","","37","","28.02","22.17","18.88","","","","",""
"2024-07-23","2024205","7:50","29.0","20.2526","4.0","","","3.3","","6.1","83","","41","","28.01","22.16","18.88","","","","",""
"2024-07-23","2024205","7:50","29.0","20.2526","5.0","","","3.3","","6.1","83","","45","","28.01","22.15","18.88","","","","",""
"2024-07-23","2024205","7:50","29.0","20.2526","6.0","","","3.4","","6.1","83","","49","","28.00","22.15","18.87","","","","",""
"2024-07-23","2024205","7:50","29.0","20.2526","7.0","","","3.5","","6.1","83","","56","","27.98","22.15","18.85","","","","",""
"2024-07-23","2024205","7:50","29.0","20.2526","8.0","","","3.9","","6.2","83","","85","","27.96","22.15","18.84","","","","",""
"2024-07-23","2024205","7:50","29.0","20.2526","9.0","","","4.2","","6.2","83","","127","","27.94","22.15","18.82","","","","",""
"2024-07-23","2024205","7:50","29.0","20.2526","10.0","","","4.7","","6.2","83","","198","","27.94","22.15","18.82","","","","",""
"2024-07-23","2024205","7:50","29.0","20.2526","11.0","","","4.9","","6.2","83","","258","","27.94","22.15","18.82","","","","",""
"2024-07-23","2024205","7:32","30.0","14.7543","1.0","","","3.7","","6.2","84","","96","5.72","27.87","22.16","18.77","","","","",""
"2024-07-23","2024205","7:32","30.0","14.7543","2.0","3.9","0.47","3.7","","6.2","84","108.0","102","","27.88","22.14","18.78","1.54","15.99","5.85","8.99","141.00"
"2024-07-23","2024205","7:32","30.0","14.7543","3.0","","","3.7","","6.2","84","","107","","27.90","22.12","18.80","","","","",""
"2024-07-23","2024205","7:32","30.0","14.7543","4.0","","","3.7","","6.2","84","","107","","27.90","22.11","18.81","","","","",""
"2024-07-23","2024205","7:32","30.0","14.7543","5.0","","","3.7","","6.3","85","","105","","27.94","22.06","18.84","","","","",""
"2024-07-23","2024205","7:32","30.0","14.7543","6.0","","","3.6","","6.3","85","","104","","27.96","22.02","18.87","","","","",""
"2024-07-23","2024205","7:32","30.0","14.7543","7.0","","","3.5","","6.3","85","","99","","28.02","21.93","18.94","","","","",""
"2024-07-23","2024205","7:32","30.0","14.7543","8.0","3.6","0.45","3.6","","6.3","85","99.2","99","","28.05","21.87","18.98","","","","",""
"2024-07-23","2024205","7:20","31.0","10.6065","1.0","","","3.8","","5.9","81","","86","5.62","27.30","22.71","18.19","","","","",""
"2024-07-23","2024205","7:20","31.0","10.6065","2.0","","","3.8","","5.9","81","","88","","27.30","22.71","18.19","","","","",""
"2024-07-23","2024205","7:20","31.0","10.6065","3.0","","","3.8","","5.9","80","","89","","27.31","22.71","18.19","","","","",""
"2024-07-23","2024205","7:20","31.0","10.6065","4.0","","","4.0","","5.9","80","","92","","27.35","22.69","18.23","","","","",""
"2024-07-23","2024205","7:20","31.0","10.6065","5.0","","","4.2","","5.9","80","","117","","27.36","22.68","18.23","","","","",""
"2024-07-23","2024205","7:20","31.0","10.6065","6.0","","","4.3","","5.9","80","","143","","27.36","22.67","18.24","","","","",""
"2024-07-23","2024205","7:20","31.0","10.6065","7.0","","","4.5","","5.8","80","","177","","27.37","22.67","18.25","","","","",""
"2024-07-23","2024205","7:20","31.0","10.6065","8.0","","","4.6","","5.8","80","","203","","27.38","22.66","18.26","","","","",""
"2024-07-23","2024205","7:20","31.0","10.6065","9.0","","","4.8","","5.9","80","","237","","27.39","22.65","18.27","","","","",""
"2024-07-23","2024205","7:10","32.0","8.1507","1.0","","","3.6","","5.7","78","","66","4.27","27.06","22.81","17.98","","","","",""
"2024-07-23","2024205","7:10","32.0","8.1507","2.0","3.8","0.57","4.0","","5.6","76","82.2","84","","27.07","22.78","18.00","2.33","27.63","6.14","10.97","158.09"
"2024-07-23","2024205","7:10","32.0","8.1507","3.0","","","4.2","","5.6","76","","121","","27.10","22.73","18.03","","","","",""
"2024-07-23","2024205","7:10","32.0","8.1507","4.0","","","4.5","","5.5","74","","166","","27.11","22.69","18.05","","","","",""
"2024-07-23","2024205","7:10","32.0","8.1507","5.0","","","4.6","","5.4","74","","190","","27.13","22.66","18.07","","","","",""
"2024-07-23","2024205","7:10","32.0","8.1507","6.0","","","4.5","","5.4","74","","204","","27.13","22.65","18.07","","","","",""
"2024-07-23","2024205","7:10","32.0","8.1507","7.0","4.9","0.36","4.6","","5.4","74","","209","","27.13","22.65","18.08","","","","",""
"2024-07-23","2024205","7:01","33.0","6.8085","1.0","","","4.0","","5.7","78","","116","6.09","26.70","22.90","17.68","","","","",""
"2024-07-23","2024205","7:01","33.0","6.8085","2.0","4.0","0.47","4.2","","5.7","77","128.0","132","","26.71","22.92","17.68","","","","",""
"2024-07-23","2024205","7:01","33.0","6.8085","3.0","","","4.5","","5.6","76","","162","","26.71","22.91","17.69","","","","",""
"2024-07-23","2024205","7:01","33.0","6.8085","4.0","","","4.6","","5.5","74","","199","","26.73","22.87","17.71","","","","",""
"2024-07-23","2024205","7:01","33.0","6.8085","5.0","","","4.7","","5.3","73","","222","","26.75","22.83","17.73","","","","",""
"2024-07-23","2024205","7:01","33.0","6.8085","6.0","","","4.8","","5.3","71","","242","","26.77","22.79","17.76","","","","",""
"2024-07-23","2024205","7:01","33.0","6.8085","7.0","","","4.9","","5.3","72","","263","","26.80","22.74","17.80","","","","",""
"2024-07-23","2024205","7:01","33.0","6.8085","8.0","","","5.0","","5.3","71","","286","","26.80","22.74","17.80","","","","",""
"2024-07-23","2024205","7:01","33.0","6.8085","9.0","","","5.0","","5.2","70","","292","","26.80","22.74","17.80","","","","",""
"2024-07-23","2024205","7:01","33.0","6.8085","10.0","","","5.0","","5.1","70","","286","","26.83","22.69","17.83","","","","",""
"2024-07-23","2024205","6:51","34.0","3.5290","1.0","","","5.3","","5.1","70","","345","","26.50","22.80","17.55","","","","",""
"2024-07-23","2024205","6:51","34.0","3.5290","2.0","5.3","0.28","5.2","","5.1","70","","345","","26.50","22.80","17.56","3.61","28.06","7.57","12.57","174.47"
"2024-07-23","2024205","6:51","34.0","3.5290","3.0","","","5.2","","5.1","70","","344","","26.51","22.79","17.57","","","","",""
"2024-07-23","2024205","6:51","34.0","3.5290","4.0","","","5.2","","5.1","70","","345","","26.51","22.79","17.57","","","","",""
"2024-07-23","2024205","6:51","34.0","3.5290","5.0","","","5.2","","5.1","70","","347","","26.51","22.79","17.57","","","","",""
"2024-07-23","2024205","6:51","34.0","3.5290","6.0","","","5.3","","5.2","70","","351","","26.53","22.78","17.58","","","","",""
"2024-07-23","2024205","6:51","34.0","3.5290","7.0","5.4","0.29","5.4","","5.1","70","","349","","26.52","22.78","17.58","","","","",""
"2024-07-23","2024205","14:09","649.0","132.9388","1.0","","","3.4","","8.5","101","","9","","0.05","23.58","","","","","",""
"2024-07-23","2024205","14:09","649.0","132.9388","2.0","4.6","0.84","3.7","","8.5","100","10.4","11","","0.05","23.53","","0.10","8.07","","1.05","226.81"
"2024-07-23","2024205","14:09","649.0","132.9388","3.0","","","3.7","","8.5","100","","11","","0.05","23.38","","","","","",""
"2024-07-23","2024205","14:09","649.0","132.9388","4.0","","","3.5","","8.5","100","","12","","0.05","23.35","","","","","",""
"2024-07-23","2024205","14:09","649.0","132.9388","5.0","","","3.5","","8.5","100","","13","","0.05","23.33","","","","","",""
"2024-07-23","2024205","14:09","649.0","132.9388","6.0","","","3.7","","8.5","100","","14","","0.05","23.32","","","","","",""
"2024-07-23","2024205","14:09","649.0","132.9388","7.0","","","3.6","","8.5","100","","13","","0.05","23.31","","","","","",""
"2024-07-23","2024205","14:09","649.0","132.9388","8.0","","","3.5","","8.5","100","","14","","0.05","23.30","","","","","",""
"2024-07-23","2024205","14:09","649.0","132.9388","9.0","","","3.7","","8.5","100","","14","","0.05","23.30","","","","","",""
"2024-07-23","2024205","14:09","649.0","132.9388","10.0","4.7","0.77","3.7","","8.5","100","18.1","15","","0.05","23.29","","","","","",""
"2024-07-23","2024205","14:58","657.0","147.2548","1.0","","","1.5","","8.0","94","","9","","0.05","23.41","","","","","",""
"2024-07-23","2024205","14:58","657.0","147.2548","2.0","1.5","0.64","1.4","","8.0","94","7.7","9","","0.05","23.30","","0.11","6.32","1.00","1.27","234.28"
"2024-07-23","2024205","14:58","657.0","147.2548","3.0","","","1.6","","8.0","94","","9","","0.05","23.24","","","","","",""
"2024-07-23","2024205","14:58","657.0","147.2548","4.0","","","1.9","","8.0","94","","9","","0.05","23.24","","","","","",""
"2024-07-23","2024205","14:58","657.0","147.2548","5.0","","","1.9","","8.0","94","","10","","0.05","23.24","","","","","",""
"2024-07-23","2024205","14:58","657.0","147.2548","6.0","","","1.7","","8.0","94","","10","","0.05","23.24","","","","","",""
"2024-07-23","2024205","14:58","657.0","147.2548","7.0","1.6","0.57","1.5","","8.0","94","11.3","10","","0.05","23.23","","","","","",""
"2024-08-15","2024228","15:06","2.0","127.7053","1.0","","","3.0","","8.9","102","","21","1.50","1.52","21.68","","","","","",""
"2024-08-15","2024228","15:06","2.0","127.7053","2.0","","","3.1","","8.8","102","","21","","1.52","21.69","","","","","",""
"2024-08-15","2024228","15:06","2.0","127.7053","3.0","","","3.1","","8.8","101","","21","","1.54","21.62","","","","","",""
"2024-08-15","2024228","15:06","2.0","127.7053","4.0","","","3.1","","8.8","101","","26","","1.60","21.59","","","","","",""
"2024-08-15","2024228","15:06","2.0","127.7053","5.0","","","3.0","","8.8","101","","30","","1.64","21.60","","","","","",""
"2024-08-15","2024228","15:06","2.0","127.7053","6.0","","","3.1","","8.8","101","","31","","1.66","21.60","","","","","",""
"2024-08-15","2024228","15:06","2.0","127.7053","7.0","","","3.2","","8.8","101","","30","","1.66","21.60","","","","","",""
"2024-08-15","2024228","15:06","2.0","127.7053","8.0","","","3.2","","8.8","101","","30","","1.66","21.60","","","","","",""
"2024-08-15","2024228","14:55","3.0","125.3243","1.0","","","2.8","","8.9","102","","11","1.66","2.13","21.60","","","","","",""
"2024-08-15","2024228","14:55","3.0","125.3243","2.0","3.6","0.75","3.3","","8.8","102","17.5","14","","2.13","21.58","","0.23","8.42","1.36","1.62","225.74"
"2024-08-15","2024228","14:55","3.0","125.3243","3.0","","","3.2","","8.8","101","","15","","2.14","21.54","","","","","",""
"2024-08-15","2024228","14:55","3.0","125.3243","4.0","","","3.0","","8.8","101","","20","","2.14","21.46","","","","","",""
"2024-08-15","2024228","14:55","3.0","125.3243","5.0","","","3.0","","8.8","101","","27","","2.15","21.44","","","","","",""
"2024-08-15","2024228","14:55","3.0","125.3243","6.0","","","3.0","","8.8","101","","31","","2.16","21.44","","","","","",""
"2024-08-15","2024228","14:55","3.0","125.3243","7.0","","","3.0","","8.8","101","","31","","2.16","21.43","","","","","",""
"2024-08-15","2024228","14:55","3.0","125.3243","8.0","","","2.9","","8.8","101","","32","","2.17","21.43","","","","","",""
"2024-08-15","2024228","14:55","3.0","125.3243","9.0","","","3.0","","8.8","101","","32","","2.16","21.44","","","","","",""
"2024-08-15","2024228","14:55","3.0","125.3243","10.0","","","2.9","","8.8","101","","32","","2.16","21.44","","","","","",""
"2024-08-15","2024228","14:55","3.0","125.3243","11.0","3.2","0.57","3.0","","8.8","101","33.7","32","","2.19","21.43","","","","","",""
"2024-08-15","2024228","14:39","4.0","119.8957","1.0","","","4.1","","9.0","105","","17","1.43","2.69","22.03","","","","","",""
"2024-08-15","2024228","14:39","4.0","119.8957","2.0","","","4.5","","9.0","104","","17","","3.35","21.79","0.36","","","","",""
"2024-08-15","2024228","14:39","4.0","119.8957","3.0","","","4.0","","8.9","104","","18","","3.54","21.72","0.52","","","","",""
"2024-08-15","2024228","14:39","4.0","119.8957","4.0","","","3.9","","8.9","104","","19","","3.63","21.70","0.59","","","","",""
"2024-08-15","2024228","14:39","4.0","119.8957","5.0","","","3.7","","8.9","103","","19","","3.82","21.59","0.76","","","","",""
"2024-08-15","2024228","14:39","4.0","119.8957","6.0","","","3.6","","8.9","103","","20","","3.88","21.54","0.82","","","","",""
"2024-08-15","2024228","14:39","4.0","119.8957","7.0","","","3.6","","8.9","103","","23","","3.90","21.51","0.84","","","","",""
"2024-08-15","2024228","14:39","4.0","119.8957","8.0","","","3.6","","8.9","103","","24","","3.92","21.49","0.86","","","","",""
"2024-08-15","2024228","14:39","4.0","119.8957","9.0","","","3.5","","8.8","102","","25","","3.94","21.46","0.88","","","","",""
"2024-08-15","2024228","14:39","4.0","119.8957","10.0","","","3.5","","8.8","102","","26","","3.94","21.46","0.88","","","","",""
"2024-08-15","2024228","14:39","4.0","119.8957","11.0","","","3.4","","8.8","102","","27","","3.98","21.41","0.92","","","","",""
"2024-08-15","2024228","14:39","4.0","119.8957","12.0","","","3.3","","8.8","102","","29","","4.01","21.38","0.95","","","","",""
"2024-08-15","2024228","14:39","4.0","119.8957","13.0","","","3.3","","8.8","102","","32","","4.03","21.35","0.97","","","","",""
"2024-08-15","2024228","14:39","4.0","119.8957","14.0","","","3.2","","8.8","101","","33","","4.07","21.29","1.02","","","","",""
"2024-08-15","2024228","14:39","4.0","119.8957","15.0","","","3.1","","8.8","102","","39","","4.09","21.29","1.04","","","","",""
"2024-08-15","2024228","14:39","4.0","119.8957","16.0","","","3.2","","8.8","102","","40","","4.16","21.31","1.08","","","","",""
"2024-08-15","2024228","14:26","5.0","115.6252","1.0","","","4.5","","8.8","103","","18","1.52","5.10","21.47","1.75","","","","",""
"2024-08-15","2024228","14:26","5.0","115.6252","2.0","","","4.2","","8.8","103","","20","","5.62","21.34","2.18","","","","",""
"2024-08-15","2024228","14:26","5.0","115.6252","3.0","","","3.6","","8.8","103","","24","","5.80","21.36","2.31","","","","",""
"2024-08-15","2024228","14:26","5.0","115.6252","4.0","","","3.4","","8.7","103","","26","","6.14","21.34","2.57","","","","",""
"2024-08-15","2024228","14:26","5.0","115.6252","5.0","","","3.5","","8.7","103","","32","","6.24","21.32","2.65","","","","",""
"2024-08-15","2024228","14:26","5.0","115.6252","6.0","","","3.6","","8.7","102","","35","","6.26","21.32","2.67","","","","",""
"2024-08-15","2024228","14:26","5.0","115.6252","7.0","","","3.6","","8.7","103","","38","","6.28","21.31","2.68","","","","",""
"2024-08-15","2024228","14:26","5.0","115.6252","8.0","","","3.7","","8.7","103","","41","","6.29","21.31","2.69","","","","",""
"2024-08-15","2024228","14:26","5.0","115.6252","9.0","","","3.7","","8.7","103","","42","","6.28","21.32","2.68","","","","",""
"2024-08-15","2024228","14:26","5.0","115.6252","10.0","","","3.7","","8.8","103","","43","","6.28","21.31","2.69","","","","",""
"2024-08-15","2024228","14:09","6.0","110.8977","1.0","","","3.6","","8.6","103","","26","1.75","8.18","21.48","4.08","","","","",""
"2024-08-15","2024228","14:09","6.0","110.8977","2.0","4.6","0.79","4.5","","8.5","100","20.3","25","","9.05","21.08","4.82","0.49","13.56","1.93","2.24","183.72"
"2024-08-15","2024228","14:09","6.0","110.8977","3.0","","","3.4","","8.4","100","","31","","9.55","20.95","5.23","","","","",""
"2024-08-15","2024228","14:09","6.0","110.8977","4.0","","","3.4","","8.4","100","","51","","9.68","20.91","5.35","","","","",""
"2024-08-15","2024228","14:09","6.0","110.8977","5.0","","","3.7","","8.4","100","","72","","9.71","20.89","5.37","","","","",""
"2024-08-15","2024228","14:09","6.0","110.8977","6.0","","","3.7","","8.4","100","","83","","9.75","20.87","5.41","","","","",""
"2024-08-15","2024228","14:09","6.0","110.8977","7.0","","","3.8","","8.4","100","","84","","9.81","20.85","5.45","","","","",""
"2024-08-15","2024228","14:09","6.0","110.8977","8.0","","","3.6","","8.4","100","","82","","9.91","20.82","5.54","","","","",""
"2024-08-15","2024228","14:09","6.0","110.8977","9.0","2.8","0.43","3.3","","8.4","100","96.5","82","","9.98","20.79","5.60","","","","",""
"2024-08-15","2024228","13:51","7.0","104.9810","1.0","","","4.5","","8.3","100","","46","2.78","11.90","20.79","7.05","","","","",""
"2024-08-15","2024228","13:51","7.0","104.9810","2.0","4.8","0.77","4.7","","8.3","100","","49","","11.95","20.76","7.09","","","","",""
"2024-08-15","2024228","13:51","7.0","104.9810","3.0","","","4.2","","8.3","99","","53","","11.98","20.74","7.12","","","","",""
"2024-08-15","2024228","13:51","7.0","104.9810","4.0","","","4.2","","8.2","99","","54","","12.04","20.72","7.17","","","","",""
"2024-08-15","2024228","13:51","7.0","104.9810","5.0","","","4.0","","8.2","98","","55","","12.25","20.59","7.36","","","","",""
"2024-08-15","2024228","13:51","7.0","104.9810","6.0","","","3.7","","8.2","98","","56","","12.59","20.41","7.66","","","","",""
"2024-08-15","2024228","13:51","7.0","104.9810","7.0","","","3.6","","8.2","98","","64","","12.74","20.36","7.78","","","","",""
"2024-08-15","2024228","13:51","7.0","104.9810","8.0","","","3.6","","8.2","98","","70","","12.84","20.33","7.86","","","","",""
"2024-08-15","2024228","13:51","7.0","104.9810","9.0","","","3.6","","8.2","98","","71","","12.90","20.31","7.92","","","","",""
"2024-08-15","2024228","13:51","7.0","104.9810","10.0","","","3.6","","8.2","98","","70","","12.93","20.31","7.94","","","","",""
"2024-08-15","2024228","13:51","7.0","104.9810","11.0","","","3.6","","8.2","98","","72","","12.94","20.30","7.94","","","","",""
"2024-08-15","2024228","13:51","7.0","104.9810","12.0","","","3.6","","8.2","98","","73","","12.94","20.30","7.95","","","","",""
"2024-08-15","2024228","13:51","7.0","104.9810","13.0","","","3.7","","8.2","98","","76","","12.95","20.30","7.95","","","","",""
"2024-08-15","2024228","13:51","7.0","104.9810","14.0","","","3.7","","8.2","98","","76","","12.94","20.30","7.95","","","","",""
"2024-08-15","2024228","13:51","7.0","104.9810","15.0","","","3.8","","8.2","98","","77","","12.95","20.30","7.96","","","","",""
"2024-08-15","2024228","13:35","8.0","99.7699","1.0","","","2.8","","8.0","97","","17","1.75","14.11","20.19","8.86","","","","",""
"2024-08-15","2024228","13:35","8.0","99.7699","2.0","2.8","0.79","2.8","","8.0","97","15.4","18","","14.82","20.08","9.42","","","","",""
"2024-08-15","2024228","13:35","8.0","99.7699","3.0","","","3.0","","8.1","97","","24","","15.48","19.97","9.95","","","","",""
"2024-08-15","2024228","13:35","8.0","99.7699","4.0","","","3.1","","8.1","98","","34","","15.76","19.96","10.16","","","","",""
"2024-08-15","2024228","13:35","8.0","99.7699","5.0","","","3.2","","8.1","98","","36","","15.80","19.96","10.19","","","","",""
"2024-08-15","2024228","13:35","8.0","99.7699","6.0","","","3.3","","8.1","98","","36","","15.93","19.98","10.28","","","","",""
"2024-08-15","2024228","13:35","8.0","99.7699","7.0","","","3.4","","8.1","98","","36","","16.04","19.96","10.37","","","","",""
"2024-08-15","2024228","13:35","8.0","99.7699","8.0","","","3.5","","8.1","98","","40","","16.22","19.93","10.52","","","","",""
"2024-08-15","2024228","13:35","8.0","99.7699","9.0","","","3.3","","8.0","97","","43","","16.41","19.88","10.67","","","","",""
"2024-08-15","2024228","13:35","8.0","99.7699","10.0","","","3.4","","8.0","97","","51","","16.50","19.85","10.74","","","","",""
"2024-08-15","2024228","13:35","8.0","99.7699","11.0","","","3.7","","8.0","97","","63","","16.56","19.83","10.79","","","","",""
"2024-08-15","2024228","13:35","8.0","99.7699","12.0","","","3.7","","8.0","97","","86","","16.55","19.83","10.79","","","","",""
"2024-08-15","2024228","13:35","8.0","99.7699","13.0","","","3.7","","8.0","97","","81","","16.54","19.83","10.78","","","","",""
"2024-08-15","2024228","13:35","8.0","99.7699","14.0","","","3.8","","8.0","97","","78","","16.63","19.81","10.85","","","","",""
"2024-08-15","2024228","13:35","8.0","99.7699","15.0","","","4.2","","8.0","96","","104","","16.62","19.81","10.85","","","","",""
"2024-08-15","2024228","13:19","9.0","96.7889","1.0","","","3.6","","8.1","99","","16","1.63","14.39","20.85","8.91","","","","",""
"2024-08-15","2024228","13:19","9.0","96.7889","2.0","3.4","0.84","3.6","","8.0","98","13.9","16","","16.29","20.20","10.50","0.83","17.42","3.36","2.67","150.26"
"2024-08-15","2024228","13:19","9.0","96.7889","3.0","","","3.8","","8.0","98","","19","","17.79","19.69","11.76","","","","",""
"2024-08-15","2024228","13:19","9.0","96.7889","4.0","","","3.8","","8.0","98","","35","","17.83","19.70","11.79","","","","",""
"2024-08-15","2024228","13:19","9.0","96.7889","5.0","","","3.6","","8.0","98","","84","","17.88","19.69","11.82","","","","",""
"2024-08-15","2024228","13:19","9.0","96.7889","6.0","","","3.6","","8.0","98","","83","","17.98","19.68","11.91","","","","",""
"2024-08-15","2024228","13:19","9.0","96.7889","7.0","","","3.6","","8.0","98","","82","","18.03","19.69","11.94","","","","",""
"2024-08-15","2024228","13:19","9.0","96.7889","8.0","","","3.5","","8.0","98","","71","","18.03","19.70","11.94","","","","",""
"2024-08-15","2024228","13:19","9.0","96.7889","9.0","","","3.5","","8.0","97","","64","","18.04","19.70","11.95","","","","",""
"2024-08-15","2024228","13:19","9.0","96.7889","10.0","","","3.5","","8.0","97","","59","","18.03","19.70","11.94","","","","",""
"2024-08-15","2024228","13:19","9.0","96.7889","11.0","","","3.5","","8.0","98","","60","","18.04","19.70","11.95","","","","",""
"2024-08-15","2024228","13:19","9.0","96.7889","12.0","","","3.5","","8.0","98","","60","","18.04","19.70","11.95","","","","",""
"2024-08-15","2024228","13:19","9.0","96.7889","13.0","","","3.6","","8.0","98","","59","","18.06","19.70","11.96","","","","",""
"2024-08-15","2024228","13:19","9.0","96.7889","14.0","","","3.5","","8.0","98","","59","","18.10","19.70","11.99","","","","",""
"2024-08-15","2024228","13:19","9.0","96.7889","15.0","","","3.6","","8.0","98","","56","","18.05","19.70","11.96","","","","",""
"2024-08-15","2024228","13:19","9.0","96.7889","16.0","","","3.6","","8.0","98","","58","","18.08","19.70","11.98","","","","",""
"2024-08-15","2024228","13:19","9.0","96.7889","17.0","","","3.5","","8.0","98","","54","","18.19","19.70","12.06","","","","",""
"2024-08-15","2024228","13:19","9.0","96.7889","18.0","","","3.5","","8.0","98","","46","","18.37","19.69","12.20","","","","",""
"2024-08-15","2024228","13:19","9.0","96.7889","19.0","","","3.4","","8.0","98","","30","","18.44","19.68","12.25","","","","",""
"2024-08-15","2024228","13:19","9.0","96.7889","20.0","","","3.5","","8.0","98","","28","","18.51","19.66","12.31","","","","",""
"2024-08-15","2024228","13:19","9.0","96.7889","21.0","","","3.4","","8.0","98","","37","","18.53","19.65","12.33","","","","",""
"2024-08-15","2024228","13:19","9.0","96.7889","22.0","","","3.4","","8.0","98","","40","","18.53","19.65","12.33","","","","",""
"2024-08-15","2024228","13:19","9.0","96.7889","23.0","","","3.3","","8.0","98","","42","","18.55","19.64","12.35","","","","",""
"2024-08-15","2024228","13:19","9.0","96.7889","24.0","","","3.3","","8.0","98","","47","","18.57","19.63","12.37","","","","",""
"2024-08-15","2024228","13:19","9.0","96.7889","25.0","","","3.4","","8.0","97","","52","","18.57","19.63","12.37","","","","",""
"2024-08-15","2024228","13:19","9.0","96.7889","26.0","","","3.4","","8.0","98","","53","","18.58","19.62","12.37","","","","",""
"2024-08-15","2024228","13:09","10.0","93.5951","1.0","","","4.3","","8.1","100","","22","1.71","18.03","20.21","11.82","","","","",""
"2024-08-15","2024228","13:09","10.0","93.5951","2.0","4.3","0.84","4.4","","8.1","99","","22","","18.17","20.07","11.96","","","","",""
"2024-08-15","2024228","13:09","10.0","93.5951","3.0","","","4.5","","8.1","99","","22","","18.55","19.77","12.32","","","","",""
"2024-08-15","2024228","13:09","10.0","93.5951","4.0","","","3.9","","8.1","99","","24","","18.65","19.72","12.41","","","","",""
"2024-08-15","2024228","13:09","10.0","93.5951","5.0","","","3.7","","8.1","99","","27","","18.65","19.72","12.40","","","","",""
"2024-08-15","2024228","13:09","10.0","93.5951","6.0","","","3.6","","8.1","99","","26","","18.67","19.71","12.42","","","","",""
"2024-08-15","2024228","13:09","10.0","93.5951","7.0","","","3.5","","8.1","99","","26","","18.70","19.70","12.45","","","","",""
"2024-08-15","2024228","13:09","10.0","93.5951","8.0","","","3.5","","8.1","99","","26","","18.74","19.70","12.48","","","","",""
"2024-08-15","2024228","13:09","10.0","93.5951","9.0","","","3.6","","8.0","99","","28","","18.90","19.68","12.61","","","","",""
"2024-08-15","2024228","13:09","10.0","93.5951","10.0","","","3.6","","8.0","98","","32","","19.07","19.64","12.74","","","","",""
"2024-08-15","2024228","13:09","10.0","93.5951","11.0","","","3.6","","8.0","98","","41","","19.16","19.61","12.82","","","","",""
"2024-08-15","2024228","13:09","10.0","93.5951","12.0","","","3.6","","8.0","98","","47","","19.19","19.60","12.85","","","","",""
"2024-08-15","2024228","13:09","10.0","93.5951","13.0","","","3.5","","8.0","98","","47","","19.22","19.59","12.87","","","","",""
"2024-08-15","2024228","13:09","10.0","93.5951","14.0","","","3.4","","8.0","98","","51","","19.23","19.57","12.88","","","","",""
"2024-08-15","2024228","13:09","10.0","93.5951","15.0","","","3.4","","8.0","98","","56","","19.23","19.57","12.88","","","","",""
"2024-08-15","2024228","13:09","10.0","93.5951","16.0","","","3.4","","8.0","98","","58","","19.23","19.57","12.88","","","","",""
"2024-08-15","2024228","13:09","10.0","93.5951","17.0","","","3.6","","8.0","98","","60","","19.23","19.57","12.88","","","","",""
"2024-08-15","2024228","12:53","11.0","89.7672","1.0","","","4.2","","8.2","100","","27","2.43","19.25","19.99","12.79","","","","",""
"2024-08-15","2024228","12:53","11.0","89.7672","2.0","","","3.7","","8.2","100","","27","","19.56","19.73","13.10","","","","",""
"2024-08-15","2024228","12:53","11.0","89.7672","3.0","","","4.3","","8.3","102","","28","","20.59","19.70","13.88","","","","",""
"2024-08-15","2024228","12:53","11.0","89.7672","4.0","","","5.3","","8.4","104","","26","","20.89","19.73","14.10","","","","",""
"2024-08-15","2024228","12:53","11.0","89.7672","5.0","","","5.6","","8.3","104","","23","","21.04","19.85","14.18","","","","",""
"2024-08-15","2024228","12:53","11.0","89.7672","6.0","","","5.7","","8.3","103","","20","","21.22","19.76","14.35","","","","",""
"2024-08-15","2024228","12:53","11.0","89.7672","7.0","","","5.6","","8.2","103","","21","","21.37","19.67","14.48","","","","",""
"2024-08-15","2024228","12:53","11.0","89.7672","8.0","","","5.4","","8.2","102","","22","","21.42","19.61","14.53","","","","",""
"2024-08-15","2024228","12:53","11.0","89.7672","9.0","","","5.3","","8.2","102","","23","","21.43","19.60","14.54","","","","",""
"2024-08-15","2024228","12:53","11.0","89.7672","10.0","","","5.4","","8.2","102","","24","","21.44","19.60","14.55","","","","",""
"2024-08-15","2024228","12:53","11.0","89.7672","11.0","","","5.4","","8.2","102","","24","","21.46","19.59","14.56","","","","",""
"2024-08-15","2024228","12:53","11.0","89.7672","12.0","","","5.3","","8.2","102","","26","","21.49","19.58","14.59","","","","",""
"2024-08-15","2024228","12:53","11.0","89.7672","13.0","","","5.2","","8.1","101","","29","","21.60","19.54","14.68","","","","",""
"2024-08-15","2024228","12:53","11.0","89.7672","14.0","","","5.1","","8.1","101","","35","","21.71","19.51","14.77","","","","",""
"2024-08-15","2024228","12:53","11.0","89.7672","15.0","","","5.2","","8.1","101","","41","","21.75","19.50","14.81","","","","",""
"2024-08-15","2024228","12:53","11.0","89.7672","16.0","","","5.0","","8.1","101","","44","","21.77","19.49","14.82","","","","",""
"2024-08-15","2024228","12:53","11.0","89.7672","17.0","","","5.1","","8.1","101","","46","","21.78","19.49","14.83","","","","",""
"2024-08-15","2024228","12:53","11.0","89.7672","18.0","","","5.1","","8.1","101","","47","","21.79","19.49","14.84","","","","",""
"2024-08-15","2024228","12:53","11.0","89.7672","19.0","","","5.2","","8.1","101","","47","","21.78","19.49","14.84","","","","",""
"2024-08-15","2024228","12:53","11.0","89.7672","20.0","","","5.3","","8.1","101","","51","","21.79","19.49","14.84","","","","",""
"2024-08-15","2024228","12:53","11.0","89.7672","21.0","","","5.3","","8.1","101","","58","","21.79","19.49","14.84","","","","",""
"2024-08-15","2024228","12:40","12.0","84.4458","1.0","","","5.7","","8.4","106","","19","1.45","20.75","20.22","13.88","","","","",""
"2024-08-15","2024228","12:40","12.0","84.4458","2.0","","","6.6","","8.4","106","","19","","21.71","20.05","14.64","","","","",""
"2024-08-15","2024228","12:40","12.0","84.4458","3.0","","","6.6","","8.4","106","","16","","22.43","19.87","15.24","","","","",""
"2024-08-15","2024228","12:40","12.0","84.4458","4.0","","","6.5","","8.2","104","","14","","22.64","19.78","15.42","","","","",""
"2024-08-15","2024228","12:40","12.0","84.4458","5.0","","","6.5","","7.9","100","","13","","22.76","19.64","15.54","","","","",""
"2024-08-15","2024228","12:40","12.0","84.4458","6.0","","","5.6","","7.8","98","","14","","24.30","19.13","16.83","","","","",""
"2024-08-15","2024228","12:40","12.0","84.4458","7.0","","","4.8","","7.8","97","","23","","24.66","19.01","17.14","","","","",""
"2024-08-15","2024228","12:40","12.0","84.4458","8.0","","","4.7","","7.8","97","","27","","24.74","18.99","17.20","","","","",""
"2024-08-15","2024228","12:20","13.0","78.5444","1.0","","","4.2","","7.7","97","","12","1.11","26.11","18.66","18.32","","","","",""
"2024-08-15","2024228","12:20","13.0","78.5444","2.0","4.7","0.81","4.7","","7.7","96","11.3","12","","26.29","18.53","18.49","0.99","18.92","3.57","2.97","77.26"
"2024-08-15","2024228","12:20","13.0","78.5444","3.0","","","4.6","","7.6","95","","12","","26.40","18.45","18.59","","","","",""
"2024-08-15","2024228","12:20","13.0","78.5444","4.0","","","4.3","","7.5","94","","13","","26.59","18.37","18.75","","","","",""
"2024-08-15","2024228","12:20","13.0","78.5444","5.0","","","4.1","","7.4","93","","15","","26.76","18.33","18.89","","","","",""
"2024-08-15","2024228","12:20","13.0","78.5444","6.0","","","4.0","","7.4","93","","19","","26.83","18.29","18.95","","","","",""
"2024-08-15","2024228","12:20","13.0","78.5444","7.0","","","3.8","","7.4","93","","21","","26.84","18.28","18.97","","","","",""
"2024-08-15","2024228","12:20","13.0","78.5444","8.0","","","3.8","","7.4","93","","21","","26.86","18.26","18.99","","","","",""
"2024-08-15","2024228","12:20","13.0","78.5444","9.0","2.9","0.72","3.4","","7.4","93","18.8","22","","26.86","18.26","18.99","","","","",""
"2024-08-15","2024228","12:06","14.0","74.4288","1.0","","","4.7","","7.7","98","","11","1.04","26.75","18.61","18.82","","","","",""
"2024-08-15","2024228","12:06","14.0","74.4288","2.0","","","5.3","","7.6","96","","9","","26.77","18.56","18.85","","","","",""
"2024-08-15","2024228","12:06","14.0","74.4288","3.0","","","5.5","","7.6","95","","10","","26.89","18.36","18.99","","","","",""
"2024-08-15","2024228","12:06","14.0","74.4288","4.0","","","5.0","","7.5","94","","10","","26.99","18.18","19.11","","","","",""
"2024-08-15","2024228","12:06","14.0","74.4288","5.0","","","4.4","","7.5","94","","11","","27.01","18.13","19.14","","","","",""
"2024-08-15","2024228","12:06","14.0","74.4288","6.0","","","4.1","","7.5","94","","12","","27.03","18.11","19.16","","","","",""
"2024-08-15","2024228","12:06","14.0","74.4288","7.0","","","3.9","","7.5","93","","12","","27.06","18.07","19.19","","","","",""
"2024-08-15","2024228","12:06","14.0","74.4288","8.0","","","3.8","","7.5","93","","13","","27.18","18.00","19.29","","","","",""
"2024-08-15","2024228","12:06","14.0","74.4288","9.0","","","4.0","","7.4","93","","13","","27.26","17.98","19.36","","","","",""
"2024-08-15","2024228","12:06","14.0","74.4288","10.0","","","4.2","","7.4","93","","14","","27.29","17.97","19.39","","","","",""
"2024-08-15","2024228","12:06","14.0","74.4288","11.0","","","4.3","","7.4","92","","16","","27.31","17.97","19.40","","","","",""
"2024-08-15","2024228","12:06","14.0","74.4288","12.0","","","4.1","","7.4","92","","17","","27.32","17.97","19.41","","","","",""
"2024-08-15","2024228","12:06","14.0","74.4288","13.0","","","4.2","","7.4","92","","18","","27.32","17.96","19.41","","","","",""
"2024-08-15","2024228","12:06","14.0","74.4288","14.0","","","4.2","","7.4","92","","20","","27.33","17.96","19.42","","","","",""
"2024-08-15","2024228","12:06","14.0","74.4288","15.0","","","4.3","","7.4","92","","21","","27.34","17.96","19.42","","","","",""
"2024-08-15","2024228","11:52","15.0","69.9895","1.0","","","6.7","","8.1","102","","7","0.72","26.76","18.69","18.81","","","","",""
"2024-08-15","2024228","11:52","15.0","69.9895","2.0","8.9","0.86","8.7","","8.1","102","8.2","7","","26.76","18.68","18.81","0.99","18.63","3.28","2.79","74.77"
"2024-08-15","2024228","11:52","15.0","69.9895","3.0","","","8.8","","8.1","102","","7","","26.77","18.67","18.82","","","","",""
"2024-08-15","2024228","11:52","15.0","69.9895","4.0","","","8.0","","7.9","99","","7","","26.78","18.65","18.84","","","","",""
"2024-08-15","2024228","11:52","15.0","69.9895","5.0","","","7.2","","7.7","96","","7","","26.94","18.52","18.99","","","","",""
"2024-08-15","2024228","11:52","15.0","69.9895","6.0","","","5.9","","7.6","96","","8","","27.55","18.11","19.55","","","","",""
"2024-08-15","2024228","11:52","15.0","69.9895","7.0","","","5.5","","7.6","96","","8","","27.75","17.99","19.73","","","","",""
"2024-08-15","2024228","11:52","15.0","69.9895","8.0","","","5.4","","7.6","95","","8","","27.82","17.96","19.79","","","","",""
"2024-08-15","2024228","11:52","15.0","69.9895","9.0","","","5.3","","7.6","95","","8","","27.86","17.94","19.83","","","","",""
"2024-08-15","2024228","11:52","15.0","69.9895","10.0","","","5.4","","7.6","95","","9","","27.92","17.94","19.87","","","","",""
"2024-08-15","2024228","11:52","15.0","69.9895","11.0","","","5.6","","7.4","93","","9","","28.07","17.89","19.99","","","","",""
"2024-08-15","2024228","11:52","15.0","69.9895","12.0","","","5.3","","7.3","91","","9","","28.50","17.66","20.38","","","","",""
"2024-08-15","2024228","11:52","15.0","69.9895","13.0","","","4.8","","7.2","90","","10","","28.82","17.47","20.67","","","","",""
"2024-08-15","2024228","11:52","15.0","69.9895","14.0","","","4.5","","7.2","90","","10","","28.89","17.43","20.73","","","","",""
"2024-08-15","2024228","11:52","15.0","69.9895","15.0","","","4.5","","7.2","90","","12","","28.93","17.41","20.77","","","","",""
"2024-08-15","2024228","11:52","15.0","69.9895","16.0","","","4.7","","7.2","90","","13","","29.01","17.36","20.84","","","","",""
"2024-08-15","2024228","11:52","15.0","69.9895","17.0","","","5.0","","7.2","90","","19","","29.08","17.33","20.90","","","","",""
"2024-08-15","2024228","11:52","15.0","69.9895","18.0","","","5.3","","7.2","90","","53","","29.08","17.32","20.90","","","","",""
"2024-08-15","2024228","11:52","15.0","69.9895","19.0","","","5.3","","7.2","90","","60","","29.08","17.32","20.90","","","","",""
"2024-08-15","2024228","11:52","15.0","69.9895","20.0","","","5.5","","7.2","90","","71","","29.09","17.32","20.91","","","","",""
"2024-08-15","2024228","11:52","15.0","69.9895","21.0","","","5.4","","7.2","90","","82","","29.08","17.32","20.90","","","","",""
"2024-08-15","2024228","11:52","15.0","69.9895","22.0","","","5.5","","7.2","90","","83","","29.08","17.32","20.90","","","","",""
"2024-08-15","2024228","11:52","15.0","69.9895","23.0","4.8","0.53","5.4","","7.2","90","78.5","82","","29.10","17.31","20.92","","","","",""
"2024-08-15","2024228","11:34","16.0","63.0794","1.0","","","6.2","","7.3","92","","5","0.58","29.63","17.49","21.28","","","","",""
"2024-08-15","2024228","11:34","16.0","63.0794","2.0","","","7.3","","7.3","90","","4","","29.97","16.97","21.66","","","","",""
"2024-08-15","2024228","11:34","16.0","63.0794","3.0","","","7.8","","7.2","90","","4","","30.08","16.88","21.77","","","","",""
"2024-08-15","2024228","11:34","16.0","63.0794","4.0","","","7.2","","7.2","89","","6","","30.13","16.88","21.81","","","","",""
"2024-08-15","2024228","11:34","16.0","63.0794","5.0","","","6.9","","7.1","88","","7","","30.36","16.73","22.02","","","","",""
"2024-08-15","2024228","11:34","16.0","63.0794","6.0","","","6.6","","7.1","87","","7","","30.45","16.63","22.11","","","","",""
"2024-08-15","2024228","11:34","16.0","63.0794","7.0","","","6.6","","7.0","87","","8","","30.52","16.56","22.18","","","","",""
"2024-08-15","2024228","11:34","16.0","63.0794","8.0","","","6.6","","7.0","87","","9","","30.54","16.54","22.20","","","","",""
"2024-08-15","2024228","11:34","16.0","63.0794","9.0","","","6.6","","7.0","87","","11","","30.55","16.52","22.21","","","","",""
"2024-08-15","2024228","11:34","16.0","63.0794","10.0","","","6.6","","7.0","87","","14","","30.57","16.51","22.23","","","","",""
"2024-08-15","2024228","11:34","16.0","63.0794","11.0","","","6.6","","7.0","87","","17","","30.58","16.50","22.24","","","","",""
"2024-08-15","2024228","11:34","16.0","63.0794","12.0","","","6.6","","7.0","86","","18","","30.57","16.51","22.23","","","","",""
"2024-08-15","2024228","11:34","16.0","63.0794","13.0","","","6.6","","7.0","86","","18","","30.57","16.51","22.23","","","","",""
"2024-08-15","2024228","11:21","17.0","58.8909","1.0","","","6.7","","6.9","85","","4","0.63","30.71","16.35","22.37","","","","",""
"2024-08-15","2024228","11:21","17.0","58.8909","2.0","6.9","0.83","6.9","","6.8","84","","4","","31.06","15.96","22.73","","","","",""
"2024-08-15","2024228","11:21","17.0","58.8909","3.0","","","7.0","","6.8","83","","4","","31.32","15.68","22.99","","","","",""
"2024-08-15","2024228","11:21","17.0","58.8909","4.0","","","6.9","","6.7","81","","5","","31.42","15.56","23.09","","","","",""
"2024-08-15","2024228","11:21","17.0","58.8909","5.0","","","6.9","","6.7","81","","8","","31.57","15.36","23.25","","","","",""
"2024-08-15","2024228","11:21","17.0","58.8909","6.0","","","7.2","","6.6","81","","12","","31.58","15.35","23.26","","","","",""
"2024-08-15","2024228","11:21","17.0","58.8909","7.0","","","7.3","","6.6","80","","14","","31.60","15.32","23.28","","","","",""
"2024-08-15","2024228","11:21","17.0","58.8909","8.0","","","7.4","","6.6","80","","20","","31.60","15.32","23.28","","","","",""
"2024-08-15","2024228","11:21","17.0","58.8909","9.0","","","7.1","","6.6","80","","20","","31.60","15.32","23.28","","","","",""
"2024-08-15","2024228","11:21","17.0","58.8909","10.0","","","7.2","","6.6","80","","21","","31.60","15.32","23.28","","","","",""
"2024-08-15","2024228","11:21","17.0","58.8909","11.0","","","7.2","","6.6","80","","22","","31.60","15.32","23.28","","","","",""
"2024-08-15","2024228","11:00","18.0","54.9481","1.0","","","6.5","","7.0","85","","3","0.63","31.69","15.31","23.35","","","","",""
"2024-08-15","2024228","11:00","18.0","54.9481","2.0","7.0","0.75","6.8","","7.0","85","3.7","3","","31.69","15.29","23.36","0.77","17.92","4.28","2.32","43.79"
"2024-08-15","2024228","11:00","18.0","54.9481","3.0","","","6.8","","7.0","84","","2","","31.69","15.28","23.36","","","","",""
"2024-08-15","2024228","11:00","18.0","54.9481","4.0","","","6.8","","6.9","84","","2","","31.70","15.26","23.37","","","","",""
"2024-08-15","2024228","11:00","18.0","54.9481","5.0","","","6.7","","6.9","83","","2","","31.72","15.19","23.40","","","","",""
"2024-08-15","2024228","11:00","18.0","54.9481","6.0","","","6.8","","6.8","82","","2","","31.76","15.11","23.45","","","","",""
"2024-08-15","2024228","11:00","18.0","54.9481","7.0","","","6.8","","6.8","82","","2","","31.78","15.07","23.47","","","","",""
"2024-08-15","2024228","11:00","18.0","54.9481","8.0","","","6.8","","6.7","81","","3","","31.80","15.02","23.50","","","","",""
"2024-08-15","2024228","11:00","18.0","54.9481","9.0","","","6.8","","6.7","81","","3","","31.81","15.01","23.51","","","","",""
"2024-08-15","2024228","11:00","18.0","54.9481","10.0","","","6.8","","6.7","81","","4","","31.81","14.99","23.52","","","","",""
"2024-08-15","2024228","11:00","18.0","54.9481","11.0","","","6.8","","6.7","81","","4","","31.81","14.99","23.52","","","","",""
"2024-08-15","2024228","11:00","18.0","54.9481","12.0","","","6.7","","6.7","81","","4","","31.81","14.99","23.52","","","","",""
"2024-08-15","2024228","11:00","18.0","54.9481","13.0","","","6.7","","6.7","81","","4","","31.81","14.99","23.52","","","","",""
"2024-08-15","2024228","11:00","18.0","54.9481","14.0","","","6.7","","6.7","81","","4","","31.81","14.99","23.52","","","","",""
"2024-08-15","2024228","11:00","18.0","54.9481","15.0","","","6.6","","6.7","81","","4","","31.81","14.99","23.52","","","","",""
"2024-08-15","2024228","11:00","18.0","54.9481","16.0","","","6.7","","6.7","81","","5","","31.83","14.96","23.54","","","","",""
"2024-08-15","2024228","11:00","18.0","54.9481","17.0","","","6.7","","6.7","81","","5","","31.83","14.96","23.54","","","","",""
"2024-08-15","2024228","11:00","18.0","54.9481","18.0","","","6.7","","6.7","81","","5","","31.83","14.96","23.54","","","","",""
"2024-08-15","2024228","11:00","18.0","54.9481","19.0","","","6.7","","6.7","81","","6","","31.82","14.97","23.53","","","","",""
"2024-08-15","2024228","11:00","18.0","54.9481","20.0","","","6.7","","6.7","81","","6","","31.83","14.96","23.54","","","","",""
"2024-08-15","2024228","11:00","18.0","54.9481","21.0","","","6.6","","6.7","81","","6","","31.82","14.97","23.53","","","","",""
"2024-08-15","2024228","11:00","18.0","54.9481","22.0","","","6.7","","6.7","81","","5","","31.83","14.96","23.54","","","","",""
"2024-08-15","2024228","11:00","18.0","54.9481","23.0","","","6.7","","6.7","81","","6","","31.83","14.95","23.54","","","","",""
"2024-08-15","2024228","11:00","18.0","54.9481","24.0","","","6.8","","6.7","81","","6","","31.83","14.95","23.54","","","","",""
"2024-08-15","2024228","11:00","18.0","54.9481","25.0","","","6.8","","6.7","81","","7","","31.83","14.95","23.54","","","","",""
"2024-08-15","2024228","11:00","18.0","54.9481","26.0","","","6.8","","6.7","81","","7","","31.83","14.95","23.54","","","","",""
"2024-08-15","2024228","11:00","18.0","54.9481","27.0","","","6.8","","6.7","81","","7","","31.83","14.95","23.54","","","","",""
"2024-08-15","2024228","11:00","18.0","54.9481","28.0","","","6.8","","6.7","81","","7","","31.84","14.95","23.54","","","","",""
"2024-08-15","2024228","11:00","18.0","54.9481","29.0","","","6.8","","6.7","81","","7","","31.83","14.95","23.54","","","","",""
"2024-08-15","2024228","11:00","18.0","54.9481","30.0","","","6.7","","6.7","81","","7","","31.83","14.96","23.54","","","","",""
"2024-08-15","2024228","11:00","18.0","54.9481","31.0","","","6.8","","6.7","81","","7","","31.83","14.96","23.53","","","","",""
"2024-08-15","2024228","11:00","18.0","54.9481","32.0","","","6.7","","6.7","81","","6","","31.82","14.97","23.53","","","","",""
"2024-08-15","2024228","11:00","18.0","54.9481","33.0","","","6.6","","6.7","81","","6","","31.82","14.97","23.53","","","","",""
"2024-08-15","2024228","11:00","18.0","54.9481","34.0","","","6.7","","6.7","81","","6","","31.83","14.96","23.53","","","","",""
"2024-08-15","2024228","11:00","18.0","54.9481","35.0","","","6.6","","6.7","81","","6","","31.83","14.96","23.54","","","","",""
"2024-08-15","2024228","11:00","18.0","54.9481","36.0","","","6.6","","6.7","81","","6","","31.83","14.96","23.54","","","","",""
"2024-08-15","2024228","11:00","18.0","54.9481","37.0","","","6.6","","6.7","81","","6","","31.83","14.97","23.53","","","","",""
"2024-08-15","2024228","11:00","18.0","54.9481","38.0","","","6.6","","6.7","81","","6","","31.83","14.97","23.53","","","","",""
"2024-08-15","2024228","11:00","18.0","54.9481","39.0","","","6.6","","6.7","81","","6","","31.82","14.97","23.53","","","","",""
"2024-08-15","2024228","11:00","18.0","54.9481","40.0","","","6.6","","6.7","81","","6","","31.82","14.97","23.53","","","","",""
"2024-08-15","2024228","11:00","18.0","54.9481","41.0","","","6.7","","6.7","81","","6","","31.82","14.97","23.53","","","","",""
"2024-08-15","2024228","11:00","18.0","54.9481","42.0","","","6.7","","6.7","81","","5","","31.82","14.97","23.53","","","","",""
"2024-08-15","2024228","11:00","18.0","54.9481","43.0","","","6.7","","6.7","81","","6","","31.82","14.97","23.53","","","","",""
"2024-08-15","2024228","11:00","18.0","54.9481","44.0","","","6.6","","6.7","81","","6","","31.82","14.97","23.53","","","","",""
"2024-08-15","2024228","11:00","18.0","54.9481","45.0","","","6.6","","6.7","81","","6","","31.83","14.97","23.53","","","","",""
"2024-08-15","2024228","11:00","18.0","54.9481","46.0","","","6.7","","6.7","81","","6","","31.83","14.97","23.53","","","","",""
"2024-08-15","2024228","11:00","18.0","54.9481","47.0","","","6.7","","6.7","81","","6","","31.83","14.97","23.54","","","","",""
"2024-08-15","2024228","11:00","18.0","54.9481","48.0","6.5","0.67","6.8","","6.7","81","8.6","8","","31.83","14.97","23.54","","","","",""
"2024-08-15","2024228","10:47","20.0","51.4501","1.0","","","6.3","","7.3","92","","3","0.68","30.78","16.89","22.30","","","","",""
"2024-08-15","2024228","10:47","20.0","51.4501","2.0","6.1","0.78","6.1","","7.3","92","","3","","30.76","16.94","22.28","","","","",""
"2024-08-15","2024228","10:47","20.0","51.4501","3.0","","","6.1","","7.3","91","","2","","30.73","17.01","22.24","","","","",""
"2024-08-15","2024228","10:47","20.0","51.4501","4.0","","","6.4","","7.2","89","","2","","30.78","16.87","22.30","","","","",""
"2024-08-15","2024228","10:47","20.0","51.4501","5.0","","","6.9","","7.1","87","","2","","30.91","16.56","22.48","","","","",""
"2024-08-15","2024228","10:47","20.0","51.4501","6.0","","","7.2","","7.0","86","","2","","31.15","16.23","22.73","","","","",""
"2024-08-15","2024228","10:47","20.0","51.4501","7.0","","","7.2","","6.8","84","","2","","31.34","15.89","22.96","","","","",""
"2024-08-15","2024228","10:47","20.0","51.4501","8.0","","","7.1","","6.7","81","","2","","31.52","15.54","23.17","","","","",""
"2024-08-15","2024228","10:47","20.0","51.4501","9.0","","","6.9","","6.7","81","","3","","31.66","15.26","23.35","","","","",""
"2024-08-15","2024228","10:47","20.0","51.4501","10.0","","","7.0","","6.7","81","","4","","31.66","15.25","23.35","","","","",""
"2024-08-15","2024228","10:47","20.0","51.4501","11.0","","","7.0","","6.7","81","","4","","31.66","15.26","23.34","","","","",""
"2024-08-15","2024228","10:47","20.0","51.4501","12.0","","","7.1","","6.7","81","","5","","31.66","15.26","23.34","","","","",""
"2024-08-15","2024228","10:47","20.0","51.4501","13.0","","","7.0","","6.7","81","","5","","31.66","15.26","23.34","","","","",""
"2024-08-15","2024228","10:47","20.0","51.4501","14.0","","","6.8","","6.7","81","","4","","31.66","15.25","23.34","","","","",""
"2024-08-15","2024228","10:47","20.0","51.4501","15.0","","","6.9","","6.7","81","","4","","31.66","15.24","23.35","","","","",""
"2024-08-15","2024228","10:47","20.0","51.4501","16.0","","","7.0","","6.7","81","","5","","31.67","15.22","23.36","","","","",""
"2024-08-15","2024228","10:47","20.0","51.4501","17.0","","","6.7","","6.7","81","","5","","31.69","15.20","23.38","","","","",""
"2024-08-15","2024228","10:47","20.0","51.4501","18.0","","","6.9","","6.7","81","","6","","31.70","15.18","23.39","","","","",""
"2024-08-15","2024228","10:47","20.0","51.4501","19.0","","","6.8","","6.7","81","","6","","31.71","15.17","23.40","","","","",""
"2024-08-15","2024228","10:47","20.0","51.4501","20.0","","","6.8","","6.7","81","","7","","31.70","15.17","23.40","","","","",""
"2024-08-15","2024228","10:47","20.0","51.4501","21.0","","","6.9","","6.7","81","","8","","31.70","15.17","23.40","","","","",""
"2024-08-15","2024228","10:47","20.0","51.4501","22.0","","","6.8","","6.7","81","","8","","31.71","15.17","23.40","","","","",""
"2024-08-15","2024228","10:47","20.0","51.4501","23.0","","","6.7","","6.7","81","","9","","31.71","15.17","23.40","","","","",""
"2024-08-15","2024228","10:47","20.0","51.4501","24.0","","","6.8","","6.7","81","","9","","31.71","15.17","23.40","","","","",""
"2024-08-15","2024228","10:47","20.0","51.4501","25.0","","","6.8","","6.6","80","","9","","31.71","15.17","23.40","","","","",""
"2024-08-15","2024228","10:31","21.0","46.6266","1.0","","","5.9","","7.4","93","","5","0.81","29.77","17.82","21.31","","","","",""
"2024-08-15","2024228","10:31","21.0","46.6266","2.0","6.8","0.83","6.8","","7.2","91","","4","","29.93","17.78","21.45","","","","",""
"2024-08-15","2024228","10:31","21.0","46.6266","3.0","","","7.3","","7.1","89","","3","","30.12","17.55","21.65","","","","",""
"2024-08-15","2024228","10:31","21.0","46.6266","4.0","","","6.8","","7.1","88","","5","","30.34","17.24","21.89","","","","",""
"2024-08-15","2024228","10:31","21.0","46.6266","5.0","","","6.7","","7.0","87","","6","","30.41","17.07","21.98","","","","",""
"2024-08-15","2024228","10:31","21.0","46.6266","6.0","","","6.6","","7.0","87","","7","","30.50","16.88","22.09","","","","",""
"2024-08-15","2024228","10:31","21.0","46.6266","7.0","","","6.6","","6.9","86","","7","","30.61","16.67","22.22","","","","",""
"2024-08-15","2024228","10:31","21.0","46.6266","8.0","","","6.4","","6.9","85","","8","","30.69","16.57","22.31","","","","",""
"2024-08-15","2024228","10:31","21.0","46.6266","9.0","","","6.5","","6.9","85","","9","","30.70","16.55","22.32","","","","",""
"2024-08-15","2024228","10:31","21.0","46.6266","10.0","","","6.3","","6.9","85","","9","","30.72","16.54","22.33","","","","",""
"2024-08-15","2024228","10:31","21.0","46.6266","11.0","","","6.3","","6.8","85","","11","","30.73","16.54","22.34","","","","",""
"2024-08-15","2024228","10:31","21.0","46.6266","12.0","","","6.3","","6.8","84","","11","","30.73","16.54","22.35","","","","",""
"2024-08-15","2024228","10:31","21.0","46.6266","13.0","","","6.3","","6.8","84","","11","","30.76","16.53","22.37","","","","",""
"2024-08-15","2024228","10:31","21.0","46.6266","14.0","","","6.1","","6.7","83","","12","","30.82","16.52","22.42","","","","",""
"2024-08-15","2024228","10:31","21.0","46.6266","15.0","","","6.1","","6.7","83","","14","","30.82","16.52","22.42","","","","",""
"2024-08-15","2024228","10:31","21.0","46.6266","16.0","","","6.1","","6.7","83","","15","","30.83","16.52","22.42","","","","",""
"2024-08-15","2024228","10:31","21.0","46.6266","17.0","","","6.1","","6.7","83","","16","","30.83","16.52","22.43","","","","",""
"2024-08-15","2024228","10:31","21.0","46.6266","18.0","","","5.9","","6.7","83","","16","","30.83","16.52","22.42","","","","",""
"2024-08-15","2024228","10:21","22.0","43.9210","1.0","","","6.2","","7.4","93","","5","0.84","29.70","17.40","21.36","","","","",""
"2024-08-15","2024228","10:21","22.0","43.9210","2.0","6.8","0.81","6.7","","7.3","92","6.5","5","","29.70","17.38","21.37","1.01","18.56","4.21","2.73","60.17"
"2024-08-15","2024228","10:21","22.0","43.9210","3.0","","","6.8","","7.1","89","","4","","29.79","17.30","21.45","","","","",""
"2024-08-15","2024228","10:21","22.0","43.9210","4.0","","","6.7","","6.9","86","","5","","30.22","17.09","21.83","","","","",""
"2024-08-15","2024228","10:21","22.0","43.9210","5.0","","","6.3","","6.8","85","","9","","30.35","17.10","21.93","","","","",""
"2024-08-15","2024228","10:21","22.0","43.9210","6.0","","","6.2","","6.8","85","","12","","30.37","17.10","21.94","","","","",""
"2024-08-15","2024228","10:21","22.0","43.9210","7.0","","","6.1","","6.8","85","","14","","30.38","17.10","21.95","","","","",""
"2024-08-15","2024228","10:21","22.0","43.9210","8.0","","","6.1","","6.8","85","","14","","30.39","17.09","21.96","","","","",""
"2024-08-15","2024228","10:21","22.0","43.9210","9.0","","","6.2","","6.8","85","","15","","30.40","17.07","21.97","","","","",""
"2024-08-15","2024228","10:21","22.0","43.9210","10.0","","","6.2","","6.8","85","","16","","30.40","17.06","21.98","","","","",""
"2024-08-15","2024228","10:21","22.0","43.9210","11.0","","","6.3","","6.8","85","","20","","30.41","17.06","21.98","","","","",""
"2024-08-15","2024228","10:21","22.0","43.9210","12.0","","","6.3","","6.8","85","","24","","30.41","17.05","21.99","","","","",""
"2024-08-15","2024228","10:21","22.0","43.9210","13.0","","","6.4","","6.8","85","","25","","30.42","17.03","22.00","","","","",""
"2024-08-15","2024228","10:21","22.0","43.9210","14.0","","","6.4","","6.8","85","","25","","30.42","17.03","22.00","","","","",""
"2024-08-15","2024228","10:21","22.0","43.9210","15.0","","","6.4","","6.8","85","","23","","30.42","17.02","22.00","","","","",""
"2024-08-15","2024228","10:21","22.0","43.9210","16.0","","","6.0","","6.8","85","","23","","30.42","17.03","22.00","","","","",""
"2024-08-15","2024228","10:21","22.0","43.9210","17.0","","","5.9","","6.8","85","","24","","30.43","17.00","22.01","","","","",""
"2024-08-15","2024228","10:21","22.0","43.9210","18.0","4.6","0.55","5.9","","6.8","85","30.2","25","","30.44","17.00","22.01","","","","",""
"2024-08-15","2024228","10:04","23.0","39.6557","1.0","","","3.9","","7.2","90","","5","0.96","30.07","17.63","21.59","","","","",""
"2024-08-15","2024228","10:04","23.0","39.6557","2.0","","","4.3","","7.1","90","","6","","30.10","17.63","21.61","","","","",""
"2024-08-15","2024228","10:04","23.0","39.6557","3.0","","","4.5","","7.0","89","","7","","30.14","17.64","21.64","","","","",""
"2024-08-15","2024228","10:04","23.0","39.6557","4.0","","","4.4","","7.0","89","","8","","30.17","17.65","21.66","","","","",""
"2024-08-15","2024228","10:04","23.0","39.6557","5.0","","","4.2","","7.0","89","","9","","30.18","17.66","21.67","","","","",""
"2024-08-15","2024228","10:04","23.0","39.6557","6.0","","","4.2","","7.0","88","","10","","30.19","17.67","21.67","","","","",""
"2024-08-15","2024228","10:04","23.0","39.6557","7.0","","","4.2","","7.0","88","","10","","30.20","17.67","21.68","","","","",""
"2024-08-15","2024228","10:04","23.0","39.6557","8.0","","","4.2","","7.0","89","","11","","30.21","17.68","21.69","","","","",""
"2024-08-15","2024228","10:04","23.0","39.6557","9.0","","","4.2","","7.0","88","","11","","30.22","17.68","21.69","","","","",""
"2024-08-15","2024228","10:04","23.0","39.6557","10.0","","","4.3","","7.0","88","","12","","30.23","17.70","21.70","","","","",""
"2024-08-15","2024228","10:04","23.0","39.6557","11.0","","","4.4","","7.0","88","","13","","30.24","17.70","21.70","","","","",""
"2024-08-15","2024228","10:04","23.0","39.6557","12.0","","","4.3","","7.0","88","","14","","30.24","17.70","21.70","","","","",""
"2024-08-15","2024228","10:04","23.0","39.6557","13.0","","","4.3","","7.0","88","","14","","30.24","17.71","21.70","","","","",""
"2024-08-15","2024228","10:04","23.0","39.6557","14.0","","","4.4","","7.0","88","","14","","30.24","17.71","21.70","","","","",""
"2024-08-15","2024228","9:51","24.0","37.0911","1.0","","","4.8","","7.3","95","","8","0.95","30.07","18.97","21.27","","","","",""
"2024-08-15","2024228","9:51","24.0","37.0911","2.0","5.3","0.77","4.9","","7.4","95","8.2","9","","30.07","18.97","21.27","1.56","23.20","5.64","4.16","69.79"
"2024-08-15","2024228","9:51","24.0","37.0911","3.0","","","4.7","","7.4","95","","9","","30.07","18.96","21.27","","","","",""
"2024-08-15","2024228","9:51","24.0","37.0911","4.0","","","4.8","","7.4","95","","9","","30.08","18.95","21.27","","","","",""
"2024-08-15","2024228","9:51","24.0","37.0911","5.0","","","4.8","","7.3","95","","9","","30.08","18.95","21.28","","","","",""
"2024-08-15","2024228","9:51","24.0","37.0911","6.0","","","4.8","","7.3","94","","10","","30.07","18.94","21.28","","","","",""
"2024-08-15","2024228","9:51","24.0","37.0911","7.0","","","4.8","","7.3","95","","11","","30.08","18.93","21.28","","","","",""
"2024-08-15","2024228","9:51","24.0","37.0911","8.0","","","4.9","","7.3","95","","12","","30.07","18.93","21.28","","","","",""
"2024-08-15","2024228","9:51","24.0","37.0911","9.0","4.7","0.71","4.8","","7.3","95","12.8","12","","30.07","18.93","21.28","","","","",""
"2024-08-15","2024228","9:39","25.0","32.8382","1.0","","","5.4","","7.5","99","","9","1.11","29.89","19.86","20.91","","","","",""
"2024-08-15","2024228","9:39","25.0","32.8382","2.0","","","5.2","","7.5","98","","10","","29.91","19.77","20.95","","","","",""
"2024-08-15","2024228","9:39","25.0","32.8382","3.0","","","4.9","","7.5","98","","12","","29.92","19.74","20.96","","","","",""
"2024-08-15","2024228","9:39","25.0","32.8382","4.0","","","4.9","","7.4","97","","13","","29.95","19.70","20.99","","","","",""
"2024-08-15","2024228","9:39","25.0","32.8382","5.0","","","5.0","","7.5","98","","15","","29.96","19.69","21.00","","","","",""
"2024-08-15","2024228","9:39","25.0","32.8382","6.0","","","5.0","","7.4","97","","16","","29.96","19.69","21.00","","","","",""
"2024-08-15","2024228","9:39","25.0","32.8382","7.0","","","5.2","","7.4","97","","17","","29.97","19.68","21.01","","","","",""
"2024-08-15","2024228","9:25","26.0","28.7560","1.0","","","5.0","","7.7","101","","15","1.18","29.81","19.89","20.83","","","","",""
"2024-08-15","2024228","9:25","26.0","28.7560","2.0","","","4.9","","7.7","101","","16","","29.81","19.89","20.84","","","","",""
"2024-08-15","2024228","9:25","26.0","28.7560","3.0","","","5.0","","7.7","101","","16","","29.81","19.89","20.84","","","","",""
"2024-08-15","2024228","9:25","26.0","28.7560","4.0","","","5.1","","7.7","101","","16","","29.81","19.88","20.84","","","","",""
"2024-08-15","2024228","9:25","26.0","28.7560","5.0","","","5.1","","7.7","101","","15","","29.81","19.86","20.85","","","","",""
"2024-08-15","2024228","9:25","26.0","28.7560","6.0","","","5.2","","7.7","101","","19","","29.83","19.82","20.87","","","","",""
"2024-08-15","2024228","9:25","26.0","28.7560","7.0","","","5.5","","7.7","101","","22","","29.84","19.80","20.88","","","","",""
"2024-08-15","2024228","9:25","26.0","28.7560","8.0","","","5.5","","7.7","101","","22","","29.84","19.79","20.89","","","","",""
"2024-08-15","2024228","9:25","26.0","28.7560","9.0","","","5.5","","7.7","101","","23","","29.84","19.79","20.89","","","","",""
"2024-08-15","2024228","9:11","27.0","26.1872","1.0","","","4.4","","7.4","98","","27","1.88","29.46","20.41","20.44","","","","",""
"2024-08-15","2024228","9:11","27.0","26.1872","2.0","4.3","0.69","4.5","","7.4","98","24.4","27","","29.46","20.41","20.44","1.46","23.63","3.78","7.21","116.43"
"2024-08-15","2024228","9:11","27.0","26.1872","3.0","","","4.6","","7.4","98","","27","","29.46","20.40","20.44","","","","",""
"2024-08-15","2024228","9:11","27.0","26.1872","4.0","","","4.8","","7.4","98","","29","","29.46","20.40","20.44","","","","",""
"2024-08-15","2024228","9:11","27.0","26.1872","5.0","","","4.7","","7.4","98","","30","","29.47","20.39","20.45","","","","",""
"2024-08-15","2024228","9:11","27.0","26.1872","6.0","","","4.6","","7.4","98","","32","","29.47","20.38","20.45","","","","",""
"2024-08-15","2024228","9:11","27.0","26.1872","7.0","","","4.6","","7.4","98","","35","","29.48","20.38","20.46","","","","",""
"2024-08-15","2024228","9:11","27.0","26.1872","8.0","","","4.7","","7.4","98","","41","","29.51","20.35","20.49","","","","",""
"2024-08-15","2024228","9:11","27.0","26.1872","9.0","","","5.0","","7.5","99","","46","","29.56","20.30","20.54","","","","",""
"2024-08-15","2024228","9:11","27.0","26.1872","10.0","5.4","0.54","5.5","","7.5","99","61.2","56","","29.66","20.19","20.64","","","","",""
"2024-08-15","2024228","8:58","28.0","23.5695","1.0","","","4.7","","7.3","97","","31","2.05","29.32","20.62","20.27","","","","",""
"2024-08-15","2024228","8:58","28.0","23.5695","2.0","","","4.4","","7.3","97","","32","","29.31","20.62","20.27","","","","",""
"2024-08-15","2024228","8:58","28.0","23.5695","3.0","","","4.4","","7.3","97","","32","","29.32","20.62","20.27","","","","",""
"2024-08-15","2024228","8:58","28.0","23.5695","4.0","","","4.4","","7.3","97","","32","","29.32","20.62","20.27","","","","",""
"2024-08-15","2024228","8:58","28.0","23.5695","5.0","","","4.5","","7.3","97","","32","","29.32","20.62","20.27","","","","",""
"2024-08-15","2024228","8:58","28.0","23.5695","6.0","","","4.5","","7.3","97","","34","","29.32","20.62","20.27","","","","",""
"2024-08-15","2024228","8:58","28.0","23.5695","7.0","","","4.6","","7.3","97","","35","","29.32","20.63","20.27","","","","",""
"2024-08-15","2024228","8:58","28.0","23.5695","8.0","","","4.6","","7.3","97","","36","","29.32","20.63","20.27","","","","",""
"2024-08-15","2024228","8:58","28.0","23.5695","9.0","","","4.6","","7.3","97","","38","","29.33","20.62","20.28","","","","",""
"2024-08-15","2024228","8:58","28.0","23.5695","10.0","","","5.0","","7.3","97","","38","","29.47","20.48","20.43","","","","",""
"2024-08-15","2024228","8:58","28.0","23.5695","11.0","","","5.0","","7.3","97","","37","","29.57","20.34","20.54","","","","",""
"2024-08-15","2024228","8:58","28.0","23.5695","12.0","","","5.0","","7.3","97","","40","","29.60","20.30","20.57","","","","",""
"2024-08-15","2024228","8:45","29.0","20.2526","1.0","","","4.9","","7.4","98","","26","1.88","29.36","20.83","20.25","","","","",""
"2024-08-15","2024228","8:45","29.0","20.2526","2.0","","","4.8","","7.4","98","","26","","29.36","20.84","20.25","","","","",""
"2024-08-15","2024228","8:45","29.0","20.2526","3.0","","","4.7","","7.4","99","","26","","29.36","20.81","20.26","","","","",""
"2024-08-15","2024228","8:45","29.0","20.2526","4.0","","","4.8","","7.4","98","","25","","29.37","20.79","20.27","","","","",""
"2024-08-15","2024228","8:45","29.0","20.2526","5.0","","","4.8","","7.4","98","","26","","29.38","20.76","20.28","","","","",""
"2024-08-15","2024228","8:45","29.0","20.2526","6.0","","","4.9","","7.4","98","","26","","29.38","20.76","20.28","","","","",""
"2024-08-15","2024228","8:45","29.0","20.2526","7.0","","","4.9","","7.3","97","","25","","29.38","20.75","20.29","","","","",""
"2024-08-15","2024228","8:45","29.0","20.2526","8.0","","","4.9","","7.3","97","","26","","29.43","20.62","20.36","","","","",""
"2024-08-15","2024228","8:45","29.0","20.2526","9.0","","","4.8","","7.3","97","","25","","29.47","20.54","20.41","","","","",""
"2024-08-15","2024228","8:45","29.0","20.2526","10.0","","","4.6","","7.3","97","","27","","29.48","20.51","20.42","","","","",""
"2024-08-15","2024228","8:45","29.0","20.2526","11.0","","","4.6","","7.3","97","","28","","29.48","20.51","20.43","","","","",""
"2024-08-15","2024228","8:45","29.0","20.2526","12.0","","","4.6","","7.3","97","","28","","29.48","20.50","20.43","","","","",""
"2024-08-15","2024228","8:45","29.0","20.2526","13.0","","","4.7","","7.3","97","","27","","29.48","20.50","20.43","","","","",""
"2024-08-15","2024228","8:27","30.0","14.7543","1.0","","","6.3","","7.5","100","","23","1.64","29.30","21.17","20.12","","","","",""
"2024-08-15","2024228","8:27","30.0","14.7543","2.0","6.3","0.78","6.2","","7.5","100","19.6","22","","29.30","21.17","20.12","1.18","19.49","1.86","7.86","117.50"
"2024-08-15","2024228","8:27","30.0","14.7543","3.0","","","5.8","","7.4","100","","22","","29.30","21.16","20.12","","","","",""
"2024-08-15","2024228","8:27","30.0","14.7543","4.0","","","5.7","","7.4","99","","23","","29.31","21.09","20.14","","","","",""
"2024-08-15","2024228","8:27","30.0","14.7543","5.0","","","5.8","","7.4","99","","27","","29.32","21.03","20.17","","","","",""
"2024-08-15","2024228","8:27","30.0","14.7543","6.0","","","5.8","","7.4","99","","33","","29.31","21.02","20.16","","","","",""
"2024-08-15","2024228","8:27","30.0","14.7543","7.0","","","5.8","","7.4","99","","35","","29.31","21.03","20.16","","","","",""
"2024-08-15","2024228","8:27","30.0","14.7543","8.0","","","5.8","","7.4","99","","35","","29.31","21.03","20.16","","","","",""
"2024-08-15","2024228","8:27","30.0","14.7543","9.0","5.4","0.64","5.5","","7.4","99","42.7","36","","29.32","21.01","20.17","","","","",""
"2024-08-15","2024228","8:07","31.0","10.6065","1.0","","","7.6","","7.5","100","","11","1.55","29.24","21.20","20.06","","","","",""
"2024-08-15","2024228","8:07","31.0","10.6065","2.0","","","6.8","","7.4","99","","11","","29.24","21.20","20.06","","","","",""
"2024-08-15","2024228","8:07","31.0","10.6065","3.0","","","6.6","","7.4","99","","11","","29.26","21.21","20.07","","","","",""
"2024-08-15","2024228","8:07","31.0","10.6065","4.0","","","6.3","","7.4","99","","12","","29.27","21.21","20.08","","","","",""
"2024-08-15","2024228","8:07","31.0","10.6065","5.0","","","6.4","","7.4","99","","13","","29.29","21.22","20.10","","","","",""
"2024-08-15","2024228","8:07","31.0","10.6065","6.0","","","6.6","","7.4","99","","15","","29.30","21.22","20.10","","","","",""
"2024-08-15","2024228","8:07","31.0","10.6065","7.0","","","6.6","","7.4","99","","17","","29.30","21.22","20.10","","","","",""
"2024-08-15","2024228","8:07","31.0","10.6065","8.0","","","6.6","","7.4","99","","17","","29.31","21.23","20.10","","","","",""
"2024-08-15","2024228","8:07","31.0","10.6065","9.0","","","6.4","","7.4","99","","19","","29.31","21.23","20.11","","","","",""
"2024-08-15","2024228","7:52","32.0","8.1507","1.0","","","6.6","","7.1","96","","16","1.62","28.90","21.44","19.74","","","","",""
"2024-08-15","2024228","7:52","32.0","8.1507","2.0","5.9","0.78","5.9","","7.2","97","18.0","17","","28.93","21.46","19.76","1.63","21.56","3.14","9.13","121.77"
"2024-08-15","2024228","7:52","32.0","8.1507","3.0","","","5.7","","7.3","98","","17","","29.02","21.46","19.82","","","","",""
"2024-08-15","2024228","7:52","32.0","8.1507","4.0","","","5.7","","7.2","97","","17","","29.09","21.45","19.88","","","","",""
"2024-08-15","2024228","7:52","32.0","8.1507","5.0","","","5.8","","7.2","97","","24","","29.12","21.47","19.90","","","","",""
"2024-08-15","2024228","7:52","32.0","8.1507","6.0","","","5.5","","7.2","97","","34","","29.13","21.48","19.91","","","","",""
"2024-08-15","2024228","7:52","32.0","8.1507","7.0","","","5.5","","7.2","97","","45","","29.14","21.48","19.91","","","","",""
"2024-08-15","2024228","7:52","32.0","8.1507","8.0","4.0","0.38","5.4","","7.2","97","","48","","29.14","21.49","19.91","","","","",""
"2024-08-15","2024228","7:43","33.0","6.8085","1.0","","","6.2","","7.0","94","","14","1.48","28.58","21.62","19.45","","","","",""
"2024-08-15","2024228","7:43","33.0","6.8085","2.0","","","3.6","","7.0","94","11.8","14","","28.76","21.69","19.57","","","","",""
"2024-08-15","2024228","7:43","33.0","6.8085","3.0","","","2.8","","7.0","94","","17","","28.84","21.67","19.64","","","","",""
"2024-08-15","2024228","7:43","33.0","6.8085","4.0","","","3.0","","7.0","94","","20","","28.93","21.64","19.71","","","","",""
"2024-08-15","2024228","7:43","33.0","6.8085","5.0","","","3.3","","7.0","94","","23","","28.94","21.64","19.72","","","","",""
"2024-08-15","2024228","7:43","33.0","6.8085","6.0","","","3.4","","7.0","94","","27","","28.94","21.63","19.72","","","","",""
"2024-08-15","2024228","7:43","33.0","6.8085","7.0","","","3.3","","7.0","94","","28","","28.95","21.62","19.73","","","","",""
"2024-08-15","2024228","7:43","33.0","6.8085","8.0","","","3.2","","6.9","93","","29","","28.95","21.62","19.73","","","","",""
"2024-08-15","2024228","7:43","33.0","6.8085","9.0","","","3.3","","6.9","93","","31","","28.95","21.62","19.73","","","","",""
"2024-08-15","2024228","7:43","33.0","6.8085","10.0","","","3.3","","6.9","93","","32","","28.96","21.61","19.74","","","","",""
"2024-08-15","2024228","7:43","33.0","6.8085","11.0","","","3.3","","6.9","93","","37","","28.97","21.61","19.75","","","","",""
"2024-08-15","2024228","7:29","34.0","3.5290","1.0","","","3.8","","6.5","89","","23","2.41","27.05","22.40","18.08","","","","",""
"2024-08-15","2024228","7:29","34.0","3.5290","2.0","4.0","0.74","3.9","","6.6","90","27.6","27","","27.65","22.20","18.59","","","","",""
"2024-08-15","2024228","7:29","34.0","3.5290","3.0","","","3.9","","6.7","90","","33","","28.10","22.02","18.98","","","","",""
"2024-08-15","2024228","7:29","34.0","3.5290","4.0","","","3.8","","6.6","89","","43","","28.32","21.93","19.17","","","","",""
"2024-08-15","2024228","7:29","34.0","3.5290","5.0","3.7","0.29","3.8","","6.6","89","","63","","28.39","21.90","19.23","","","","",""
"2024-08-15","2024228","7:17","35.0","1.6576","1.0","5.7","0.81","5.5","","6.5","87","23.0","22","2.69","26.26","21.97","17.60","","","","",""
"2024-08-15","2024228","7:17","35.0","1.6576","2.0","","","5.5","","6.5","87","","38","","27.15","22.22","18.21","","","","",""
"2024-08-15","2024228","7:17","35.0","1.6576","3.0","","","5.5","","6.5","87","","92","","27.15","22.22","18.20","","","","",""
"2024-08-15","2024228","7:17","35.0","1.6576","4.0","","","5.5","","6.5","87","","107","","27.14","22.22","18.20","","","","",""
"2024-08-15","2024228","7:17","35.0","1.6576","5.0","","","5.8","","6.5","88","","110","","27.14","22.22","18.20","","","","",""
"2024-08-15","2024228","7:08","36.0","0.0000","1.0","","","4.0","","6.4","84","","35","3.02","24.23","21.77","16.12","","","","",""
"2024-08-15","2024228","7:08","36.0","0.0000","2.0","4.6","0.70","4.6","","6.4","85","48.1","49","","24.86","21.99","16.53","5.71","98.52","10.57","16.02","190.49"
"2024-08-15","2024228","7:08","36.0","0.0000","3.0","","","5.1","","6.4","85","","72","","25.00","22.03","16.63","","","","",""
"2024-08-15","2024228","7:08","36.0","0.0000","4.0","5.3","0.38","5.6","","6.4","85","","97","","25.05","22.02","16.67","","","","",""
"2024-08-15","2024228","15:21","649.0","132.9388","1.0","","","3.2","","9.0","104","","11","1.49","0.23","22.12","","","","","",""
"2024-08-15","2024228","15:21","649.0","132.9388","2.0","3.9","0.75","3.5","","8.9","103","14.4","14","","0.26","22.06","","0.10","5.83","0.64","1.16","176.60"
"2024-08-15","2024228","15:21","649.0","132.9388","3.0","","","3.6","","8.9","102","","21","","0.33","21.98","","","","","",""
"2024-08-15","2024228","15:21","649.0","132.9388","4.0","","","3.4","","8.8","102","","23","","0.44","21.92","","","","","",""
"2024-08-15","2024228","15:21","649.0","132.9388","5.0","","","3.2","","8.9","102","","24","","0.54","21.89","","","","","",""
"2024-08-15","2024228","15:21","649.0","132.9388","6.0","","","3.2","","8.8","102","","24","","0.56","21.89","","","","","",""
"2024-08-15","2024228","15:21","649.0","132.9388","7.0","","","3.2","","8.9","102","","22","","0.57","21.88","","","","","",""
"2024-08-15","2024228","15:21","649.0","132.9388","8.0","","","3.2","","8.9","102","","22","","0.57","21.88","","","","","",""
"2024-08-15","2024228","15:21","649.0","132.9388","9.0","3.7","0.72","3.3","","8.8","102","16.9","21","","0.58","21.89","","","","","",""
"2024-08-15","2024228","16:05","657.0","147.2548","1.0","","","1.9","","8.8","101","","6","0.80","0.05","21.80","","","","","",""
"2024-08-15","2024228","16:05","657.0","147.2548","2.0","2.0","0.76","1.9","","8.8","101","5.1","6","","0.05","21.76","","0.06","7.08","1.00","0.91","258.50"
"2024-08-15","2024228","16:05","657.0","147.2548","3.0","","","2.1","","8.8","101","","6","","0.05","21.67","","","","","",""
"2024-08-15","2024228","16:05","657.0","147.2548","4.0","","","2.1","","8.8","101","","6","","0.05","21.66","","","","","",""
"2024-08-15","2024228","16:05","657.0","147.2548","5.0","","","2.1","","8.8","101","","7","","0.05","21.65","","","","","",""
"2024-08-15","2024228","16:05","657.0","147.2548","6.0","","","2.1","","8.8","101","","7","","0.05","21.65","","","","","",""
"2024-08-15","2024228","16:05","657.0","147.2548","7.0","","","2.1","","8.8","101","","7","","0.05","21.65","","","","","",""
"2024-08-15","2024228","16:05","657.0","147.2548","8.0","2.0","0.74","2.1","","8.8","101","5.9","6","","0.05","21.65","","","","","",""
"2024-08-22","2024235","11:03","18.0","54.9481","1.0","","","4.7","","6.7","84","","10","0.94","30.35","17.07","21.93","","","","",""
"2024-08-22","2024235","11:03","18.0","54.9481","2.0","5.0","0.83","4.9","","6.7","84","9.0","10","","30.35","17.06","21.93","0.94","23.70","5.00","2.99","56.26"
"2024-08-22","2024235","11:03","18.0","54.9481","3.0","","","5.2","","6.7","83","","10","","30.35","17.05","21.94","","","","",""
"2024-08-22","2024235","11:03","18.0","54.9481","4.0","","","5.3","","6.7","83","","10","","30.35","17.03","21.94","","","","",""
"2024-08-22","2024235","11:03","18.0","54.9481","5.0","","","5.2","","6.6","83","","10","","30.36","17.01","21.95","","","","",""
"2024-08-22","2024235","11:03","18.0","54.9481","6.0","","","5.2","","6.6","82","","10","","30.36","16.98","21.96","","","","",""
"2024-08-22","2024235","11:03","18.0","54.9481","7.0","","","5.0","","6.5","81","","10","","30.39","16.91","22.00","","","","",""
"2024-08-22","2024235","11:03","18.0","54.9481","8.0","","","4.7","","6.5","81","","10","","30.41","16.88","22.02","","","","",""
"2024-08-22","2024235","11:03","18.0","54.9481","9.0","","","4.6","","6.5","81","","11","","30.42","16.87","22.03","","","","",""
"2024-08-22","2024235","11:03","18.0","54.9481","10.0","","","4.6","","6.5","81","","11","","30.42","16.87","22.03","","","","",""
"2024-08-22","2024235","11:03","18.0","54.9481","11.0","","","4.6","","6.5","81","","11","","30.43","16.86","22.04","","","","",""
"2024-08-22","2024235","11:03","18.0","54.9481","12.0","","","4.6","","6.5","81","","11","","30.42","16.87","22.04","","","","",""
"2024-08-22","2024235","11:03","18.0","54.9481","13.0","","","4.7","","6.5","81","","11","","30.41","16.88","22.02","","","","",""
"2024-08-22","2024235","11:03","18.0","54.9481","14.0","","","4.6","","6.5","81","","11","","30.42","16.88","22.03","","","","",""
"2024-08-22","2024235","11:03","18.0","54.9481","15.0","","","4.6","","6.5","81","","11","","30.44","16.88","22.05","","","","",""
"2024-08-22","2024235","11:03","18.0","54.9481","16.0","","","4.6","","6.5","81","","11","","30.43","16.87","22.04","","","","",""
"2024-08-22","2024235","11:03","18.0","54.9481","17.0","","","4.6","","6.5","81","","11","","30.43","16.87","22.04","","","","",""
"2024-08-22","2024235","11:03","18.0","54.9481","18.0","","","4.6","","6.5","81","","11","","30.45","16.87","22.06","","","","",""
"2024-08-22","2024235","11:03","18.0","54.9481","19.0","","","4.7","","6.5","81","","11","","30.49","16.89","22.08","","","","",""
"2024-08-22","2024235","11:03","18.0","54.9481","20.0","","","4.8","","6.5","81","","11","","30.48","16.89","22.07","","","","",""
"2024-08-22","2024235","11:03","18.0","54.9481","21.0","","","4.8","","6.5","81","","11","","30.51","16.90","22.10","","","","",""
"2024-08-22","2024235","11:03","18.0","54.9481","22.0","","","4.8","","6.5","81","","11","","30.53","16.90","22.11","","","","",""
"2024-08-22","2024235","11:03","18.0","54.9481","23.0","","","4.8","","6.5","81","","11","","30.57","16.89","22.14","","","","",""
"2024-08-22","2024235","11:03","18.0","54.9481","24.0","","","4.8","","6.5","81","","11","","30.57","16.89","22.14","","","","",""
"2024-08-22","2024235","11:03","18.0","54.9481","25.0","","","4.7","","6.5","81","","11","","30.53","16.90","22.11","","","","",""
"2024-08-22","2024235","11:03","18.0","54.9481","26.0","","","4.7","","6.5","81","","11","","30.55","16.87","22.13","","","","",""
"2024-08-22","2024235","11:03","18.0","54.9481","27.0","","","4.6","","6.5","81","","11","","30.57","16.84","22.16","","","","",""
"2024-08-22","2024235","11:03","18.0","54.9481","28.0","","","4.6","","6.5","80","","12","","30.62","16.80","22.20","","","","",""
"2024-08-22","2024235","11:03","18.0","54.9481","29.0","","","4.6","","6.5","80","","13","","30.62","16.76","22.21","","","","",""
"2024-08-22","2024235","11:03","18.0","54.9481","30.0","","","4.7","","6.5","80","","13","","30.62","16.76","22.21","","","","",""
"2024-08-22","2024235","11:03","18.0","54.9481","31.0","","","4.6","","6.5","80","","13","","30.63","16.78","22.21","","","","",""
"2024-08-22","2024235","11:03","18.0","54.9481","32.0","","","4.6","","6.4","80","","13","","30.63","16.79","22.21","","","","",""
"2024-08-22","2024235","11:03","18.0","54.9481","33.0","","","4.6","","6.4","80","","13","","30.61","16.74","22.21","","","","",""
"2024-08-22","2024235","11:03","18.0","54.9481","34.0","","","4.5","","6.4","80","","13","","30.59","16.70","22.20","","","","",""
"2024-08-22","2024235","11:03","18.0","54.9481","35.0","","","4.6","","6.4","80","","12","","30.60","16.70","22.21","","","","",""
"2024-08-22","2024235","11:03","18.0","54.9481","36.0","","","4.6","","6.5","80","","12","","30.59","16.70","22.20","","","","",""
"2024-08-22","2024235","11:03","18.0","54.9481","37.0","","","4.5","","6.4","80","","12","","30.58","16.67","22.20","","","","",""
"2024-08-22","2024235","11:03","18.0","54.9481","38.0","","","4.6","","6.5","80","","12","","30.57","16.62","22.21","","","","",""
"2024-08-22","2024235","11:03","18.0","54.9481","39.0","","","4.7","","6.4","80","","13","","30.57","16.62","22.21","","","","",""
"2024-08-22","2024235","11:03","18.0","54.9481","40.0","","","4.7","","6.4","80","","13","","30.57","16.61","22.21","","","","",""
"2024-08-22","2024235","11:03","18.0","54.9481","41.0","","","4.9","","6.4","80","","13","","30.57","16.61","22.21","","","","",""
"2024-08-22","2024235","11:03","18.0","54.9481","42.0","","","4.8","","6.5","80","","13","","30.57","16.61","22.21","","","","",""
"2024-08-22","2024235","11:03","18.0","54.9481","43.0","4.7","0.78","4.8","","6.5","80","11.3","14","","30.57","16.61","22.21","","","","",""
"2024-08-22","2024235","10:48","20.0","51.4501","1.0","","","4.4","","6.7","83","","12","1.09","29.90","17.20","21.55","","","","",""
"2024-08-22","2024235","10:48","20.0","51.4501","2.0","4.8","0.81","4.7","","6.7","83","","12","","29.91","17.17","21.58","","","","",""
"2024-08-22","2024235","10:48","20.0","51.4501","3.0","","","5.0","","6.7","83","","12","","29.92","17.17","21.58","","","","",""
"2024-08-22","2024235","10:48","20.0","51.4501","4.0","","","5.1","","6.6","82","","12","","29.93","17.14","21.60","","","","",""
"2024-08-22","2024235","10:48","20.0","51.4501","5.0","","","5.0","","6.6","82","","12","","30.01","17.09","21.67","","","","",""
"2024-08-22","2024235","10:48","20.0","51.4501","6.0","","","4.9","","6.6","82","","13","","30.06","17.07","21.71","","","","",""
"2024-08-22","2024235","10:48","20.0","51.4501","7.0","","","4.8","","6.6","82","","14","","30.07","17.06","21.72","","","","",""
"2024-08-22","2024235","10:48","20.0","51.4501","8.0","","","4.7","","6.6","82","","14","","30.07","17.06","21.72","","","","",""
"2024-08-22","2024235","10:48","20.0","51.4501","9.0","","","4.8","","6.6","82","","14","","30.08","17.06","21.73","","","","",""
"2024-08-22","2024235","10:48","20.0","51.4501","10.0","","","4.8","","6.6","82","","14","","30.11","17.09","21.74","","","","",""
"2024-08-22","2024235","10:48","20.0","51.4501","11.0","","","4.9","","6.6","82","","14","","30.11","17.09","21.74","","","","",""
"2024-08-22","2024235","10:48","20.0","51.4501","12.0","","","5.0","","6.6","82","","14","","30.13","17.12","21.75","","","","",""
"2024-08-22","2024235","10:48","20.0","51.4501","13.0","","","5.0","","6.6","82","","15","","30.15","17.15","21.76","","","","",""
"2024-08-22","2024235","10:48","20.0","51.4501","14.0","","","5.0","","6.6","83","","15","","30.19","17.19","21.78","","","","",""
"2024-08-22","2024235","10:48","20.0","51.4501","15.0","","","5.2","","6.6","83","","16","","30.29","17.26","21.84","","","","",""
"2024-08-22","2024235","10:48","20.0","51.4501","16.0","","","5.2","","6.6","83","","16","","30.32","17.26","21.87","","","","",""
"2024-08-22","2024235","10:48","20.0","51.4501","17.0","","","5.3","","6.6","83","","17","","30.37","17.26","21.91","","","","",""
"2024-08-22","2024235","10:48","20.0","51.4501","18.0","","","5.3","","6.6","83","","17","","30.40","17.26","21.93","","","","",""
"2024-08-22","2024235","10:48","20.0","51.4501","19.0","","","5.3","","6.6","83","","19","","30.44","17.26","21.96","","","","",""
"2024-08-22","2024235","10:48","20.0","51.4501","20.0","","","5.3","","6.6","83","","21","","30.48","17.26","21.99","","","","",""
"2024-08-22","2024235","10:48","20.0","51.4501","21.0","","","5.4","","6.6","83","","23","","30.52","17.26","22.02","","","","",""
"2024-08-22","2024235","10:48","20.0","51.4501","22.0","","","5.4","","6.6","83","","27","","30.54","17.26","22.03","","","","",""
"2024-08-22","2024235","10:48","20.0","51.4501","23.0","","","5.5","","6.6","83","","32","","30.55","17.25","22.04","","","","",""
"2024-08-22","2024235","10:48","20.0","51.4501","24.0","","","5.6","","6.6","83","","34","","30.54","17.25","22.04","","","","",""
"2024-08-22","2024235","10:48","20.0","51.4501","25.0","","","5.6","","6.6","83","","36","","30.56","17.25","22.05","","","","",""
"2024-08-22","2024235","10:48","20.0","51.4501","26.0","","","5.5","","6.6","83","","44","","30.56","17.25","22.05","","","","",""
"2024-08-22","2024235","10:31","21.0","46.6266","1.0","","","5.9","","7.0","91","","13","1.24","30.27","18.91","21.43","","","","",""
"2024-08-22","2024235","10:31","21.0","46.6266","2.0","5.9","0.82","5.7","","7.0","91","","13","","30.27","18.91","21.43","","","","",""
"2024-08-22","2024235","10:31","21.0","46.6266","3.0","","","5.6","","6.9","89","","13","","30.27","18.90","21.43","","","","",""
"2024-08-22","2024235","10:31","21.0","46.6266","4.0","","","5.5","","6.8","88","","13","","30.29","18.77","21.48","","","","",""
"2024-08-22","2024235","10:31","21.0","46.6266","5.0","","","5.3","","6.8","87","","14","","30.32","18.61","21.55","","","","",""
"2024-08-22","2024235","10:31","21.0","46.6266","6.0","","","5.2","","6.8","87","","14","","30.35","18.52","21.59","","","","",""
"2024-08-22","2024235","10:31","21.0","46.6266","7.0","","","5.3","","6.8","87","","14","","30.37","18.46","21.62","","","","",""
"2024-08-22","2024235","10:31","21.0","46.6266","8.0","","","5.5","","6.8","86","","14","","30.40","18.36","21.67","","","","",""
"2024-08-22","2024235","10:31","21.0","46.6266","9.0","","","5.5","","6.8","86","","14","","30.44","18.25","21.72","","","","",""
"2024-08-22","2024235","10:31","21.0","46.6266","10.0","","","5.5","","6.7","86","","15","","30.44","18.23","21.73","","","","",""
"2024-08-22","2024235","10:31","21.0","46.6266","11.0","","","5.6","","6.7","86","","20","","30.47","18.14","21.77","","","","",""
"2024-08-22","2024235","10:31","21.0","46.6266","12.0","","","5.8","","6.8","86","","35","","30.48","18.11","21.78","","","","",""
"2024-08-22","2024235","10:31","21.0","46.6266","13.0","","","6.1","","6.7","86","","58","","30.47","18.12","21.78","","","","",""
"2024-08-22","2024235","10:31","21.0","46.6266","14.0","","","6.2","","6.7","86","","83","","30.47","18.15","21.77","","","","",""
"2024-08-22","2024235","10:31","21.0","46.6266","15.0","","","6.7","","6.7","86","","128","","30.46","18.17","21.76","","","","",""
"2024-08-22","2024235","10:16","22.0","43.9210","1.0","","","5.4","","7.1","92","","14","1.27","30.24","19.07","21.37","","","","",""
"2024-08-22","2024235","10:16","22.0","43.9210","2.0","5.1","0.80","5.4","","7.0","91","13.5","14","","30.22","19.16","21.33","1.43","23.77","5.00","4.28","73.70"
"2024-08-22","2024235","10:16","22.0","43.9210","3.0","","","5.3","","7.0","91","","15","","30.23","19.09","21.36","","","","",""
"2024-08-22","2024235","10:16","22.0","43.9210","4.0","","","5.2","","7.0","91","","15","","30.25","18.97","21.40","","","","",""
"2024-08-22","2024235","10:16","22.0","43.9210","5.0","","","5.2","","7.0","91","","14","","30.25","18.97","21.40","","","","",""
"2024-08-22","2024235","10:16","22.0","43.9210","6.0","","","5.3","","7.0","90","","14","","30.26","18.95","21.41","","","","",""
"2024-08-22","2024235","10:16","22.0","43.9210","7.0","","","5.2","","7.0","90","","14","","30.26","18.91","21.43","","","","",""
"2024-08-22","2024235","10:16","22.0","43.9210","8.0","","","5.2","","6.9","89","","14","","30.27","18.88","21.44","","","","",""
"2024-08-22","2024235","10:16","22.0","43.9210","9.0","","","5.2","","6.8","88","","14","","30.28","18.73","21.49","","","","",""
"2024-08-22","2024235","10:16","22.0","43.9210","10.0","","","5.0","","6.8","88","","15","","30.31","18.56","21.55","","","","",""
"2024-08-22","2024235","10:16","22.0","43.9210","11.0","","","4.9","","6.8","88","","15","","30.32","18.49","21.57","","","","",""
"2024-08-22","2024235","10:16","22.0","43.9210","12.0","","","5.0","","6.8","87","","31","","30.32","18.44","21.59","","","","",""
"2024-08-22","2024235","10:16","22.0","43.9210","13.0","","","5.1","","6.8","87","","57","","30.33","18.38","21.61","","","","",""
"2024-08-22","2024235","10:16","22.0","43.9210","14.0","","","5.4","","6.8","87","","78","","30.33","18.36","21.61","","","","",""
"2024-08-22","2024235","10:16","22.0","43.9210","15.0","5.7","0.33","5.6","","6.8","87","195.3","139","","30.33","18.35","21.61","","","","",""
"2024-08-22","2024235","10:01","23.0","39.6557","1.0","","","5.4","","7.0","92","","23","1.74","30.06","19.71","21.07","","","","",""
"2024-08-22","2024235","10:01","23.0","39.6557","2.0","","","5.3","","7.0","92","","24","","30.06","19.72","21.07","","","","",""
"2024-08-22","2024235","10:01","23.0","39.6557","3.0","","","5.3","","7.0","92","","25","","30.06","19.71","21.07","","","","",""
"2024-08-22","2024235","10:01","23.0","39.6557","4.0","","","5.3","","7.0","91","","26","","30.07","19.69","21.08","","","","",""
"2024-08-22","2024235","10:01","23.0","39.6557","5.0","","","5.2","","7.0","91","","27","","30.08","19.65","21.10","","","","",""
"2024-08-22","2024235","10:01","23.0","39.6557","6.0","","","5.1","","7.0","91","","28","","30.09","19.61","21.12","","","","",""
"2024-08-22","2024235","10:01","23.0","39.6557","7.0","","","5.1","","7.0","91","","30","","30.09","19.61","21.12","","","","",""
"2024-08-22","2024235","10:01","23.0","39.6557","8.0","","","5.1","","7.0","91","","30","","30.09","19.60","21.13","","","","",""
"2024-08-22","2024235","10:01","23.0","39.6557","9.0","","","5.1","","7.0","91","","31","","30.10","19.59","21.13","","","","",""
"2024-08-22","2024235","10:01","23.0","39.6557","10.0","","","5.2","","7.0","91","","37","","30.10","19.56","21.14","","","","",""
"2024-08-22","2024235","10:01","23.0","39.6557","11.0","","","5.4","","7.0","91","","61","","30.11","19.53","21.16","","","","",""
"2024-08-22","2024235","10:01","23.0","39.6557","12.0","","","5.4","","7.0","91","","63","","30.11","19.54","21.15","","","","",""
"2024-08-22","2024235","10:01","23.0","39.6557","13.0","","","5.4","","7.0","91","","83","","30.11","19.54","21.15","","","","",""
"2024-08-22","2024235","9:47","24.0","37.0911","1.0","","","4.0","","7.1","94","","26","1.80","30.07","19.74","21.07","","","","",""
"2024-08-22","2024235","9:47","24.0","37.0911","2.0","4.3","0.67","4.2","","7.1","93","26.5","25","","30.07","19.74","21.07","1.53","25.92","4.64","5.21","89.01"
"2024-08-22","2024235","9:47","24.0","37.0911","3.0","","","4.2","","7.1","93","","26","","30.07","19.74","21.07","","","","",""
"2024-08-22","2024235","9:47","24.0","37.0911","4.0","","","4.1","","7.1","93","","26","","30.07","19.73","21.07","","","","",""
"2024-08-22","2024235","9:47","24.0","37.0911","5.0","","","4.1","","7.1","93","","28","","30.07","19.72","21.07","","","","",""
"2024-08-22","2024235","9:47","24.0","37.0911","6.0","","","4.2","","7.1","93","","29","","30.07","19.72","21.07","","","","",""
"2024-08-22","2024235","9:47","24.0","37.0911","7.0","","","4.2","","7.1","93","","32","","30.07","19.72","21.07","","","","",""
"2024-08-22","2024235","9:47","24.0","37.0911","8.0","4.2","0.62","4.2","","7.1","93","39.7","36","","30.07","19.72","21.08","","","","",""
"2024-08-22","2024235","9:36","25.0","32.8382","1.0","","","3.6","","7.0","93","","53","3.46","29.83","20.60","20.67","","","","",""
"2024-08-22","2024235","9:36","25.0","32.8382","2.0","","","3.6","","7.0","93","","59","","29.83","20.59","20.67","","","","",""
"2024-08-22","2024235","9:36","25.0","32.8382","3.0","","","3.7","","7.0","93","","68","","29.83","20.59","20.67","","","","",""
"2024-08-22","2024235","9:36","25.0","32.8382","4.0","","","3.7","","7.0","93","","67","","29.83","20.58","20.67","","","","",""
"2024-08-22","2024235","9:36","25.0","32.8382","5.0","","","3.8","","7.0","93","","84","","29.83","20.56","20.68","","","","",""
"2024-08-22","2024235","9:23","26.0","28.7560","1.0","","","3.5","","6.9","92","","32","2.14","29.79","20.79","20.58","","","","",""
"2024-08-22","2024235","9:23","26.0","28.7560","2.0","","","3.5","","6.9","92","","32","","29.79","20.77","20.59","","","","",""
"2024-08-22","2024235","9:23","26.0","28.7560","3.0","","","3.6","","6.9","92","","32","","29.79","20.77","20.59","","","","",""
"2024-08-22","2024235","9:23","26.0","28.7560","4.0","","","3.7","","6.9","92","","43","","29.79","20.78","20.59","","","","",""
"2024-08-22","2024235","9:23","26.0","28.7560","5.0","","","3.8","","6.9","92","","57","","29.79","20.78","20.59","","","","",""
"2024-08-22","2024235","9:23","26.0","28.7560","6.0","","","3.9","","6.9","92","","63","","29.79","20.78","20.59","","","","",""
"2024-08-22","2024235","9:23","26.0","28.7560","7.0","","","3.9","","6.9","92","","66","","29.79","20.79","20.59","","","","",""
"2024-08-22","2024235","9:23","26.0","28.7560","8.0","","","3.9","","6.9","92","","70","","29.79","20.79","20.59","","","","",""
"2024-08-22","2024235","9:14","27.0","26.1872","1.0","","","3.9","","6.8","91","","46","2.86","29.70","20.94","20.48","","","","",""
"2024-08-22","2024235","9:14","27.0","26.1872","2.0","3.6","0.62","3.8","","6.8","91","46.3","46","","29.71","20.93","20.49","1.42","22.70","4.78","7.79","113.94"
"2024-08-22","2024235","9:14","27.0","26.1872","3.0","","","3.9","","6.8","91","","51","","29.71","20.92","20.50","","","","",""
"2024-08-22","2024235","9:14","27.0","26.1872","4.0","","","3.9","","6.8","91","","57","","29.72","20.92","20.50","","","","",""
"2024-08-22","2024235","9:14","27.0","26.1872","5.0","","","3.9","","6.8","91","","59","","29.72","20.91","20.50","","","","",""
"2024-08-22","2024235","9:14","27.0","26.1872","6.0","","","3.9","","6.8","91","","62","","29.72","20.91","20.51","","","","",""
"2024-08-22","2024235","9:14","27.0","26.1872","7.0","","","3.9","","6.8","91","","69","","29.73","20.90","20.51","","","","",""
"2024-08-22","2024235","9:14","27.0","26.1872","8.0","4.0","0.39","4.1","","6.8","91","139.5","99","","29.73","20.90","20.51","","","","",""
"2024-08-22","2024235","9:04","28.0","23.5695","1.0","","","3.6","","6.7","89","","71","4.35","29.63","21.03","20.40","","","","",""
"2024-08-22","2024235","9:04","28.0","23.5695","2.0","","","3.5","","6.7","89","","71","","29.63","21.03","20.40","","","","",""
"2024-08-22","2024235","9:04","28.0","23.5695","3.0","","","3.4","","6.7","90","","71","","29.63","21.03","20.40","","","","",""
"2024-08-22","2024235","9:04","28.0","23.5695","4.0","","","3.4","","6.7","90","","71","","29.63","21.01","20.41","","","","",""
"2024-08-22","2024235","9:04","28.0","23.5695","5.0","","","3.5","","6.8","90","","74","","29.65","20.97","20.44","","","","",""
"2024-08-22","2024235","9:04","28.0","23.5695","6.0","","","3.5","","6.8","91","","71","","29.68","20.90","20.47","","","","",""
"2024-08-22","2024235","9:04","28.0","23.5695","7.0","","","3.5","","6.8","91","","64","","29.70","20.84","20.51","","","","",""
"2024-08-22","2024235","9:04","28.0","23.5695","8.0","","","3.6","","6.9","92","","61","","29.72","20.80","20.53","","","","",""
"2024-08-22","2024235","9:04","28.0","23.5695","9.0","","","3.7","","6.9","92","","61","","29.73","20.77","20.55","","","","",""
"2024-08-22","2024235","9:04","28.0","23.5695","10.0","","","3.7","","6.9","92","","66","","29.74","20.76","20.56","","","","",""
"2024-08-22","2024235","8:53","29.0","20.2526","1.0","","","3.6","","6.5","87","","59","3.54","29.56","21.14","20.32","","","","",""
"2024-08-22","2024235","8:53","29.0","20.2526","2.0","","","3.5","","6.5","87","","60","","29.56","21.15","20.32","","","","",""
"2024-08-22","2024235","8:53","29.0","20.2526","3.0","","","3.5","","6.5","87","","58","","29.57","21.15","20.33","","","","",""
"2024-08-22","2024235","8:53","29.0","20.2526","4.0","","","3.6","","6.5","87","","57","","29.57","21.14","20.33","","","","",""
"2024-08-22","2024235","8:53","29.0","20.2526","5.0","","","3.6","","6.5","87","","58","","29.57","21.14","20.33","","","","",""
"2024-08-22","2024235","8:53","29.0","20.2526","6.0","","","3.5","","6.4","87","","58","","29.57","21.14","20.33","","","","",""
"2024-08-22","2024235","8:53","29.0","20.2526","7.0","","","3.7","","6.5","87","","71","","29.56","21.17","20.31","","","","",""
"2024-08-22","2024235","8:53","29.0","20.2526","8.0","","","3.9","","6.4","87","","116","","29.56","21.19","20.30","","","","",""
"2024-08-22","2024235","8:53","29.0","20.2526","9.0","","","4.1","","6.4","87","","141","","29.55","21.23","20.29","","","","",""
"2024-08-22","2024235","8:53","29.0","20.2526","10.0","","","4.2","","6.4","87","","190","","29.54","21.25","20.28","","","","",""
"2024-08-22","2024235","8:43","29.5","17.5640","1.0","","","3.5","","6.4","87","","59","3.28","29.50","21.26","20.24","","","","",""
"2024-08-22","2024235","8:43","29.5","17.5640","2.0","","","3.5","","6.4","86","","61","","29.49","21.27","20.24","","","","",""
"2024-08-22","2024235","8:43","29.5","17.5640","3.0","","","3.5","","6.4","86","","64","","29.48","21.34","20.21","","","","",""
"2024-08-22","2024235","8:43","29.5","17.5640","4.0","","","3.7","","6.4","86","","88","","29.48","21.34","20.20","","","","",""
"2024-08-22","2024235","8:43","29.5","17.5640","5.0","","","3.8","","6.3","85","","107","","29.47","21.36","20.19","","","","",""
"2024-08-22","2024235","8:43","29.5","17.5640","6.0","","","4.1","","6.3","85","","136","","29.45","21.38","20.17","","","","",""
"2024-08-22","2024235","8:43","29.5","17.5640","7.0","","","4.4","","6.3","85","","206","","29.44","21.39","20.16","","","","",""
"2024-08-22","2024235","8:43","29.5","17.5640","8.0","","","4.5","","6.3","85","","247","","29.44","21.39","20.16","","","","",""
"2024-08-22","2024235","8:43","29.5","17.5640","9.0","","","4.5","","6.3","85","","259","","29.44","21.39","20.16","","","","",""
"2024-08-22","2024235","8:43","29.5","17.5640","10.0","","","4.4","","6.3","85","","258","","29.43","21.39","20.15","","","","",""
"2024-08-22","2024235","8:33","30.0","14.7543","1.0","","","3.5","","6.6","88","","75","3.93","29.52","21.11","20.30","","","","",""
"2024-08-22","2024235","8:33","30.0","14.7543","2.0","3.4","0.53","3.5","","6.6","88","74.0","77","","29.53","21.10","20.31","1.66","25.20","5.64","8.77","136.01"
"2024-08-22","2024235","8:33","30.0","14.7543","3.0","","","3.5","","6.6","88","","78","","29.53","21.09","20.31","","","","",""
"2024-08-22","2024235","8:33","30.0","14.7543","4.0","","","3.5","","6.6","88","","77","","29.54","21.08","20.32","","","","",""
"2024-08-22","2024235","8:33","30.0","14.7543","5.0","","","3.4","","6.6","88","","75","","29.56","21.05","20.34","","","","",""
"2024-08-22","2024235","8:33","30.0","14.7543","6.0","","","3.4","","6.6","88","","71","","29.56","21.04","20.35","","","","",""
"2024-08-22","2024235","8:33","30.0","14.7543","7.0","","","3.4","","6.6","89","","70","","29.56","21.03","20.35","","","","",""
"2024-08-22","2024235","8:33","30.0","14.7543","8.0","3.6","0.54","3.4","","6.6","88","72.1","71","","29.57","21.01","20.36","","","","",""
"2024-08-22","2024235","8:19","31.0","10.6065","1.0","","","3.0","","6.3","84","","87","3.95","28.91","21.53","19.72","","","","",""
"2024-08-22","2024235","8:19","31.0","10.6065","2.0","","","3.0","","6.2","84","","87","","28.89","21.52","19.71","","","","",""
"2024-08-22","2024235","8:19","31.0","10.6065","3.0","","","3.0","","6.2","84","","120","","28.88","21.51","19.71","","","","",""
"2024-08-22","2024235","8:19","31.0","10.6065","4.0","","","3.2","","6.2","84","","155","","28.88","21.50","19.71","","","","",""
"2024-08-22","2024235","8:19","31.0","10.6065","5.0","","","3.4","","6.2","84","","196","","28.88","21.49","19.72","","","","",""
"2024-08-22","2024235","8:19","31.0","10.6065","6.0","","","3.5","","6.2","84","","224","","28.89","21.49","19.72","","","","",""
"2024-08-22","2024235","8:19","31.0","10.6065","7.0","","","3.6","","6.2","84","","257","","28.92","21.50","19.74","","","","",""
"2024-08-22","2024235","8:19","31.0","10.6065","8.0","","","3.7","","6.2","84","","290","","28.95","21.51","19.76","","","","",""
"2024-08-22","2024235","8:19","31.0","10.6065","9.0","","","3.7","","6.2","84","","309","","28.97","21.52","19.78","","","","",""
"2024-08-22","2024235","8:06","32.0","8.1507","1.0","","","3.2","","6.2","83","","106","6.35","28.64","21.42","19.55","","","","",""
"2024-08-22","2024235","8:06","32.0","8.1507","2.0","3.2","0.47","3.2","","6.2","83","114.5","111","","28.65","21.41","19.56","2.88","36.20","7.71","10.94","141.00"
"2024-08-22","2024235","8:06","32.0","8.1507","3.0","","","3.5","","6.2","82","","139","","28.66","21.39","19.57","","","","",""
"2024-08-22","2024235","8:06","32.0","8.1507","4.0","","","3.5","","6.2","82","","171","","28.68","21.36","19.59","","","","",""
"2024-08-22","2024235","8:06","32.0","8.1507","5.0","","","3.6","","6.2","83","","192","","28.72","21.32","19.64","","","","",""
"2024-08-22","2024235","8:06","32.0","8.1507","6.0","","","3.6","","6.2","83","","208","","28.80","21.26","19.71","","","","",""
"2024-08-22","2024235","8:06","32.0","8.1507","7.0","3.5","0.31","3.6","","6.2","83","","223","","28.83","21.24","19.74","","","","",""
"2024-08-22","2024235","7:59","33.0","6.8085","1.0","","","3.2","","6.1","82","","139","8.07","28.40","21.51","19.34","","","","",""
"2024-08-22","2024235","7:59","33.0","6.8085","2.0","3.3","0.39","3.2","","6.0","81","165.9","169","","28.36","21.50","19.32","","","","",""
"2024-08-22","2024235","7:59","33.0","6.8085","3.0","","","3.6","","6.0","80","","246","","28.34","21.46","19.31","","","","",""
"2024-08-22","2024235","7:59","33.0","6.8085","4.0","","","3.8","","6.0","80","","306","","28.32","21.36","19.32","","","","",""
"2024-08-22","2024235","7:59","33.0","6.8085","5.0","","","4.1","","6.0","80","","416","","28.32","21.30","19.34","","","","",""
"2024-08-22","2024235","7:59","33.0","6.8085","6.0","","","4.4","","6.0","80","","462","","28.32","21.30","19.34","","","","",""
"2024-08-22","2024235","7:59","33.0","6.8085","7.0","","","4.3","","6.0","80","","471","","28.33","21.30","19.34","","","","",""
"2024-08-22","2024235","7:59","33.0","6.8085","8.0","","","4.3","","6.0","80","","467","","28.33","21.29","19.35","","","","",""
"2024-08-22","2024235","7:59","33.0","6.8085","9.0","","","4.4","","6.0","80","","476","","28.33","21.28","19.35","","","","",""
"2024-08-22","2024235","7:47","34.0","3.5290","1.0","","","5.3","","5.9","78","","705","","27.44","20.81","18.80","","","","",""
"2024-08-22","2024235","7:47","34.0","3.5290","2.0","5.5","0.24","5.5","","5.9","78","705.3","705","","27.47","20.74","18.84","4.44","53.12","10.14","12.40","157.73"
"2024-08-22","2024235","7:47","34.0","3.5290","3.0","","","5.2","","5.9","78","","724","","27.50","20.73","18.87","","","","",""
"2024-08-22","2024235","7:47","34.0","3.5290","4.0","","","5.3","","5.9","77","","720","","27.56","20.56","18.96","","","","",""
"2024-08-22","2024235","7:47","34.0","3.5290","5.0","","","5.4","","6.0","78","","736","","27.61","20.13","19.10","","","","",""
"2024-09-10","2024254","14:27","2.0","127.7053","1.0","","","2.5","","8.9","101","","18","1.53","1.36","21.31","","","","","",""
"2024-09-10","2024254","14:27","2.0","127.7053","2.0","","","2.6","","8.9","101","","17","","1.35","21.31","","","","","",""
"2024-09-10","2024254","14:27","2.0","127.7053","3.0","","","2.6","","8.8","101","","17","","1.35","21.30","","","","","",""
"2024-09-10","2024254","14:27","2.0","127.7053","4.0","","","2.5","","8.9","101","","17","","1.35","21.30","","","","","",""
"2024-09-10","2024254","14:27","2.0","127.7053","5.0","","","2.5","","8.8","101","","17","","1.35","21.29","","","","","",""
"2024-09-10","2024254","14:27","2.0","127.7053","6.0","","","2.4","","8.8","100","","17","","1.35","21.29","","","","","",""
"2024-09-10","2024254","14:27","2.0","127.7053","7.0","","","2.4","","8.8","100","","17","","1.39","21.22","","","","","",""
"2024-09-10","2024254","14:27","2.0","127.7053","8.0","","","2.3","","8.8","101","","18","","1.40","21.21","","","","","",""
"2024-09-10","2024254","14:27","2.0","127.7053","9.0","","","2.4","","8.8","100","","17","","1.41","21.20","","","","","",""
"2024-09-10","2024254","14:17","3.0","125.3243","1.0","","","2.5","","8.9","101","","11","1.70","2.22","20.99","","","","","",""
"2024-09-10","2024254","14:17","3.0","125.3243","2.0","2.7","0.74","2.8","","8.9","101","12.4","13","","2.21","20.97","","0.26","9.92","2.00","1.89","207.58"
"2024-09-10","2024254","14:17","3.0","125.3243","3.0","","","2.8","","8.9","102","","15","","2.22","20.98","","","","","",""
"2024-09-10","2024254","14:17","3.0","125.3243","4.0","","","3.0","","8.9","101","","14","","2.22","20.99","","","","","",""
"2024-09-10","2024254","14:17","3.0","125.3243","5.0","","","2.8","","8.9","102","","15","","2.22","20.98","","","","","",""
"2024-09-10","2024254","14:17","3.0","125.3243","6.0","","","2.8","","8.9","101","","15","","2.22","20.98","","","","","",""
"2024-09-10","2024254","14:17","3.0","125.3243","7.0","","","2.7","","8.9","101","","15","","2.22","20.97","","","","","",""
"2024-09-10","2024254","14:17","3.0","125.3243","8.0","","","2.8","","8.9","101","","19","","2.35","20.91","","","","","",""
"2024-09-10","2024254","14:17","3.0","125.3243","9.0","","","2.7","","8.9","101","","19","","2.52","20.86","","","","","",""
"2024-09-10","2024254","14:17","3.0","125.3243","10.0","2.4","0.69","2.5","","8.8","101","19.5","20","","2.63","20.87","0.02","","","","",""
"2024-09-10","2024254","14:01","4.0","119.8957","1.0","","","3.6","","8.9","102","","43","2.03","3.66","20.92","0.79","","","","",""
"2024-09-10","2024254","14:01","4.0","119.8957","2.0","","","3.4","","8.9","102","","42","","3.65","20.93","0.78","","","","",""
"2024-09-10","2024254","14:01","4.0","119.8957","3.0","","","3.3","","8.9","102","","42","","3.66","20.93","0.79","","","","",""
"2024-09-10","2024254","14:01","4.0","119.8957","4.0","","","3.1","","8.9","102","","42","","3.67","20.93","0.79","","","","",""
"2024-09-10","2024254","14:01","4.0","119.8957","5.0","","","3.1","","8.8","101","","42","","3.71","20.93","0.82","","","","",""
"2024-09-10","2024254","14:01","4.0","119.8957","6.0","","","3.0","","8.8","101","","40","","3.73","20.91","0.85","","","","",""
"2024-09-10","2024254","14:01","4.0","119.8957","7.0","","","2.7","","8.8","101","","40","","3.78","20.81","0.91","","","","",""
"2024-09-10","2024254","14:01","4.0","119.8957","8.0","","","2.6","","8.8","101","","40","","3.87","20.81","0.97","","","","",""
"2024-09-10","2024254","14:01","4.0","119.8957","9.0","","","2.5","","8.8","101","","40","","3.93","20.79","1.02","","","","",""
"2024-09-10","2024254","14:01","4.0","119.8957","10.0","","","2.6","","8.7","100","","40","","4.03","20.78","1.10","","","","",""
"2024-09-10","2024254","14:01","4.0","119.8957","11.0","","","2.5","","8.7","100","","40","","4.10","20.75","1.16","","","","",""
"2024-09-10","2024254","14:01","4.0","119.8957","12.0","","","2.6","","8.7","100","","40","","4.12","20.76","1.18","","","","",""
"2024-09-10","2024254","14:01","4.0","119.8957","13.0","","","2.6","","8.7","100","","40","","4.15","20.77","1.20","","","","",""
"2024-09-10","2024254","14:01","4.0","119.8957","14.0","","","2.6","","8.7","100","","40","","4.17","20.77","1.21","","","","",""
"2024-09-10","2024254","14:01","4.0","119.8957","15.0","","","2.5","","8.7","100","","40","","4.18","20.77","1.22","","","","",""
"2024-09-10","2024254","14:01","4.0","119.8957","16.0","","","2.9","","8.7","100","","40","","4.20","20.77","1.23","","","","",""
"2024-09-10","2024254","13:47","5.0","115.6252","1.0","","","3.1","","8.7","101","","29","1.46","5.57","21.02","2.21","","","","",""
"2024-09-10","2024254","13:47","5.0","115.6252","2.0","","","3.2","","8.7","101","","29","","5.56","21.01","2.21","","","","",""
"2024-09-10","2024254","13:47","5.0","115.6252","3.0","","","3.1","","8.7","101","","30","","5.56","21.00","2.21","","","","",""
"2024-09-10","2024254","13:47","5.0","115.6252","4.0","","","3.1","","8.7","101","","29","","5.56","21.00","2.21","","","","",""
"2024-09-10","2024254","13:47","5.0","115.6252","5.0","","","3.0","","8.7","101","","29","","5.57","20.98","2.22","","","","",""
"2024-09-10","2024254","13:47","5.0","115.6252","6.0","","","3.1","","8.7","101","","29","","5.59","20.97","2.24","","","","",""
"2024-09-10","2024254","13:47","5.0","115.6252","7.0","","","3.1","","8.7","101","","29","","5.62","20.96","2.26","","","","",""
"2024-09-10","2024254","13:47","5.0","115.6252","8.0","","","3.1","","8.7","101","","29","","5.65","20.92","2.29","","","","",""
"2024-09-10","2024254","13:47","5.0","115.6252","9.0","","","2.8","","8.8","101","","29","","5.75","20.70","2.42","","","","",""
"2024-09-10","2024254","13:31","6.0","110.8977","1.0","","","4.7","","8.5","100","","23","1.93","8.44","20.64","4.47","","","","",""
"2024-09-10","2024254","13:31","6.0","110.8977","2.0","4.6","0.80","4.6","","8.6","101","21.5","23","","8.44","20.63","4.47","0.68","15.85","2.78","2.41","183.01"
"2024-09-10","2024254","13:31","6.0","110.8977","3.0","","","4.5","","8.6","101","","23","","8.46","20.63","4.49","","","","",""
"2024-09-10","2024254","13:31","6.0","110.8977","4.0","","","4.6","","8.6","101","","23","","8.59","20.67","4.57","","","","",""
"2024-09-10","2024254","13:31","6.0","110.8977","5.0","","","4.5","","8.6","101","","22","","8.58","20.69","4.57","","","","",""
"2024-09-10","2024254","13:31","6.0","110.8977","6.0","","","4.4","","8.5","100","","23","","8.60","20.69","4.58","","","","",""
"2024-09-10","2024254","13:31","6.0","110.8977","7.0","","","3.6","","8.4","99","","23","","8.84","20.80","4.74","","","","",""
"2024-09-10","2024254","13:31","6.0","110.8977","8.0","","","2.7","","8.3","98","","21","","9.06","20.88","4.88","","","","",""
"2024-09-10","2024254","13:31","6.0","110.8977","9.0","2.4","0.72","2.7","","8.2","97","22.0","21","","9.81","20.96","5.43","","","","",""
"2024-09-10","2024254","13:14","7.0","104.9810","1.0","","","4.9","","8.3","99","","15","1.33","11.70","20.95","6.86","","","","",""
"2024-09-10","2024254","13:14","7.0","104.9810","2.0","4.9","0.84","5.0","","8.0","97","","15","","11.96","20.92","7.06","","","","",""
"2024-09-10","2024254","13:14","7.0","104.9810","3.0","","","5.2","","7.8","95","","15","","12.85","20.85","7.75","","","","",""
"2024-09-10","2024254","13:14","7.0","104.9810","4.0","","","4.7","","8.2","99","","13","","13.07","20.85","7.91","","","","",""
"2024-09-10","2024254","13:14","7.0","104.9810","5.0","","","3.8","","8.0","97","","13","","13.48","20.84","8.23","","","","",""
"2024-09-10","2024254","13:14","7.0","104.9810","6.0","","","3.0","","7.9","96","","13","","13.61","20.81","8.33","","","","",""
"2024-09-10","2024254","13:14","7.0","104.9810","7.0","","","2.9","","7.8","95","","14","","14.54","20.81","9.04","","","","",""
"2024-09-10","2024254","13:14","7.0","104.9810","8.0","","","2.7","","7.6","94","","14","","15.25","20.82","9.57","","","","",""
"2024-09-10","2024254","13:14","7.0","104.9810","9.0","","","2.6","","7.6","93","","15","","15.48","20.82","9.74","","","","",""
"2024-09-10","2024254","13:14","7.0","104.9810","10.0","","","2.6","","7.7","94","","15","","15.58","20.82","9.82","","","","",""
"2024-09-10","2024254","13:14","7.0","104.9810","11.0","","","2.6","","7.7","94","","15","","15.72","20.80","9.93","","","","",""
"2024-09-10","2024254","13:14","7.0","104.9810","12.0","","","2.6","","7.6","94","","15","","16.01","20.78","10.15","","","","",""
"2024-09-10","2024254","13:14","7.0","104.9810","13.0","","","2.6","","7.6","94","","16","","16.33","20.76","10.40","","","","",""
"2024-09-10","2024254","13:14","7.0","104.9810","14.0","","","2.6","","7.6","94","","16","","16.67","20.74","10.66","","","","",""
"2024-09-10","2024254","12:57","8.0","99.7699","1.0","","","3.9","","8.4","102","","11","1.09","13.01","21.01","7.83","","","","",""
"2024-09-10","2024254","12:57","8.0","99.7699","2.0","4.3","0.87","4.3","","8.2","100","10.9","11","","14.05","20.89","8.65","","","","",""
"2024-09-10","2024254","12:57","8.0","99.7699","3.0","","","3.9","","7.9","97","","11","","14.93","20.84","9.32","","","","",""
"2024-09-10","2024254","12:57","8.0","99.7699","4.0","","","3.4","","7.8","95","","11","","15.69","20.77","9.91","","","","",""
"2024-09-10","2024254","12:57","8.0","99.7699","5.0","","","2.9","","7.7","95","","11","","16.52","20.66","10.57","","","","",""
"2024-09-10","2024254","12:57","8.0","99.7699","6.0","","","2.6","","7.6","94","","11","","16.89","20.59","10.86","","","","",""
"2024-09-10","2024254","12:57","8.0","99.7699","7.0","","","2.5","","7.5","94","","12","","18.41","20.54","12.03","","","","",""
"2024-09-10","2024254","12:57","8.0","99.7699","8.0","","","2.5","","7.5","93","","12","","18.99","20.51","12.47","","","","",""
"2024-09-10","2024254","12:57","8.0","99.7699","9.0","","","2.5","","7.5","93","","13","","19.28","20.53","12.69","","","","",""
"2024-09-10","2024254","12:57","8.0","99.7699","10.0","","","2.6","","7.5","93","","14","","19.46","20.52","12.83","","","","",""
"2024-09-10","2024254","12:57","8.0","99.7699","11.0","","","2.6","","7.5","93","","14","","19.49","20.50","12.86","","","","",""
"2024-09-10","2024254","12:57","8.0","99.7699","12.0","","","2.6","","7.4","93","","14","","19.70","20.47","13.02","","","","",""
"2024-09-10","2024254","12:57","8.0","99.7699","13.0","","","2.6","","7.4","93","","14","","19.93","20.47","13.19","","","","",""
"2024-09-10","2024254","12:57","8.0","99.7699","14.0","","","2.6","","7.4","93","","17","","19.97","20.47","13.22","","","","",""
"2024-09-10","2024254","12:57","8.0","99.7699","15.0","","","2.8","","7.4","93","","18","","20.05","20.46","13.29","","","","",""
"2024-09-10","2024254","12:41","9.0","96.7889","1.0","","","4.4","","8.3","102","","12","1.12","14.94","20.80","9.34","","","","",""
"2024-09-10","2024254","12:41","9.0","96.7889","2.0","4.8","0.88","4.4","","8.2","100","9.6","12","","14.93","20.78","9.34","0.86","17.21","2.93","2.69","144.56"
"2024-09-10","2024254","12:41","9.0","96.7889","3.0","","","4.3","","8.1","98","","12","","14.99","20.66","9.41","","","","",""
"2024-09-10","2024254","12:41","9.0","96.7889","4.0","","","3.4","","7.8","95","","12","","15.48","20.59","9.80","","","","",""
"2024-09-10","2024254","12:41","9.0","96.7889","5.0","","","2.8","","7.5","94","","12","","18.48","20.45","12.10","","","","",""
"2024-09-10","2024254","12:41","9.0","96.7889","6.0","","","2.6","","7.5","94","","12","","19.34","20.49","12.74","","","","",""
"2024-09-10","2024254","12:41","9.0","96.7889","7.0","","","2.6","","7.5","93","","13","","19.66","20.45","13.00","","","","",""
"2024-09-10","2024254","12:41","9.0","96.7889","8.0","","","2.9","","7.5","93","","13","","20.04","20.41","13.29","","","","",""
"2024-09-10","2024254","12:41","9.0","96.7889","9.0","","","3.0","","7.5","93","","15","","20.08","20.40","13.33","","","","",""
"2024-09-10","2024254","12:41","9.0","96.7889","10.0","","","3.0","","7.4","93","","15","","20.11","20.40","13.35","","","","",""
"2024-09-10","2024254","12:41","9.0","96.7889","11.0","","","3.0","","7.5","93","","15","","20.12","20.40","13.36","","","","",""
"2024-09-10","2024254","12:41","9.0","96.7889","12.0","","","3.0","","7.5","93","","15","","20.15","20.38","13.38","","","","",""
"2024-09-10","2024254","12:41","9.0","96.7889","13.0","","","3.0","","7.5","93","","16","","20.17","20.36","13.40","","","","",""
"2024-09-10","2024254","12:41","9.0","96.7889","14.0","","","3.1","","7.5","94","","16","","20.17","20.35","13.41","","","","",""
"2024-09-10","2024254","12:41","9.0","96.7889","15.0","","","3.1","","7.5","94","","16","","20.22","20.34","13.44","","","","",""
"2024-09-10","2024254","12:41","9.0","96.7889","16.0","","","3.2","","7.5","94","","16","","20.41","20.34","13.59","","","","",""
"2024-09-10","2024254","12:41","9.0","96.7889","17.0","","","3.3","","7.5","93","","16","","20.62","20.35","13.74","","","","",""
"2024-09-10","2024254","12:41","9.0","96.7889","18.0","","","3.1","","7.4","93","","16","","20.75","20.36","13.84","","","","",""
"2024-09-10","2024254","12:41","9.0","96.7889","19.0","","","3.3","","7.4","93","","16","","20.83","20.37","13.90","","","","",""
"2024-09-10","2024254","12:41","9.0","96.7889","20.0","","","3.1","","7.4","93","","15","","20.86","20.37","13.92","","","","",""
"2024-09-10","2024254","12:41","9.0","96.7889","21.0","","","3.3","","7.4","93","","14","","20.87","20.34","13.94","","","","",""
"2024-09-10","2024254","12:41","9.0","96.7889","22.0","","","3.4","","7.4","93","","14","","20.89","20.33","13.95","","","","",""
"2024-09-10","2024254","12:41","9.0","96.7889","23.0","","","3.1","","7.4","93","","14","","20.90","20.34","13.96","","","","",""
"2024-09-10","2024254","12:41","9.0","96.7889","24.0","","","3.3","","7.4","93","","14","","20.90","20.34","13.96","","","","",""
"2024-09-10","2024254","12:41","9.0","96.7889","25.0","","","3.4","","7.4","93","","15","","20.90","20.34","13.96","","","","",""
"2024-09-10","2024254","12:41","9.0","96.7889","26.0","","","3.2","","7.4","93","","15","","20.92","20.36","13.97","","","","",""
"2024-09-10","2024254","12:41","9.0","96.7889","27.0","","","3.5","","7.4","93","","14","","20.93","20.37","13.97","","","","",""
"2024-09-10","2024254","12:41","9.0","96.7889","28.0","","","3.3","","7.4","93","","14","","20.93","20.37","13.98","","","","",""
"2024-09-10","2024254","12:41","9.0","96.7889","29.0","","","3.4","","7.4","93","","14","","20.94","20.36","13.99","","","","",""
"2024-09-10","2024254","12:31","10.0","93.5951","1.0","","","4.6","","8.2","100","","12","1.09","15.11","20.73","9.48","","","","",""
"2024-09-10","2024254","12:31","10.0","93.5951","2.0","5.5","0.88","4.9","","7.9","97","","12","","15.47","20.67","9.77","","","","",""
"2024-09-10","2024254","12:31","10.0","93.5951","3.0","","","4.2","","7.8","96","","12","","16.71","20.53","10.74","","","","",""
"2024-09-10","2024254","12:31","10.0","93.5951","4.0","","","3.0","","7.7","95","","11","","17.94","20.39","11.71","","","","",""
"2024-09-10","2024254","12:31","10.0","93.5951","5.0","","","3.0","","7.7","95","","12","","18.48","20.30","12.14","","","","",""
"2024-09-10","2024254","12:31","10.0","93.5951","6.0","","","2.9","","7.6","95","","13","","19.21","20.24","12.70","","","","",""
"2024-09-10","2024254","12:31","10.0","93.5951","7.0","","","2.7","","7.6","95","","12","","19.74","20.22","13.11","","","","",""
"2024-09-10","2024254","12:31","10.0","93.5951","8.0","","","2.8","","7.5","94","","12","","19.97","20.20","13.29","","","","",""
"2024-09-10","2024254","12:31","10.0","93.5951","9.0","","","2.8","","7.5","94","","12","","20.44","20.26","13.63","","","","",""
"2024-09-10","2024254","12:31","10.0","93.5951","10.0","","","2.9","","7.5","93","","12","","20.59","20.27","13.74","","","","",""
"2024-09-10","2024254","12:31","10.0","93.5951","11.0","","","3.0","","7.4","93","","13","","20.64","20.30","13.77","","","","",""
"2024-09-10","2024254","12:31","10.0","93.5951","12.0","","","2.9","","7.4","93","","14","","20.89","20.37","13.95","","","","",""
"2024-09-10","2024254","12:31","10.0","93.5951","13.0","","","2.9","","7.4","93","","14","","21.04","20.38","14.05","","","","",""
"2024-09-10","2024254","12:31","10.0","93.5951","14.0","","","3.0","","7.4","93","","15","","21.09","20.38","14.09","","","","",""
"2024-09-10","2024254","12:31","10.0","93.5951","15.0","","","3.0","","7.3","93","","15","","21.30","20.38","14.25","","","","",""
"2024-09-10","2024254","12:31","10.0","93.5951","16.0","","","3.0","","7.3","92","","14","","21.39","20.39","14.32","","","","",""
"2024-09-10","2024254","12:31","10.0","93.5951","17.0","","","2.9","","7.3","93","","14","","21.40","20.40","14.33","","","","",""
"2024-09-10","2024254","12:12","11.0","89.7672","1.0","","","3.5","","7.6","95","","15","1.27","18.87","20.50","12.38","","","","",""
"2024-09-10","2024254","12:12","11.0","89.7672","2.0","","","4.7","","7.6","95","","15","","19.87","20.23","13.21","","","","",""
"2024-09-10","2024254","12:12","11.0","89.7672","3.0","","","4.3","","7.6","96","","14","","20.50","20.20","13.69","","","","",""
"2024-09-10","2024254","12:12","11.0","89.7672","4.0","","","3.6","","7.5","94","","13","","21.04","20.23","14.09","","","","",""
"2024-09-10","2024254","12:12","11.0","89.7672","5.0","","","3.8","","7.4","93","","11","","21.35","20.26","14.32","","","","",""
"2024-09-10","2024254","12:12","11.0","89.7672","6.0","","","3.3","","7.4","93","","12","","21.69","20.25","14.58","","","","",""
"2024-09-10","2024254","12:12","11.0","89.7672","7.0","","","3.5","","7.3","92","","11","","22.28","20.22","15.03","","","","",""
"2024-09-10","2024254","12:12","11.0","89.7672","8.0","","","3.8","","7.3","92","","13","","23.01","20.19","15.60","","","","",""
"2024-09-10","2024254","12:12","11.0","89.7672","9.0","","","3.7","","7.3","92","","12","","23.10","20.17","15.67","","","","",""
"2024-09-10","2024254","12:12","11.0","89.7672","10.0","","","3.5","","7.3","92","","11","","23.40","20.13","15.91","","","","",""
"2024-09-10","2024254","12:12","11.0","89.7672","11.0","","","3.5","","7.3","93","","10","","23.71","20.10","16.15","","","","",""
"2024-09-10","2024254","12:12","11.0","89.7672","12.0","","","3.5","","7.3","92","","10","","24.15","20.03","16.50","","","","",""
"2024-09-10","2024254","12:12","11.0","89.7672","13.0","","","3.9","","7.2","92","","10","","24.52","19.99","16.79","","","","",""
"2024-09-10","2024254","12:12","11.0","89.7672","14.0","","","4.2","","7.2","91","","10","","24.90","19.95","17.09","","","","",""
"2024-09-10","2024254","12:12","11.0","89.7672","15.0","","","4.3","","7.1","91","","13","","24.89","19.96","17.08","","","","",""
"2024-09-10","2024254","12:12","11.0","89.7672","16.0","","","4.3","","7.1","90","","14","","24.92","19.96","17.11","","","","",""
"2024-09-10","2024254","12:12","11.0","89.7672","17.0","","","4.5","","7.0","90","","15","","25.10","19.93","17.25","","","","",""
"2024-09-10","2024254","12:12","11.0","89.7672","18.0","","","4.4","","7.0","90","","18","","25.31","19.90","17.41","","","","",""
"2024-09-10","2024254","12:12","11.0","89.7672","19.0","","","4.4","","7.0","90","","17","","25.44","19.88","17.52","","","","",""
"2024-09-10","2024254","12:12","11.0","89.7672","20.0","","","4.4","","7.0","90","","14","","25.49","19.88","17.56","","","","",""
"2024-09-10","2024254","12:12","11.0","89.7672","21.0","","","4.1","","7.0","90","","14","","25.56","19.87","17.61","","","","",""
"2024-09-10","2024254","11:58","12.0","84.4458","1.0","","","3.9","","7.5","94","","14","0.98","21.53","20.26","14.46","","","","",""
"2024-09-10","2024254","11:58","12.0","84.4458","2.0","","","4.2","","7.4","93","","13","","22.79","20.23","15.42","","","","",""
"2024-09-10","2024254","11:58","12.0","84.4458","3.0","","","4.1","","7.3","93","","10","","23.40","20.05","15.93","","","","",""
"2024-09-10","2024254","11:58","12.0","84.4458","4.0","","","3.9","","7.1","91","","8","","24.01","20.03","16.39","","","","",""
"2024-09-10","2024254","11:58","12.0","84.4458","5.0","","","3.7","","7.0","90","","8","","24.91","19.95","17.09","","","","",""
"2024-09-10","2024254","11:58","12.0","84.4458","6.0","","","3.6","","6.9","89","","8","","25.38","19.90","17.47","","","","",""
"2024-09-10","2024254","11:58","12.0","84.4458","7.0","","","3.5","","6.8","87","","8","","25.85","19.80","17.85","","","","",""
"2024-09-10","2024254","11:58","12.0","84.4458","8.0","","","3.4","","6.8","87","","8","","26.23","19.72","18.16","","","","",""
"2024-09-10","2024254","11:40","13.0","78.5444","1.0","","","4.7","","7.5","96","","7","0.78","23.37","20.16","15.88","","","","",""
"2024-09-10","2024254","11:40","13.0","78.5444","2.0","6.0","0.90","5.5","","7.2","91","5.1","7","","23.78","20.08","16.21","0.89","18.92","2.78","2.87","105.04"
"2024-09-10","2024254","11:40","13.0","78.5444","3.0","","","5.3","","7.0","90","","7","","25.74","19.69","17.79","","","","",""
"2024-09-10","2024254","11:40","13.0","78.5444","4.0","","","4.8","","7.0","89","","7","","26.32","19.55","18.27","","","","",""
"2024-09-10","2024254","11:40","13.0","78.5444","5.0","","","4.5","","6.9","88","","7","","26.52","19.56","18.41","","","","",""
"2024-09-10","2024254","11:40","13.0","78.5444","6.0","","","4.1","","6.8","87","","8","","27.43","19.26","19.18","","","","",""
"2024-09-10","2024254","11:40","13.0","78.5444","7.0","","","3.7","","6.8","87","","8","","27.53","19.16","19.29","","","","",""
"2024-09-10","2024254","11:40","13.0","78.5444","8.0","3.0","0.80","3.4","","6.8","87","7.1","8","","27.54","19.12","19.30","","","","",""
"2024-09-10","2024254","11:29","14.0","74.4288","1.0","","","9.8","","8.0","100","","7","0.83","23.44","19.76","16.03","","","","",""
"2024-09-10","2024254","11:29","14.0","74.4288","2.0","","","9.5","","7.4","93","","7","","24.41","19.66","16.79","","","","",""
"2024-09-10","2024254","11:29","14.0","74.4288","3.0","","","6.1","","7.1","90","","7","","25.75","19.41","17.87","","","","",""
"2024-09-10","2024254","11:29","14.0","74.4288","4.0","","","5.3","","6.9","88","","7","","27.27","19.11","19.09","","","","",""
"2024-09-10","2024254","11:29","14.0","74.4288","5.0","","","4.5","","6.8","87","","7","","27.79","18.99","19.52","","","","",""
"2024-09-10","2024254","11:29","14.0","74.4288","6.0","","","4.1","","6.7","86","","7","","27.94","18.94","19.65","","","","",""
"2024-09-10","2024254","11:29","14.0","74.4288","7.0","","","3.7","","6.7","86","","8","","27.99","18.94","19.69","","","","",""
"2024-09-10","2024254","11:29","14.0","74.4288","8.0","","","3.5","","6.7","86","","9","","28.01","18.92","19.71","","","","",""
"2024-09-10","2024254","11:29","14.0","74.4288","9.0","","","3.5","","6.7","85","","9","","28.04","18.89","19.74","","","","",""
"2024-09-10","2024254","11:29","14.0","74.4288","10.0","","","3.4","","6.7","85","","9","","28.07","18.89","19.76","","","","",""
"2024-09-10","2024254","11:29","14.0","74.4288","11.0","","","3.5","","6.7","85","","9","","28.08","18.89","19.77","","","","",""
"2024-09-10","2024254","11:29","14.0","74.4288","12.0","","","3.6","","6.6","85","","10","","28.10","18.87","19.79","","","","",""
"2024-09-10","2024254","11:29","14.0","74.4288","13.0","","","3.7","","6.6","84","","10","","28.12","18.85","19.81","","","","",""
"2024-09-10","2024254","11:29","14.0","74.4288","14.0","","","3.8","","6.6","84","","12","","28.13","18.83","19.82","","","","",""
"2024-09-10","2024254","11:29","14.0","74.4288","15.0","","","3.9","","6.6","84","","15","","28.14","18.84","19.83","","","","",""
"2024-09-10","2024254","11:10","15.0","69.9895","1.0","","","12.1","","8.0","102","","10","0.84","25.04","20.04","17.18","","","","",""
"2024-09-10","2024254","11:10","15.0","69.9895","2.0","13.4","0.87","13.8","","7.8","100","9.6","10","","25.08","19.99","17.22","0.71","15.49","1.14","2.88","102.19"
"2024-09-10","2024254","11:10","15.0","69.9895","3.0","","","14.2","","7.4","94","","10","","25.27","19.72","17.43","","","","",""
"2024-09-10","2024254","11:10","15.0","69.9895","4.0","","","9.5","","6.9","88","","10","","26.65","19.13","18.62","","","","",""
"2024-09-10","2024254","11:10","15.0","69.9895","5.0","","","5.4","","6.8","87","","10","","27.91","18.89","19.64","","","","",""
"2024-09-10","2024254","11:10","15.0","69.9895","6.0","","","4.5","","6.7","86","","10","","28.13","18.78","19.84","","","","",""
"2024-09-10","2024254","11:10","15.0","69.9895","7.0","","","4.1","","6.6","84","","10","","28.21","18.74","19.90","","","","",""
"2024-09-10","2024254","11:10","15.0","69.9895","8.0","","","4.0","","6.6","84","","10","","28.53","18.58","20.18","","","","",""
"2024-09-10","2024254","11:10","15.0","69.9895","9.0","","","4.1","","6.6","84","","10","","28.69","18.48","20.33","","","","",""
"2024-09-10","2024254","11:10","15.0","69.9895","10.0","","","4.3","","6.6","83","","10","","28.80","18.41","20.43","","","","",""
"2024-09-10","2024254","11:10","15.0","69.9895","11.0","","","4.5","","6.5","83","","10","","28.95","18.31","20.57","","","","",""
"2024-09-10","2024254","11:10","15.0","69.9895","12.0","","","4.7","","6.5","82","","10","","29.05","18.26","20.66","","","","",""
"2024-09-10","2024254","11:10","15.0","69.9895","13.0","","","4.6","","6.4","81","","10","","29.18","18.18","20.78","","","","",""
"2024-09-10","2024254","11:10","15.0","69.9895","14.0","","","4.4","","6.4","81","","10","","29.37","18.07","20.95","","","","",""
"2024-09-10","2024254","11:10","15.0","69.9895","15.0","","","4.5","","6.4","81","","10","","29.55","17.93","21.12","","","","",""
"2024-09-10","2024254","11:10","15.0","69.9895","16.0","","","4.7","","6.4","80","","10","","29.64","17.87","21.20","","","","",""
"2024-09-10","2024254","11:10","15.0","69.9895","17.0","","","4.7","","6.4","80","","10","","29.72","17.82","21.28","","","","",""
"2024-09-10","2024254","11:10","15.0","69.9895","18.0","","","4.7","","6.3","80","","10","","29.78","17.78","21.33","","","","",""
"2024-09-10","2024254","11:10","15.0","69.9895","19.0","","","4.8","","6.3","80","","10","","29.91","17.69","21.45","","","","",""
"2024-09-10","2024254","11:10","15.0","69.9895","20.0","","","4.8","","6.3","79","","12","","30.05","17.59","21.58","","","","",""
"2024-09-10","2024254","11:10","15.0","69.9895","21.0","","","4.8","","6.3","79","","13","","30.15","17.50","21.68","","","","",""
"2024-09-10","2024254","11:10","15.0","69.9895","22.0","4.4","0.72","4.7","","6.3","79","18.8","14","","30.16","17.49","21.69","","","","",""
"2024-09-10","2024254","10:52","16.0","63.0794","1.0","","","10.0","","7.4","93","","5","0.75","26.42","19.11","18.45","","","","",""
"2024-09-10","2024254","10:52","16.0","63.0794","2.0","","","11.6","","6.8","86","","4","","27.31","18.77","19.21","","","","",""
"2024-09-10","2024254","10:52","16.0","63.0794","3.0","","","8.5","","6.4","81","","4","","28.73","18.16","20.44","","","","",""
"2024-09-10","2024254","10:52","16.0","63.0794","4.0","","","5.7","","6.3","80","","6","","30.33","17.38","21.84","","","","",""
"2024-09-10","2024254","10:52","16.0","63.0794","5.0","","","4.8","","6.3","79","","7","","30.68","17.21","22.15","","","","",""
"2024-09-10","2024254","10:52","16.0","63.0794","6.0","","","4.6","","6.2","77","","6","","30.79","17.10","22.26","","","","",""
"2024-09-10","2024254","10:52","16.0","63.0794","7.0","","","4.3","","6.1","77","","7","","30.87","17.00","22.35","","","","",""
"2024-09-10","2024254","10:52","16.0","63.0794","8.0","","","4.2","","6.1","77","","7","","30.92","16.95","22.40","","","","",""
"2024-09-10","2024254","10:52","16.0","63.0794","9.0","","","4.1","","6.1","76","","7","","30.92","16.94","22.40","","","","",""
"2024-09-10","2024254","10:52","16.0","63.0794","10.0","","","4.1","","6.1","76","","7","","30.92","16.93","22.40","","","","",""
"2024-09-10","2024254","10:52","16.0","63.0794","11.0","","","4.0","","6.1","76","","8","","30.93","16.93","22.41","","","","",""
"2024-09-10","2024254","10:52","16.0","63.0794","12.0","","","4.0","","6.1","76","","8","","30.93","16.92","22.41","","","","",""
"2024-09-10","2024254","10:38","17.0","58.8909","1.0","","","10.6","","7.3","93","","4","0.83","29.23","18.04","20.85","","","","",""
"2024-09-10","2024254","10:38","17.0","58.8909","2.0","12.3","0.90","11.9","","7.3","92","","4","","29.55","18.02","21.10","","","","",""
"2024-09-10","2024254","10:38","17.0","58.8909","3.0","","","11.3","","7.2","91","","5","","29.71","18.04","21.21","","","","",""
"2024-09-10","2024254","10:38","17.0","58.8909","4.0","","","8.8","","7.1","90","","5","","29.82","18.03","21.30","","","","",""
"2024-09-10","2024254","10:38","17.0","58.8909","5.0","","","7.3","","6.8","86","","5","","29.84","18.00","21.33","","","","",""
"2024-09-10","2024254","10:38","17.0","58.8909","6.0","","","5.9","","6.5","82","","6","","30.03","17.87","21.50","","","","",""
"2024-09-10","2024254","10:38","17.0","58.8909","7.0","","","4.6","","6.3","79","","8","","30.27","17.64","21.74","","","","",""
"2024-09-10","2024254","10:38","17.0","58.8909","8.0","","","4.4","","6.1","76","","9","","30.65","17.39","22.09","","","","",""
"2024-09-10","2024254","10:38","17.0","58.8909","9.0","","","4.4","","5.8","73","","9","","31.15","16.82","22.60","","","","",""
"2024-09-10","2024254","10:38","17.0","58.8909","10.0","","","3.5","","5.7","71","","8","","31.54","16.29","23.02","","","","",""
"2024-09-10","2024254","10:16","18.0","54.9481","1.0","10.6","0.90","10.5","","6.8","86","5.4","5","0.86","30.00","17.84","21.49","","","","",""
"2024-09-10","2024254","10:16","18.0","54.9481","2.0","","","8.6","","6.7","85","","5","","30.08","17.82","21.55","0.99","19.06","4.57","2.74","58.04"
"2024-09-10","2024254","10:16","18.0","54.9481","3.0","","","7.0","","6.6","84","","6","","30.13","17.81","21.59","","","","",""
"2024-09-10","2024254","10:16","18.0","54.9481","4.0","","","6.0","","6.6","83","","7","","30.22","17.79","21.67","","","","",""
"2024-09-10","2024254","10:16","18.0","54.9481","5.0","","","5.8","","6.6","83","","7","","30.25","17.79","21.69","","","","",""
"2024-09-10","2024254","10:16","18.0","54.9481","6.0","","","5.6","","6.6","83","","7","","30.34","17.77","21.76","","","","",""
"2024-09-10","2024254","10:16","18.0","54.9481","7.0","","","5.2","","6.4","81","","7","","30.41","17.74","21.82","","","","",""
"2024-09-10","2024254","10:16","18.0","54.9481","8.0","","","5.2","","6.1","77","","7","","30.67","17.44","22.09","","","","",""
"2024-09-10","2024254","10:16","18.0","54.9481","9.0","","","4.7","","6.1","76","","7","","31.05","16.92","22.50","","","","",""
"2024-09-10","2024254","10:16","18.0","54.9481","10.0","","","4.1","","6.1","76","","7","","31.11","16.82","22.57","","","","",""
"2024-09-10","2024254","10:16","18.0","54.9481","11.0","","","3.8","","6.1","76","","7","","31.11","16.80","22.58","","","","",""
"2024-09-10","2024254","10:16","18.0","54.9481","12.0","","","3.8","","6.1","75","","7","","31.14","16.76","22.61","","","","",""
"2024-09-10","2024254","10:16","18.0","54.9481","13.0","","","3.5","","5.9","74","","7","","31.17","16.72","22.64","","","","",""
"2024-09-10","2024254","10:16","18.0","54.9481","14.0","","","3.1","","5.8","72","","7","","31.30","16.55","22.78","","","","",""
"2024-09-10","2024254","10:16","18.0","54.9481","15.0","","","3.0","","5.8","71","","8","","31.59","16.18","23.09","","","","",""
"2024-09-10","2024254","10:16","18.0","54.9481","16.0","","","3.2","","5.7","71","","8","","31.60","16.15","23.10","","","","",""
"2024-09-10","2024254","10:16","18.0","54.9481","17.0","","","3.0","","5.7","71","","7","","31.60","16.15","23.10","","","","",""
"2024-09-10","2024254","10:16","18.0","54.9481","18.0","","","3.0","","5.7","70","","7","","31.60","16.14","23.10","","","","",""
"2024-09-10","2024254","10:16","18.0","54.9481","19.0","","","3.0","","5.6","69","","7","","31.65","16.07","23.15","","","","",""
"2024-09-10","2024254","10:16","18.0","54.9481","20.0","","","2.9","","5.6","69","","6","","31.77","15.93","23.28","","","","",""
"2024-09-10","2024254","10:16","18.0","54.9481","21.0","","","3.0","","5.6","68","","6","","31.82","15.85","23.34","","","","",""
"2024-09-10","2024254","10:16","18.0","54.9481","22.0","","","2.9","","5.5","68","","7","","31.86","15.80","23.38","","","","",""
"2024-09-10","2024254","10:16","18.0","54.9481","23.0","","","2.9","","5.5","68","","7","","31.87","15.78","23.39","","","","",""
"2024-09-10","2024254","10:16","18.0","54.9481","24.0","","","3.2","","5.5","67","","7","","31.92","15.71","23.45","","","","",""
"2024-09-10","2024254","10:16","18.0","54.9481","25.0","","","2.8","","5.4","67","","8","","32.01","15.59","23.54","","","","",""
"2024-09-10","2024254","10:16","18.0","54.9481","26.0","","","3.2","","5.4","66","","8","","32.01","15.59","23.54","","","","",""
"2024-09-10","2024254","10:16","18.0","54.9481","27.0","","","2.8","","5.4","66","","8","","32.04","15.54","23.57","","","","",""
"2024-09-10","2024254","10:16","18.0","54.9481","28.0","","","2.9","","5.4","66","","7","","32.04","15.53","23.58","","","","",""
"2024-09-10","2024254","10:16","18.0","54.9481","29.0","","","2.9","","5.4","66","","7","","32.06","15.49","23.61","","","","",""
"2024-09-10","2024254","10:16","18.0","54.9481","30.0","","","3.2","","5.4","66","","7","","32.08","15.47","23.62","","","","",""
"2024-09-10","2024254","10:16","18.0","54.9481","31.0","","","3.2","","5.4","66","","7","","32.07","15.47","23.62","","","","",""
"2024-09-10","2024254","10:16","18.0","54.9481","32.0","","","3.1","","5.4","66","","8","","32.07","15.47","23.61","","","","",""
"2024-09-10","2024254","10:16","18.0","54.9481","33.0","","","3.1","","5.4","66","","7","","32.08","15.46","23.62","","","","",""
"2024-09-10","2024254","10:16","18.0","54.9481","34.0","","","3.2","","5.4","66","","7","","32.10","15.43","23.64","","","","",""
"2024-09-10","2024254","10:16","18.0","54.9481","35.0","","","3.1","","5.4","66","","7","","32.10","15.42","23.64","","","","",""
"2024-09-10","2024254","10:16","18.0","54.9481","36.0","","","2.9","","5.4","66","","7","","32.10","15.42","23.65","","","","",""
"2024-09-10","2024254","10:16","18.0","54.9481","37.0","","","3.0","","5.4","66","","7","","32.10","15.43","23.64","","","","",""
"2024-09-10","2024254","10:16","18.0","54.9481","38.0","","","3.0","","5.4","66","","7","","32.09","15.43","23.64","","","","",""
"2024-09-10","2024254","10:16","18.0","54.9481","39.0","","","2.9","","5.4","66","","7","","32.10","15.43","23.64","","","","",""
"2024-09-10","2024254","10:16","18.0","54.9481","40.0","","","2.9","","5.4","66","","7","","32.09","15.44","23.63","","","","",""
"2024-09-10","2024254","10:16","18.0","54.9481","41.0","","","2.9","","5.4","66","","7","","32.09","15.44","23.63","","","","",""
"2024-09-10","2024254","10:16","18.0","54.9481","42.0","","","3.2","","5.4","66","","7","","32.09","15.44","23.63","","","","",""
"2024-09-10","2024254","10:16","18.0","54.9481","43.0","","","3.3","","5.4","66","","7","","32.09","15.43","23.64","","","","",""
"2024-09-10","2024254","10:16","18.0","54.9481","44.0","4.2","0.72","3.3","","5.4","66","8.3","7","","32.10","15.42","23.65","","","","",""
"2024-09-10","2024254","10:03","20.0","51.4501","1.0","","","8.1","","6.7","85","","7","0.92","29.89","18.05","21.35","","","","",""
"2024-09-10","2024254","10:03","20.0","51.4501","2.0","7.7","0.85","7.6","","6.7","85","","7","","30.00","18.10","21.42","","","","",""
"2024-09-10","2024254","10:03","20.0","51.4501","3.0","","","6.8","","6.6","84","","9","","30.06","18.06","21.47","","","","",""
"2024-09-10","2024254","10:03","20.0","51.4501","4.0","","","5.6","","6.5","83","","9","","30.08","18.05","21.49","","","","",""
"2024-09-10","2024254","10:03","20.0","51.4501","5.0","","","5.2","","6.5","82","","9","","30.12","17.95","21.55","","","","",""
"2024-09-10","2024254","10:03","20.0","51.4501","6.0","","","4.9","","6.4","80","","9","","30.19","17.82","21.63","","","","",""
"2024-09-10","2024254","10:03","20.0","51.4501","7.0","","","4.3","","6.3","80","","9","","30.49","17.60","21.92","","","","",""
"2024-09-10","2024254","10:03","20.0","51.4501","8.0","","","4.4","","6.3","80","","9","","30.63","17.52","22.04","","","","",""
"2024-09-10","2024254","10:03","20.0","51.4501","9.0","","","4.4","","6.3","79","","9","","30.64","17.52","22.05","","","","",""
"2024-09-10","2024254","10:03","20.0","51.4501","10.0","","","4.5","","6.2","79","","9","","30.66","17.50","22.07","","","","",""
"2024-09-10","2024254","10:03","20.0","51.4501","11.0","","","4.2","","6.1","77","","9","","30.73","17.41","22.15","","","","",""
"2024-09-10","2024254","10:03","20.0","51.4501","12.0","","","3.9","","6.0","76","","9","","30.86","17.28","22.27","","","","",""
"2024-09-10","2024254","10:03","20.0","51.4501","13.0","","","3.8","","6.0","75","","9","","30.96","17.16","22.38","","","","",""
"2024-09-10","2024254","10:03","20.0","51.4501","14.0","","","3.3","","6.0","75","","9","","31.06","17.03","22.49","","","","",""
"2024-09-10","2024254","10:03","20.0","51.4501","15.0","","","3.4","","6.0","75","","9","","31.08","17.01","22.50","","","","",""
"2024-09-10","2024254","10:03","20.0","51.4501","16.0","","","3.5","","6.0","75","","9","","31.09","16.99","22.52","","","","",""
"2024-09-10","2024254","10:03","20.0","51.4501","17.0","","","3.3","","5.9","74","","9","","31.11","16.97","22.54","","","","",""
"2024-09-10","2024254","10:03","20.0","51.4501","18.0","","","3.0","","5.9","74","","9","","31.14","16.93","22.57","","","","",""
"2024-09-10","2024254","10:03","20.0","51.4501","19.0","","","3.0","","5.8","73","","10","","31.23","16.80","22.67","","","","",""
"2024-09-10","2024254","10:03","20.0","51.4501","20.0","","","2.7","","5.7","71","","10","","31.36","16.60","22.81","","","","",""
"2024-09-10","2024254","10:03","20.0","51.4501","21.0","","","2.3","","5.7","70","","10","","31.58","16.29","23.05","","","","",""
"2024-09-10","2024254","10:03","20.0","51.4501","22.0","","","1.9","","5.6","69","","10","","31.67","16.15","23.15","","","","",""
"2024-09-10","2024254","10:03","20.0","51.4501","23.0","","","1.7","","5.6","69","","10","","31.72","16.05","23.22","","","","",""
"2024-09-10","2024254","10:03","20.0","51.4501","24.0","","","1.6","","5.6","69","","11","","31.78","15.95","23.29","","","","",""
"2024-09-10","2024254","9:50","21.0","46.6266","1.0","","","8.0","","6.8","87","","6","0.80","29.66","18.07","21.17","","","","",""
"2024-09-10","2024254","9:50","21.0","46.6266","2.0","8.8","0.86","8.2","","6.8","87","","6","","29.66","18.07","21.17","","","","",""
"2024-09-10","2024254","9:50","21.0","46.6266","3.0","","","7.6","","6.9","87","","6","","29.66","18.07","21.17","","","","",""
"2024-09-10","2024254","9:50","21.0","46.6266","4.0","","","7.5","","6.9","87","","6","","29.66","18.07","21.17","","","","",""
"2024-09-10","2024254","9:50","21.0","46.6266","5.0","","","7.2","","6.8","87","","7","","29.68","18.08","21.18","","","","",""
"2024-09-10","2024254","9:50","21.0","46.6266","6.0","","","6.6","","6.8","86","","7","","29.73","18.13","21.21","","","","",""
"2024-09-10","2024254","9:50","21.0","46.6266","7.0","","","5.9","","6.7","86","","8","","29.82","18.16","21.27","","","","",""
"2024-09-10","2024254","9:50","21.0","46.6266","8.0","","","5.6","","6.7","85","","8","","29.94","18.20","21.35","","","","",""
"2024-09-10","2024254","9:50","21.0","46.6266","9.0","","","5.1","","6.6","84","","9","","30.00","18.21","21.40","","","","",""
"2024-09-10","2024254","9:50","21.0","46.6266","10.0","","","4.9","","6.6","84","","9","","30.03","18.18","21.43","","","","",""
"2024-09-10","2024254","9:50","21.0","46.6266","11.0","","","4.5","","6.7","85","","9","","30.06","18.20","21.44","","","","",""
"2024-09-10","2024254","9:50","21.0","46.6266","12.0","","","4.8","","6.7","85","","9","","30.17","18.37","21.49","","","","",""
"2024-09-10","2024254","9:50","21.0","46.6266","13.0","","","4.9","","6.6","85","","10","","30.20","18.38","21.51","","","","",""
"2024-09-10","2024254","9:50","21.0","46.6266","14.0","","","4.9","","6.6","84","","10","","30.21","18.36","21.53","","","","",""
"2024-09-10","2024254","9:50","21.0","46.6266","15.0","","","4.9","","6.5","83","","11","","30.23","18.29","21.55","","","","",""
"2024-09-10","2024254","9:50","21.0","46.6266","16.0","","","5.0","","6.5","83","","11","","30.27","18.07","21.64","","","","",""
"2024-09-10","2024254","9:41","22.0","43.9210","1.0","10.6","0.89","10.3","","7.1","90","6.9","7","0.84","29.76","18.40","21.17","","","","",""
"2024-09-10","2024254","9:41","22.0","43.9210","2.0","","","9.2","","7.1","90","","7","","29.76","18.40","21.17","1.05","18.71","4.57","2.98","59.82"
"2024-09-10","2024254","9:41","22.0","43.9210","3.0","","","8.2","","7.1","90","","7","","29.77","18.42","21.17","","","","",""
"2024-09-10","2024254","9:41","22.0","43.9210","4.0","","","8.0","","7.1","90","","7","","29.79","18.45","21.18","","","","",""
"2024-09-10","2024254","9:41","22.0","43.9210","5.0","","","7.2","","7.1","91","","8","","29.83","18.53","21.19","","","","",""
"2024-09-10","2024254","9:41","22.0","43.9210","6.0","","","6.3","","7.0","90","","8","","29.90","18.61","21.22","","","","",""
"2024-09-10","2024254","9:41","22.0","43.9210","7.0","","","5.9","","7.0","89","","9","","29.97","18.66","21.26","","","","",""
"2024-09-10","2024254","9:41","22.0","43.9210","8.0","","","6.1","","6.9","89","","9","","29.99","18.65","21.28","","","","",""
"2024-09-10","2024254","9:41","22.0","43.9210","9.0","","","6.2","","7.0","90","","9","","30.01","18.65","21.30","","","","",""
"2024-09-10","2024254","9:41","22.0","43.9210","10.0","","","6.2","","6.9","89","","9","","30.03","18.68","21.30","","","","",""
"2024-09-10","2024254","9:41","22.0","43.9210","11.0","","","6.5","","6.9","88","","9","","30.07","18.72","21.33","","","","",""
"2024-09-10","2024254","9:41","22.0","43.9210","12.0","","","6.7","","6.8","88","","10","","30.12","18.66","21.38","","","","",""
"2024-09-10","2024254","9:41","22.0","43.9210","13.0","","","6.3","","6.8","87","","10","","30.14","18.62","21.40","","","","",""
"2024-09-10","2024254","9:41","22.0","43.9210","14.0","","","6.4","","6.8","87","","10","","30.16","18.67","21.41","","","","",""
"2024-09-10","2024254","9:41","22.0","43.9210","15.0","","","6.3","","6.7","87","","11","","30.18","18.68","21.42","","","","",""
"2024-09-10","2024254","9:41","22.0","43.9210","16.0","","","6.0","","6.7","86","","11","","30.19","18.65","21.44","","","","",""
"2024-09-10","2024254","9:41","22.0","43.9210","17.0","","","6.0","","6.7","86","","12","","30.20","18.63","21.45","","","","",""
"2024-09-10","2024254","9:41","22.0","43.9210","18.0","5.8","0.75","5.7","","6.7","86","15.4","12","","30.20","18.62","21.45","","","","",""
"2024-09-10","2024254","9:27","23.0","39.6557","1.0","","","7.7","","7.2","95","","18","1.40","30.21","19.82","21.16","","","","",""
"2024-09-10","2024254","9:27","23.0","39.6557","2.0","","","7.5","","7.3","95","","18","","30.21","19.83","21.16","","","","",""
"2024-09-10","2024254","9:27","23.0","39.6557","3.0","","","7.9","","7.2","95","","18","","30.21","19.82","21.16","","","","",""
"2024-09-10","2024254","9:27","23.0","39.6557","4.0","","","8.0","","7.2","95","","18","","30.21","19.83","21.16","","","","",""
"2024-09-10","2024254","9:27","23.0","39.6557","5.0","","","8.0","","7.3","95","","18","","30.21","19.82","21.16","","","","",""
"2024-09-10","2024254","9:27","23.0","39.6557","6.0","","","8.0","","7.3","95","","18","","30.21","19.81","21.16","","","","",""
"2024-09-10","2024254","9:27","23.0","39.6557","7.0","","","7.8","","7.3","95","","19","","30.21","19.81","21.16","","","","",""
"2024-09-10","2024254","9:27","23.0","39.6557","8.0","","","7.9","","7.3","95","","19","","30.21","19.83","21.16","","","","",""
"2024-09-10","2024254","9:27","23.0","39.6557","9.0","","","7.6","","7.3","96","","19","","30.21","19.82","21.16","","","","",""
"2024-09-10","2024254","9:27","23.0","39.6557","10.0","","","7.4","","7.3","96","","19","","30.21","19.81","21.16","","","","",""
"2024-09-10","2024254","9:27","23.0","39.6557","11.0","","","7.6","","7.3","95","","20","","30.20","19.81","21.16","","","","",""
"2024-09-10","2024254","9:27","23.0","39.6557","12.0","","","7.7","","7.3","95","","20","","30.20","19.78","21.16","","","","",""
"2024-09-10","2024254","9:27","23.0","39.6557","13.0","","","7.6","","7.3","95","","19","","30.19","19.77","21.16","","","","",""
"2024-09-10","2024254","9:27","23.0","39.6557","14.0","","","7.6","","7.3","95","","20","","30.20","19.79","21.16","","","","",""
"2024-09-10","2024254","9:15","24.0","37.0911","1.0","","","6.2","","7.1","94","","18","1.45","30.30","20.14","21.14","","","","",""
"2024-09-10","2024254","9:15","24.0","37.0911","2.0","7.1","0.77","6.8","","7.1","94","17.0","17","","30.30","20.14","21.14","1.46","24.92","3.93","4.43","75.13"
"2024-09-10","2024254","9:15","24.0","37.0911","3.0","","","6.4","","7.1","93","","18","","30.30","20.13","21.15","","","","",""
"2024-09-10","2024254","9:15","24.0","37.0911","4.0","","","6.6","","7.0","93","","18","","30.30","20.13","21.15","","","","",""
"2024-09-10","2024254","9:15","24.0","37.0911","5.0","","","6.5","","7.1","93","","19","","30.30","20.13","21.15","","","","",""
"2024-09-10","2024254","9:15","24.0","37.0911","6.0","","","6.5","","7.0","93","","19","","30.30","20.12","21.15","","","","",""
"2024-09-10","2024254","9:15","24.0","37.0911","7.0","","","6.5","","7.0","93","","20","","30.30","20.11","21.15","","","","",""
"2024-09-10","2024254","9:15","24.0","37.0911","8.0","","","6.5","","7.0","93","","20","","30.30","20.11","21.16","","","","",""
"2024-09-10","2024254","9:15","24.0","37.0911","9.0","6.4","0.72","6.3","","7.0","93","22.4","21","","30.30","20.11","21.16","","","","",""
"2024-09-10","2024254","9:04","25.0","32.8382","1.0","","","5.3","","7.1","95","","15","1.28","30.22","20.84","20.90","","","","",""
"2024-09-10","2024254","9:04","25.0","32.8382","2.0","","","5.4","","7.1","95","","14","","30.22","20.84","20.90","","","","",""
"2024-09-10","2024254","9:04","25.0","32.8382","3.0","","","5.6","","7.1","95","","15","","30.22","20.84","20.90","","","","",""
"2024-09-10","2024254","9:04","25.0","32.8382","4.0","","","5.6","","7.1","95","","15","","30.22","20.84","20.90","","","","",""
"2024-09-10","2024254","9:04","25.0","32.8382","5.0","","","5.3","","7.1","95","","15","","30.22","20.84","20.90","","","","",""
"2024-09-10","2024254","9:04","25.0","32.8382","6.0","","","5.2","","7.1","95","","15","","30.22","20.84","20.90","","","","",""
"2024-09-10","2024254","9:04","25.0","32.8382","7.0","","","5.4","","7.1","95","","16","","30.22","20.84","20.90","","","","",""
"2024-09-10","2024254","8:52","26.0","28.7560","1.0","","","4.6","","7.1","95","","11","1.02","30.23","20.65","20.96","","","","",""
"2024-09-10","2024254","8:52","26.0","28.7560","2.0","","","4.7","","7.1","95","","11","","30.23","20.64","20.96","","","","",""
"2024-09-10","2024254","8:52","26.0","28.7560","3.0","","","4.7","","7.1","95","","11","","30.23","20.65","20.96","","","","",""
"2024-09-10","2024254","8:52","26.0","28.7560","4.0","","","4.6","","7.1","95","","12","","30.23","20.65","20.96","","","","",""
"2024-09-10","2024254","8:52","26.0","28.7560","5.0","","","4.8","","7.1","95","","12","","30.23","20.65","20.96","","","","",""
"2024-09-10","2024254","8:52","26.0","28.7560","6.0","","","5.1","","7.1","95","","12","","30.23","20.65","20.96","","","","",""
"2024-09-10","2024254","8:52","26.0","28.7560","7.0","","","5.2","","7.2","96","","12","","30.23","20.64","20.96","","","","",""
"2024-09-10","2024254","8:52","26.0","28.7560","8.0","","","5.4","","7.2","96","","11","","30.23","20.64","20.96","","","","",""
"2024-09-10","2024254","8:52","26.0","28.7560","9.0","","","5.4","","7.1","95","","12","","30.23","20.64","20.96","","","","",""
"2024-09-10","2024254","8:42","27.0","26.1872","1.0","","","5.4","","7.0","94","","14","1.22","30.20","20.85","20.88","","","","",""
"2024-09-10","2024254","8:42","27.0","26.1872","2.0","4.6","0.78","5.4","","7.0","94","11.9","14","","30.20","20.85","20.88","1.41","27.06","3.78","7.18","103.97"
"2024-09-10","2024254","8:42","27.0","26.1872","3.0","","","5.4","","7.0","94","","14","","30.20","20.85","20.88","","","","",""
"2024-09-10","2024254","8:42","27.0","26.1872","4.0","","","5.3","","7.0","94","","14","","30.20","20.85","20.88","","","","",""
"2024-09-10","2024254","8:42","27.0","26.1872","5.0","","","5.3","","7.0","94","","14","","30.20","20.85","20.88","","","","",""
"2024-09-10","2024254","8:42","27.0","26.1872","6.0","","","5.2","","7.0","94","","14","","30.20","20.84","20.89","","","","",""
"2024-09-10","2024254","8:42","27.0","26.1872","7.0","","","5.1","","7.0","93","","14","","30.20","20.83","20.89","","","","",""
"2024-09-10","2024254","8:42","27.0","26.1872","8.0","","","4.9","","6.9","93","","14","","30.20","20.78","20.90","","","","",""
"2024-09-10","2024254","8:42","27.0","26.1872","9.0","","","4.4","","6.9","93","","14","","30.20","20.71","20.92","","","","",""
"2024-09-10","2024254","8:42","27.0","26.1872","10.0","3.4","0.71","3.8","","6.9","92","16.8","14","","30.21","20.60","20.96","","","","",""
"2024-09-10","2024254","8:32","28.0","23.5695","1.0","","","4.8","","6.9","93","","13","1.15","30.18","20.85","20.87","","","","",""
"2024-09-10","2024254","8:32","28.0","23.5695","2.0","","","4.6","","6.9","93","","13","","30.18","20.85","20.87","","","","",""
"2024-09-10","2024254","8:32","28.0","23.5695","3.0","","","4.6","","6.9","92","","13","","30.18","20.85","20.87","","","","",""
"2024-09-10","2024254","8:32","28.0","23.5695","4.0","","","4.6","","6.9","93","","13","","30.18","20.85","20.87","","","","",""
"2024-09-10","2024254","8:32","28.0","23.5695","5.0","","","5.1","","6.9","93","","13","","30.18","20.85","20.87","","","","",""
"2024-09-10","2024254","8:32","28.0","23.5695","6.0","","","4.8","","6.9","93","","13","","30.18","20.85","20.87","","","","",""
"2024-09-10","2024254","8:32","28.0","23.5695","7.0","","","4.5","","6.9","93","","13","","30.18","20.85","20.87","","","","",""
"2024-09-10","2024254","8:32","28.0","23.5695","8.0","","","4.2","","6.9","93","","13","","30.18","20.85","20.87","","","","",""
"2024-09-10","2024254","8:32","28.0","23.5695","9.0","","","4.2","","7.0","93","","13","","30.18","20.85","20.87","","","","",""
"2024-09-10","2024254","8:32","28.0","23.5695","10.0","","","4.2","","7.0","94","","13","","30.20","20.79","20.90","","","","",""
"2024-09-10","2024254","8:32","28.0","23.5695","11.0","","","4.9","","7.1","94","","12","","30.24","20.66","20.96","","","","",""
"2024-09-10","2024254","8:32","28.0","23.5695","12.0","","","4.9","","7.1","94","","12","","30.26","20.51","21.02","","","","",""
"2024-09-10","2024254","8:20","29.0","20.2526","1.0","","","5.7","","7.0","94","","13","1.18","30.17","21.02","20.81","","","","",""
"2024-09-10","2024254","8:20","29.0","20.2526","2.0","","","5.6","","7.0","94","","13","","30.17","21.02","20.81","","","","",""
"2024-09-10","2024254","8:20","29.0","20.2526","3.0","","","5.9","","7.0","94","","13","","30.17","21.03","20.81","","","","",""
"2024-09-10","2024254","8:20","29.0","20.2526","4.0","","","5.9","","7.0","94","","13","","30.17","21.03","20.81","","","","",""
"2024-09-10","2024254","8:20","29.0","20.2526","5.0","","","6.0","","7.0","94","","13","","30.17","21.03","20.81","","","","",""
"2024-09-10","2024254","8:20","29.0","20.2526","6.0","","","6.3","","7.0","94","","13","","30.17","21.03","20.81","","","","",""
"2024-09-10","2024254","8:20","29.0","20.2526","7.0","","","6.3","","7.0","94","","14","","30.17","21.03","20.81","","","","",""
"2024-09-10","2024254","8:20","29.0","20.2526","8.0","","","6.1","","7.0","94","","14","","30.17","21.03","20.81","","","","",""
"2024-09-10","2024254","8:20","29.0","20.2526","9.0","","","6.0","","7.0","94","","14","","30.17","21.03","20.81","","","","",""
"2024-09-10","2024254","8:20","29.0","20.2526","10.0","","","6.0","","7.0","94","","14","","30.17","21.03","20.81","","","","",""
"2024-09-10","2024254","8:20","29.0","20.2526","11.0","","","6.0","","7.0","94","","14","","30.17","21.03","20.81","","","","",""
"2024-09-10","2024254","8:20","29.0","20.2526","12.0","","","6.1","","7.0","94","","14","","30.17","21.03","20.81","","","","",""
"2024-09-10","2024254","8:20","29.0","20.2526","13.0","","","5.9","","7.0","94","","15","","30.17","21.03","20.81","","","","",""
"2024-09-10","2024254","8:03","30.0","14.7543","1.0","","","8.0","","7.1","97","","15","1.33","30.07","21.62","20.58","","","","",""
"2024-09-10","2024254","8:03","30.0","14.7543","2.0","7.1","0.83","8.0","","7.2","97","12.6","15","","30.07","21.62","20.58","1.37","23.77","2.71","8.19","117.50"
"2024-09-10","2024254","8:03","30.0","14.7543","3.0","","","8.0","","7.2","97","","15","","30.07","21.62","20.58","","","","",""
"2024-09-10","2024254","8:03","30.0","14.7543","4.0","","","8.0","","7.2","97","","15","","30.07","21.62","20.58","","","","",""
"2024-09-10","2024254","8:03","30.0","14.7543","5.0","","","8.0","","7.2","97","","15","","30.07","21.62","20.58","","","","",""
"2024-09-10","2024254","8:03","30.0","14.7543","6.0","","","7.9","","7.2","97","","15","","30.06","21.62","20.58","","","","",""
"2024-09-10","2024254","8:03","30.0","14.7543","7.0","","","7.8","","7.2","97","","15","","30.07","21.62","20.58","","","","",""
"2024-09-10","2024254","8:03","30.0","14.7543","8.0","","","7.8","","7.2","97","","15","","30.07","21.62","20.58","","","","",""
"2024-09-10","2024254","8:03","30.0","14.7543","9.0","","","7.7","","7.2","97","","16","","30.07","21.62","20.58","","","","",""
"2024-09-10","2024254","8:03","30.0","14.7543","10.0","7.0","0.83","7.4","","7.2","97","13.4","15","","30.07","21.62","20.58","","","","",""
"2024-09-10","2024254","7:50","31.0","10.6065","1.0","","","7.8","","7.2","97","","14","1.20","30.04","21.73","20.53","","","","",""
"2024-09-10","2024254","7:50","31.0","10.6065","2.0","","","7.7","","7.2","97","","14","","30.04","21.74","20.53","","","","",""
"2024-09-10","2024254","7:50","31.0","10.6065","3.0","","","7.6","","7.2","97","","14","","30.04","21.73","20.53","","","","",""
"2024-09-10","2024254","7:50","31.0","10.6065","4.0","","","8.0","","7.2","97","","14","","30.04","21.73","20.53","","","","",""
"2024-09-10","2024254","7:50","31.0","10.6065","5.0","","","8.0","","7.2","97","","15","","30.04","21.72","20.53","","","","",""
"2024-09-10","2024254","7:50","31.0","10.6065","6.0","","","8.2","","7.2","97","","15","","30.04","21.72","20.53","","","","",""
"2024-09-10","2024254","7:50","31.0","10.6065","7.0","","","8.3","","7.2","97","","15","","30.04","21.72","20.53","","","","",""
"2024-09-10","2024254","7:50","31.0","10.6065","8.0","","","8.2","","7.2","98","","15","","30.04","21.72","20.53","","","","",""
"2024-09-10","2024254","7:50","31.0","10.6065","9.0","","","8.1","","7.2","97","","15","","30.05","21.71","20.54","","","","",""
"2024-09-10","2024254","7:50","31.0","10.6065","10.0","","","8.1","","7.2","97","","15","","30.05","21.71","20.54","","","","",""
"2024-09-10","2024254","7:39","32.0","8.1507","1.0","","","6.0","","7.0","95","","12","1.47","29.98","21.76","20.48","","","","",""
"2024-09-10","2024254","7:39","32.0","8.1507","2.0","5.9","0.79","5.7","","7.0","95","14.7","12","","29.98","21.76","20.48","1.38","24.13","1.93","8.57","125.69"
"2024-09-10","2024254","7:39","32.0","8.1507","3.0","","","5.7","","7.0","95","","12","","29.98","21.76","20.48","","","","",""
"2024-09-10","2024254","7:39","32.0","8.1507","4.0","","","6.1","","7.0","95","","13","","29.98","21.75","20.48","","","","",""
"2024-09-10","2024254","7:39","32.0","8.1507","5.0","","","6.0","","7.0","95","","13","","29.99","21.74","20.48","","","","",""
"2024-09-10","2024254","7:39","32.0","8.1507","6.0","","","5.9","","7.0","95","","12","","29.99","21.74","20.48","","","","",""
"2024-09-10","2024254","7:39","32.0","8.1507","7.0","","","5.9","","7.0","95","","12","","29.99","21.74","20.48","","","","",""
"2024-09-10","2024254","7:39","32.0","8.1507","8.0","","","5.8","","7.0","95","","12","","29.98","21.74","20.48","","","","",""
"2024-09-10","2024254","7:39","32.0","8.1507","9.0","5.9","0.79","6.2","","7.0","95","","12","","29.98","21.74","20.48","","","","",""
"2024-09-10","2024254","7:31","33.0","6.8085","1.0","","","6.5","","7.0","96","","14","1.53","29.89","21.90","20.37","","","","",""
"2024-09-10","2024254","7:31","33.0","6.8085","2.0","","","5.6","","7.0","96","14.4","14","","29.91","21.92","20.38","","","","",""
"2024-09-10","2024254","7:31","33.0","6.8085","3.0","","","5.5","","7.0","96","","14","","29.92","21.93","20.38","","","","",""
"2024-09-10","2024254","7:31","33.0","6.8085","4.0","","","5.4","","7.0","96","","15","","29.92","21.92","20.38","","","","",""
"2024-09-10","2024254","7:31","33.0","6.8085","5.0","","","5.3","","7.0","96","","16","","29.92","21.92","20.38","","","","",""
"2024-09-10","2024254","7:31","33.0","6.8085","6.0","","","5.5","","7.0","95","","15","","29.92","21.92","20.38","","","","",""
"2024-09-10","2024254","7:31","33.0","6.8085","7.0","","","5.5","","7.0","95","","15","","29.92","21.92","20.38","","","","",""
"2024-09-10","2024254","7:31","33.0","6.8085","8.0","","","5.6","","7.0","95","","15","","29.92","21.90","20.39","","","","",""
"2024-09-10","2024254","7:31","33.0","6.8085","9.0","","","5.5","","7.0","95","","14","","29.92","21.90","20.39","","","","",""
"2024-09-10","2024254","7:31","33.0","6.8085","10.0","","","5.6","","7.0","95","","15","","29.93","21.89","20.40","","","","",""
"2024-09-10","2024254","7:20","34.0","3.5290","1.0","","","5.2","","6.9","94","","14","1.52","29.41","21.93","19.99","","","","",""
"2024-09-10","2024254","7:20","34.0","3.5290","2.0","4.4","0.80","4.7","","6.9","94","12.6","14","","29.68","21.99","20.18","","","","",""
"2024-09-10","2024254","7:20","34.0","3.5290","3.0","","","5.0","","6.9","94","","16","","29.71","22.03","20.20","","","","",""
"2024-09-10","2024254","7:20","34.0","3.5290","4.0","","","5.2","","6.9","94","","17","","29.72","22.04","20.20","","","","",""
"2024-09-10","2024254","7:20","34.0","3.5290","5.0","","","5.2","","6.9","94","","18","","29.73","22.04","20.21","","","","",""
"2024-09-10","2024254","7:20","34.0","3.5290","6.0","5.0","0.74","5.0","","6.9","94","","19","","29.73","22.03","20.21","","","","",""
"2024-09-10","2024254","7:09","35.0","1.6576","1.0","","","4.9","","6.7","92","","15","","28.84","21.96","19.55","","","","",""
"2024-09-10","2024254","7:09","35.0","1.6576","2.0","5.4","0.82","5.0","","6.7","92","12.8","15","","29.16","22.07","19.77","","","","",""
"2024-09-10","2024254","7:09","35.0","1.6576","3.0","","","4.9","","6.7","92","","17","","29.39","22.11","19.93","","","","",""
"2024-09-10","2024254","7:09","35.0","1.6576","4.0","","","4.9","","6.7","92","","19","","29.42","22.12","19.95","","","","",""
"2024-09-10","2024254","7:09","35.0","1.6576","5.0","","","4.8","","6.7","91","","19","","29.48","22.09","20.01","","","","",""
"2024-09-10","2024254","7:09","35.0","1.6576","6.0","","","5.0","","6.7","91","","22","","29.54","22.08","20.06","","","","",""
"2024-09-10","2024254","6:59","36.0","0.0000","1.0","","","4.4","","6.6","90","","22","","29.08","22.21","19.67","","","","",""
"2024-09-10","2024254","6:59","36.0","0.0000","2.0","4.2","0.74","4.4","","6.6","90","24.3","23","","29.14","22.23","19.71","2.31","34.70","5.28","10.79","129.25"
"2024-09-10","2024254","6:59","36.0","0.0000","3.0","","","4.4","","6.6","90","","25","","29.21","22.22","19.77","","","","",""
"2024-09-10","2024254","6:59","36.0","0.0000","4.0","","","4.5","","6.6","90","","26","","29.24","22.22","19.79","","","","",""
"2024-09-10","2024254","6:59","36.0","0.0000","5.0","4.5","0.76","4.4","","6.6","90","27.1","28","","29.30","22.20","19.84","","","","",""
"2024-09-10","2024254","14:41","649.0","132.9388","1.0","","","2.8","","8.9","101","","13","1.51","0.28","21.32","","","","","",""
"2024-09-10","2024254","14:41","649.0","132.9388","2.0","2.9","0.72","2.8","","8.9","101","14.2","13","","0.28","21.33","","0.12","8.57","1.00","1.71","258.14"
"2024-09-10","2024254","14:41","649.0","132.9388","3.0","","","2.7","","8.9","101","","13","","0.28","21.31","","","","","",""
"2024-09-10","2024254","14:41","649.0","132.9388","4.0","","","2.8","","8.9","101","","13","","0.28","21.31","","","","","",""
"2024-09-10","2024254","14:41","649.0","132.9388","5.0","","","2.8","","8.9","101","","13","","0.28","21.31","","","","","",""
"2024-09-10","2024254","14:41","649.0","132.9388","6.0","","","2.8","","8.9","101","","13","","0.29","21.31","","","","","",""
"2024-09-10","2024254","14:41","649.0","132.9388","7.0","","","2.8","","8.9","101","","14","","0.29","21.31","","","","","",""
"2024-09-10","2024254","14:41","649.0","132.9388","8.0","","","2.8","","8.9","101","","14","","0.31","21.31","","","","","",""
"2024-09-10","2024254","14:41","649.0","132.9388","9.0","2.9","0.71","2.7","","8.9","101","15.1","14","","0.33","21.31","","","","","",""
"2024-09-10","2024254","15:27","657.0","147.2548","1.0","","","1.2","","8.9","101","","5","0.72","0.06","21.12","","","","","",""
"2024-09-10","2024254","15:27","657.0","147.2548","2.0","1.4","0.66","1.4","","8.9","100","4.7","5","","0.06","21.12","","0.07","9.85","1.14","1.14","259.92"
"2024-09-10","2024254","15:27","657.0","147.2548","3.0","","","1.5","","8.9","100","","5","","0.06","21.12","","","","","",""
"2024-09-10","2024254","15:27","657.0","147.2548","4.0","","","1.4","","8.9","100","","5","","0.06","21.12","","","","","",""
"2024-09-10","2024254","15:27","657.0","147.2548","5.0","","","1.3","","8.9","100","","5","","0.06","21.12","","","","","",""
"2024-09-10","2024254","15:27","657.0","147.2548","6.0","","","1.2","","8.8","100","","5","","0.06","21.12","","","","","",""
"2024-09-10","2024254","15:27","657.0","147.2548","7.0","1.3","0.67","1.2","","8.8","100","5.5","5","","0.06","21.12","","","","","",""