"Date","Julian Date","Time","Station","Distance from Sta. 36 (km)","Depth (m)","Discrete Chlorophyll-a (micrograms/L)","Discrete Chlorophyll-Pheopigment Ratio","Calculated Chlorophyll-a (micrograms/L)","Discrete Oxygen (mg/L)","Oxygen (mg/L)","Oxygen % Saturation","Discrete SPM (mg/L)","Calculated SPM (mg/L)","Extinction Coefficient","Salinity","Temperature (Degrees Celsius)","Sigma-t","NO2 (Micromolar)","NO32 (Micromolar)","NH4 (Micromolar)","PO4 (Micromolar)","Si (Micromolar)"
"2023-01-23","2023023","14:20","2.0","127.7053","1.0","","","1.2","","9.1","78","","88","","0.02","8.73","","","","","",""
"2023-01-23","2023023","14:20","2.0","127.7053","2.0","","","1.2","","9.1","78","","83","","0.02","8.73","","","","","",""
"2023-01-23","2023023","14:20","2.0","127.7053","3.0","","","1.1","","8.9","77","","90","","0.02","8.71","","","","","",""
"2023-01-23","2023023","14:20","2.0","127.7053","4.0","","","1.2","","8.9","77","","100","","0.03","8.67","","","","","",""
"2023-01-23","2023023","14:20","2.0","127.7053","5.0","","","1.2","","8.9","76","","95","","0.02","8.66","","","","","",""
"2023-01-23","2023023","14:20","2.0","127.7053","6.0","","","1.3","","8.7","75","","102","","0.03","8.65","","","","","",""
"2023-01-23","2023023","14:20","2.0","127.7053","7.0","","","1.3","","8.5","73","","120","","0.03","8.59","","","","","",""
"2023-01-23","2023023","14:20","2.0","127.7053","8.0","","","1.2","","8.4","72","","122","","0.03","8.56","","","","","",""
"2023-01-23","2023023","14:20","2.0","127.7053","9.0","","","1.2","","8.3","71","","115","","0.03","8.55","","","","","",""
"2023-01-23","2023023","14:20","2.0","127.7053","10.0","","","1.2","","8.2","70","","113","","0.03","8.55","","","","","",""
"2023-01-23","2023023","14:10","3.0","125.3243","1.0","","","1.2","","9.2","79","","122","","0.02","8.60","","","","","",""
"2023-01-23","2023023","14:10","3.0","125.3243","2.0","1.3","0.38","1.2","","9.0","78","125.2","122","","0.02","8.60","","0.58","47.26","2.93","2.10","296.95"
"2023-01-23","2023023","14:10","3.0","125.3243","3.0","","","1.2","","8.9","76","","118","","0.02","8.60","","","","","",""
"2023-01-23","2023023","14:10","3.0","125.3243","4.0","","","1.2","","8.7","75","","123","","0.02","8.60","","","","","",""
"2023-01-23","2023023","14:10","3.0","125.3243","5.0","","","1.2","","8.5","73","","124","","0.02","8.59","","","","","",""
"2023-01-23","2023023","14:10","3.0","125.3243","6.0","","","1.2","","8.4","72","","121","","0.02","8.59","","","","","",""
"2023-01-23","2023023","14:10","3.0","125.3243","7.0","","","1.2","","8.2","71","","122","","0.02","8.59","","","","","",""
"2023-01-23","2023023","14:10","3.0","125.3243","8.0","","","1.2","","8.2","70","","128","","0.02","8.59","","","","","",""
"2023-01-23","2023023","14:10","3.0","125.3243","9.0","","","1.2","","8.1","70","","127","","0.02","8.59","","","","","",""
"2023-01-23","2023023","14:10","3.0","125.3243","10.0","","","1.2","","8.0","69","","126","","0.02","8.59","","","","","",""
"2023-01-23","2023023","14:10","3.0","125.3243","11.0","","","1.2","","8.0","69","","126","","0.02","8.60","","","","","",""
"2023-01-23","2023023","14:10","3.0","125.3243","12.0","","","1.3","","7.9","68","","129","","0.02","8.60","","","","","",""
"2023-01-23","2023023","14:10","3.0","125.3243","13.0","1.5","0.36","1.4","","7.9","68","136.0","134","","0.02","8.60","","","","","",""
"2023-01-23","2023023","13:54","4.0","119.8957","1.0","","","1.2","","8.9","78","","77","","0.03","9.05","","","","","",""
"2023-01-23","2023023","13:54","4.0","119.8957","2.0","","","1.2","","8.8","76","","72","","0.03","9.05","","","","","",""
"2023-01-23","2023023","13:54","4.0","119.8957","3.0","","","1.2","","8.6","75","","69","","0.03","9.06","","","","","",""
"2023-01-23","2023023","13:54","4.0","119.8957","4.0","","","1.2","","8.4","73","","71","","0.03","9.06","","","","","",""
"2023-01-23","2023023","13:54","4.0","119.8957","5.0","","","1.2","","8.2","71","","72","","0.03","9.06","","","","","",""
"2023-01-23","2023023","13:54","4.0","119.8957","6.0","","","1.2","","8.1","70","","71","","0.03","9.06","","","","","",""
"2023-01-23","2023023","13:54","4.0","119.8957","7.0","","","1.2","","8.1","70","","74","","0.03","9.06","","","","","",""
"2023-01-23","2023023","13:54","4.0","119.8957","8.0","","","1.2","","8.1","71","","75","","0.03","9.06","","","","","",""
"2023-01-23","2023023","13:54","4.0","119.8957","9.0","","","1.2","","8.1","70","","78","","0.03","9.05","","","","","",""
"2023-01-23","2023023","13:54","4.0","119.8957","10.0","","","1.2","","7.9","69","","76","","0.03","9.05","","","","","",""
"2023-01-23","2023023","13:54","4.0","119.8957","11.0","","","1.2","","7.8","68","","70","","0.03","9.06","","","","","",""
"2023-01-23","2023023","13:54","4.0","119.8957","12.0","","","1.3","","7.7","67","","71","","0.03","9.05","","","","","",""
"2023-01-23","2023023","13:54","4.0","119.8957","13.0","","","1.3","","7.7","67","","66","","0.03","9.05","","","","","",""
"2023-01-23","2023023","13:54","4.0","119.8957","14.0","","","1.3","","7.6","66","","67","","0.03","9.05","","","","","",""
"2023-01-23","2023023","13:54","4.0","119.8957","15.0","","","1.3","","7.6","66","","68","","0.03","9.05","","","","","",""
"2023-01-23","2023023","13:54","4.0","119.8957","16.0","","","1.3","","7.5","65","","67","","0.03","9.05","","","","","",""
"2023-01-23","2023023","13:54","4.0","119.8957","17.0","","","1.3","","7.5","65","","71","","0.03","9.05","","","","","",""
"2023-01-23","2023023","13:54","4.0","119.8957","18.0","","","1.3","","7.5","65","","65","","0.03","9.05","","","","","",""
"2023-01-23","2023023","13:54","4.0","119.8957","19.0","","","1.3","","7.5","65","","95","","0.03","9.04","","","","","",""
"2023-01-23","2023023","13:41","5.0","115.6252","1.0","","","1.2","","10.1","88","","110","","0.07","9.11","","","","","",""
"2023-01-23","2023023","13:41","5.0","115.6252","2.0","","","1.2","","10.1","88","","115","","0.07","9.10","","","","","",""
"2023-01-23","2023023","13:41","5.0","115.6252","3.0","","","1.2","","10.1","88","","115","","0.07","9.10","","","","","",""
"2023-01-23","2023023","13:41","5.0","115.6252","4.0","","","1.2","","10.1","88","","116","","0.07","9.09","","","","","",""
"2023-01-23","2023023","13:41","5.0","115.6252","5.0","","","1.2","","10.1","87","","114","","0.07","9.10","","","","","",""
"2023-01-23","2023023","13:41","5.0","115.6252","6.0","","","1.2","","10.1","87","","119","","0.07","9.11","","","","","",""
"2023-01-23","2023023","13:41","5.0","115.6252","7.0","","","1.2","","10.1","88","","115","","0.07","9.10","","","","","",""
"2023-01-23","2023023","13:41","5.0","115.6252","8.0","","","1.3","","10.1","88","","125","","0.07","9.09","","","","","",""
"2023-01-23","2023023","13:41","5.0","115.6252","9.0","","","1.3","","10.1","88","","130","","0.07","9.10","","","","","",""
"2023-01-23","2023023","13:41","5.0","115.6252","10.0","","","1.3","","10.1","87","","111","","0.07","9.10","","","","","",""
"2023-01-23","2023023","13:41","5.0","115.6252","11.0","","","1.3","","10.1","87","","110","","0.07","9.11","","","","","",""
"2023-01-23","2023023","13:41","5.0","115.6252","12.0","","","1.3","","9.8","86","","108","","0.07","9.12","","","","","",""
"2023-01-23","2023023","13:28","6.0","110.8977","1.0","","","1.2","","10.0","87","","99","","0.07","9.19","","","","","",""
"2023-01-23","2023023","13:28","6.0","110.8977","2.0","1.2","0.35","1.3","","10.0","87","110.0","106","","0.07","9.13","","0.91","54.26","5.21","2.64","279.15"
"2023-01-23","2023023","13:28","6.0","110.8977","3.0","","","1.3","","10.0","87","","127","","0.07","9.08","","","","","",""
"2023-01-23","2023023","13:28","6.0","110.8977","4.0","","","1.3","","10.1","87","","114","","0.07","9.06","","","","","",""
"2023-01-23","2023023","13:28","6.0","110.8977","5.0","","","1.3","","10.1","87","","130","","0.07","9.04","","","","","",""
"2023-01-23","2023023","13:28","6.0","110.8977","6.0","","","1.3","","10.1","87","","124","","0.07","9.04","","","","","",""
"2023-01-23","2023023","13:28","6.0","110.8977","7.0","","","1.3","","10.1","87","","135","","0.07","9.03","","","","","",""
"2023-01-23","2023023","13:28","6.0","110.8977","8.0","","","1.3","","10.1","87","","125","","0.07","9.02","","","","","",""
"2023-01-23","2023023","13:28","6.0","110.8977","9.0","","","1.3","","10.1","88","","154","","0.07","9.01","","","","","",""
"2023-01-23","2023023","13:28","6.0","110.8977","10.0","","","1.3","","10.1","88","","132","","0.07","9.01","","","","","",""
"2023-01-23","2023023","13:28","6.0","110.8977","11.0","","","1.3","","10.1","88","","134","","0.07","9.00","","","","","",""
"2023-01-23","2023023","13:28","6.0","110.8977","12.0","1.5","0.32","1.4","","10.1","88","143.8","142","","0.07","9.00","","","","","",""
"2023-01-23","2023023","13:11","7.0","104.9810","1.0","","","1.3","","9.8","85","","165","","0.09","9.27","","","","","",""
"2023-01-23","2023023","13:11","7.0","104.9810","2.0","1.2","0.30","1.3","","9.8","85","164.5","167","","0.09","9.27","","","","","",""
"2023-01-23","2023023","13:11","7.0","104.9810","3.0","","","1.3","","9.8","85","","168","","0.09","9.26","","","","","",""
"2023-01-23","2023023","13:11","7.0","104.9810","4.0","","","1.3","","9.8","85","","174","","0.09","9.27","","","","","",""
"2023-01-23","2023023","13:11","7.0","104.9810","5.0","","","1.3","","9.8","85","","172","","0.09","9.26","","","","","",""
"2023-01-23","2023023","13:11","7.0","104.9810","6.0","","","1.3","","9.8","85","","177","","0.09","9.24","","","","","",""
"2023-01-23","2023023","13:11","7.0","104.9810","7.0","","","1.3","","9.8","85","","181","","0.09","9.24","","","","","",""
"2023-01-23","2023023","13:11","7.0","104.9810","8.0","","","1.3","","9.8","85","","182","","0.09","9.23","","","","","",""
"2023-01-23","2023023","13:11","7.0","104.9810","9.0","","","1.4","","9.8","85","","174","","0.09","9.24","","","","","",""
"2023-01-23","2023023","13:11","7.0","104.9810","10.0","","","1.4","","9.8","85","","173","","0.09","9.24","","","","","",""
"2023-01-23","2023023","13:11","7.0","104.9810","11.0","","","1.4","","9.8","85","","168","","0.09","9.23","","","","","",""
"2023-01-23","2023023","13:11","7.0","104.9810","12.0","","","1.4","","9.8","85","","157","","0.09","9.23","","","","","",""
"2023-01-23","2023023","13:11","7.0","104.9810","13.0","","","1.4","","9.8","85","","155","","0.09","9.22","","","","","",""
"2023-01-23","2023023","13:11","7.0","104.9810","14.0","","","1.4","","9.8","85","","167","","0.09","9.22","","","","","",""
"2023-01-23","2023023","13:11","7.0","104.9810","15.0","","","1.4","","9.8","85","","159","","0.09","9.22","","","","","",""
"2023-01-23","2023023","13:11","7.0","104.9810","16.0","","","1.4","","9.8","85","","160","","0.09","9.22","","","","","",""
"2023-01-23","2023023","13:11","7.0","104.9810","17.0","","","1.3","","9.8","85","","160","","0.09","9.22","","","","","",""
"2023-01-23","2023023","12:57","8.0","99.7699","1.0","","","1.3","","9.7","85","","113","","0.13","9.35","","","","","",""
"2023-01-23","2023023","12:57","8.0","99.7699","2.0","","","1.3","","9.7","85","116.9","117","","0.13","9.34","","","","","",""
"2023-01-23","2023023","12:57","8.0","99.7699","3.0","","","1.3","","9.7","85","","132","","0.13","9.35","","","","","",""
"2023-01-23","2023023","12:57","8.0","99.7699","4.0","","","1.3","","9.7","85","","163","","0.14","9.34","","","","","",""
"2023-01-23","2023023","12:57","8.0","99.7699","5.0","","","1.3","","9.7","85","","166","","0.16","9.33","","","","","",""
"2023-01-23","2023023","12:57","8.0","99.7699","6.0","","","1.3","","9.7","85","","172","","0.20","9.33","","","","","",""
"2023-01-23","2023023","12:57","8.0","99.7699","7.0","","","1.3","","9.6","84","","173","","0.43","9.38","0.09","","","","",""
"2023-01-23","2023023","12:57","8.0","99.7699","8.0","","","1.3","","9.5","84","","166","","0.99","9.48","0.52","","","","",""
"2023-01-23","2023023","12:57","8.0","99.7699","9.0","","","1.3","","9.5","84","","171","","1.17","9.51","0.66","","","","",""
"2023-01-23","2023023","12:57","8.0","99.7699","10.0","","","1.3","","9.4","84","","183","","1.33","9.54","0.79","","","","",""
"2023-01-23","2023023","12:57","8.0","99.7699","11.0","","","1.3","","9.4","84","","206","","1.49","9.56","0.91","","","","",""
"2023-01-23","2023023","12:57","8.0","99.7699","12.0","","","1.3","","9.4","83","","312","","1.52","9.57","0.94","","","","",""
"2023-01-23","2023023","12:57","8.0","99.7699","13.0","","","1.4","","9.4","83","","435","","1.50","9.56","0.92","","","","",""
"2023-01-23","2023023","12:57","8.0","99.7699","14.0","","","1.5","","9.4","83","","515","","1.45","9.55","0.88","","","","",""
"2023-01-23","2023023","12:57","8.0","99.7699","15.0","","","1.5","","9.4","83","","570","","1.45","9.55","0.88","","","","",""
"2023-01-23","2023023","12:57","8.0","99.7699","16.0","","","1.5","","9.4","83","","553","","1.42","9.55","0.86","","","","",""
"2023-01-23","2023023","12:57","8.0","99.7699","17.0","","","1.6","","9.4","83","","661","","1.35","9.53","0.81","","","","",""
"2023-01-23","2023023","12:40","9.0","96.7889","1.0","","","1.3","","9.6","85","","110","","0.40","9.52","0.06","","","","",""
"2023-01-23","2023023","12:40","9.0","96.7889","2.0","1.1","0.32","1.3","","9.6","85","115.6","112","","0.55","9.51","0.17","0.92","47.91","6.14","2.62","273.81"
"2023-01-23","2023023","12:40","9.0","96.7889","3.0","","","1.3","","9.6","84","","110","","0.80","9.53","0.37","","","","",""
"2023-01-23","2023023","12:40","9.0","96.7889","4.0","","","1.3","","9.5","84","","105","","1.01","9.55","0.53","","","","",""
"2023-01-23","2023023","12:40","9.0","96.7889","5.0","","","1.3","","9.5","84","","87","","1.16","9.59","0.65","","","","",""
"2023-01-23","2023023","12:40","9.0","96.7889","6.0","","","1.3","","9.5","84","","83","","1.38","9.63","0.82","","","","",""
"2023-01-23","2023023","12:40","9.0","96.7889","7.0","","","1.3","","9.5","84","","85","","1.47","9.64","0.89","","","","",""
"2023-01-23","2023023","12:40","9.0","96.7889","8.0","","","1.3","","9.5","84","","77","","1.60","9.65","0.99","","","","",""
"2023-01-23","2023023","12:40","9.0","96.7889","9.0","","","1.3","","9.4","84","","68","","1.84","9.66","1.18","","","","",""
"2023-01-23","2023023","12:40","9.0","96.7889","10.0","","","1.2","","9.4","84","","57","","2.19","9.69","1.45","","","","",""
"2023-01-23","2023023","12:40","9.0","96.7889","11.0","","","1.2","","9.4","84","","52","","2.49","9.72","1.68","","","","",""
"2023-01-23","2023023","12:40","9.0","96.7889","12.0","","","1.2","","9.3","84","","49","","3.20","9.79","2.23","","","","",""
"2023-01-23","2023023","12:40","9.0","96.7889","13.0","","","1.2","","9.3","84","","72","","3.75","9.85","2.65","","","","",""
"2023-01-23","2023023","12:40","9.0","96.7889","14.0","","","1.2","","9.2","84","","100","","4.23","9.90","3.02","","","","",""
"2023-01-23","2023023","12:40","9.0","96.7889","15.0","","","1.2","","9.2","84","","120","","5.15","10.01","3.73","","","","",""
"2023-01-23","2023023","12:40","9.0","96.7889","16.0","","","1.2","","9.1","84","","173","","6.13","10.13","4.48","","","","",""
"2023-01-23","2023023","12:40","9.0","96.7889","17.0","","","1.3","","9.0","84","","224","","6.54","10.18","4.79","","","","",""
"2023-01-23","2023023","12:40","9.0","96.7889","18.0","","","1.3","","9.0","84","","233","","6.74","10.20","4.95","","","","",""
"2023-01-23","2023023","12:40","9.0","96.7889","19.0","","","1.3","","9.0","84","","276","","7.06","10.24","5.19","","","","",""
"2023-01-23","2023023","12:40","9.0","96.7889","20.0","","","1.3","","9.0","84","","321","","7.16","10.25","5.27","","","","",""
"2023-01-23","2023023","12:40","9.0","96.7889","21.0","","","1.3","","9.0","84","","336","","7.29","10.26","5.36","","","","",""
"2023-01-23","2023023","12:40","9.0","96.7889","22.0","","","1.3","","9.0","84","","349","","7.35","10.27","5.41","","","","",""
"2023-01-23","2023023","12:40","9.0","96.7889","23.0","","","1.4","","9.0","84","","364","","7.34","10.27","5.41","","","","",""
"2023-01-23","2023023","12:40","9.0","96.7889","24.0","","","1.4","","9.0","84","","362","","7.37","10.27","5.43","","","","",""
"2023-01-23","2023023","12:40","9.0","96.7889","25.0","","","1.3","","8.9","84","","352","","7.40","10.28","5.45","","","","",""
"2023-01-23","2023023","12:40","9.0","96.7889","26.0","","","1.3","","8.9","84","","350","","7.45","10.29","5.49","","","","",""
"2023-01-23","2023023","12:40","9.0","96.7889","27.0","","","1.4","","8.9","84","","402","","7.50","10.29","5.52","","","","",""
"2023-01-23","2023023","12:40","9.0","96.7889","28.0","","","1.4","","8.9","84","","464","","7.53","10.30","5.55","","","","",""
"2023-01-23","2023023","12:40","9.0","96.7889","29.0","","","1.4","","8.9","84","","510","","7.61","10.31","5.61","","","","",""
"2023-01-23","2023023","12:40","9.0","96.7889","30.0","","","1.5","","8.9","84","","555","","7.67","10.32","5.66","","","","",""
"2023-01-23","2023023","12:40","9.0","96.7889","31.0","","","1.5","","8.9","84","","572","","7.68","10.32","5.67","","","","",""
"2023-01-23","2023023","12:40","9.0","96.7889","32.0","","","1.5","","8.9","84","","578","","7.70","10.32","5.68","","","","",""
"2023-01-23","2023023","12:40","9.0","96.7889","33.0","","","1.5","","8.9","84","","582","","7.73","10.32","5.70","","","","",""
"2023-01-23","2023023","12:40","9.0","96.7889","34.0","","","1.5","","8.9","84","","583","","7.73","10.32","5.70","","","","",""
"2023-01-23","2023023","12:40","9.0","96.7889","35.0","","","1.5","","8.9","84","","589","","7.75","10.32","5.71","","","","",""
"2023-01-23","2023023","12:31","10.0","93.5951","1.0","","","1.3","","9.5","84","","117","","1.19","9.68","0.67","","","","",""
"2023-01-23","2023023","12:31","10.0","93.5951","2.0","","","1.3","","9.5","84","","83","","1.60","9.65","0.99","","","","",""
"2023-01-23","2023023","12:31","10.0","93.5951","3.0","","","1.3","","9.4","84","","78","","1.74","9.68","1.10","","","","",""
"2023-01-23","2023023","12:31","10.0","93.5951","4.0","","","1.3","","9.4","84","","80","","2.03","9.72","1.32","","","","",""
"2023-01-23","2023023","12:31","10.0","93.5951","5.0","","","1.3","","9.4","84","","78","","2.12","9.71","1.40","","","","",""
"2023-01-23","2023023","12:31","10.0","93.5951","6.0","","","1.3","","9.4","84","","80","","2.63","9.76","1.79","","","","",""
"2023-01-23","2023023","12:31","10.0","93.5951","7.0","","","1.3","","9.3","84","","93","","3.13","9.81","2.17","","","","",""
"2023-01-23","2023023","12:31","10.0","93.5951","8.0","","","1.2","","9.3","84","","89","","3.44","9.84","2.41","","","","",""
"2023-01-23","2023023","12:31","10.0","93.5951","9.0","","","1.2","","9.3","84","","90","","3.84","9.88","2.72","","","","",""
"2023-01-23","2023023","12:31","10.0","93.5951","10.0","","","1.2","","9.2","84","","89","","4.26","9.92","3.04","","","","",""
"2023-01-23","2023023","12:31","10.0","93.5951","11.0","","","1.2","","9.2","84","","77","","4.57","9.95","3.28","","","","",""
"2023-01-23","2023023","12:31","10.0","93.5951","12.0","","","1.2","","9.2","85","","80","","5.76","10.07","4.20","","","","",""
"2023-01-23","2023023","12:31","10.0","93.5951","13.0","","","1.2","","9.0","84","","134","","6.99","10.21","5.14","","","","",""
"2023-01-23","2023023","12:31","10.0","93.5951","14.0","","","1.3","","9.0","84","","191","","7.67","10.30","5.65","","","","",""
"2023-01-23","2023023","12:31","10.0","93.5951","15.0","","","1.3","","9.0","84","","222","","7.96","10.33","5.88","","","","",""
"2023-01-23","2023023","12:31","10.0","93.5951","16.0","","","1.3","","8.9","84","","229","","8.39","10.38","6.21","","","","",""
"2023-01-23","2023023","12:31","10.0","93.5951","17.0","","","1.3","","8.9","84","","255","","8.74","10.43","6.47","","","","",""
"2023-01-23","2023023","12:31","10.0","93.5951","18.0","","","1.3","","8.9","84","","259","","8.74","10.43","6.47","","","","",""
"2023-01-23","2023023","12:31","10.0","93.5951","19.0","","","1.3","","8.9","84","","259","","8.74","10.43","6.48","","","","",""
"2023-01-23","2023023","12:31","10.0","93.5951","20.0","","","1.3","","8.9","84","","258","","8.73","10.43","6.47","","","","",""
"2023-01-23","2023023","12:16","11.0","89.7672","1.0","","","1.2","","9.5","85","","129","","2.42","9.79","1.62","","","","",""
"2023-01-23","2023023","12:16","11.0","89.7672","2.0","","","1.2","","9.5","85","","113","","3.20","9.77","2.23","","","","",""
"2023-01-23","2023023","12:16","11.0","89.7672","3.0","","","1.2","","9.4","85","","99","","3.70","9.79","2.62","","","","",""
"2023-01-23","2023023","12:16","11.0","89.7672","4.0","","","1.1","","9.4","86","","86","","4.54","9.84","3.27","","","","",""
"2023-01-23","2023023","12:16","11.0","89.7672","5.0","","","1.1","","9.5","86","","84","","4.91","9.83","3.56","","","","",""
"2023-01-23","2023023","12:16","11.0","89.7672","6.0","","","1.1","","9.5","87","","85","","4.97","9.82","3.61","","","","",""
"2023-01-23","2023023","12:16","11.0","89.7672","7.0","","","1.1","","9.5","87","","90","","5.08","9.82","3.69","","","","",""
"2023-01-23","2023023","12:16","11.0","89.7672","8.0","","","1.1","","9.4","87","","99","","5.72","9.89","4.18","","","","",""
"2023-01-23","2023023","12:16","11.0","89.7672","9.0","","","1.1","","9.2","86","","82","","6.69","10.09","4.92","","","","",""
"2023-01-23","2023023","12:16","11.0","89.7672","10.0","","","1.0","","9.1","86","","59","","7.96","10.30","5.88","","","","",""
"2023-01-23","2023023","12:16","11.0","89.7672","11.0","","","1.0","","9.0","86","","69","","10.04","10.53","7.47","","","","",""
"2023-01-23","2023023","12:16","11.0","89.7672","12.0","","","1.1","","8.9","86","","110","","11.26","10.67","8.40","","","","",""
"2023-01-23","2023023","12:16","11.0","89.7672","13.0","","","1.1","","8.8","86","","167","","11.60","10.71","8.66","","","","",""
"2023-01-23","2023023","12:16","11.0","89.7672","14.0","","","1.2","","8.8","86","","202","","11.87","10.74","8.86","","","","",""
"2023-01-23","2023023","12:16","11.0","89.7672","15.0","","","1.2","","8.8","86","","202","","11.90","10.74","8.89","","","","",""
"2023-01-23","2023023","12:16","11.0","89.7672","16.0","","","1.2","","8.8","86","","204","","11.98","10.75","8.95","","","","",""
"2023-01-23","2023023","12:16","11.0","89.7672","17.0","","","1.2","","8.8","86","","197","","12.02","10.76","8.98","","","","",""
"2023-01-23","2023023","12:16","11.0","89.7672","18.0","","","1.2","","8.8","86","","190","","12.18","10.77","9.10","","","","",""
"2023-01-23","2023023","12:16","11.0","89.7672","19.0","","","1.2","","8.8","86","","180","","12.40","10.79","9.26","","","","",""
"2023-01-23","2023023","12:16","11.0","89.7672","20.0","","","1.1","","8.8","86","","180","","12.45","10.80","9.31","","","","",""
"2023-01-23","2023023","12:16","11.0","89.7672","21.0","","","1.1","","8.8","86","","184","","12.49","10.81","9.33","","","","",""
"2023-01-23","2023023","12:16","11.0","89.7672","22.0","","","1.2","","8.8","86","","186","","12.52","10.81","9.36","","","","",""
"2023-01-23","2023023","12:16","11.0","89.7672","23.0","","","1.2","","8.8","86","","189","","12.55","10.82","9.38","","","","",""
"2023-01-23","2023023","12:16","11.0","89.7672","24.0","","","1.2","","8.8","86","","191","","12.55","10.82","9.38","","","","",""
"2023-01-23","2023023","12:16","11.0","89.7672","25.0","","","1.2","","8.8","86","","196","","12.55","10.82","9.38","","","","",""
"2023-01-23","2023023","12:04","12.0","84.4458","1.0","","","1.2","","9.4","85","","139","","3.20","9.83","2.22","","","","",""
"2023-01-23","2023023","12:04","12.0","84.4458","2.0","","","1.2","","9.3","86","","109","","5.47","10.04","3.98","","","","",""
"2023-01-23","2023023","12:04","12.0","84.4458","3.0","","","1.1","","9.2","87","","79","","8.83","10.37","6.55","","","","",""
"2023-01-23","2023023","12:04","12.0","84.4458","4.0","","","1.0","","9.1","88","","57","","10.59","10.51","7.90","","","","",""
"2023-01-23","2023023","12:04","12.0","84.4458","5.0","","","1.0","","8.9","87","","49","","12.90","10.77","9.66","","","","",""
"2023-01-23","2023023","12:04","12.0","84.4458","6.0","","","1.0","","8.7","87","","103","","14.39","10.98","10.78","","","","",""
"2023-01-23","2023023","12:04","12.0","84.4458","7.0","","","1.1","","8.7","87","","153","","14.73","11.04","11.04","","","","",""
"2023-01-23","2023023","12:04","12.0","84.4458","8.0","","","1.1","","8.7","87","","174","","14.90","11.06","11.17","","","","",""
"2023-01-23","2023023","12:04","12.0","84.4458","9.0","","","1.1","","8.7","87","","185","","15.00","11.08","11.24","","","","",""
"2023-01-23","2023023","12:04","12.0","84.4458","10.0","","","1.2","","8.7","87","","225","","15.04","11.08","11.27","","","","",""
"2023-01-23","2023023","12:04","12.0","84.4458","11.0","","","1.2","","8.7","87","","249","","15.04","11.08","11.27","","","","",""
"2023-01-23","2023023","11:48","13.0","78.5444","1.0","","","1.0","","9.5","89","","56","","8.23","10.25","6.10","","","","",""
"2023-01-23","2023023","11:48","13.0","78.5444","2.0","0.8","0.47","1.0","","9.2","89","31.6","37","","11.64","10.53","8.71","0.95","41.19","6.85","2.58","209.00"
"2023-01-23","2023023","11:48","13.0","78.5444","3.0","","","0.9","","9.0","89","","34","","13.28","10.80","9.95","","","","",""
"2023-01-23","2023023","11:48","13.0","78.5444","4.0","","","0.9","","8.8","88","","32","","16.02","11.12","12.02","","","","",""
"2023-01-23","2023023","11:48","13.0","78.5444","5.0","","","1.0","","8.6","88","","148","","17.29","11.27","12.99","","","","",""
"2023-01-23","2023023","11:48","13.0","78.5444","6.0","","","1.2","","8.6","88","","404","","17.37","11.29","13.05","","","","",""
"2023-01-23","2023023","11:48","13.0","78.5444","7.0","","","1.4","","8.6","88","","630","","17.38","11.29","13.05","","","","",""
"2023-01-23","2023023","11:48","13.0","78.5444","8.0","","","1.5","","8.6","88","","715","","17.38","11.29","13.05","","","","",""
"2023-01-23","2023023","11:48","13.0","78.5444","9.0","","","1.5","","8.6","88","","789","","17.62","11.32","13.23","","","","",""
"2023-01-23","2023023","11:48","13.0","78.5444","10.0","","","1.7","","8.5","88","","1088","","18.10","11.36","13.60","","","","",""
"2023-01-23","2023023","11:48","13.0","78.5444","11.0","","","1.9","","8.5","87","","1445","","17.83","11.34","13.39","","","","",""
"2023-01-23","2023023","11:35","14.0","74.4288","1.0","","","0.9","","9.4","90","","38","","10.19","10.46","7.60","","","","",""
"2023-01-23","2023023","11:35","14.0","74.4288","2.0","","","0.9","","9.5","90","","38","","10.16","10.45","7.57","","","","",""
"2023-01-23","2023023","11:35","14.0","74.4288","3.0","","","0.9","","9.3","90","","38","","11.90","10.54","8.91","","","","",""
"2023-01-23","2023023","11:35","14.0","74.4288","4.0","","","0.9","","8.9","90","","34","","15.86","11.01","11.91","","","","",""
"2023-01-23","2023023","11:35","14.0","74.4288","5.0","","","0.9","","8.9","90","","35","","16.93","11.12","12.73","","","","",""
"2023-01-23","2023023","11:35","14.0","74.4288","6.0","","","0.9","","8.8","90","","41","","18.23","11.24","13.72","","","","",""
"2023-01-23","2023023","11:35","14.0","74.4288","7.0","","","0.9","","8.7","90","","49","","19.23","11.35","14.48","","","","",""
"2023-01-23","2023023","11:35","14.0","74.4288","8.0","","","0.8","","8.6","90","","52","","19.68","11.42","14.81","","","","",""
"2023-01-23","2023023","11:35","14.0","74.4288","9.0","","","0.8","","8.6","90","","60","","20.64","11.50","15.54","","","","",""
"2023-01-23","2023023","11:35","14.0","74.4288","10.0","","","0.9","","8.6","90","","80","","20.73","11.51","15.62","","","","",""
"2023-01-23","2023023","11:35","14.0","74.4288","11.0","","","0.9","","8.6","90","","94","","20.86","11.51","15.71","","","","",""
"2023-01-23","2023023","11:35","14.0","74.4288","12.0","","","0.9","","8.6","90","","94","","21.05","11.52","15.86","","","","",""
"2023-01-23","2023023","11:35","14.0","74.4288","13.0","","","0.9","","8.6","90","","88","","21.30","11.55","16.04","","","","",""
"2023-01-23","2023023","11:35","14.0","74.4288","14.0","","","0.9","","8.5","90","","113","","21.61","11.58","16.28","","","","",""
"2023-01-23","2023023","11:35","14.0","74.4288","15.0","","","1.0","","8.5","90","","185","","21.87","11.61","16.48","","","","",""
"2023-01-23","2023023","11:35","14.0","74.4288","16.0","","","1.1","","8.5","90","","285","","21.99","11.62","16.57","","","","",""
"2023-01-23","2023023","11:13","15.0","69.9895","1.0","","","0.9","","9.3","90","","27","","11.56","10.54","8.65","","","","",""
"2023-01-23","2023023","11:13","15.0","69.9895","2.0","1.0","0.56","0.9","","9.2","90","20.6","24","","11.92","10.56","8.93","1.01","39.12","7.28","2.59","166.28"
"2023-01-23","2023023","11:13","15.0","69.9895","3.0","","","0.9","","9.2","89","","30","","12.63","10.63","9.47","","","","",""
"2023-01-23","2023023","11:13","15.0","69.9895","4.0","","","0.9","","9.1","89","","33","","13.41","10.72","10.06","","","","",""
"2023-01-23","2023023","11:13","15.0","69.9895","5.0","","","0.9","","9.0","89","","36","","14.27","10.81","10.71","","","","",""
"2023-01-23","2023023","11:13","15.0","69.9895","6.0","","","0.9","","9.0","90","","35","","15.09","10.90","11.33","","","","",""
"2023-01-23","2023023","11:13","15.0","69.9895","7.0","","","0.9","","8.9","90","","35","","16.00","11.00","12.03","","","","",""
"2023-01-23","2023023","11:13","15.0","69.9895","8.0","","","0.8","","8.9","90","","35","","17.13","11.08","12.89","","","","",""
"2023-01-23","2023023","11:13","15.0","69.9895","9.0","","","0.8","","8.9","90","","41","","17.59","11.10","13.25","","","","",""
"2023-01-23","2023023","11:13","15.0","69.9895","10.0","","","0.8","","8.9","90","","41","","17.76","11.11","13.37","","","","",""
"2023-01-23","2023023","11:13","15.0","69.9895","11.0","","","0.8","","8.9","90","","42","","17.93","11.14","13.50","","","","",""
"2023-01-23","2023023","11:13","15.0","69.9895","12.0","","","0.8","","8.8","90","","43","","18.06","11.15","13.60","","","","",""
"2023-01-23","2023023","11:13","15.0","69.9895","13.0","","","0.8","","8.8","90","","45","","18.43","11.19","13.89","","","","",""
"2023-01-23","2023023","11:13","15.0","69.9895","14.0","","","0.9","","8.8","91","","52","","18.80","11.22","14.17","","","","",""
"2023-01-23","2023023","11:13","15.0","69.9895","15.0","","","0.9","","8.8","91","","68","","19.30","11.26","14.55","","","","",""
"2023-01-23","2023023","11:13","15.0","69.9895","16.0","","","0.9","","8.7","91","","97","","20.49","11.38","15.45","","","","",""
"2023-01-23","2023023","11:13","15.0","69.9895","17.0","","","0.9","","8.6","91","","95","","21.11","11.48","15.92","","","","",""
"2023-01-23","2023023","11:13","15.0","69.9895","18.0","","","0.9","","8.6","91","","93","","21.40","11.52","16.13","","","","",""
"2023-01-23","2023023","11:13","15.0","69.9895","19.0","","","0.9","","8.5","90","","123","","22.05","11.60","16.62","","","","",""
"2023-01-23","2023023","11:13","15.0","69.9895","20.0","","","1.0","","8.5","90","","141","","22.19","11.62","16.72","","","","",""
"2023-01-23","2023023","11:13","15.0","69.9895","21.0","","","1.0","","8.5","90","","147","","22.22","11.62","16.75","","","","",""
"2023-01-23","2023023","11:13","15.0","69.9895","22.0","","","1.0","","8.5","90","","155","","22.26","11.63","16.78","","","","",""
"2023-01-23","2023023","11:13","15.0","69.9895","23.0","","","1.0","","8.5","90","","159","","22.30","11.63","16.81","","","","",""
"2023-01-23","2023023","11:13","15.0","69.9895","24.0","","","1.0","","8.5","90","","160","","22.32","11.63","16.82","","","","",""
"2023-01-23","2023023","10:56","16.0","63.0794","1.0","","","2.1","","9.4","90","","33","","11.25","10.43","8.42","","","","",""
"2023-01-23","2023023","10:56","16.0","63.0794","2.0","","","2.0","","9.3","90","","32","","12.52","10.53","9.39","","","","",""
"2023-01-23","2023023","10:56","16.0","63.0794","3.0","","","1.9","","9.1","91","","28","","15.94","10.84","12.01","","","","",""
"2023-01-23","2023023","10:56","16.0","63.0794","4.0","","","1.7","","8.9","91","","26","","19.32","11.15","14.58","","","","",""
"2023-01-23","2023023","10:56","16.0","63.0794","5.0","","","1.5","","8.6","91","","25","","22.40","11.45","16.92","","","","",""
"2023-01-23","2023023","10:56","16.0","63.0794","6.0","","","1.3","","8.4","91","","47","","24.80","11.72","18.73","","","","",""
"2023-01-23","2023023","10:56","16.0","63.0794","7.0","","","1.5","","8.4","91","","76","","24.94","11.74","18.83","","","","",""
"2023-01-23","2023023","10:56","16.0","63.0794","8.0","","","1.6","","8.4","91","","87","","25.25","11.78","19.07","","","","",""
"2023-01-23","2023023","10:56","16.0","63.0794","9.0","","","1.7","","8.4","91","","101","","25.35","11.79","19.14","","","","",""
"2023-01-23","2023023","10:56","16.0","63.0794","10.0","","","1.7","","8.4","91","","104","","25.37","11.79","19.16","","","","",""
"2023-01-23","2023023","10:56","16.0","63.0794","11.0","","","1.7","","8.4","91","","111","","25.38","11.79","19.17","","","","",""
"2023-01-23","2023023","10:56","16.0","63.0794","12.0","","","1.8","","8.4","91","","119","","25.42","11.80","19.20","","","","",""
"2023-01-23","2023023","10:56","16.0","63.0794","13.0","","","1.9","","8.4","91","","137","","25.45","11.80","19.22","","","","",""
"2023-01-23","2023023","10:56","16.0","63.0794","14.0","","","2.1","","8.4","91","","166","","25.46","11.80","19.23","","","","",""
"2023-01-23","2023023","10:43","17.0","58.8909","1.0","","","1.4","","9.1","93","","16","","18.18","11.16","13.69","","","","",""
"2023-01-23","2023023","10:43","17.0","58.8909","2.0","1.3","0.68","1.5","","8.9","92","","16","","19.57","11.29","14.75","","","","",""
"2023-01-23","2023023","10:43","17.0","58.8909","3.0","","","1.3","","8.8","92","","14","","21.06","11.39","15.89","","","","",""
"2023-01-23","2023023","10:43","17.0","58.8909","4.0","","","1.2","","8.7","92","","14","","22.47","11.49","16.96","","","","",""
"2023-01-23","2023023","10:43","17.0","58.8909","5.0","","","1.1","","8.4","92","","14","","25.75","11.81","19.45","","","","",""
"2023-01-23","2023023","10:43","17.0","58.8909","6.0","","","1.1","","8.3","91","","14","","26.54","11.90","20.05","","","","",""
"2023-01-23","2023023","10:43","17.0","58.8909","7.0","","","1.0","","8.3","91","","16","","26.69","11.92","20.16","","","","",""
"2023-01-23","2023023","10:43","17.0","58.8909","8.0","","","1.0","","8.3","91","","16","","26.77","11.93","20.22","","","","",""
"2023-01-23","2023023","10:43","17.0","58.8909","9.0","","","1.0","","8.3","91","","19","","26.89","11.94","20.31","","","","",""
"2023-01-23","2023023","10:43","17.0","58.8909","10.0","","","1.0","","8.3","91","","22","","27.01","11.95","20.40","","","","",""
"2023-01-23","2023023","10:43","17.0","58.8909","11.0","","","1.0","","8.3","91","","26","","27.07","11.95","20.44","","","","",""
"2023-01-23","2023023","10:43","17.0","58.8909","12.0","","","1.0","","8.3","91","","28","","27.08","11.95","20.45","","","","",""
"2023-01-23","2023023","10:43","17.0","58.8909","13.0","","","1.0","","8.3","91","","30","","27.11","11.96","20.48","","","","",""
"2023-01-23","2023023","10:24","18.0","54.9481","1.0","","","1.2","","8.7","92","","12","","22.64","11.48","17.10","","","","",""
"2023-01-23","2023023","10:24","18.0","54.9481","2.0","1.1","0.57","1.1","","8.7","92","14.1","11","","22.59","11.47","17.06","1.02","25.99","3.86","1.99","74.42"
"2023-01-23","2023023","10:24","18.0","54.9481","3.0","","","1.1","","8.7","92","","11","","22.60","11.47","17.07","","","","",""
"2023-01-23","2023023","10:24","18.0","54.9481","4.0","","","1.1","","8.7","92","","11","","22.65","11.48","17.10","","","","",""
"2023-01-23","2023023","10:24","18.0","54.9481","5.0","","","1.1","","8.7","92","","11","","22.67","11.48","17.12","","","","",""
"2023-01-23","2023023","10:24","18.0","54.9481","6.0","","","1.2","","8.7","92","","12","","22.78","11.49","17.20","","","","",""
"2023-01-23","2023023","10:24","18.0","54.9481","7.0","","","1.1","","8.7","92","","11","","22.88","11.50","17.28","","","","",""
"2023-01-23","2023023","10:24","18.0","54.9481","8.0","","","1.1","","8.7","92","","11","","23.01","11.51","17.37","","","","",""
"2023-01-23","2023023","10:24","18.0","54.9481","9.0","","","1.1","","8.6","92","","11","","23.09","11.52","17.44","","","","",""
"2023-01-23","2023023","10:24","18.0","54.9481","10.0","","","1.1","","8.6","92","","11","","23.24","11.53","17.56","","","","",""
"2023-01-23","2023023","10:24","18.0","54.9481","11.0","","","1.1","","8.6","92","","11","","23.32","11.54","17.61","","","","",""
"2023-01-23","2023023","10:24","18.0","54.9481","12.0","","","1.1","","8.7","92","","11","","23.31","11.54","17.61","","","","",""
"2023-01-23","2023023","10:24","18.0","54.9481","13.0","","","1.1","","8.6","92","","11","","23.91","11.59","18.06","","","","",""
"2023-01-23","2023023","10:24","18.0","54.9481","14.0","","","1.0","","8.6","92","","11","","24.45","11.64","18.47","","","","",""
"2023-01-23","2023023","10:24","18.0","54.9481","15.0","","","1.0","","8.5","92","","11","","24.65","11.66","18.62","","","","",""
"2023-01-23","2023023","10:24","18.0","54.9481","16.0","","","1.0","","8.5","92","","11","","24.77","11.67","18.71","","","","",""
"2023-01-23","2023023","10:24","18.0","54.9481","17.0","","","1.0","","8.4","92","","12","","25.92","11.78","19.59","","","","",""
"2023-01-23","2023023","10:24","18.0","54.9481","18.0","","","1.0","","8.3","91","","13","","27.44","11.93","20.74","","","","",""
"2023-01-23","2023023","10:24","18.0","54.9481","19.0","","","1.0","","8.2","91","","19","","28.12","12.01","21.25","","","","",""
"2023-01-23","2023023","10:24","18.0","54.9481","20.0","","","1.0","","8.2","91","","24","","28.20","12.01","21.31","","","","",""
"2023-01-23","2023023","10:24","18.0","54.9481","21.0","","","0.9","","8.2","91","","25","","28.27","12.02","21.37","","","","",""
"2023-01-23","2023023","10:24","18.0","54.9481","22.0","","","0.9","","8.2","91","","27","","28.32","12.03","21.40","","","","",""
"2023-01-23","2023023","10:24","18.0","54.9481","23.0","","","1.0","","8.2","91","","29","","28.43","12.04","21.48","","","","",""
"2023-01-23","2023023","10:24","18.0","54.9481","24.0","","","1.0","","8.2","91","","34","","28.55","12.05","21.58","","","","",""
"2023-01-23","2023023","10:24","18.0","54.9481","25.0","","","1.0","","8.2","91","","36","","28.58","12.05","21.60","","","","",""
"2023-01-23","2023023","10:24","18.0","54.9481","26.0","","","1.0","","8.2","91","","34","","28.55","12.05","21.57","","","","",""
"2023-01-23","2023023","10:24","18.0","54.9481","27.0","","","0.9","","8.2","91","","36","","28.59","12.05","21.61","","","","",""
"2023-01-23","2023023","10:24","18.0","54.9481","28.0","","","1.0","","8.1","91","","39","","28.65","12.06","21.65","","","","",""
"2023-01-23","2023023","10:24","18.0","54.9481","29.0","","","0.9","","8.1","91","","34","","28.64","12.06","21.64","","","","",""
"2023-01-23","2023023","10:24","18.0","54.9481","30.0","","","0.9","","8.1","91","","35","","28.65","12.06","21.65","","","","",""
"2023-01-23","2023023","10:24","18.0","54.9481","31.0","","","1.0","","8.2","91","","39","","28.64","12.06","21.65","","","","",""
"2023-01-23","2023023","10:24","18.0","54.9481","32.0","","","1.0","","8.1","91","","37","","28.65","12.06","21.65","","","","",""
"2023-01-23","2023023","10:24","18.0","54.9481","33.0","","","1.0","","8.1","91","","38","","28.67","12.06","21.67","","","","",""
"2023-01-23","2023023","10:24","18.0","54.9481","34.0","","","1.0","","8.1","91","","39","","28.72","12.07","21.70","","","","",""
"2023-01-23","2023023","10:24","18.0","54.9481","35.0","","","1.0","","8.1","91","","41","","28.74","12.07","21.72","","","","",""
"2023-01-23","2023023","10:24","18.0","54.9481","36.0","","","1.0","","8.1","91","","43","","28.82","12.08","21.78","","","","",""
"2023-01-23","2023023","10:24","18.0","54.9481","37.0","","","1.0","","8.1","91","","44","","28.81","12.08","21.78","","","","",""
"2023-01-23","2023023","10:24","18.0","54.9481","38.0","","","1.0","","8.1","91","","42","","28.84","12.08","21.80","","","","",""
"2023-01-23","2023023","10:24","18.0","54.9481","39.0","","","1.0","","8.1","91","","42","","28.90","12.09","21.84","","","","",""
"2023-01-23","2023023","10:24","18.0","54.9481","40.0","","","1.0","","8.1","91","","41","","28.88","12.09","21.83","","","","",""
"2023-01-23","2023023","10:24","18.0","54.9481","41.0","","","1.0","","8.1","91","","42","","28.92","12.09","21.86","","","","",""
"2023-01-23","2023023","10:24","18.0","54.9481","42.0","","","1.0","","8.1","91","","43","","28.97","12.09","21.89","","","","",""
"2023-01-23","2023023","10:24","18.0","54.9481","43.0","","","1.0","","8.1","91","","43","","29.09","12.11","21.99","","","","",""
"2023-01-23","2023023","10:24","18.0","54.9481","44.0","","","1.0","","8.1","91","","42","","29.13","12.11","22.01","","","","",""
"2023-01-23","2023023","10:24","18.0","54.9481","45.0","","","1.0","","8.1","91","","47","","29.13","12.11","22.01","","","","",""
"2023-01-23","2023023","10:24","18.0","54.9481","46.0","1.4","0.28","1.1","","8.1","91","56.7","51","","29.13","12.11","22.01","","","","",""
"2023-01-23","2023023","10:09","20.0","51.4501","1.0","","","1.4","","9.0","93","","17","","19.10","11.07","14.42","","","","",""
"2023-01-23","2023023","10:09","20.0","51.4501","2.0","1.1","0.61","1.4","","9.0","93","","17","","19.23","11.06","14.52","","","","",""
"2023-01-23","2023023","10:09","20.0","51.4501","3.0","","","1.4","","9.0","93","","17","","19.45","11.09","14.68","","","","",""
"2023-01-23","2023023","10:09","20.0","51.4501","4.0","","","1.4","","9.0","92","","17","","19.84","11.13","14.98","","","","",""
"2023-01-23","2023023","10:09","20.0","51.4501","5.0","","","1.3","","8.9","92","","16","","20.71","11.24","15.64","","","","",""
"2023-01-23","2023023","10:09","20.0","51.4501","6.0","","","1.2","","8.7","92","","14","","22.49","11.51","16.98","","","","",""
"2023-01-23","2023023","10:09","20.0","51.4501","7.0","","","1.1","","8.6","92","","15","","23.40","11.62","17.66","","","","",""
"2023-01-23","2023023","10:09","20.0","51.4501","8.0","","","1.1","","8.6","92","","21","","23.82","11.67","17.98","","","","",""
"2023-01-23","2023023","10:09","20.0","51.4501","9.0","","","1.1","","8.5","92","","24","","24.03","11.69","18.14","","","","",""
"2023-01-23","2023023","10:09","20.0","51.4501","10.0","","","1.1","","8.5","92","","27","","24.14","11.71","18.22","","","","",""
"2023-01-23","2023023","10:09","20.0","51.4501","11.0","","","1.1","","8.5","92","","29","","24.25","11.72","18.31","","","","",""
"2023-01-23","2023023","10:09","20.0","51.4501","12.0","","","1.1","","8.5","92","","29","","24.30","11.72","18.34","","","","",""
"2023-01-23","2023023","10:09","20.0","51.4501","13.0","","","1.1","","8.5","92","","30","","24.34","11.73","18.37","","","","",""
"2023-01-23","2023023","10:09","20.0","51.4501","14.0","","","1.1","","8.5","92","","30","","24.36","11.73","18.39","","","","",""
"2023-01-23","2023023","10:09","20.0","51.4501","15.0","","","1.1","","8.5","91","","29","","24.35","11.72","18.38","","","","",""
"2023-01-23","2023023","10:09","20.0","51.4501","16.0","","","1.1","","8.5","91","","29","","24.35","11.72","18.38","","","","",""
"2023-01-23","2023023","10:09","20.0","51.4501","17.0","","","1.1","","8.5","92","","28","","24.43","11.73","18.44","","","","",""
"2023-01-23","2023023","10:09","20.0","51.4501","18.0","","","1.1","","8.5","92","","27","","24.48","11.73","18.48","","","","",""
"2023-01-23","2023023","10:09","20.0","51.4501","19.0","","","1.1","","8.5","92","","26","","24.62","11.74","18.59","","","","",""
"2023-01-23","2023023","10:09","20.0","51.4501","20.0","","","1.1","","8.5","92","","23","","24.74","11.75","18.68","","","","",""
"2023-01-23","2023023","10:09","20.0","51.4501","21.0","","","1.1","","8.5","92","","24","","24.98","11.77","18.86","","","","",""
"2023-01-23","2023023","10:09","20.0","51.4501","22.0","","","1.0","","8.4","92","","22","","25.74","11.83","19.44","","","","",""
"2023-01-23","2023023","10:09","20.0","51.4501","23.0","","","1.0","","8.3","91","","25","","27.45","11.97","20.74","","","","",""
"2023-01-23","2023023","10:09","20.0","51.4501","24.0","","","1.0","","8.2","91","","31","","28.26","12.04","21.35","","","","",""
"2023-01-23","2023023","10:09","20.0","51.4501","25.0","","","1.0","","8.2","91","","36","","28.56","12.07","21.58","","","","",""
"2023-01-23","2023023","10:09","20.0","51.4501","26.0","","","1.1","","8.2","91","","43","","28.79","12.09","21.76","","","","",""
"2023-01-23","2023023","10:09","20.0","51.4501","27.0","","","1.1","","8.2","91","","42","","28.78","12.09","21.74","","","","",""
"2023-01-23","2023023","10:09","20.0","51.4501","28.0","","","1.1","","8.2","91","","43","","28.78","12.09","21.75","","","","",""
"2023-01-23","2023023","9:54","21.0","46.6266","1.0","","","1.6","","9.1","92","","23","","16.99","10.86","12.81","","","","",""
"2023-01-23","2023023","9:54","21.0","46.6266","2.0","1.3","0.58","1.5","","9.1","92","","22","","17.43","10.92","13.15","","","","",""
"2023-01-23","2023023","9:54","21.0","46.6266","3.0","","","1.5","","8.9","92","","20","","18.75","11.14","14.14","","","","",""
"2023-01-23","2023023","9:54","21.0","46.6266","4.0","","","1.4","","8.8","92","","19","","20.31","11.31","15.32","","","","",""
"2023-01-23","2023023","9:54","21.0","46.6266","5.0","","","1.3","","8.7","91","","19","","21.22","11.43","16.01","","","","",""
"2023-01-23","2023023","9:54","21.0","46.6266","6.0","","","1.3","","8.7","91","","18","","21.33","11.45","16.08","","","","",""
"2023-01-23","2023023","9:54","21.0","46.6266","7.0","","","1.3","","8.7","91","","18","","21.36","11.45","16.11","","","","",""
"2023-01-23","2023023","9:54","21.0","46.6266","8.0","","","1.3","","8.7","91","","18","","21.39","11.46","16.14","","","","",""
"2023-01-23","2023023","9:54","21.0","46.6266","9.0","","","1.3","","8.7","92","","18","","21.48","11.47","16.20","","","","",""
"2023-01-23","2023023","9:54","21.0","46.6266","10.0","","","1.3","","8.7","92","","18","","21.52","11.47","16.23","","","","",""
"2023-01-23","2023023","9:54","21.0","46.6266","11.0","","","1.3","","8.7","92","","19","","21.79","11.48","16.44","","","","",""
"2023-01-23","2023023","9:54","21.0","46.6266","12.0","","","1.3","","8.6","92","","24","","22.97","11.58","17.33","","","","",""
"2023-01-23","2023023","9:54","21.0","46.6266","13.0","","","1.3","","8.6","92","","36","","23.44","11.63","17.69","","","","",""
"2023-01-23","2023023","9:54","21.0","46.6266","14.0","","","1.4","","8.6","92","","41","","23.83","11.67","17.99","","","","",""
"2023-01-23","2023023","9:54","21.0","46.6266","15.0","","","1.5","","8.5","92","","57","","24.23","11.71","18.29","","","","",""
"2023-01-23","2023023","9:54","21.0","46.6266","16.0","","","1.6","","8.5","92","","66","","24.33","11.72","18.37","","","","",""
"2023-01-23","2023023","9:54","21.0","46.6266","17.0","","","1.7","","8.5","92","","68","","24.41","11.72","18.42","","","","",""
"2023-01-23","2023023","9:54","21.0","46.6266","18.0","","","1.7","","8.5","92","","70","","24.42","11.73","18.43","","","","",""
"2023-01-23","2023023","9:40","22.0","43.9210","1.0","","","1.8","","9.0","92","","16","","17.52","11.10","13.19","","","","",""
"2023-01-23","2023023","9:40","22.0","43.9210","2.0","2.1","0.76","1.7","","9.0","92","12.9","16","","17.70","11.15","13.32","1.16","32.91","6.85","2.50","117.14"
"2023-01-23","2023023","9:40","22.0","43.9210","3.0","","","1.6","","8.9","91","","16","","17.87","11.19","13.45","","","","",""
"2023-01-23","2023023","9:40","22.0","43.9210","4.0","","","1.6","","8.9","91","","17","","18.02","11.22","13.56","","","","",""
"2023-01-23","2023023","9:40","22.0","43.9210","5.0","","","1.5","","8.9","91","","17","","18.59","11.26","13.99","","","","",""
"2023-01-23","2023023","9:40","22.0","43.9210","6.0","","","1.5","","8.8","91","","18","","19.00","11.28","14.31","","","","",""
"2023-01-23","2023023","9:40","22.0","43.9210","7.0","","","1.5","","8.8","91","","19","","19.20","11.30","14.46","","","","",""
"2023-01-23","2023023","9:40","22.0","43.9210","8.0","","","1.5","","8.8","91","","19","","19.35","11.32","14.58","","","","",""
"2023-01-23","2023023","9:40","22.0","43.9210","9.0","","","1.5","","8.8","91","","19","","19.65","11.38","14.80","","","","",""
"2023-01-23","2023023","9:40","22.0","43.9210","10.0","","","1.4","","8.7","91","","19","","20.61","11.46","15.53","","","","",""
"2023-01-23","2023023","9:40","22.0","43.9210","11.0","","","1.4","","8.6","91","","27","","22.48","11.64","16.95","","","","",""
"2023-01-23","2023023","9:40","22.0","43.9210","12.0","","","1.4","","8.6","91","","37","","22.62","11.65","17.06","","","","",""
"2023-01-23","2023023","9:40","22.0","43.9210","13.0","","","1.4","","8.6","91","","42","","22.74","11.66","17.14","","","","",""
"2023-01-23","2023023","9:40","22.0","43.9210","14.0","","","1.4","","8.6","91","","45","","22.77","11.67","17.17","","","","",""
"2023-01-23","2023023","9:40","22.0","43.9210","15.0","","","1.5","","8.6","91","","47","","22.77","11.67","17.17","","","","",""
"2023-01-23","2023023","9:40","22.0","43.9210","16.0","","","1.5","","8.6","91","","46","","22.81","11.67","17.19","","","","",""
"2023-01-23","2023023","9:40","22.0","43.9210","17.0","","","1.5","","8.6","92","","54","","22.89","11.68","17.26","","","","",""
"2023-01-23","2023023","9:40","22.0","43.9210","18.0","","","1.6","","8.6","91","","65","","22.95","11.68","17.31","","","","",""
"2023-01-23","2023023","9:40","22.0","43.9210","19.0","","","1.6","","8.6","91","","69","","22.98","11.69","17.33","","","","",""
"2023-01-23","2023023","9:40","22.0","43.9210","20.0","1.8","0.31","1.6","","8.6","91","82.4","79","","22.99","11.69","17.34","","","","",""
"2023-01-23","2023023","9:16","23.0","39.6557","1.0","","","1.8","","9.1","92","","20","","16.59","10.98","12.49","","","","",""
"2023-01-23","2023023","9:16","23.0","39.6557","2.0","","","1.7","","9.1","91","","19","","16.59","10.98","12.49","","","","",""
"2023-01-23","2023023","9:16","23.0","39.6557","3.0","","","1.7","","9.0","91","","20","","16.74","11.00","12.60","","","","",""
"2023-01-23","2023023","9:16","23.0","39.6557","4.0","","","1.6","","9.0","91","","19","","17.02","11.05","12.81","","","","",""
"2023-01-23","2023023","9:16","23.0","39.6557","5.0","","","1.6","","9.0","91","","20","","17.12","11.09","12.88","","","","",""
"2023-01-23","2023023","9:16","23.0","39.6557","6.0","","","1.6","","8.9","91","","21","","17.16","11.11","12.91","","","","",""
"2023-01-23","2023023","9:16","23.0","39.6557","7.0","","","1.6","","8.9","90","","21","","17.39","11.17","13.08","","","","",""
"2023-01-23","2023023","9:16","23.0","39.6557","8.0","","","1.6","","8.9","90","","22","","17.54","11.20","13.19","","","","",""
"2023-01-23","2023023","9:16","23.0","39.6557","9.0","","","1.6","","8.8","91","","23","","17.91","11.24","13.47","","","","",""
"2023-01-23","2023023","9:16","23.0","39.6557","10.0","","","1.6","","8.8","91","","24","","18.39","11.28","13.84","","","","",""
"2023-01-23","2023023","9:16","23.0","39.6557","11.0","","","1.6","","8.8","91","","25","","18.91","11.34","14.23","","","","",""
"2023-01-23","2023023","9:16","23.0","39.6557","12.0","","","1.7","","8.7","91","","51","","19.48","11.41","14.66","","","","",""
"2023-01-23","2023023","9:16","23.0","39.6557","13.0","","","1.8","","8.7","90","","62","","19.67","11.43","14.81","","","","",""
"2023-01-23","2023023","9:16","23.0","39.6557","14.0","","","2.0","","8.7","91","","96","","19.79","11.44","14.89","","","","",""
"2023-01-23","2023023","9:16","23.0","39.6557","15.0","","","2.1","","8.7","91","","99","","19.80","11.44","14.90","","","","",""
"2023-01-23","2023023","9:02","24.0","37.0911","1.0","","","1.8","","9.0","91","","27","","16.54","11.04","12.44","","","","",""
"2023-01-23","2023023","9:02","24.0","37.0911","2.0","1.8","0.65","1.8","","9.0","91","20.2","28","","16.55","11.04","12.45","1.16","34.55","7.21","2.59","121.06"
"2023-01-23","2023023","9:02","24.0","37.0911","3.0","","","1.8","","9.0","91","","33","","16.56","11.04","12.45","","","","",""
"2023-01-23","2023023","9:02","24.0","37.0911","4.0","","","1.8","","9.0","91","","33","","16.56","11.04","12.45","","","","",""
"2023-01-23","2023023","9:02","24.0","37.0911","5.0","","","1.8","","9.0","91","","44","","16.61","11.05","12.49","","","","",""
"2023-01-23","2023023","9:02","24.0","37.0911","6.0","","","1.9","","9.0","91","","53","","16.61","11.06","12.49","","","","",""
"2023-01-23","2023023","9:02","24.0","37.0911","7.0","","","1.8","","9.0","91","","55","","16.62","11.06","12.50","","","","",""
"2023-01-23","2023023","9:02","24.0","37.0911","8.0","","","1.8","","9.0","91","","57","","16.62","11.06","12.50","","","","",""
"2023-01-23","2023023","9:02","24.0","37.0911","9.0","","","1.8","","9.0","91","","59","","16.62","11.06","12.50","","","","",""
"2023-01-23","2023023","9:02","24.0","37.0911","10.0","1.6","0.34","1.6","","9.0","91","64.2","67","","16.62","11.06","12.50","","","","",""
"2023-01-23","2023023","8:49","25.0","32.8382","2.0","","","4.7","","9.3","93","","26","","16.09","10.71","12.14","","","","",""
"2023-01-23","2023023","8:49","25.0","32.8382","3.0","","","4.5","","9.3","93","","26","","16.09","10.72","12.13","","","","",""
"2023-01-23","2023023","8:49","25.0","32.8382","4.0","","","4.4","","9.3","93","","26","","16.15","10.79","12.17","","","","",""
"2023-01-23","2023023","8:49","25.0","32.8382","5.0","","","4.4","","9.2","93","","32","","16.21","10.85","12.21","","","","",""
"2023-01-23","2023023","8:49","25.0","32.8382","6.0","","","4.1","","9.2","93","","48","","16.21","10.85","12.21","","","","",""
"2023-01-23","2023023","8:49","25.0","32.8382","7.0","","","4.0","","9.2","93","","52","","16.21","10.85","12.21","","","","",""
"2023-01-23","2023023","8:49","25.0","32.8382","8.0","","","3.9","","9.2","93","","58","","16.21","10.85","12.21","","","","",""
"2023-01-23","2023023","8:34","26.0","28.7560","1.0","","","4.3","","9.5","94","","32","","15.80","10.53","11.94","","","","",""
"2023-01-23","2023023","8:34","26.0","28.7560","2.0","","","4.2","","9.5","94","","31","","15.80","10.52","11.94","","","","",""
"2023-01-23","2023023","8:34","26.0","28.7560","3.0","","","4.2","","9.5","94","","32","","15.80","10.52","11.94","","","","",""
"2023-01-23","2023023","8:34","26.0","28.7560","4.0","","","4.1","","9.5","94","","31","","15.80","10.53","11.94","","","","",""
"2023-01-23","2023023","8:34","26.0","28.7560","5.0","","","4.2","","9.5","94","","32","","15.80","10.53","11.94","","","","",""
"2023-01-23","2023023","8:34","26.0","28.7560","6.0","","","4.2","","9.4","94","","32","","15.81","10.56","11.94","","","","",""
"2023-01-23","2023023","8:34","26.0","28.7560","7.0","","","4.1","","9.4","94","","34","","15.82","10.59","11.94","","","","",""
"2023-01-23","2023023","8:34","26.0","28.7560","8.0","","","3.9","","9.4","94","","37","","15.82","10.59","11.95","","","","",""
"2023-01-23","2023023","8:34","26.0","28.7560","9.0","","","3.9","","9.4","94","","37","","15.82","10.59","11.95","","","","",""
"2023-01-23","2023023","8:34","26.0","28.7560","10.0","","","3.8","","9.4","94","","41","","15.82","10.60","11.95","","","","",""
"2023-01-23","2023023","8:23","27.0","26.1872","1.0","","","6.2","","9.5","94","","22","","15.61","10.45","11.80","","","","",""
"2023-01-23","2023023","8:23","27.0","26.1872","2.0","7.2","0.87","6.9","","9.5","94","24.9","21","","15.61","10.45","11.80","1.69","37.70","11.28","3.46","118.57"
"2023-01-23","2023023","8:23","27.0","26.1872","3.0","","","6.0","","9.5","94","","22","","15.62","10.47","11.80","","","","",""
"2023-01-23","2023023","8:23","27.0","26.1872","4.0","","","5.3","","9.4","94","","23","","15.64","10.51","11.82","","","","",""
"2023-01-23","2023023","8:23","27.0","26.1872","5.0","","","5.1","","9.4","93","","24","","15.73","10.55","11.88","","","","",""
"2023-01-23","2023023","8:23","27.0","26.1872","6.0","","","4.7","","9.4","93","","26","","15.79","10.55","11.93","","","","",""
"2023-01-23","2023023","8:23","27.0","26.1872","7.0","","","4.6","","9.4","94","","28","","15.81","10.53","11.94","","","","",""
"2023-01-23","2023023","8:23","27.0","26.1872","8.0","","","4.9","","9.4","94","","31","","15.82","10.51","11.96","","","","",""
"2023-01-23","2023023","8:23","27.0","26.1872","9.0","","","5.0","","9.4","94","","33","","15.83","10.50","11.96","","","","",""
"2023-01-23","2023023","8:23","27.0","26.1872","10.0","","","5.0","","9.4","94","","35","","15.84","10.49","11.97","","","","",""
"2023-01-23","2023023","8:23","27.0","26.1872","11.0","4.6","0.70","5.0","","9.4","94","45.1","37","","15.84","10.49","11.98","","","","",""
"2023-01-23","2023023","8:12","28.0","23.5695","1.0","","","7.4","","9.4","93","","29","","15.54","10.59","11.73","","","","",""
"2023-01-23","2023023","8:12","28.0","23.5695","2.0","","","7.0","","9.4","93","","29","","15.54","10.60","11.73","","","","",""
"2023-01-23","2023023","8:12","28.0","23.5695","3.0","","","6.3","","9.3","93","","30","","15.59","10.65","11.76","","","","",""
"2023-01-23","2023023","8:12","28.0","23.5695","4.0","","","5.9","","9.3","93","","34","","15.65","10.69","11.80","","","","",""
"2023-01-23","2023023","8:12","28.0","23.5695","5.0","","","5.7","","9.3","93","","34","","15.66","10.69","11.81","","","","",""
"2023-01-23","2023023","8:12","28.0","23.5695","6.0","","","5.5","","9.3","93","","35","","15.70","10.68","11.84","","","","",""
"2023-01-23","2023023","8:12","28.0","23.5695","7.0","","","5.3","","9.3","93","","39","","15.70","10.67","11.84","","","","",""
"2023-01-23","2023023","8:12","28.0","23.5695","8.0","","","5.3","","9.3","93","","42","","15.71","10.67","11.85","","","","",""
"2023-01-23","2023023","8:12","28.0","23.5695","9.0","","","5.2","","9.3","93","","42","","15.71","10.67","11.85","","","","",""
"2023-01-23","2023023","8:12","28.0","23.5695","10.0","","","5.4","","9.3","93","","42","","15.71","10.67","11.85","","","","",""
"2023-01-23","2023023","8:12","28.0","23.5695","11.0","","","5.3","","9.3","93","","42","","15.71","10.66","11.85","","","","",""
"2023-01-23","2023023","8:12","28.0","23.5695","12.0","","","5.2","","9.3","93","","43","","15.72","10.65","11.86","","","","",""
"2023-01-23","2023023","8:12","28.0","23.5695","13.0","","","5.1","","9.2","92","","48","","15.74","10.63","11.88","","","","",""
"2023-01-23","2023023","8:00","29.0","20.2526","1.0","","","7.4","","9.5","93","","29","","15.04","10.42","11.36","","","","",""
"2023-01-23","2023023","8:00","29.0","20.2526","2.0","","","6.6","","9.4","93","","28","","15.38","10.61","11.60","","","","",""
"2023-01-23","2023023","8:00","29.0","20.2526","3.0","","","5.9","","9.3","93","","33","","15.58","10.77","11.73","","","","",""
"2023-01-23","2023023","8:00","29.0","20.2526","4.0","","","5.8","","9.3","93","","37","","15.59","10.75","11.75","","","","",""
"2023-01-23","2023023","8:00","29.0","20.2526","5.0","","","5.9","","9.3","93","","42","","15.60","10.73","11.76","","","","",""
"2023-01-23","2023023","8:00","29.0","20.2526","6.0","","","5.9","","9.3","93","","44","","15.62","10.71","11.77","","","","",""
"2023-01-23","2023023","8:00","29.0","20.2526","7.0","","","5.9","","9.3","93","","47","","15.64","10.71","11.79","","","","",""
"2023-01-23","2023023","8:00","29.0","20.2526","8.0","","","6.0","","9.3","93","","52","","15.65","10.71","11.80","","","","",""
"2023-01-23","2023023","8:00","29.0","20.2526","9.0","","","5.7","","9.3","93","","55","","15.66","10.72","11.80","","","","",""
"2023-01-23","2023023","8:00","29.0","20.2526","10.0","","","6.0","","9.3","93","","58","","15.66","10.72","11.80","","","","",""
"2023-01-23","2023023","8:00","29.0","20.2526","11.0","","","6.0","","9.3","93","","60","","15.66","10.72","11.80","","","","",""
"2023-01-23","2023023","8:00","29.0","20.2526","12.0","","","5.9","","9.3","93","","62","","15.66","10.72","11.80","","","","",""
"2023-01-23","2023023","8:00","29.0","20.2526","13.0","","","6.2","","9.3","93","","62","","15.67","10.72","11.81","","","","",""
"2023-01-23","2023023","8:00","29.0","20.2526","14.0","","","6.2","","9.3","93","","78","","15.67","10.73","11.81","","","","",""
"2023-01-23","2023023","7:44","30.0","14.7543","1.0","","","7.9","","9.3","92","","55","","14.34","10.73","10.78","","","","",""
"2023-01-23","2023023","7:44","30.0","14.7543","2.0","9.3","0.83","8.6","","9.3","92","62.4","58","","14.42","10.76","10.84","2.23","44.98","10.99","3.95","127.47"
"2023-01-23","2023023","7:44","30.0","14.7543","3.0","","","7.2","","9.3","92","","59","","14.50","10.77","10.89","","","","",""
"2023-01-23","2023023","7:44","30.0","14.7543","4.0","","","6.9","","9.3","93","","61","","14.67","10.79","11.02","","","","",""
"2023-01-23","2023023","7:44","30.0","14.7543","5.0","","","6.8","","9.3","93","","69","","14.79","10.78","11.12","","","","",""
"2023-01-23","2023023","7:44","30.0","14.7543","6.0","","","7.0","","9.3","93","","77","","14.82","10.76","11.14","","","","",""
"2023-01-23","2023023","7:44","30.0","14.7543","7.0","","","7.2","","9.3","93","","80","","14.86","10.73","11.18","","","","",""
"2023-01-23","2023023","7:44","30.0","14.7543","8.0","","","7.3","","9.4","93","","82","","14.89","10.72","11.20","","","","",""
"2023-01-23","2023023","7:44","30.0","14.7543","9.0","","","7.2","","9.4","93","","82","","14.96","10.65","11.27","","","","",""
"2023-01-23","2023023","7:44","30.0","14.7543","10.0","6.9","0.70","7.2","","9.4","93","87.3","82","","15.02","10.62","11.32","","","","",""
"2023-01-23","2023023","7:31","31.0","10.6065","1.0","","","9.0","","9.2","90","","49","","12.99","10.41","9.77","","","","",""
"2023-01-23","2023023","7:31","31.0","10.6065","2.0","","","8.9","","9.2","90","","66","","13.15","10.48","9.89","","","","",""
"2023-01-23","2023023","7:31","31.0","10.6065","3.0","","","8.3","","9.3","90","","82","","13.28","10.52","9.99","","","","",""
"2023-01-23","2023023","7:31","31.0","10.6065","4.0","","","8.1","","9.3","91","","89","","13.53","10.61","10.16","","","","",""
"2023-01-23","2023023","7:31","31.0","10.6065","5.0","","","7.9","","9.3","91","","101","","13.67","10.66","10.27","","","","",""
"2023-01-23","2023023","7:31","31.0","10.6065","6.0","","","7.7","","9.2","91","","107","","13.84","10.70","10.40","","","","",""
"2023-01-23","2023023","7:31","31.0","10.6065","7.0","","","8.2","","9.3","91","","150","","13.92","10.71","10.45","","","","",""
"2023-01-23","2023023","7:31","31.0","10.6065","8.0","","","8.5","","9.3","91","","164","","14.06","10.73","10.56","","","","",""
"2023-01-23","2023023","7:31","31.0","10.6065","9.0","","","9.2","","9.3","91","","184","","14.25","10.76","10.70","","","","",""
"2023-01-23","2023023","7:31","31.0","10.6065","10.0","","","9.0","","9.3","91","","203","","14.42","10.79","10.83","","","","",""
"2023-01-23","2023023","7:31","31.0","10.6065","11.0","","","9.0","","9.3","91","","223","","14.54","10.80","10.93","","","","",""
"2023-01-23","2023023","7:22","32.0","8.1507","1.0","","","10.8","","9.2","89","","98","","12.67","10.31","9.53","","","","",""
"2023-01-23","2023023","7:22","32.0","8.1507","2.0","11.2","0.79","10.8","","9.2","89","100.5","104","","12.64","10.31","9.51","2.72","56.97","11.57","4.55","141.35"
"2023-01-23","2023023","7:22","32.0","8.1507","3.0","","","10.3","","9.2","89","","105","","12.90","10.33","9.71","","","","",""
"2023-01-23","2023023","7:22","32.0","8.1507","4.0","","","10.4","","9.2","90","","146","","13.21","10.38","9.95","","","","",""
"2023-01-23","2023023","7:22","32.0","8.1507","5.0","","","9.8","","9.2","90","","155","","13.26","10.39","9.99","","","","",""
"2023-01-23","2023023","7:22","32.0","8.1507","6.0","","","9.8","","9.2","90","","155","","13.33","10.40","10.04","","","","",""
"2023-01-23","2023023","7:22","32.0","8.1507","7.0","","","9.3","","9.2","90","","148","","13.41","10.41","10.10","","","","",""
"2023-01-23","2023023","7:22","32.0","8.1507","8.0","","","9.7","","9.2","90","","143","","13.50","10.41","10.17","","","","",""
"2023-01-23","2023023","7:22","32.0","8.1507","9.0","8.9","0.66","9.4","","9.2","90","","143","","13.82","10.43","10.41","","","","",""
"2023-01-23","2023023","7:13","33.0","6.8085","1.0","12.9","0.74","12.8","","9.1","88","151.0","148","","12.18","10.22","9.17","","","","",""
"2023-01-23","2023023","7:13","33.0","6.8085","2.0","","","12.1","","9.1","88","","166","","12.17","10.22","9.16","","","","",""
"2023-01-23","2023023","7:13","33.0","6.8085","3.0","","","12.0","","9.1","88","","168","","12.26","10.21","9.23","","","","",""
"2023-01-23","2023023","7:13","33.0","6.8085","4.0","","","11.5","","9.1","88","","191","","12.53","10.19","9.45","","","","",""
"2023-01-23","2023023","7:13","33.0","6.8085","5.0","","","11.4","","9.1","88","","214","","12.63","10.17","9.52","","","","",""
"2023-01-23","2023023","7:13","33.0","6.8085","6.0","","","11.0","","9.2","89","","203","","12.70","10.14","9.58","","","","",""
"2023-01-23","2023023","7:13","33.0","6.8085","7.0","","","10.9","","9.2","89","","200","","12.85","10.20","9.69","","","","",""
"2023-01-23","2023023","7:13","33.0","6.8085","8.0","","","11.2","","9.2","89","","249","","13.08","10.40","9.85","","","","",""
"2023-01-23","2023023","7:13","33.0","6.8085","9.0","","","11.8","","9.2","90","","284","","13.16","10.47","9.90","","","","",""
"2023-01-23","2023023","7:13","33.0","6.8085","10.0","","","11.8","","9.2","90","","301","","13.27","10.54","9.97","","","","",""
"2023-01-23","2023023","7:13","33.0","6.8085","11.0","","","12.2","","9.2","90","","330","","13.38","10.59","10.05","","","","",""
"2023-01-23","2023023","7:13","33.0","6.8085","12.0","","","11.7","","9.2","90","","363","","13.43","10.60","10.09","","","","",""
"2023-01-23","2023023","7:01","34.0","3.5290","1.0","","","13.8","","8.9","85","","299","","11.41","10.19","8.57","","","","",""
"2023-01-23","2023023","7:01","34.0","3.5290","2.0","14.3","0.56","14.2","","8.9","85","360.9","358","","11.53","10.16","8.67","3.08","66.33","11.92","4.87","153.46"
"2023-01-23","2023023","7:01","34.0","3.5290","3.0","","","14.4","","8.9","85","","365","","11.57","10.11","8.71","","","","",""
"2023-01-23","2023023","7:01","34.0","3.5290","4.0","","","14.1","","8.9","85","","366","","11.61","10.04","8.75","","","","",""
"2023-01-23","2023023","7:01","34.0","3.5290","5.0","","","14.0","","8.9","85","","343","","11.67","9.94","8.80","","","","",""
"2023-01-23","2023023","7:01","34.0","3.5290","6.0","","","13.6","","8.9","85","","335","","11.70","9.91","8.83","","","","",""
"2023-01-23","2023023","7:01","34.0","3.5290","7.0","","","13.8","","8.9","85","","335","","11.73","9.89","8.85","","","","",""
"2023-01-23","2023023","7:01","34.0","3.5290","8.0","","","13.7","","8.9","85","","345","","11.80","9.83","8.92","","","","",""
"2023-01-23","2023023","7:01","34.0","3.5290","9.0","12.9","0.58","13.4","","8.9","85","339.6","344","","11.93","9.72","9.04","","","","",""
"2023-01-23","2023023","14:34","649.0","132.9388","1.0","","","1.1","","8.9","77","","105","","0.02","8.50","","","","","",""
"2023-01-23","2023023","14:34","649.0","132.9388","2.0","1.1","0.45","1.1","","8.9","76","103.7","105","","0.02","8.50","","0.44","46.12","2.00","1.71","303.72"
"2023-01-23","2023023","14:34","649.0","132.9388","3.0","","","1.1","","8.7","75","","111","","0.02","8.49","","","","","",""
"2023-01-23","2023023","14:34","649.0","132.9388","4.0","","","1.1","","8.5","73","","119","","0.02","8.49","","","","","",""
"2023-01-23","2023023","14:34","649.0","132.9388","5.0","","","1.1","","8.4","72","","121","","0.02","8.50","","","","","",""
"2023-01-23","2023023","14:34","649.0","132.9388","6.0","","","1.1","","8.4","72","","115","","0.02","8.49","","","","","",""
"2023-01-23","2023023","14:34","649.0","132.9388","7.0","","","1.1","","8.5","73","","114","","0.02","8.49","","","","","",""
"2023-01-23","2023023","14:34","649.0","132.9388","8.0","","","1.1","","8.5","73","","118","","0.02","8.49","","","","","",""
"2023-01-23","2023023","14:34","649.0","132.9388","9.0","","","1.1","","8.5","73","","117","","0.02","8.49","","","","","",""
"2023-01-23","2023023","14:34","649.0","132.9388","10.0","","","1.1","","8.4","72","","116","","0.02","8.49","","","","","",""
"2023-01-23","2023023","14:34","649.0","132.9388","11.0","1.3","0.44","1.2","","8.4","72","111.8","116","","0.02","8.49","","","","","",""
"2023-01-23","2023023","15:13","657.0","147.2548","1.0","","","1.1","","8.9","76","","106","","0.02","8.37","","","","","",""
"2023-01-23","2023023","15:13","657.0","147.2548","2.0","1.2","0.42","1.1","","9.1","78","93.9","97","","0.02","8.37","","0.47","44.91","2.07","1.74","301.58"
"2023-01-23","2023023","15:13","657.0","147.2548","3.0","","","1.1","","9.2","78","","96","","0.02","8.37","","","","","",""
"2023-01-23","2023023","15:13","657.0","147.2548","4.0","","","1.1","","9.1","78","","95","","0.02","8.37","","","","","",""
"2023-01-23","2023023","15:13","657.0","147.2548","5.0","","","1.1","","9.0","77","","96","","0.02","8.36","","","","","",""
"2023-01-23","2023023","15:13","657.0","147.2548","6.0","","","1.1","","8.9","76","","93","","0.02","8.36","","","","","",""
"2023-01-23","2023023","15:13","657.0","147.2548","7.0","","","1.1","","8.8","75","","107","","0.02","8.35","","","","","",""
"2023-01-23","2023023","15:13","657.0","147.2548","8.0","","","1.1","","8.8","75","","111","","0.02","8.34","","","","","",""
"2023-01-23","2023023","15:13","657.0","147.2548","9.0","","","1.2","","8.7","74","","109","","0.02","8.34","","","","","",""
"2023-01-23","2023023","15:13","657.0","147.2548","10.0","1.4","0.41","1.2","","8.6","74","104.6","107","","0.02","8.33","","","","","",""
"2023-02-15","2023046","12:06","2.0","127.7053","1.0","","","1.5","","11.0","97","","49","3.40","0.22","9.74","","","","","",""
"2023-02-15","2023046","12:06","2.0","127.7053","2.0","","","1.7","","11.0","97","","45","","0.22","9.73","","","","","",""
"2023-02-15","2023046","12:06","2.0","127.7053","3.0","","","1.7","","11.0","97","","46","","0.22","9.70","","","","","",""
"2023-02-15","2023046","12:06","2.0","127.7053","4.0","","","1.7","","11.0","97","","47","","0.22","9.68","","","","","",""
"2023-02-15","2023046","12:06","2.0","127.7053","5.0","","","1.7","","11.0","97","","47","","0.22","9.67","","","","","",""
"2023-02-15","2023046","12:06","2.0","127.7053","6.0","","","1.7","","11.0","97","","49","","0.22","9.61","","","","","",""
"2023-02-15","2023046","12:06","2.0","127.7053","7.0","","","1.7","","11.0","97","","51","","0.22","9.57","","","","","",""
"2023-02-15","2023046","12:06","2.0","127.7053","8.0","","","1.6","","11.0","97","","51","","0.22","9.56","","","","","",""
"2023-02-15","2023046","12:06","2.0","127.7053","9.0","","","1.7","","11.0","97","","51","","0.22","9.57","","","","","",""
"2023-02-15","2023046","12:06","2.0","127.7053","10.0","","","1.7","","11.0","97","","53","","0.22","9.57","","","","","",""
"2023-02-15","2023046","12:16","3.0","125.3243","1.0","","","1.7","","10.9","97","","38","4.17","0.33","9.72","","","","","",""
"2023-02-15","2023046","12:16","3.0","125.3243","2.0","1.8","0.62","1.7","","10.9","97","35.0","39","","0.33","9.67","","0.76","54.90","4.64","2.36","322.94"
"2023-02-15","2023046","12:16","3.0","125.3243","3.0","","","1.7","","10.9","97","","40","","0.34","9.64","","","","","",""
"2023-02-15","2023046","12:16","3.0","125.3243","4.0","","","1.6","","11.0","97","","41","","0.35","9.63","0.01","","","","",""
"2023-02-15","2023046","12:16","3.0","125.3243","5.0","","","1.6","","11.0","97","","41","","0.36","9.63","0.02","","","","",""
"2023-02-15","2023046","12:16","3.0","125.3243","6.0","","","1.6","","11.0","97","","42","","0.37","9.64","0.02","","","","",""
"2023-02-15","2023046","12:16","3.0","125.3243","7.0","","","1.6","","11.0","97","","41","","0.38","9.64","0.03","","","","",""
"2023-02-15","2023046","12:16","3.0","125.3243","8.0","","","1.6","","11.0","97","","41","","0.39","9.64","0.04","","","","",""
"2023-02-15","2023046","12:16","3.0","125.3243","9.0","","","1.6","","11.0","97","","40","","0.40","9.63","0.05","","","","",""
"2023-02-15","2023046","12:16","3.0","125.3243","10.0","","","1.6","","10.9","97","","39","","0.41","9.62","0.06","","","","",""
"2023-02-15","2023046","12:16","3.0","125.3243","11.0","","","1.6","","10.9","97","","38","","0.44","9.60","0.08","","","","",""
"2023-02-15","2023046","12:16","3.0","125.3243","12.0","","","1.6","","10.9","96","","36","","0.47","9.58","0.11","","","","",""
"2023-02-15","2023046","12:16","3.0","125.3243","13.0","1.6","0.57","1.6","","10.9","96","36.8","36","","0.48","9.57","0.12","","","","",""
"2023-02-15","2023046","12:31","4.0","119.8957","1.0","","","1.7","","11.0","98","","46","3.35","0.90","9.73","0.43","","","","",""
"2023-02-15","2023046","12:31","4.0","119.8957","2.0","","","1.7","","11.0","98","","46","","0.89","9.71","0.43","","","","",""
"2023-02-15","2023046","12:31","4.0","119.8957","3.0","","","1.8","","11.0","98","","47","","0.90","9.63","0.44","","","","",""
"2023-02-15","2023046","12:31","4.0","119.8957","4.0","","","1.8","","11.0","98","","47","","0.92","9.61","0.46","","","","",""
"2023-02-15","2023046","12:31","4.0","119.8957","5.0","","","1.8","","11.0","97","","48","","0.94","9.63","0.47","","","","",""
"2023-02-15","2023046","12:31","4.0","119.8957","6.0","","","1.9","","11.0","97","","49","","0.99","9.60","0.51","","","","",""
"2023-02-15","2023046","12:31","4.0","119.8957","7.0","","","1.9","","11.0","97","","48","","1.18","9.53","0.67","","","","",""
"2023-02-15","2023046","12:31","4.0","119.8957","8.0","","","1.8","","10.9","97","","45","","1.42","9.54","0.86","","","","",""
"2023-02-15","2023046","12:31","4.0","119.8957","9.0","","","1.6","","10.8","96","","37","","1.75","9.64","1.10","","","","",""
"2023-02-15","2023046","12:31","4.0","119.8957","10.0","","","1.5","","10.8","96","","36","","1.93","9.65","1.25","","","","",""
"2023-02-15","2023046","12:31","4.0","119.8957","11.0","","","1.5","","10.8","96","","36","","2.02","9.66","1.32","","","","",""
"2023-02-15","2023046","12:31","4.0","119.8957","12.0","","","1.6","","10.8","96","","39","","2.18","9.69","1.44","","","","",""
"2023-02-15","2023046","12:31","4.0","119.8957","13.0","","","1.5","","10.8","96","","42","","2.20","9.70","1.46","","","","",""
"2023-02-15","2023046","12:31","4.0","119.8957","14.0","","","1.6","","10.8","96","","42","","2.22","9.70","1.47","","","","",""
"2023-02-15","2023046","12:31","4.0","119.8957","15.0","","","1.6","","10.8","96","","45","","2.24","9.71","1.49","","","","",""
"2023-02-15","2023046","12:31","4.0","119.8957","16.0","","","1.6","","10.7","96","","46","","2.26","9.71","1.50","","","","",""
"2023-02-15","2023046","12:31","4.0","119.8957","17.0","","","1.6","","10.7","96","","50","","2.25","9.71","1.49","","","","",""
"2023-02-15","2023046","12:45","5.0","115.6252","1.0","","","1.6","","10.9","98","","45","3.55","1.46","9.81","0.87","","","","",""
"2023-02-15","2023046","12:45","5.0","115.6252","2.0","","","1.7","","10.9","97","","45","","1.68","9.70","1.04","","","","",""
"2023-02-15","2023046","12:45","5.0","115.6252","3.0","","","1.7","","10.9","97","","44","","1.73","9.68","1.09","","","","",""
"2023-02-15","2023046","12:45","5.0","115.6252","4.0","","","1.6","","10.7","97","","41","","2.83","9.72","1.95","","","","",""
"2023-02-15","2023046","12:45","5.0","115.6252","5.0","","","1.4","","10.6","96","","30","","3.67","9.78","2.60","","","","",""
"2023-02-15","2023046","12:45","5.0","115.6252","6.0","","","1.3","","10.6","96","","27","","4.05","9.83","2.89","","","","",""
"2023-02-15","2023046","12:45","5.0","115.6252","7.0","","","1.3","","10.6","96","","26","","4.19","9.86","2.99","","","","",""
"2023-02-15","2023046","12:45","5.0","115.6252","8.0","","","1.2","","10.5","96","","26","","4.43","9.93","3.17","","","","",""
"2023-02-15","2023046","12:45","5.0","115.6252","9.0","","","1.3","","10.5","96","","27","","4.68","10.04","3.36","","","","",""
"2023-02-15","2023046","12:45","5.0","115.6252","10.0","","","1.3","","10.4","95","","31","","5.07","10.10","3.65","","","","",""
"2023-02-15","2023046","12:45","5.0","115.6252","11.0","","","1.3","","10.4","96","","39","","5.19","10.11","3.75","","","","",""
"2023-02-15","2023046","12:59","6.0","110.8977","1.0","","","1.3","","10.9","98","","40","3.69","2.45","9.84","1.64","","","","",""
"2023-02-15","2023046","12:59","6.0","110.8977","2.0","1.0","0.45","1.3","","10.9","98","40.4","40","","2.47","9.81","1.66","0.96","55.62","7.07","2.44","283.06"
"2023-02-15","2023046","12:59","6.0","110.8977","3.0","","","1.3","","10.9","97","","39","","2.49","9.80","1.67","","","","",""
"2023-02-15","2023046","12:59","6.0","110.8977","4.0","","","1.2","","10.7","97","","38","","3.43","9.81","2.41","","","","",""
"2023-02-15","2023046","12:59","6.0","110.8977","5.0","","","1.3","","10.6","96","","43","","4.25","9.86","3.04","","","","",""
"2023-02-15","2023046","12:59","6.0","110.8977","6.0","","","1.3","","10.4","96","","59","","5.43","10.01","3.94","","","","",""
"2023-02-15","2023046","12:59","6.0","110.8977","7.0","","","1.4","","10.4","96","","71","","5.52","10.02","4.01","","","","",""
"2023-02-15","2023046","12:59","6.0","110.8977","8.0","","","1.4","","10.3","95","","69","","5.84","10.07","4.26","","","","",""
"2023-02-15","2023046","12:59","6.0","110.8977","9.0","","","1.4","","10.2","95","","68","","7.15","10.26","5.26","","","","",""
"2023-02-15","2023046","12:59","6.0","110.8977","10.0","","","1.4","","10.0","95","","72","","7.88","10.38","5.81","","","","",""
"2023-02-15","2023046","12:59","6.0","110.8977","11.0","1.3","0.34","1.5","","10.0","94","83.0","80","","8.11","10.41","5.99","","","","",""
"2023-02-15","2023046","13:17","7.0","104.9810","1.0","","","1.2","","10.4","96","","20","2.75","5.44","10.34","3.92","","","","",""
"2023-02-15","2023046","13:17","7.0","104.9810","2.0","1.4","0.65","1.1","","10.2","96","26.3","21","","7.31","10.22","5.39","","","","",""
"2023-02-15","2023046","13:17","7.0","104.9810","3.0","","","1.0","","10.1","95","","20","","8.46","10.35","6.27","","","","",""
"2023-02-15","2023046","13:17","7.0","104.9810","4.0","","","1.0","","10.0","95","","20","","8.99","10.42","6.67","","","","",""
"2023-02-15","2023046","13:17","7.0","104.9810","5.0","","","1.1","","10.0","95","","20","","9.23","10.44","6.85","","","","",""
"2023-02-15","2023046","13:17","7.0","104.9810","6.0","","","1.1","","9.9","95","","21","","9.35","10.46","6.95","","","","",""
"2023-02-15","2023046","13:17","7.0","104.9810","7.0","","","1.1","","9.9","95","","25","","9.47","10.47","7.04","","","","",""
"2023-02-15","2023046","13:17","7.0","104.9810","8.0","","","1.1","","9.9","95","","26","","9.54","10.48","7.08","","","","",""
"2023-02-15","2023046","13:17","7.0","104.9810","9.0","","","1.1","","9.9","94","","30","","9.72","10.51","7.23","","","","",""
"2023-02-15","2023046","13:17","7.0","104.9810","10.0","","","1.1","","9.9","94","","29","","9.79","10.52","7.27","","","","",""
"2023-02-15","2023046","13:17","7.0","104.9810","11.0","","","1.1","","9.9","94","","30","","9.96","10.54","7.41","","","","",""
"2023-02-15","2023046","13:17","7.0","104.9810","12.0","","","1.0","","9.8","94","","33","","10.34","10.59","7.69","","","","",""
"2023-02-15","2023046","13:33","8.0","99.7699","1.0","","","1.9","","10.3","97","","27","2.62","7.08","10.66","5.16","","","","",""
"2023-02-15","2023046","13:33","8.0","99.7699","2.0","","","1.4","","10.2","96","31.5","28","","7.55","10.65","5.52","","","","",""
"2023-02-15","2023046","13:33","8.0","99.7699","3.0","","","1.4","","10.1","96","","28","","8.14","10.59","5.99","","","","",""
"2023-02-15","2023046","13:33","8.0","99.7699","4.0","","","1.3","","10.0","95","","28","","8.76","10.57","6.47","","","","",""
"2023-02-15","2023046","13:33","8.0","99.7699","5.0","","","1.4","","10.0","95","","35","","9.46","10.60","7.01","","","","",""
"2023-02-15","2023046","13:33","8.0","99.7699","6.0","","","1.4","","9.9","95","","37","","9.89","10.61","7.34","","","","",""
"2023-02-15","2023046","13:33","8.0","99.7699","7.0","","","1.5","","9.8","95","","42","","10.81","10.66","8.05","","","","",""
"2023-02-15","2023046","13:33","8.0","99.7699","8.0","","","1.4","","9.8","94","","39","","11.10","10.67","8.27","","","","",""
"2023-02-15","2023046","13:33","8.0","99.7699","9.0","","","1.4","","9.7","94","","36","","11.18","10.68","8.34","","","","",""
"2023-02-15","2023046","13:33","8.0","99.7699","10.0","","","1.4","","9.7","94","","36","","11.30","10.68","8.43","","","","",""
"2023-02-15","2023046","13:33","8.0","99.7699","11.0","","","1.4","","9.7","94","","35","","11.32","10.68","8.45","","","","",""
"2023-02-15","2023046","13:33","8.0","99.7699","12.0","","","1.3","","9.7","94","","29","","11.20","10.67","8.35","","","","",""
"2023-02-15","2023046","13:33","8.0","99.7699","13.0","","","1.3","","9.7","94","","29","","11.33","10.68","8.45","","","","",""
"2023-02-15","2023046","13:33","8.0","99.7699","14.0","","","1.4","","9.7","94","","29","","11.18","10.67","8.34","","","","",""
"2023-02-15","2023046","13:33","8.0","99.7699","15.0","","","1.3","","9.7","94","","29","","11.12","10.67","8.29","","","","",""
"2023-02-15","2023046","13:33","8.0","99.7699","16.0","","","1.3","","9.7","94","","28","","11.08","10.66","8.26","","","","",""
"2023-02-15","2023046","13:33","8.0","99.7699","17.0","","","1.3","","9.8","94","","27","","11.08","10.66","8.26","","","","",""
"2023-02-15","2023046","13:33","8.0","99.7699","18.0","","","1.3","","9.8","94","","28","","11.08","10.67","8.26","","","","",""
"2023-02-15","2023046","13:33","8.0","99.7699","19.0","","","1.3","","9.7","94","","30","","11.12","10.67","8.29","","","","",""
"2023-02-15","2023046","13:33","8.0","99.7699","20.0","","","1.6","","9.8","94","","43","","11.13","10.67","8.30","","","","",""
"2023-02-15","2023046","13:46","9.0","96.7889","1.0","","","2.9","","9.8","94","","45","4.08","10.05","10.75","7.45","","","","",""
"2023-02-15","2023046","13:46","9.0","96.7889","2.0","3.1","0.71","3.0","","9.8","94","45.2","48","","10.47","10.73","7.78","0.99","45.19","8.50","2.54","207.22"
"2023-02-15","2023046","13:46","9.0","96.7889","3.0","","","2.9","","9.8","94","","55","","10.62","10.74","7.89","","","","",""
"2023-02-15","2023046","13:46","9.0","96.7889","4.0","","","2.7","","9.8","95","","53","","10.64","10.74","7.91","","","","",""
"2023-02-15","2023046","13:46","9.0","96.7889","5.0","","","2.8","","9.7","94","","53","","11.27","10.76","8.40","","","","",""
"2023-02-15","2023046","13:46","9.0","96.7889","6.0","","","2.8","","9.7","94","","56","","11.37","10.77","8.47","","","","",""
"2023-02-15","2023046","13:46","9.0","96.7889","7.0","","","2.9","","9.7","94","","55","","11.90","10.79","8.88","","","","",""
"2023-02-15","2023046","13:46","9.0","96.7889","8.0","","","2.8","","9.7","94","","62","","12.12","10.79","9.05","","","","",""
"2023-02-15","2023046","13:46","9.0","96.7889","9.0","","","2.9","","9.7","94","","63","","12.10","10.79","9.03","","","","",""
"2023-02-15","2023046","13:46","9.0","96.7889","10.0","","","2.7","","9.6","94","","63","","12.26","10.80","9.15","","","","",""
"2023-02-15","2023046","13:46","9.0","96.7889","11.0","","","2.8","","9.6","94","","64","","12.27","10.80","9.17","","","","",""
"2023-02-15","2023046","13:46","9.0","96.7889","12.0","","","2.7","","9.6","94","","64","","12.25","10.80","9.15","","","","",""
"2023-02-15","2023046","13:46","9.0","96.7889","13.0","","","2.8","","9.6","94","","64","","12.25","10.80","9.15","","","","",""
"2023-02-15","2023046","13:46","9.0","96.7889","14.0","","","2.7","","9.6","94","","64","","12.29","10.81","9.18","","","","",""
"2023-02-15","2023046","13:46","9.0","96.7889","15.0","","","2.8","","9.6","94","","67","","12.36","10.81","9.23","","","","",""
"2023-02-15","2023046","13:46","9.0","96.7889","16.0","","","2.8","","9.6","94","","67","","12.30","10.81","9.19","","","","",""
"2023-02-15","2023046","13:46","9.0","96.7889","17.0","","","2.8","","9.6","94","","73","","12.35","10.81","9.22","","","","",""
"2023-02-15","2023046","13:46","9.0","96.7889","18.0","","","2.8","","9.6","94","","72","","12.46","10.82","9.31","","","","",""
"2023-02-15","2023046","13:46","9.0","96.7889","19.0","","","2.8","","9.6","94","","73","","12.46","10.82","9.31","","","","",""
"2023-02-15","2023046","13:46","9.0","96.7889","20.0","","","2.8","","9.6","94","","75","","12.56","10.83","9.38","","","","",""
"2023-02-15","2023046","13:46","9.0","96.7889","21.0","","","2.9","","9.6","94","","75","","12.52","10.82","9.36","","","","",""
"2023-02-15","2023046","13:46","9.0","96.7889","22.0","","","2.8","","9.6","94","","77","","12.49","10.82","9.33","","","","",""
"2023-02-15","2023046","13:46","9.0","96.7889","23.0","","","2.9","","9.6","94","","90","","12.63","10.83","9.44","","","","",""
"2023-02-15","2023046","13:46","9.0","96.7889","24.0","","","2.8","","9.6","94","","104","","12.67","10.83","9.47","","","","",""
"2023-02-15","2023046","13:46","9.0","96.7889","25.0","","","2.8","","9.6","94","","108","","12.77","10.84","9.54","","","","",""
"2023-02-15","2023046","13:46","9.0","96.7889","26.0","","","2.9","","9.6","94","","128","","12.78","10.84","9.56","","","","",""
"2023-02-15","2023046","13:46","9.0","96.7889","27.0","","","3.0","","9.6","94","","145","","12.87","10.84","9.63","","","","",""
"2023-02-15","2023046","13:55","10.0","93.5951","1.0","","","1.9","","9.8","95","","67","4.19","10.92","10.81","8.12","","","","",""
"2023-02-15","2023046","13:55","10.0","93.5951","2.0","","","1.9","","9.8","95","","73","","11.15","10.80","8.29","","","","",""
"2023-02-15","2023046","13:55","10.0","93.5951","3.0","","","2.0","","9.8","95","","78","","11.51","10.80","8.58","","","","",""
"2023-02-15","2023046","13:55","10.0","93.5951","4.0","","","2.1","","9.7","95","","84","","12.09","10.81","9.03","","","","",""
"2023-02-15","2023046","13:55","10.0","93.5951","5.0","","","2.2","","9.6","94","","94","","13.06","10.83","9.77","","","","",""
"2023-02-15","2023046","13:55","10.0","93.5951","6.0","","","2.3","","9.5","94","","100","","14.02","10.86","10.51","","","","",""
"2023-02-15","2023046","13:55","10.0","93.5951","7.0","","","2.2","","9.4","93","","104","","15.01","10.90","11.28","","","","",""
"2023-02-15","2023046","13:55","10.0","93.5951","8.0","","","2.2","","9.3","93","","111","","15.52","10.92","11.67","","","","",""
"2023-02-15","2023046","13:55","10.0","93.5951","9.0","","","2.5","","9.3","93","","119","","16.01","10.93","12.04","","","","",""
"2023-02-15","2023046","13:55","10.0","93.5951","10.0","","","2.6","","9.2","93","","131","","16.21","10.94","12.20","","","","",""
"2023-02-15","2023046","13:55","10.0","93.5951","11.0","","","2.6","","9.2","93","","138","","16.32","10.94","12.28","","","","",""
"2023-02-15","2023046","13:55","10.0","93.5951","12.0","","","2.6","","9.2","93","","138","","16.51","10.95","12.43","","","","",""
"2023-02-15","2023046","13:55","10.0","93.5951","13.0","","","2.9","","9.2","93","","151","","16.93","10.96","12.75","","","","",""
"2023-02-15","2023046","13:55","10.0","93.5951","14.0","","","2.8","","9.2","93","","159","","17.02","10.96","12.82","","","","",""
"2023-02-15","2023046","13:55","10.0","93.5951","15.0","","","2.9","","9.2","93","","160","","17.07","10.97","12.86","","","","",""
"2023-02-15","2023046","13:55","10.0","93.5951","16.0","","","2.9","","9.1","93","","168","","17.51","10.98","13.20","","","","",""
"2023-02-15","2023046","13:55","10.0","93.5951","17.0","","","2.9","","9.1","92","","177","","17.75","10.98","13.39","","","","",""
"2023-02-15","2023046","14:08","11.0","89.7672","1.0","","","1.5","","9.6","95","","67","3.56","13.80","10.95","10.33","","","","",""
"2023-02-15","2023046","14:08","11.0","89.7672","2.0","","","1.6","","9.6","95","","70","","13.87","10.93","10.38","","","","",""
"2023-02-15","2023046","14:08","11.0","89.7672","3.0","","","1.7","","9.5","94","","75","","13.92","10.92","10.43","","","","",""
"2023-02-15","2023046","14:08","11.0","89.7672","4.0","","","1.7","","9.5","94","","76","","14.11","10.87","10.58","","","","",""
"2023-02-15","2023046","14:08","11.0","89.7672","5.0","","","1.7","","9.5","94","","79","","14.16","10.86","10.62","","","","",""
"2023-02-15","2023046","14:08","11.0","89.7672","6.0","","","1.7","","9.5","94","","79","","14.20","10.85","10.65","","","","",""
"2023-02-15","2023046","14:08","11.0","89.7672","7.0","","","1.7","","9.5","94","","79","","14.17","10.85","10.63","","","","",""
"2023-02-15","2023046","14:08","11.0","89.7672","8.0","","","1.7","","9.5","94","","77","","14.24","10.85","10.69","","","","",""
"2023-02-15","2023046","14:08","11.0","89.7672","9.0","","","1.8","","9.5","94","","79","","14.20","10.87","10.65","","","","",""
"2023-02-15","2023046","14:08","11.0","89.7672","10.0","","","1.8","","9.5","94","","85","","14.64","10.89","10.99","","","","",""
"2023-02-15","2023046","14:08","11.0","89.7672","11.0","","","1.9","","9.4","94","","93","","14.87","10.88","11.17","","","","",""
"2023-02-15","2023046","14:08","11.0","89.7672","12.0","","","1.9","","9.4","94","","99","","15.43","10.89","11.60","","","","",""
"2023-02-15","2023046","14:08","11.0","89.7672","13.0","","","2.1","","9.3","94","","108","","15.73","10.89","11.83","","","","",""
"2023-02-15","2023046","14:08","11.0","89.7672","14.0","","","2.2","","9.3","93","","116","","16.16","10.89","12.16","","","","",""
"2023-02-15","2023046","14:08","11.0","89.7672","15.0","","","2.3","","9.2","93","","127","","16.94","10.91","12.77","","","","",""
"2023-02-15","2023046","14:08","11.0","89.7672","16.0","","","2.4","","9.2","93","","142","","17.42","10.93","13.14","","","","",""
"2023-02-15","2023046","14:08","11.0","89.7672","17.0","","","2.6","","9.2","93","","150","","17.57","10.94","13.25","","","","",""
"2023-02-15","2023046","14:08","11.0","89.7672","18.0","","","2.6","","9.2","93","","154","","17.60","10.94","13.28","","","","",""
"2023-02-15","2023046","14:08","11.0","89.7672","19.0","","","2.6","","9.1","93","","158","","17.73","10.94","13.38","","","","",""
"2023-02-15","2023046","14:08","11.0","89.7672","20.0","","","2.6","","9.1","93","","165","","17.81","10.95","13.44","","","","",""
"2023-02-15","2023046","14:19","12.0","84.4458","1.0","","","1.8","","9.4","94","","77","4.29","15.36","10.92","11.55","","","","",""
"2023-02-15","2023046","14:19","12.0","84.4458","2.0","","","1.7","","9.4","94","","84","","15.63","10.91","11.75","","","","",""
"2023-02-15","2023046","14:19","12.0","84.4458","3.0","","","2.0","","9.3","94","","98","","16.40","10.90","12.35","","","","",""
"2023-02-15","2023046","14:19","12.0","84.4458","4.0","","","2.3","","9.3","93","","124","","16.66","10.90","12.55","","","","",""
"2023-02-15","2023046","14:19","12.0","84.4458","5.0","","","2.5","","9.2","93","","136","","16.93","10.90","12.76","","","","",""
"2023-02-15","2023046","14:19","12.0","84.4458","6.0","","","2.7","","9.2","93","","155","","17.21","10.91","12.98","","","","",""
"2023-02-15","2023046","14:19","12.0","84.4458","7.0","","","2.7","","9.2","93","","165","","17.33","10.91","13.07","","","","",""
"2023-02-15","2023046","14:19","12.0","84.4458","8.0","","","2.8","","9.2","93","","177","","17.54","10.91","13.23","","","","",""
"2023-02-15","2023046","14:34","13.0","78.5444","1.0","","","2.0","","9.0","93","","108","6.90","19.57","11.02","14.79","","","","",""
"2023-02-15","2023046","14:34","13.0","78.5444","2.0","2.1","0.40","2.0","","9.0","93","115.9","116","","19.75","11.02","14.93","0.51","22.56","4.07","1.63","71.57"
"2023-02-15","2023046","14:34","13.0","78.5444","3.0","","","2.3","","9.0","92","","166","","20.00","11.02","15.13","","","","",""
"2023-02-15","2023046","14:34","13.0","78.5444","4.0","","","2.5","","8.9","93","","177","","20.32","11.03","15.37","","","","",""
"2023-02-15","2023046","14:34","13.0","78.5444","5.0","","","2.6","","8.9","92","","184","","20.53","11.04","15.53","","","","",""
"2023-02-15","2023046","14:34","13.0","78.5444","6.0","","","2.6","","8.9","92","","185","","20.60","11.04","15.58","","","","",""
"2023-02-15","2023046","14:34","13.0","78.5444","7.0","","","2.7","","8.9","92","","189","","20.68","11.04","15.65","","","","",""
"2023-02-15","2023046","14:34","13.0","78.5444","8.0","2.9","0.33","3.0","","8.9","92","200.1","205","","20.79","11.05","15.73","","","","",""
"2023-02-15","2023046","14:46","14.0","74.4288","1.0","","","2.4","","9.6","96","","36","2.42","15.47","10.74","11.66","","","","",""
"2023-02-15","2023046","14:46","14.0","74.4288","2.0","","","2.4","","9.5","95","","40","","16.21","10.75","12.22","","","","",""
"2023-02-15","2023046","14:46","14.0","74.4288","3.0","","","2.4","","9.2","94","","44","","19.10","10.94","14.44","","","","",""
"2023-02-15","2023046","14:46","14.0","74.4288","4.0","","","2.4","","9.0","93","","51","","21.15","11.13","16.00","","","","",""
"2023-02-15","2023046","14:46","14.0","74.4288","5.0","","","2.3","","8.9","93","","53","","21.85","11.16","16.53","","","","",""
"2023-02-15","2023046","14:46","14.0","74.4288","6.0","","","2.3","","8.8","93","","55","","22.33","11.17","16.90","","","","",""
"2023-02-15","2023046","14:46","14.0","74.4288","7.0","","","2.4","","8.8","92","","61","","22.63","11.18","17.13","","","","",""
"2023-02-15","2023046","14:46","14.0","74.4288","8.0","","","2.4","","8.8","92","","66","","22.84","11.19","17.30","","","","",""
"2023-02-15","2023046","14:46","14.0","74.4288","9.0","","","2.4","","8.7","92","","74","","23.02","11.20","17.43","","","","",""
"2023-02-15","2023046","14:46","14.0","74.4288","10.0","","","2.4","","8.7","92","","81","","23.12","11.20","17.51","","","","",""
"2023-02-15","2023046","14:46","14.0","74.4288","11.0","","","2.5","","8.7","92","","89","","23.23","11.21","17.59","","","","",""
"2023-02-15","2023046","14:46","14.0","74.4288","12.0","","","2.5","","8.7","92","","101","","23.47","11.22","17.78","","","","",""
"2023-02-15","2023046","14:46","14.0","74.4288","13.0","","","2.7","","8.7","92","","127","","23.58","11.23","17.87","","","","",""
"2023-02-15","2023046","14:46","14.0","74.4288","14.0","","","2.7","","8.7","92","","138","","23.59","11.23","17.87","","","","",""
"2023-02-15","2023046","14:58","15.0","69.9895","1.0","","","2.6","","9.4","95","","55","3.20","17.70","10.86","13.36","","","","",""
"2023-02-15","2023046","14:58","15.0","69.9895","2.0","2.5","0.57","2.6","","9.4","95","59.0","63","","17.72","10.84","13.38","0.77","35.27","5.35","2.33","131.38"
"2023-02-15","2023046","14:58","15.0","69.9895","3.0","","","2.6","","9.4","95","","74","","17.79","10.85","13.44","","","","",""
"2023-02-15","2023046","14:58","15.0","69.9895","4.0","","","2.6","","9.4","95","","77","","17.84","10.87","13.47","","","","",""
"2023-02-15","2023046","14:58","15.0","69.9895","5.0","","","2.6","","9.4","95","","76","","17.97","10.88","13.57","","","","",""
"2023-02-15","2023046","14:58","15.0","69.9895","6.0","","","2.6","","9.2","95","","79","","18.91","10.92","14.29","","","","",""
"2023-02-15","2023046","14:58","15.0","69.9895","7.0","","","2.6","","9.2","94","","84","","19.46","10.93","14.72","","","","",""
"2023-02-15","2023046","14:58","15.0","69.9895","8.0","","","2.6","","9.2","94","","87","","19.58","10.93","14.81","","","","",""
"2023-02-15","2023046","14:58","15.0","69.9895","9.0","","","2.6","","9.1","94","","87","","19.70","10.93","14.91","","","","",""
"2023-02-15","2023046","14:58","15.0","69.9895","10.0","","","2.6","","9.1","94","","87","","19.89","10.94","15.05","","","","",""
"2023-02-15","2023046","14:58","15.0","69.9895","11.0","","","2.6","","9.1","93","","87","","20.12","10.95","15.23","","","","",""
"2023-02-15","2023046","14:58","15.0","69.9895","12.0","","","2.5","","8.9","93","","84","","21.40","11.02","16.21","","","","",""
"2023-02-15","2023046","14:58","15.0","69.9895","13.0","","","2.4","","8.9","93","","67","","22.20","11.06","16.82","","","","",""
"2023-02-15","2023046","14:58","15.0","69.9895","14.0","","","2.3","","8.8","93","","50","","22.47","11.08","17.02","","","","",""
"2023-02-15","2023046","14:58","15.0","69.9895","15.0","","","2.4","","8.8","92","","52","","23.02","11.12","17.45","","","","",""
"2023-02-15","2023046","14:58","15.0","69.9895","16.0","","","2.4","","8.7","92","","69","","23.66","11.19","17.93","","","","",""
"2023-02-15","2023046","14:58","15.0","69.9895","17.0","","","2.4","","8.6","92","","92","","24.27","11.26","18.40","","","","",""
"2023-02-15","2023046","14:58","15.0","69.9895","18.0","","","2.4","","8.6","92","","99","","24.52","11.28","18.59","","","","",""
"2023-02-15","2023046","14:58","15.0","69.9895","19.0","","","2.5","","8.5","91","","116","","24.80","11.31","18.80","","","","",""
"2023-02-15","2023046","14:58","15.0","69.9895","20.0","","","2.5","","8.5","91","","124","","24.81","11.32","18.81","","","","",""
"2023-02-15","2023046","14:58","15.0","69.9895","21.0","","","2.5","","8.5","91","","123","","24.82","11.32","18.81","","","","",""
"2023-02-15","2023046","14:58","15.0","69.9895","22.0","","","2.5","","8.5","91","","132","","24.87","11.32","18.85","","","","",""
"2023-02-15","2023046","14:58","15.0","69.9895","23.0","2.6","0.32","2.5","","8.5","91","162.5","155","","24.85","11.32","18.84","","","","",""
"2023-02-15","2023046","15:14","16.0","63.0794","1.0","","","2.3","","9.5","96","","22","2.11","17.93","10.73","13.56","","","","",""
"2023-02-15","2023046","15:14","16.0","63.0794","2.0","","","2.4","","9.4","95","","30","","18.32","10.72","13.87","","","","",""
"2023-02-15","2023046","15:14","16.0","63.0794","3.0","","","2.4","","9.3","95","","36","","19.68","10.80","14.90","","","","",""
"2023-02-15","2023046","15:14","16.0","63.0794","4.0","","","2.4","","9.2","95","","42","","20.06","10.83","15.20","","","","",""
"2023-02-15","2023046","15:14","16.0","63.0794","5.0","","","2.4","","9.1","94","","43","","20.84","10.89","15.79","","","","",""
"2023-02-15","2023046","15:14","16.0","63.0794","6.0","","","2.4","","9.0","94","","46","","21.55","10.94","16.34","","","","",""
"2023-02-15","2023046","15:14","16.0","63.0794","7.0","","","2.4","","9.0","94","","46","","22.00","10.98","16.68","","","","",""
"2023-02-15","2023046","15:14","16.0","63.0794","8.0","","","2.4","","8.9","94","","53","","22.31","11.00","16.91","","","","",""
"2023-02-15","2023046","15:14","16.0","63.0794","9.0","","","2.5","","8.9","94","","63","","22.43","11.01","17.00","","","","",""
"2023-02-15","2023046","15:14","16.0","63.0794","10.0","","","2.5","","8.9","94","","66","","22.47","11.01","17.04","","","","",""
"2023-02-15","2023046","15:14","16.0","63.0794","11.0","","","2.5","","8.9","93","","69","","22.56","11.00","17.11","","","","",""
"2023-02-15","2023046","15:14","16.0","63.0794","12.0","","","2.5","","8.9","94","","70","","22.58","11.00","17.12","","","","",""
"2023-02-15","2023046","15:26","17.0","58.8909","1.0","","","2.3","","9.4","96","","19","1.65","19.55","10.82","14.80","","","","",""
"2023-02-15","2023046","15:26","17.0","58.8909","2.0","2.1","0.69","2.3","","9.4","96","","22","","19.73","10.78","14.95","","","","",""
"2023-02-15","2023046","15:26","17.0","58.8909","3.0","","","2.3","","9.3","95","","25","","20.01","10.77","15.17","","","","",""
"2023-02-15","2023046","15:26","17.0","58.8909","4.0","","","2.3","","9.2","95","","27","","20.90","10.79","15.85","","","","",""
"2023-02-15","2023046","15:26","17.0","58.8909","5.0","","","2.3","","9.1","95","","29","","21.57","10.83","16.37","","","","",""
"2023-02-15","2023046","15:26","17.0","58.8909","6.0","","","2.3","","9.1","95","","30","","21.91","10.84","16.63","","","","",""
"2023-02-15","2023046","15:26","17.0","58.8909","7.0","","","2.3","","9.0","94","","32","","22.27","10.88","16.91","","","","",""
"2023-02-15","2023046","15:26","17.0","58.8909","8.0","","","2.3","","9.0","94","","33","","22.73","10.93","17.26","","","","",""
"2023-02-15","2023046","15:26","17.0","58.8909","9.0","","","2.3","","8.9","94","","32","","22.97","10.95","17.43","","","","",""
"2023-02-15","2023046","15:26","17.0","58.8909","10.0","","","2.2","","8.9","94","","34","","23.31","10.98","17.70","","","","",""
"2023-02-15","2023046","15:40","18.0","54.9481","1.0","","","2.1","","8.7","93","","18","1.45","25.41","11.23","19.28","","","","",""
"2023-02-15","2023046","15:40","18.0","54.9481","2.0","2.2","0.67","2.2","","8.6","93","15.7","18","","25.79","11.19","19.59","0.61","24.35","2.86","1.91","66.58"
"2023-02-15","2023046","15:40","18.0","54.9481","3.0","","","2.2","","8.6","92","","21","","25.86","11.19","19.64","","","","",""
"2023-02-15","2023046","15:40","18.0","54.9481","4.0","","","2.2","","8.6","92","","22","","25.87","11.19","19.65","","","","",""
"2023-02-15","2023046","15:40","18.0","54.9481","5.0","","","2.2","","8.6","92","","23","","25.97","11.20","19.73","","","","",""
"2023-02-15","2023046","15:40","18.0","54.9481","6.0","","","2.2","","8.6","92","","26","","26.01","11.20","19.75","","","","",""
"2023-02-15","2023046","15:40","18.0","54.9481","7.0","","","2.2","","8.5","92","","28","","26.32","11.23","19.99","","","","",""
"2023-02-15","2023046","15:40","18.0","54.9481","8.0","","","2.2","","8.5","92","","34","","26.43","11.23","20.08","","","","",""
"2023-02-15","2023046","15:40","18.0","54.9481","9.0","","","2.2","","8.5","92","","34","","26.41","11.23","20.06","","","","",""
"2023-02-15","2023046","15:40","18.0","54.9481","10.0","","","2.2","","8.5","91","","36","","26.52","11.24","20.14","","","","",""
"2023-02-15","2023046","15:40","18.0","54.9481","11.0","","","2.2","","8.4","91","","38","","26.62","11.26","20.22","","","","",""
"2023-02-15","2023046","15:40","18.0","54.9481","12.0","","","2.2","","8.4","91","","39","","26.91","11.29","20.44","","","","",""
"2023-02-15","2023046","15:40","18.0","54.9481","13.0","","","2.2","","8.4","91","","42","","27.23","11.32","20.68","","","","",""
"2023-02-15","2023046","15:40","18.0","54.9481","14.0","","","2.2","","8.4","91","","42","","27.27","11.33","20.71","","","","",""
"2023-02-15","2023046","15:40","18.0","54.9481","15.0","","","2.2","","8.4","91","","43","","27.27","11.33","20.71","","","","",""
"2023-02-15","2023046","15:40","18.0","54.9481","16.0","","","2.2","","8.3","91","","42","","27.38","11.33","20.79","","","","",""
"2023-02-15","2023046","15:40","18.0","54.9481","17.0","","","2.2","","8.3","91","","44","","27.46","11.34","20.86","","","","",""
"2023-02-15","2023046","15:40","18.0","54.9481","18.0","","","2.2","","8.3","90","","44","","27.53","11.34","20.91","","","","",""
"2023-02-15","2023046","15:40","18.0","54.9481","19.0","","","2.2","","8.3","90","","44","","27.56","11.33","20.93","","","","",""
"2023-02-15","2023046","15:40","18.0","54.9481","20.0","","","2.2","","8.3","90","","44","","27.54","11.33","20.92","","","","",""
"2023-02-15","2023046","15:40","18.0","54.9481","21.0","","","2.2","","8.3","90","","42","","27.56","11.34","20.94","","","","",""
"2023-02-15","2023046","15:40","18.0","54.9481","22.0","","","2.2","","8.3","90","","43","","27.57","11.34","20.94","","","","",""
"2023-02-15","2023046","15:40","18.0","54.9481","23.0","","","2.2","","8.3","90","","44","","27.56","11.34","20.93","","","","",""
"2023-02-15","2023046","15:40","18.0","54.9481","24.0","","","2.2","","8.3","90","","44","","27.59","11.34","20.95","","","","",""
"2023-02-15","2023046","15:40","18.0","54.9481","25.0","","","2.2","","8.3","90","","39","","27.61","11.34","20.97","","","","",""
"2023-02-15","2023046","15:40","18.0","54.9481","26.0","","","2.2","","8.3","90","","37","","27.62","11.34","20.98","","","","",""
"2023-02-15","2023046","15:40","18.0","54.9481","27.0","","","2.2","","8.3","90","","37","","27.70","11.35","21.04","","","","",""
"2023-02-15","2023046","15:40","18.0","54.9481","28.0","","","2.2","","8.3","90","","37","","27.82","11.36","21.13","","","","",""
"2023-02-15","2023046","15:40","18.0","54.9481","29.0","","","2.2","","8.3","90","","37","","27.83","11.36","21.14","","","","",""
"2023-02-15","2023046","15:40","18.0","54.9481","30.0","","","2.1","","8.3","90","","36","","27.83","11.36","21.14","","","","",""
"2023-02-15","2023046","15:40","18.0","54.9481","31.0","","","2.1","","8.3","90","","35","","27.83","11.36","21.14","","","","",""
"2023-02-15","2023046","15:40","18.0","54.9481","32.0","","","2.1","","8.3","90","","35","","27.84","11.36","21.15","","","","",""
"2023-02-15","2023046","15:40","18.0","54.9481","33.0","","","2.2","","8.3","90","","34","","27.84","11.36","21.15","","","","",""
"2023-02-15","2023046","15:40","18.0","54.9481","34.0","","","2.2","","8.3","90","","33","","27.83","11.36","21.14","","","","",""
"2023-02-15","2023046","15:40","18.0","54.9481","35.0","","","2.1","","8.3","90","","32","","27.83","11.36","21.14","","","","",""
"2023-02-15","2023046","15:40","18.0","54.9481","36.0","","","2.2","","8.3","90","","31","","27.82","11.36","21.13","","","","",""
"2023-02-15","2023046","15:40","18.0","54.9481","37.0","","","2.2","","8.3","90","","33","","27.78","11.35","21.10","","","","",""
"2023-02-15","2023046","15:40","18.0","54.9481","38.0","","","2.2","","8.3","90","","35","","27.79","11.35","21.11","","","","",""
"2023-02-15","2023046","15:40","18.0","54.9481","39.0","","","2.2","","8.3","90","","39","","27.83","11.35","21.14","","","","",""
"2023-02-15","2023046","15:40","18.0","54.9481","40.0","","","2.2","","8.2","90","","40","","27.91","11.36","21.20","","","","",""
"2023-02-15","2023046","15:40","18.0","54.9481","41.0","","","2.2","","8.2","90","","42","","27.95","11.36","21.23","","","","",""
"2023-02-15","2023046","15:40","18.0","54.9481","42.0","","","2.2","","8.2","90","","42","","28.00","11.36","21.27","","","","",""
"2023-02-15","2023046","15:40","18.0","54.9481","43.0","","","2.2","","8.2","90","","41","","28.03","11.36","21.29","","","","",""
"2023-02-15","2023046","15:40","18.0","54.9481","44.0","","","2.2","","8.2","90","","42","","28.04","11.36","21.30","","","","",""
"2023-02-15","2023046","15:40","18.0","54.9481","45.0","2.5","0.46","2.3","","8.2","90","47.0","43","","28.10","11.37","21.34","","","","",""
"2023-02-15","2023046","11:51","649.0","132.9388","1.0","","","2.6","","11.1","98","","36","3.12","0.16","9.70","","","","","",""
"2023-02-15","2023046","11:51","649.0","132.9388","2.0","2.6","0.67","2.6","","11.1","98","32.0","36","","0.16","9.70","","0.55","48.62","3.57","2.09","330.06"
"2023-02-15","2023046","11:51","649.0","132.9388","3.0","","","2.6","","11.1","98","","38","","0.16","9.70","","","","","",""
"2023-02-15","2023046","11:51","649.0","132.9388","4.0","","","2.6","","11.0","97","","38","","0.17","9.71","","","","","",""
"2023-02-15","2023046","11:51","649.0","132.9388","5.0","","","2.6","","11.0","97","","38","","0.17","9.71","","","","","",""
"2023-02-15","2023046","11:51","649.0","132.9388","6.0","","","2.6","","11.0","97","","38","","0.18","9.72","","","","","",""
"2023-02-15","2023046","11:51","649.0","132.9388","7.0","","","2.6","","11.0","97","","38","","0.18","9.72","","","","","",""
"2023-02-15","2023046","11:51","649.0","132.9388","8.0","","","2.6","","11.0","97","","38","","0.18","9.72","","","","","",""
"2023-02-15","2023046","11:51","649.0","132.9388","9.0","","","2.6","","11.0","97","","37","","0.18","9.72","","","","","",""
"2023-02-15","2023046","11:51","649.0","132.9388","10.0","","","2.6","","11.0","97","","37","","0.18","9.72","","","","","",""
"2023-02-15","2023046","11:51","649.0","132.9388","11.0","2.1","0.59","2.6","","11.0","97","33.6","36","","0.18","9.71","","","","","",""
"2023-02-15","2023046","11:09","657.0","147.2548","1.0","","","2.5","","10.6","93","","18","2.00","0.08","9.76","","","","","",""
"2023-02-15","2023046","11:09","657.0","147.2548","2.0","2.6","0.71","2.5","","10.6","93","17.1","18","","0.08","9.74","","0.26","35.41","2.07","1.26","325.43"
"2023-02-15","2023046","11:09","657.0","147.2548","3.0","","","2.5","","10.6","94","","18","","0.08","9.71","","","","","",""
"2023-02-15","2023046","11:09","657.0","147.2548","4.0","","","2.5","","10.6","93","","18","","0.08","9.70","","","","","",""
"2023-02-15","2023046","11:09","657.0","147.2548","5.0","","","2.5","","10.6","93","","18","","0.08","9.70","","","","","",""
"2023-02-15","2023046","11:09","657.0","147.2548","6.0","","","2.5","","10.5","93","","18","","0.08","9.69","","","","","",""
"2023-02-15","2023046","11:09","657.0","147.2548","7.0","","","2.5","","10.6","93","","18","","0.08","9.67","","","","","",""
"2023-02-15","2023046","11:09","657.0","147.2548","8.0","","","2.5","","10.6","93","","18","","0.08","9.66","","","","","",""
"2023-02-15","2023046","11:09","657.0","147.2548","9.0","","","2.5","","10.6","93","","18","","0.08","9.66","","","","","",""
"2023-02-15","2023046","11:09","657.0","147.2548","10.0","2.4","0.69","2.5","","10.4","92","17.9","18","","0.08","9.66","","","","","",""
"2023-03-01","2023060","10:22","18.0","54.9481","1.0","","","2.2","","9.3","95","","13","0.68","24.81","9.30","19.11","","","","",""
"2023-03-01","2023060","10:22","18.0","54.9481","2.0","2.0","0.55","2.3","","9.3","95","8.5","13","","25.19","9.33","19.40","0.64","30.27","3.64","2.38","92.57"
"2023-03-01","2023060","10:22","18.0","54.9481","3.0","","","2.5","","9.2","95","","13","","25.62","9.37","19.73","","","","",""
"2023-03-01","2023060","10:22","18.0","54.9481","4.0","","","2.6","","9.1","94","","13","","26.09","9.45","20.09","","","","",""
"2023-03-01","2023060","10:22","18.0","54.9481","5.0","","","2.6","","9.1","94","","12","","26.16","9.47","20.14","","","","",""
"2023-03-01","2023060","10:22","18.0","54.9481","6.0","","","2.6","","9.1","94","","12","","26.24","9.50","20.20","","","","",""
"2023-03-01","2023060","10:22","18.0","54.9481","7.0","","","2.4","","9.0","94","","12","","26.48","9.59","20.37","","","","",""
"2023-03-01","2023060","10:22","18.0","54.9481","8.0","","","2.3","","8.9","93","","12","","26.78","9.70","20.59","","","","",""
"2023-03-01","2023060","10:22","18.0","54.9481","9.0","","","2.2","","8.8","93","","11","","26.94","9.74","20.71","","","","",""
"2023-03-01","2023060","10:22","18.0","54.9481","10.0","","","2.0","","8.7","92","","11","","27.82","9.91","21.36","","","","",""
"2023-03-01","2023060","10:22","18.0","54.9481","11.0","","","2.0","","8.6","92","","10","","28.32","9.93","21.75","","","","",""
"2023-03-01","2023060","10:22","18.0","54.9481","12.0","","","1.8","","8.6","92","","11","","28.83","9.90","22.16","","","","",""
"2023-03-01","2023060","10:22","18.0","54.9481","13.0","","","1.8","","8.6","92","","11","","28.96","9.88","22.26","","","","",""
"2023-03-01","2023060","10:22","18.0","54.9481","14.0","","","1.8","","8.6","93","","10","","29.10","9.86","22.37","","","","",""
"2023-03-01","2023060","10:22","18.0","54.9481","15.0","","","1.9","","8.6","93","","10","","29.16","9.85","22.42","","","","",""
"2023-03-01","2023060","10:22","18.0","54.9481","16.0","","","1.9","","8.6","93","","9","","29.18","9.85","22.44","","","","",""
"2023-03-01","2023060","10:22","18.0","54.9481","17.0","","","1.9","","8.7","93","","9","","29.20","9.85","22.46","","","","",""
"2023-03-01","2023060","10:22","18.0","54.9481","18.0","","","2.0","","8.7","93","","9","","29.25","9.85","22.49","","","","",""
"2023-03-01","2023060","10:22","18.0","54.9481","19.0","","","1.9","","8.6","93","","9","","29.86","9.89","22.96","","","","",""
"2023-03-01","2023060","10:22","18.0","54.9481","20.0","","","1.9","","8.6","93","","9","","30.20","9.91","23.22","","","","",""
"2023-03-01","2023060","10:22","18.0","54.9481","21.0","","","1.9","","8.6","93","","8","","30.37","9.92","23.35","","","","",""
"2023-03-01","2023060","10:22","18.0","54.9481","22.0","","","1.9","","8.5","93","","7","","30.41","9.92","23.38","","","","",""
"2023-03-01","2023060","10:22","18.0","54.9481","23.0","","","1.7","","8.5","93","","8","","30.49","9.93","23.44","","","","",""
"2023-03-01","2023060","10:22","18.0","54.9481","24.0","","","1.9","","8.5","93","","7","","30.52","9.93","23.46","","","","",""
"2023-03-01","2023060","10:22","18.0","54.9481","25.0","","","1.8","","8.5","93","","8","","30.54","9.94","23.48","","","","",""
"2023-03-01","2023060","10:22","18.0","54.9481","26.0","","","1.8","","8.5","93","","8","","30.63","9.94","23.55","","","","",""
"2023-03-01","2023060","10:22","18.0","54.9481","27.0","","","1.9","","8.5","93","","9","","30.74","9.94","23.64","","","","",""
"2023-03-01","2023060","10:22","18.0","54.9481","28.0","","","2.2","","8.5","93","","13","","30.91","9.94","23.77","","","","",""
"2023-03-01","2023060","10:22","18.0","54.9481","29.0","","","2.4","","8.5","93","","15","","30.98","9.94","23.82","","","","",""
"2023-03-01","2023060","10:22","18.0","54.9481","30.0","","","2.6","","8.5","93","","20","","31.14","9.93","23.95","","","","",""
"2023-03-01","2023060","10:22","18.0","54.9481","31.0","","","2.8","","8.5","93","","24","","31.34","9.93","24.10","","","","",""
"2023-03-01","2023060","10:22","18.0","54.9481","32.0","","","3.2","","8.5","93","","26","","31.40","9.93","24.15","","","","",""
"2023-03-01","2023060","10:22","18.0","54.9481","33.0","","","3.0","","8.5","93","","25","","31.44","9.93","24.19","","","","",""
"2023-03-01","2023060","10:22","18.0","54.9481","34.0","","","2.8","","8.5","93","","25","","31.56","9.93","24.28","","","","",""
"2023-03-01","2023060","10:22","18.0","54.9481","35.0","","","2.7","","8.5","93","","23","","31.59","9.93","24.30","","","","",""
"2023-03-01","2023060","10:22","18.0","54.9481","36.0","","","3.0","","8.5","93","","23","","31.65","9.93","24.35","","","","",""
"2023-03-01","2023060","10:22","18.0","54.9481","37.0","","","3.0","","8.5","93","","23","","31.66","9.93","24.36","","","","",""
"2023-03-01","2023060","10:22","18.0","54.9481","38.0","","","3.0","","8.5","93","","24","","31.68","9.93","24.37","","","","",""
"2023-03-01","2023060","10:22","18.0","54.9481","39.0","","","2.9","","8.5","93","","24","","31.69","9.93","24.38","","","","",""
"2023-03-01","2023060","10:22","18.0","54.9481","40.0","","","3.1","","8.5","93","","23","","31.72","9.93","24.41","","","","",""
"2023-03-01","2023060","10:22","18.0","54.9481","41.0","","","3.1","","8.5","93","","25","","31.73","9.93","24.41","","","","",""
"2023-03-01","2023060","10:22","18.0","54.9481","42.0","3.0","0.36","3.0","","8.5","93","33.8","25","","31.73","9.93","24.41","","","","",""
"2023-03-01","2023060","10:09","20.0","51.4501","1.0","","","1.8","","9.1","95","","16","1.65","25.89","9.63","19.91","","","","",""
"2023-03-01","2023060","10:09","20.0","51.4501","2.0","2.2","0.36","2.4","","9.1","95","","16","","26.13","9.63","20.09","","","","",""
"2023-03-01","2023060","10:09","20.0","51.4501","3.0","","","3.4","","9.1","95","","15","","26.08","9.63","20.05","","","","",""
"2023-03-01","2023060","10:09","20.0","51.4501","4.0","","","3.2","","9.0","94","","15","","26.45","9.66","20.34","","","","",""
"2023-03-01","2023060","10:09","20.0","51.4501","5.0","","","3.4","","9.0","94","","15","","26.60","9.68","20.45","","","","",""
"2023-03-01","2023060","10:09","20.0","51.4501","6.0","","","3.3","","9.0","95","","14","","26.59","9.68","20.44","","","","",""
"2023-03-01","2023060","10:09","20.0","51.4501","7.0","","","3.4","","9.0","94","","14","","26.63","9.68","20.47","","","","",""
"2023-03-01","2023060","10:09","20.0","51.4501","8.0","","","3.2","","8.8","94","","13","","28.27","9.81","21.73","","","","",""
"2023-03-01","2023060","10:09","20.0","51.4501","9.0","","","2.7","","8.7","93","","12","","29.17","9.89","22.42","","","","",""
"2023-03-01","2023060","10:09","20.0","51.4501","10.0","","","2.6","","8.6","93","","13","","29.45","9.91","22.64","","","","",""
"2023-03-01","2023060","10:09","20.0","51.4501","11.0","","","2.6","","8.6","93","","13","","29.62","9.92","22.77","","","","",""
"2023-03-01","2023060","10:09","20.0","51.4501","12.0","","","2.4","","8.6","93","","13","","29.80","9.93","22.90","","","","",""
"2023-03-01","2023060","10:09","20.0","51.4501","13.0","","","2.5","","8.6","93","","13","","29.82","9.93","22.92","","","","",""
"2023-03-01","2023060","10:09","20.0","51.4501","14.0","","","2.6","","8.6","93","","13","","29.78","9.93","22.89","","","","",""
"2023-03-01","2023060","10:09","20.0","51.4501","15.0","","","2.6","","8.6","93","","13","","29.85","9.93","22.94","","","","",""
"2023-03-01","2023060","10:09","20.0","51.4501","16.0","","","2.7","","8.6","93","","12","","30.12","9.94","23.15","","","","",""
"2023-03-01","2023060","10:09","20.0","51.4501","17.0","","","2.6","","8.6","93","","12","","30.14","9.94","23.17","","","","",""
"2023-03-01","2023060","10:09","20.0","51.4501","18.0","","","2.6","","8.6","93","","12","","30.17","9.95","23.19","","","","",""
"2023-03-01","2023060","10:09","20.0","51.4501","19.0","","","2.7","","8.6","93","","13","","30.19","9.95","23.20","","","","",""
"2023-03-01","2023060","10:09","20.0","51.4501","20.0","","","2.7","","8.6","93","","14","","30.20","9.95","23.21","","","","",""
"2023-03-01","2023060","10:09","20.0","51.4501","21.0","","","2.6","","8.6","93","","14","","30.21","9.95","23.22","","","","",""
"2023-03-01","2023060","10:09","20.0","51.4501","22.0","","","2.6","","8.6","93","","16","","30.26","9.95","23.26","","","","",""
"2023-03-01","2023060","10:09","20.0","51.4501","23.0","","","2.6","","8.6","93","","17","","30.29","9.95","23.28","","","","",""
"2023-03-01","2023060","10:09","20.0","51.4501","24.0","","","2.7","","8.6","93","","18","","30.29","9.95","23.28","","","","",""
"2023-03-01","2023060","10:09","20.0","51.4501","25.0","","","2.7","","8.6","93","","19","","30.31","9.96","23.30","","","","",""
"2023-03-01","2023060","10:09","20.0","51.4501","26.0","","","3.1","","8.3","91","","27","","30.33","9.96","23.32","","","","",""
"2023-03-01","2023060","9:52","21.0","46.6266","1.0","","","3.9","","9.2","96","","15","1.16","25.65","9.76","19.70","","","","",""
"2023-03-01","2023060","9:52","21.0","46.6266","2.0","3.3","0.45","3.9","","9.1","95","","15","","25.66","9.76","19.71","","","","",""
"2023-03-01","2023060","9:52","21.0","46.6266","3.0","","","3.9","","9.0","94","","14","","25.99","9.79","19.96","","","","",""
"2023-03-01","2023060","9:52","21.0","46.6266","4.0","","","3.8","","8.9","94","","14","","26.19","9.83","20.11","","","","",""
"2023-03-01","2023060","9:52","21.0","46.6266","5.0","","","3.1","","8.8","93","","13","","26.31","9.85","20.20","","","","",""
"2023-03-01","2023060","9:52","21.0","46.6266","6.0","","","2.9","","8.8","93","","13","","26.51","9.88","20.35","","","","",""
"2023-03-01","2023060","9:52","21.0","46.6266","7.0","","","2.6","","8.7","92","","13","","26.95","9.95","20.68","","","","",""
"2023-03-01","2023060","9:52","21.0","46.6266","8.0","","","2.4","","8.6","92","","12","","27.13","9.98","20.82","","","","",""
"2023-03-01","2023060","9:52","21.0","46.6266","9.0","","","2.3","","8.6","92","","12","","27.15","9.97","20.83","","","","",""
"2023-03-01","2023060","9:52","21.0","46.6266","10.0","","","2.3","","8.7","92","","11","","27.23","9.96","20.90","","","","",""
"2023-03-01","2023060","9:52","21.0","46.6266","11.0","","","2.3","","8.6","92","","11","","27.28","9.96","20.94","","","","",""
"2023-03-01","2023060","9:52","21.0","46.6266","12.0","","","2.3","","8.6","92","","11","","27.40","9.95","21.03","","","","",""
"2023-03-01","2023060","9:52","21.0","46.6266","13.0","","","2.4","","8.6","92","","11","","27.94","9.95","21.45","","","","",""
"2023-03-01","2023060","9:52","21.0","46.6266","14.0","","","2.5","","8.6","92","","13","","28.14","9.95","21.61","","","","",""
"2023-03-01","2023060","9:52","21.0","46.6266","15.0","","","2.6","","8.6","92","","13","","28.16","9.95","21.62","","","","",""
"2023-03-01","2023060","9:52","21.0","46.6266","16.0","","","2.7","","8.6","92","","13","","28.81","9.95","22.13","","","","",""
"2023-03-01","2023060","9:52","21.0","46.6266","17.0","","","2.8","","8.6","92","","16","","29.17","9.95","22.42","","","","",""
"2023-03-01","2023060","9:52","21.0","46.6266","18.0","","","2.9","","8.6","93","","18","","29.22","9.95","22.45","","","","",""
"2023-03-01","2023060","9:52","21.0","46.6266","19.0","","","3.1","","8.6","93","","17","","29.24","9.95","22.47","","","","",""
"2023-03-01","2023060","9:39","22.0","43.9210","1.0","","","4.3","","9.2","95","","12","1.09","25.63","9.67","19.70","","","","",""
"2023-03-01","2023060","9:39","22.0","43.9210","2.0","4.9","0.85","4.8","","9.2","95","9.6","13","","25.63","9.67","19.70","0.75","30.20","5.28","2.60","68.72"
"2023-03-01","2023060","9:39","22.0","43.9210","3.0","","","4.7","","9.2","95","","15","","25.64","9.67","19.70","","","","",""
"2023-03-01","2023060","9:39","22.0","43.9210","4.0","","","4.7","","9.1","95","","16","","25.69","9.66","19.74","","","","",""
"2023-03-01","2023060","9:39","22.0","43.9210","5.0","","","3.9","","9.0","94","","16","","25.83","9.70","19.85","","","","",""
"2023-03-01","2023060","9:39","22.0","43.9210","6.0","","","3.3","","8.8","93","","15","","26.49","9.85","20.34","","","","",""
"2023-03-01","2023060","9:39","22.0","43.9210","7.0","","","2.8","","8.7","92","","15","","27.04","9.93","20.75","","","","",""
"2023-03-01","2023060","9:39","22.0","43.9210","8.0","","","2.6","","8.6","92","","15","","27.17","9.94","20.85","","","","",""
"2023-03-01","2023060","9:39","22.0","43.9210","9.0","","","2.4","","8.6","92","","15","","27.44","9.97","21.06","","","","",""
"2023-03-01","2023060","9:39","22.0","43.9210","10.0","","","2.3","","8.6","92","","15","","27.53","9.97","21.14","","","","",""
"2023-03-01","2023060","9:39","22.0","43.9210","11.0","","","2.4","","8.6","92","","16","","27.66","9.95","21.23","","","","",""
"2023-03-01","2023060","9:39","22.0","43.9210","12.0","","","2.2","","8.6","92","","14","","27.75","9.95","21.30","","","","",""
"2023-03-01","2023060","9:39","22.0","43.9210","13.0","","","2.2","","8.6","92","","13","","27.82","9.96","21.36","","","","",""
"2023-03-01","2023060","9:39","22.0","43.9210","14.0","","","2.1","","8.6","92","","13","","28.02","9.95","21.51","","","","",""
"2023-03-01","2023060","9:39","22.0","43.9210","15.0","","","2.1","","8.6","92","","13","","28.39","9.95","21.80","","","","",""
"2023-03-01","2023060","9:39","22.0","43.9210","16.0","","","2.2","","8.5","92","","14","","28.80","9.95","22.12","","","","",""
"2023-03-01","2023060","9:39","22.0","43.9210","17.0","","","2.3","","8.5","92","","18","","29.02","9.96","22.29","","","","",""
"2023-03-01","2023060","9:39","22.0","43.9210","18.0","","","2.4","","8.5","92","","21","","29.10","9.96","22.36","","","","",""
"2023-03-01","2023060","9:39","22.0","43.9210","19.0","","","2.4","","8.5","92","","22","","29.16","9.96","22.40","","","","",""
"2023-03-01","2023060","9:39","22.0","43.9210","20.0","2.0","0.34","2.4","","8.5","92","27.4","22","","29.25","9.96","22.47","","","","",""
"2023-03-01","2023060","9:25","23.0","39.6557","1.0","","","3.7","","9.1","95","","13","0.95","25.47","9.70","19.57","","","","",""
"2023-03-01","2023060","9:25","23.0","39.6557","2.0","","","3.7","","9.1","95","","13","","25.47","9.70","19.57","","","","",""
"2023-03-01","2023060","9:25","23.0","39.6557","3.0","","","3.8","","9.1","94","","13","","25.49","9.70","19.58","","","","",""
"2023-03-01","2023060","9:25","23.0","39.6557","4.0","","","4.0","","9.1","94","","13","","25.52","9.71","19.60","","","","",""
"2023-03-01","2023060","9:25","23.0","39.6557","5.0","","","3.9","","9.1","95","","13","","25.50","9.70","19.59","","","","",""
"2023-03-01","2023060","9:25","23.0","39.6557","6.0","","","4.1","","9.0","94","","13","","25.55","9.72","19.63","","","","",""
"2023-03-01","2023060","9:25","23.0","39.6557","7.0","","","3.1","","8.9","93","","12","","25.78","9.82","19.79","","","","",""
"2023-03-01","2023060","9:25","23.0","39.6557","8.0","","","2.6","","8.8","93","","12","","25.89","9.86","19.87","","","","",""
"2023-03-01","2023060","9:25","23.0","39.6557","9.0","","","2.4","","8.7","92","","12","","26.15","9.96","20.05","","","","",""
"2023-03-01","2023060","9:25","23.0","39.6557","10.0","","","2.2","","8.6","91","","13","","26.38","10.05","20.23","","","","",""
"2023-03-01","2023060","9:25","23.0","39.6557","11.0","","","2.3","","8.6","91","","14","","26.46","10.05","20.28","","","","",""
"2023-03-01","2023060","9:25","23.0","39.6557","12.0","","","2.3","","8.6","91","","14","","26.48","10.05","20.31","","","","",""
"2023-03-01","2023060","9:25","23.0","39.6557","13.0","","","2.4","","8.5","91","","15","","26.49","10.05","20.31","","","","",""
"2023-03-01","2023060","9:25","23.0","39.6557","14.0","","","2.4","","8.5","91","","15","","26.52","10.04","20.34","","","","",""
"2023-03-01","2023060","9:25","23.0","39.6557","15.0","","","2.5","","8.5","91","","16","","26.54","10.04","20.35","","","","",""
"2023-03-01","2023060","9:15","24.0","37.0911","1.0","","","2.5","","9.0","94","","9","1.05","25.66","9.73","19.71","","","","",""
"2023-03-01","2023060","9:15","24.0","37.0911","2.0","3.2","0.78","2.8","","9.0","94","7.9","10","","25.66","9.73","19.71","0.74","30.49","4.85","2.60","79.04"
"2023-03-01","2023060","9:15","24.0","37.0911","3.0","","","3.0","","9.0","94","","11","","25.66","9.73","19.71","","","","",""
"2023-03-01","2023060","9:15","24.0","37.0911","4.0","","","3.0","","9.0","94","","12","","25.66","9.73","19.71","","","","",""
"2023-03-01","2023060","9:15","24.0","37.0911","5.0","","","2.9","","9.0","94","","12","","25.67","9.73","19.72","","","","",""
"2023-03-01","2023060","9:15","24.0","37.0911","6.0","","","2.7","","9.0","94","","12","","25.68","9.73","19.73","","","","",""
"2023-03-01","2023060","9:15","24.0","37.0911","7.0","","","2.5","","8.9","93","","12","","25.75","9.76","19.78","","","","",""
"2023-03-01","2023060","9:15","24.0","37.0911","8.0","","","2.4","","8.7","92","","14","","26.06","9.92","20.00","","","","",""
"2023-03-01","2023060","9:15","24.0","37.0911","9.0","","","2.3","","8.6","91","","17","","26.22","10.00","20.11","","","","",""
"2023-03-01","2023060","9:15","24.0","37.0911","10.0","","","2.4","","8.6","91","","18","","26.24","10.01","20.12","","","","",""
"2023-03-01","2023060","9:15","24.0","37.0911","11.0","2.5","0.59","2.5","","8.5","91","22.8","21","","26.26","10.02","20.13","","","","",""
"2023-03-01","2023060","9:05","25.0","32.8382","1.0","","","3.3","","9.0","94","","19","1.16","25.32","9.89","19.42","","","","",""
"2023-03-01","2023060","9:05","25.0","32.8382","2.0","","","3.3","","9.0","94","","19","","25.32","9.89","19.42","","","","",""
"2023-03-01","2023060","9:05","25.0","32.8382","3.0","","","3.4","","9.0","94","","19","","25.33","9.88","19.43","","","","",""
"2023-03-01","2023060","9:05","25.0","32.8382","4.0","","","3.4","","9.0","94","","19","","25.35","9.88","19.44","","","","",""
"2023-03-01","2023060","9:05","25.0","32.8382","5.0","","","3.0","","9.0","94","","18","","25.41","9.90","19.49","","","","",""
"2023-03-01","2023060","9:05","25.0","32.8382","6.0","","","2.9","","9.0","94","","18","","25.46","9.85","19.53","","","","",""
"2023-03-01","2023060","9:05","25.0","32.8382","7.0","","","2.8","","8.9","93","","18","","25.55","9.90","19.60","","","","",""
"2023-03-01","2023060","9:05","25.0","32.8382","8.0","","","2.7","","8.8","92","","20","","25.76","10.03","19.75","","","","",""
"2023-03-01","2023060","9:05","25.0","32.8382","9.0","","","2.7","","8.7","92","","20","","25.86","10.07","19.81","","","","",""
"2023-03-01","2023060","8:53","26.0","28.7560","1.0","","","3.0","","9.2","95","","9","1.14","25.14","9.70","19.31","","","","",""
"2023-03-01","2023060","8:53","26.0","28.7560","2.0","","","3.0","","9.2","95","","8","","25.14","9.70","19.31","","","","",""
"2023-03-01","2023060","8:53","26.0","28.7560","3.0","","","3.3","","9.2","95","","8","","25.15","9.71","19.32","","","","",""
"2023-03-01","2023060","8:53","26.0","28.7560","4.0","","","3.3","","9.2","95","","9","","25.16","9.72","19.32","","","","",""
"2023-03-01","2023060","8:53","26.0","28.7560","5.0","","","3.5","","9.2","95","","9","","25.20","9.76","19.35","","","","",""
"2023-03-01","2023060","8:53","26.0","28.7560","6.0","","","3.3","","9.2","95","","9","","25.24","9.81","19.37","","","","",""
"2023-03-01","2023060","8:53","26.0","28.7560","7.0","","","3.1","","9.1","95","","9","","25.27","9.84","19.39","","","","",""
"2023-03-01","2023060","8:53","26.0","28.7560","8.0","","","3.0","","9.1","95","","9","","25.29","9.87","19.40","","","","",""
"2023-03-01","2023060","8:53","26.0","28.7560","9.0","","","3.1","","9.1","95","","9","","25.33","9.90","19.43","","","","",""
"2023-03-01","2023060","8:53","26.0","28.7560","10.0","","","3.0","","9.1","95","","9","","25.36","9.90","19.45","","","","",""
"2023-03-01","2023060","8:53","26.0","28.7560","11.0","","","3.3","","9.1","95","","9","","25.39","9.91","19.47","","","","",""
"2023-03-01","2023060","8:44","27.0","26.1872","1.0","","","2.9","","9.2","95","","10","1.17","24.69","9.95","18.93","","","","",""
"2023-03-01","2023060","8:44","27.0","26.1872","2.0","4.0","0.76","4.0","","9.2","95","10.4","9","","24.69","9.95","18.93","0.80","29.70","5.50","2.89","76.20"
"2023-03-01","2023060","8:44","27.0","26.1872","3.0","","","4.3","","9.2","95","","9","","24.69","9.95","18.93","","","","",""
"2023-03-01","2023060","8:44","27.0","26.1872","4.0","","","3.9","","9.2","95","","9","","24.69","9.94","18.93","","","","",""
"2023-03-01","2023060","8:44","27.0","26.1872","5.0","","","3.8","","9.2","95","","9","","24.71","9.94","18.94","","","","",""
"2023-03-01","2023060","8:44","27.0","26.1872","6.0","","","3.6","","9.1","95","","9","","24.74","9.94","18.96","","","","",""
"2023-03-01","2023060","8:44","27.0","26.1872","7.0","","","3.5","","9.1","95","","9","","24.80","9.97","19.00","","","","",""
"2023-03-01","2023060","8:44","27.0","26.1872","8.0","","","3.3","","9.1","95","","9","","25.03","10.03","19.17","","","","",""
"2023-03-01","2023060","8:44","27.0","26.1872","9.0","","","3.1","","9.0","94","","9","","25.29","10.03","19.38","","","","",""
"2023-03-01","2023060","8:44","27.0","26.1872","10.0","","","3.3","","8.9","93","","9","","25.38","10.12","19.43","","","","",""
"2023-03-01","2023060","8:44","27.0","26.1872","11.0","","","3.2","","8.7","92","","9","","25.45","10.22","19.48","","","","",""
"2023-03-01","2023060","8:44","27.0","26.1872","12.0","3.3","0.71","3.2","","8.7","92","","12","","25.48","10.23","19.49","","","","",""
"2023-03-01","2023060","8:34","28.0","23.5695","1.0","","","3.9","","9.1","95","","10","1.11","24.56","10.05","18.81","","","","",""
"2023-03-01","2023060","8:34","28.0","23.5695","2.0","","","3.9","","9.1","95","","10","","24.56","10.05","18.81","","","","",""
"2023-03-01","2023060","8:34","28.0","23.5695","3.0","","","3.9","","9.1","95","","10","","24.56","10.05","18.81","","","","",""
"2023-03-01","2023060","8:34","28.0","23.5695","4.0","","","3.7","","9.1","95","","10","","24.56","10.05","18.81","","","","",""
"2023-03-01","2023060","8:34","28.0","23.5695","5.0","","","3.9","","9.1","95","","10","","24.56","10.05","18.81","","","","",""
"2023-03-01","2023060","8:34","28.0","23.5695","6.0","","","3.9","","9.1","95","","10","","24.56","10.05","18.81","","","","",""
"2023-03-01","2023060","8:34","28.0","23.5695","7.0","","","3.8","","9.1","95","","10","","24.56","10.05","18.81","","","","",""
"2023-03-01","2023060","8:34","28.0","23.5695","8.0","","","3.8","","9.1","95","","10","","24.56","10.05","18.81","","","","",""
"2023-03-01","2023060","8:34","28.0","23.5695","9.0","","","3.7","","9.1","95","","10","","24.57","10.04","18.82","","","","",""
"2023-03-01","2023060","8:34","28.0","23.5695","10.0","","","3.7","","9.1","95","","10","","24.60","10.04","18.84","","","","",""
"2023-03-01","2023060","8:34","28.0","23.5695","11.0","","","3.7","","9.0","94","","10","","24.71","10.09","18.92","","","","",""
"2023-03-01","2023060","8:34","28.0","23.5695","12.0","","","3.4","","8.9","93","","10","","25.02","10.24","19.14","","","","",""
"2023-03-01","2023060","8:34","28.0","23.5695","13.0","","","3.4","","8.8","93","","15","","25.10","10.25","19.20","","","","",""
"2023-03-01","2023060","8:34","28.0","23.5695","14.0","","","3.5","","8.8","93","","18","","25.11","10.25","19.21","","","","",""
"2023-03-01","2023060","8:23","29.0","20.2526","1.0","","","5.3","","9.5","97","","23","1.75","23.15","9.47","17.79","","","","",""
"2023-03-01","2023060","8:23","29.0","20.2526","2.0","","","4.6","","9.4","96","","21","","23.38","9.59","17.95","","","","",""
"2023-03-01","2023060","8:23","29.0","20.2526","3.0","","","4.1","","9.3","96","","16","","23.77","9.86","18.22","","","","",""
"2023-03-01","2023060","8:23","29.0","20.2526","4.0","","","3.6","","9.3","96","","13","","23.80","9.89","18.24","","","","",""
"2023-03-01","2023060","8:23","29.0","20.2526","5.0","","","3.5","","9.3","96","","12","","23.82","9.92","18.25","","","","",""
"2023-03-01","2023060","8:23","29.0","20.2526","6.0","","","3.5","","9.3","96","","12","","23.84","9.94","18.26","","","","",""
"2023-03-01","2023060","8:23","29.0","20.2526","7.0","","","3.4","","9.2","95","","12","","23.87","9.96","18.28","","","","",""
"2023-03-01","2023060","8:23","29.0","20.2526","8.0","","","3.4","","9.2","95","","11","","23.91","10.00","18.31","","","","",""
"2023-03-01","2023060","8:23","29.0","20.2526","9.0","","","3.3","","9.1","95","","12","","24.03","10.05","18.40","","","","",""
"2023-03-01","2023060","8:23","29.0","20.2526","10.0","","","3.3","","9.0","94","","13","","24.31","10.14","18.60","","","","",""
"2023-03-01","2023060","8:23","29.0","20.2526","11.0","","","3.2","","9.0","94","","15","","24.35","10.15","18.63","","","","",""
"2023-03-01","2023060","8:23","29.0","20.2526","12.0","","","3.2","","9.0","94","","15","","24.41","10.16","18.67","","","","",""
"2023-03-01","2023060","8:23","29.0","20.2526","13.0","","","3.2","","8.9","93","","15","","24.62","10.22","18.83","","","","",""
"2023-03-01","2023060","8:08","30.0","14.7543","1.0","","","6.2","","9.5","96","","44","4.01","22.67","9.55","17.41","","","","",""
"2023-03-01","2023060","8:08","30.0","14.7543","2.0","5.9","0.67","6.0","","9.5","96","40.4","44","","22.71","9.56","17.44","0.92","31.98","5.78","3.43","98.63"
"2023-03-01","2023060","8:08","30.0","14.7543","3.0","","","5.9","","9.4","96","","43","","23.01","9.59","17.67","","","","",""
"2023-03-01","2023060","8:08","30.0","14.7543","4.0","","","5.2","","9.4","96","","37","","23.19","9.64","17.80","","","","",""
"2023-03-01","2023060","8:08","30.0","14.7543","5.0","","","4.2","","9.3","95","","31","","23.32","9.78","17.88","","","","",""
"2023-03-01","2023060","8:08","30.0","14.7543","6.0","","","3.8","","9.2","95","","24","","23.46","9.92","17.97","","","","",""
"2023-03-01","2023060","8:08","30.0","14.7543","7.0","","","3.7","","9.2","94","","25","","23.53","9.95","18.02","","","","",""
"2023-03-01","2023060","8:08","30.0","14.7543","8.0","","","3.9","","9.1","94","","26","","23.56","9.97","18.04","","","","",""
"2023-03-01","2023060","8:08","30.0","14.7543","9.0","","","3.8","","9.1","94","","26","","23.58","10.00","18.05","","","","",""
"2023-03-01","2023060","8:08","30.0","14.7543","10.0","","","3.8","","9.1","94","","24","","23.62","10.04","18.08","","","","",""
"2023-03-01","2023060","8:08","30.0","14.7543","11.0","","","3.9","","9.0","94","","23","","23.67","10.09","18.11","","","","",""
"2023-03-01","2023060","8:08","30.0","14.7543","12.0","4.5","0.78","3.8","","9.0","94","21.6","23","","23.70","10.12","18.12","","","","",""
"2023-03-01","2023060","7:50","31.0","10.6065","1.0","","","5.5","","9.4","95","","12","1.42","21.85","9.65","16.75","","","","",""
"2023-03-01","2023060","7:50","31.0","10.6065","2.0","","","5.4","","9.4","95","","12","","21.85","9.65","16.75","","","","",""
"2023-03-01","2023060","7:50","31.0","10.6065","3.0","","","5.2","","9.4","94","","12","","21.85","9.66","16.75","","","","",""
"2023-03-01","2023060","7:50","31.0","10.6065","4.0","","","4.9","","9.4","95","","12","","21.85","9.66","16.75","","","","",""
"2023-03-01","2023060","7:50","31.0","10.6065","5.0","","","5.0","","9.4","95","","12","","21.85","9.66","16.76","","","","",""
"2023-03-01","2023060","7:50","31.0","10.6065","6.0","","","4.9","","9.4","95","","12","","21.87","9.67","16.77","","","","",""
"2023-03-01","2023060","7:50","31.0","10.6065","7.0","","","4.9","","9.4","95","","12","","21.89","9.68","16.79","","","","",""
"2023-03-01","2023060","7:50","31.0","10.6065","8.0","","","4.8","","9.3","94","","12","","22.09","9.76","16.93","","","","",""
"2023-03-01","2023060","7:50","31.0","10.6065","9.0","","","4.3","","9.1","93","","13","","22.83","10.02","17.46","","","","",""
"2023-03-01","2023060","7:50","31.0","10.6065","10.0","","","3.9","","8.9","92","","14","","23.29","10.23","17.80","","","","",""
"2023-03-01","2023060","7:50","31.0","10.6065","11.0","","","3.6","","8.8","92","","15","","23.62","10.33","18.03","","","","",""
"2023-03-01","2023060","7:41","32.0","8.1507","1.0","8.0","0.72","8.1","","9.6","95","60.9","54","3.96","20.22","9.18","15.55","1.34","44.26","6.71","4.03","110.38"
"2023-03-01","2023060","7:41","32.0","8.1507","2.0","","","7.7","","9.6","95","","46","","20.43","9.29","15.70","","","","",""
"2023-03-01","2023060","7:41","32.0","8.1507","3.0","","","7.0","","9.6","95","","38","","20.53","9.36","15.77","","","","",""
"2023-03-01","2023060","7:41","32.0","8.1507","4.0","","","6.7","","9.5","95","","31","","20.64","9.43","15.84","","","","",""
"2023-03-01","2023060","7:41","32.0","8.1507","5.0","","","6.4","","9.5","95","","26","","20.86","9.49","16.01","","","","",""
"2023-03-01","2023060","7:41","32.0","8.1507","6.0","","","5.9","","9.3","94","","23","","21.11","9.69","16.17","","","","",""
"2023-03-01","2023060","7:41","32.0","8.1507","7.0","","","5.5","","9.3","94","","21","","21.24","9.81","16.26","","","","",""
"2023-03-01","2023060","7:41","32.0","8.1507","8.0","","","5.4","","9.3","94","","20","","21.29","9.80","16.30","","","","",""
"2023-03-01","2023060","7:41","32.0","8.1507","9.0","","","5.3","","9.1","93","","19","","21.98","9.91","16.82","","","","",""
"2023-03-01","2023060","7:41","32.0","8.1507","10.0","5.2","0.72","5.3","","8.7","91","","23","","23.80","10.42","18.16","","","","",""
"2023-03-01","2023060","7:32","33.0","6.8085","1.0","","","10.2","","9.8","95","","64","5.72","18.86","9.08","14.50","","","","",""
"2023-03-01","2023060","7:32","33.0","6.8085","2.0","","","8.5","","9.6","95","68.0","69","","20.04","9.30","15.39","","","","",""
"2023-03-01","2023060","7:32","33.0","6.8085","3.0","","","7.5","","9.5","95","","44","","20.22","9.40","15.52","","","","",""
"2023-03-01","2023060","7:32","33.0","6.8085","4.0","","","7.0","","9.5","94","","33","","20.45","9.49","15.68","","","","",""
"2023-03-01","2023060","7:32","33.0","6.8085","5.0","","","6.6","","9.5","94","","32","","20.46","9.42","15.71","","","","",""
"2023-03-01","2023060","7:32","33.0","6.8085","6.0","","","6.7","","9.5","94","","39","","20.46","9.33","15.72","","","","",""
"2023-03-01","2023060","7:32","33.0","6.8085","7.0","","","7.1","","9.6","95","","54","","20.50","9.14","15.77","","","","",""
"2023-03-01","2023060","7:32","33.0","6.8085","8.0","","","7.8","","9.5","94","","77","","20.81","9.24","16.00","","","","",""
"2023-03-01","2023060","7:32","33.0","6.8085","9.0","","","7.1","","9.4","94","","71","","21.25","9.63","16.29","","","","",""
"2023-03-01","2023060","7:32","33.0","6.8085","10.0","","","6.0","","9.2","93","","49","","21.63","9.81","16.57","","","","",""
"2023-03-01","2023060","7:32","33.0","6.8085","11.0","","","5.5","","8.8","92","","45","","22.77","10.16","17.40","","","","",""
"2023-03-01","2023060","7:32","33.0","6.8085","12.0","","","4.7","","8.7","91","","42","","23.57","10.36","17.99","","","","",""
"2023-03-01","2023060","7:32","33.0","6.8085","13.0","","","4.5","","8.7","91","","39","","23.64","10.37","18.04","","","","",""
"2023-03-01","2023060","7:32","33.0","6.8085","14.0","","","4.5","","8.7","91","","45","","23.65","10.38","18.05","","","","",""
"2023-03-01","2023060","7:20","34.0","3.5290","1.0","","","8.1","","9.3","92","","57","3.88","19.94","9.37","15.31","","","","",""
"2023-03-01","2023060","7:20","34.0","3.5290","2.0","7.0","0.79","7.2","","9.1","92","56.6","54","","20.79","9.81","15.91","","","","",""
"2023-03-01","2023060","7:20","34.0","3.5290","3.0","","","6.8","","9.1","92","","54","","20.96","9.85","16.03","","","","",""
"2023-03-01","2023060","7:20","34.0","3.5290","4.0","","","6.7","","9.0","92","","57","","21.04","9.87","16.10","","","","",""
"2023-03-01","2023060","7:20","34.0","3.5290","5.0","","","6.6","","9.0","92","","59","","21.11","9.88","16.15","","","","",""
"2023-03-01","2023060","7:20","34.0","3.5290","6.0","","","6.7","","9.0","92","","60","","21.15","9.88","16.18","","","","",""
"2023-03-01","2023060","7:20","34.0","3.5290","7.0","","","6.3","","9.0","92","","56","","21.17","9.89","16.19","","","","",""
"2023-03-01","2023060","7:20","34.0","3.5290","8.0","","","6.2","","9.0","91","","57","","21.24","9.91","16.24","","","","",""
"2023-03-01","2023060","7:20","34.0","3.5290","9.0","6.2","0.72","6.1","","9.0","91","","54","","21.28","9.93","16.27","","","","",""
"2023-03-01","2023060","7:09","35.0","1.6576","1.0","","","8.0","","9.5","92","","56","3.79","18.35","9.23","14.09","","","","",""
"2023-03-01","2023060","7:09","35.0","1.6576","2.0","7.5","0.82","7.6","","9.4","92","56.0","56","","18.45","9.25","14.16","","","","",""
"2023-03-01","2023060","7:09","35.0","1.6576","3.0","","","7.6","","9.3","92","","56","","18.81","9.34","14.43","","","","",""
"2023-03-01","2023060","7:09","35.0","1.6576","4.0","","","7.1","","9.3","92","","50","","18.87","9.36","14.47","","","","",""
"2023-03-01","2023060","7:09","35.0","1.6576","5.0","","","7.0","","9.2","91","","52","","19.06","9.44","14.61","","","","",""
"2023-03-01","2023060","7:09","35.0","1.6576","6.0","","","7.0","","9.1","90","","52","","19.31","9.53","14.80","","","","",""
"2023-03-01","2023060","7:09","35.0","1.6576","7.0","","","6.2","","9.0","90","","51","","19.44","9.60","14.88","","","","",""
"2023-03-01","2023060","7:09","35.0","1.6576","8.0","","","6.0","","9.0","90","","53","","19.64","9.65","15.04","","","","",""
"2023-03-01","2023060","7:09","35.0","1.6576","9.0","","","5.7","","8.9","89","","55","","19.89","9.70","15.22","","","","",""
"2023-03-01","2023060","7:00","36.0","0.0000","1.0","","","7.6","","9.4","92","","43","2.86","17.99","9.09","13.83","","","","",""
"2023-03-01","2023060","7:00","36.0","0.0000","2.0","7.3","0.84","7.4","","9.4","91","33.1","43","","18.08","9.14","13.89","1.51","42.98","7.92","3.78","105.75"
"2023-03-01","2023060","7:00","36.0","0.0000","3.0","","","7.1","","9.3","91","","43","","18.27","9.28","14.02","","","","",""
"2023-03-01","2023060","7:00","36.0","0.0000","4.0","","","6.7","","9.3","91","","43","","18.61","9.34","14.27","","","","",""
"2023-03-01","2023060","7:00","36.0","0.0000","5.0","","","6.3","","9.1","90","","43","","19.12","9.53","14.65","","","","",""
"2023-03-01","2023060","7:00","36.0","0.0000","6.0","6.3","0.77","6.3","","8.3","84","42.4","45","","19.42","9.67","14.86","","","","",""
"2023-03-15","2023074","15:01","2.0","127.7053","1.0","","","3.5","","10.3","95","","44","3.41","0.07","11.22","","","","","",""
"2023-03-15","2023074","15:01","2.0","127.7053","2.0","","","3.8","","10.4","95","","51","","0.06","11.03","","","","","",""
"2023-03-15","2023074","15:01","2.0","127.7053","3.0","","","3.8","","10.5","96","","51","","0.06","11.01","","","","","",""
"2023-03-15","2023074","15:01","2.0","127.7053","4.0","","","3.8","","10.7","97","","56","","0.06","10.88","","","","","",""
"2023-03-15","2023074","15:01","2.0","127.7053","5.0","","","4.0","","10.7","98","","56","","0.06","10.76","","","","","",""
"2023-03-15","2023074","15:01","2.0","127.7053","6.0","","","4.1","","10.8","98","","59","","0.06","10.74","","","","","",""
"2023-03-15","2023074","15:01","2.0","127.7053","7.0","","","4.3","","10.8","98","","58","","0.06","10.70","","","","","",""
"2023-03-15","2023074","15:01","2.0","127.7053","8.0","","","4.1","","10.8","98","","59","","0.06","10.71","","","","","",""
"2023-03-15","2023074","15:01","2.0","127.7053","9.0","","","4.3","","10.9","99","","58","","0.06","10.69","","","","","",""
"2023-03-15","2023074","15:01","2.0","127.7053","10.0","","","4.2","","10.9","99","","59","","0.05","10.63","","","","","",""
"2023-03-15","2023074","15:01","2.0","127.7053","11.0","","","4.4","","10.9","99","","58","","0.05","10.63","","","","","",""
"2023-03-15","2023074","15:01","2.0","127.7053","12.0","","","4.4","","10.9","99","","58","","0.05","10.63","","","","","",""
"2023-03-15","2023074","15:01","2.0","127.7053","13.0","","","4.4","","10.8","98","","56","","0.06","10.74","","","","","",""
"2023-03-15","2023074","15:01","2.0","127.7053","14.0","","","4.5","","10.6","97","","53","","0.06","10.99","","","","","",""
"2023-03-15","2023074","14:47","3.0","125.3243","1.0","","","3.8","","10.8","99","","50","3.35","0.06","10.93","","","","","",""
"2023-03-15","2023074","14:47","3.0","125.3243","2.0","3.7","0.49","4.1","","10.8","99","59.4","49","","0.06","10.89","","0.32","29.56","3.21","1.33","241.05"
"2023-03-15","2023074","14:47","3.0","125.3243","3.0","","","4.2","","10.9","99","","52","","0.06","10.84","","","","","",""
"2023-03-15","2023074","14:47","3.0","125.3243","4.0","","","4.3","","10.9","99","","53","","0.06","10.78","","","","","",""
"2023-03-15","2023074","14:47","3.0","125.3243","5.0","","","4.4","","10.9","99","","54","","0.06","10.74","","","","","",""
"2023-03-15","2023074","14:47","3.0","125.3243","6.0","","","4.4","","10.9","99","","55","","0.06","10.76","","","","","",""
"2023-03-15","2023074","14:47","3.0","125.3243","7.0","","","4.4","","10.9","99","","55","","0.06","10.75","","","","","",""
"2023-03-15","2023074","14:47","3.0","125.3243","8.0","","","4.5","","10.9","99","","54","","0.06","10.75","","","","","",""
"2023-03-15","2023074","14:47","3.0","125.3243","9.0","","","4.7","","10.9","99","","54","","0.06","10.76","","","","","",""
"2023-03-15","2023074","14:47","3.0","125.3243","10.0","","","5.1","","10.9","99","","54","","0.06","10.74","","","","","",""
"2023-03-15","2023074","14:47","3.0","125.3243","11.0","4.7","0.58","4.7","","10.9","99","67.2","54","","0.06","10.75","","","","","",""
"2023-03-15","2023074","14:30","4.0","119.8957","1.0","","","4.1","","11.1","100","","75","3.60","0.05","10.32","","","","","",""
"2023-03-15","2023074","14:30","4.0","119.8957","2.0","","","4.4","","11.1","100","","71","","0.05","10.32","","","","","",""
"2023-03-15","2023074","14:30","4.0","119.8957","3.0","","","4.3","","11.1","100","","71","","0.05","10.33","","","","","",""
"2023-03-15","2023074","14:30","4.0","119.8957","4.0","","","4.2","","11.1","100","","73","","0.05","10.31","","","","","",""
"2023-03-15","2023074","14:30","4.0","119.8957","5.0","","","4.2","","11.1","100","","75","","0.05","10.29","","","","","",""
"2023-03-15","2023074","14:30","4.0","119.8957","6.0","","","4.3","","11.1","100","","74","","0.05","10.28","","","","","",""
"2023-03-15","2023074","14:30","4.0","119.8957","7.0","","","4.4","","11.1","100","","74","","0.05","10.28","","","","","",""
"2023-03-15","2023074","14:30","4.0","119.8957","8.0","","","4.4","","11.1","100","","74","","0.05","10.28","","","","","",""
"2023-03-15","2023074","14:30","4.0","119.8957","9.0","","","4.3","","11.1","100","","75","","0.05","10.24","","","","","",""
"2023-03-15","2023074","14:30","4.0","119.8957","10.0","","","4.6","","11.1","100","","75","","0.05","10.23","","","","","",""
"2023-03-15","2023074","14:30","4.0","119.8957","11.0","","","4.6","","11.1","100","","75","","0.05","10.23","","","","","",""
"2023-03-15","2023074","14:30","4.0","119.8957","12.0","","","4.6","","11.1","100","","75","","0.05","10.22","","","","","",""
"2023-03-15","2023074","14:30","4.0","119.8957","13.0","","","4.6","","11.1","100","","75","","0.05","10.22","","","","","",""
"2023-03-15","2023074","14:30","4.0","119.8957","14.0","","","4.5","","11.1","101","","75","","0.05","10.23","","","","","",""
"2023-03-15","2023074","14:30","4.0","119.8957","15.0","","","4.7","","11.1","100","","75","","0.05","10.23","","","","","",""
"2023-03-15","2023074","14:30","4.0","119.8957","16.0","","","4.8","","11.1","100","","74","","0.05","10.23","","","","","",""
"2023-03-15","2023074","14:16","5.0","115.6252","1.0","","","4.2","","11.2","100","","73","4.30","0.05","10.36","","","","","",""
"2023-03-15","2023074","14:16","5.0","115.6252","2.0","","","4.0","","11.2","100","","69","","0.05","10.34","","","","","",""
"2023-03-15","2023074","14:16","5.0","115.6252","3.0","","","4.3","","11.2","100","","69","","0.05","10.32","","","","","",""
"2023-03-15","2023074","14:16","5.0","115.6252","4.0","","","4.6","","11.2","100","","71","","0.05","10.31","","","","","",""
"2023-03-15","2023074","14:16","5.0","115.6252","5.0","","","4.5","","11.2","100","","71","","0.05","10.30","","","","","",""
"2023-03-15","2023074","14:16","5.0","115.6252","6.0","","","4.6","","11.2","100","","71","","0.05","10.30","","","","","",""
"2023-03-15","2023074","14:16","5.0","115.6252","7.0","","","4.6","","11.2","100","","71","","0.05","10.29","","","","","",""
"2023-03-15","2023074","14:16","5.0","115.6252","8.0","","","4.7","","11.2","100","","73","","0.05","10.29","","","","","",""
"2023-03-15","2023074","14:16","5.0","115.6252","9.0","","","4.8","","11.2","100","","74","","0.05","10.29","","","","","",""
"2023-03-15","2023074","14:16","5.0","115.6252","10.0","","","4.6","","11.2","100","","71","","0.05","10.29","","","","","",""
"2023-03-15","2023074","13:59","6.0","110.8977","1.0","","","4.6","","11.0","99","","93","4.76","0.06","10.61","","","","","",""
"2023-03-15","2023074","13:59","6.0","110.8977","2.0","4.9","0.55","4.8","","11.0","99","87.1","94","","0.06","10.60","","0.31","28.13","2.93","1.37","232.86"
"2023-03-15","2023074","13:59","6.0","110.8977","3.0","","","4.8","","11.0","99","","96","","0.06","10.60","","","","","",""
"2023-03-15","2023074","13:59","6.0","110.8977","4.0","","","4.9","","11.0","99","","96","","0.06","10.60","","","","","",""
"2023-03-15","2023074","13:59","6.0","110.8977","5.0","","","5.1","","11.0","99","","94","","0.06","10.60","","","","","",""
"2023-03-15","2023074","13:59","6.0","110.8977","6.0","","","5.2","","11.0","99","","92","","0.06","10.60","","","","","",""
"2023-03-15","2023074","13:59","6.0","110.8977","7.0","","","5.1","","11.0","99","","92","","0.06","10.60","","","","","",""
"2023-03-15","2023074","13:59","6.0","110.8977","8.0","","","5.0","","11.0","99","","89","","0.06","10.60","","","","","",""
"2023-03-15","2023074","13:59","6.0","110.8977","9.0","","","5.0","","11.0","99","","91","","0.06","10.60","","","","","",""
"2023-03-15","2023074","13:59","6.0","110.8977","10.0","","","5.1","","11.0","99","","94","","0.06","10.59","","","","","",""
"2023-03-15","2023074","13:59","6.0","110.8977","11.0","5.2","0.56","5.2","","11.0","99","98.6","98","","0.06","10.60","","","","","",""
"2023-03-15","2023074","13:40","7.0","104.9810","1.0","","","4.2","","10.9","99","","64","3.59","0.07","10.84","","","","","",""
"2023-03-15","2023074","13:40","7.0","104.9810","2.0","4.4","0.57","4.3","","10.9","99","58.9","63","","0.07","10.83","","","","","",""
"2023-03-15","2023074","13:40","7.0","104.9810","3.0","","","4.4","","10.9","99","","64","","0.07","10.82","","","","","",""
"2023-03-15","2023074","13:40","7.0","104.9810","4.0","","","4.5","","10.9","99","","65","","0.07","10.82","","","","","",""
"2023-03-15","2023074","13:40","7.0","104.9810","5.0","","","4.6","","10.9","99","","65","","0.07","10.82","","","","","",""
"2023-03-15","2023074","13:40","7.0","104.9810","6.0","","","4.5","","10.9","99","","64","","0.07","10.82","","","","","",""
"2023-03-15","2023074","13:40","7.0","104.9810","7.0","","","4.5","","10.9","99","","63","","0.07","10.80","","","","","",""
"2023-03-15","2023074","13:40","7.0","104.9810","8.0","","","4.7","","10.9","99","","65","","0.07","10.79","","","","","",""
"2023-03-15","2023074","13:40","7.0","104.9810","9.0","","","4.8","","10.9","99","","64","","0.07","10.80","","","","","",""
"2023-03-15","2023074","13:40","7.0","104.9810","10.0","","","4.8","","10.9","99","","61","","0.07","10.80","","","","","",""
"2023-03-15","2023074","13:40","7.0","104.9810","11.0","","","4.7","","10.9","99","","60","","0.07","10.80","","","","","",""
"2023-03-15","2023074","13:40","7.0","104.9810","12.0","","","4.8","","10.9","99","","58","","0.07","10.80","","","","","",""
"2023-03-15","2023074","13:40","7.0","104.9810","13.0","","","4.8","","10.9","99","","59","","0.07","10.79","","","","","",""
"2023-03-15","2023074","13:21","8.0","99.7699","1.0","","","3.5","","11.0","100","","48","3.32","0.07","10.58","","","","","",""
"2023-03-15","2023074","13:21","8.0","99.7699","2.0","","","4.0","","11.0","100","46.5","49","","0.07","10.52","","","","","",""
"2023-03-15","2023074","13:21","8.0","99.7699","3.0","","","4.1","","11.0","100","","51","","0.07","10.51","","","","","",""
"2023-03-15","2023074","13:21","8.0","99.7699","4.0","","","4.2","","11.0","100","","52","","0.07","10.51","","","","","",""
"2023-03-15","2023074","13:21","8.0","99.7699","5.0","","","4.3","","11.0","100","","53","","0.07","10.50","","","","","",""
"2023-03-15","2023074","13:21","8.0","99.7699","6.0","","","4.4","","11.0","100","","55","","0.07","10.50","","","","","",""
"2023-03-15","2023074","13:21","8.0","99.7699","7.0","","","4.5","","11.0","100","","54","","0.07","10.49","","","","","",""
"2023-03-15","2023074","13:21","8.0","99.7699","8.0","","","4.5","","11.0","100","","54","","0.07","10.50","","","","","",""
"2023-03-15","2023074","13:21","8.0","99.7699","9.0","","","4.3","","11.0","100","","54","","0.07","10.49","","","","","",""
"2023-03-15","2023074","13:21","8.0","99.7699","10.0","","","4.6","","11.0","100","","58","","0.07","10.48","","","","","",""
"2023-03-15","2023074","13:21","8.0","99.7699","11.0","","","4.7","","11.0","100","","63","","0.08","10.49","","","","","",""
"2023-03-15","2023074","13:21","8.0","99.7699","12.0","","","4.7","","11.0","100","","66","","0.09","10.49","","","","","",""
"2023-03-15","2023074","13:21","8.0","99.7699","13.0","","","5.0","","11.0","99","","72","","0.23","10.53","","","","","",""
"2023-03-15","2023074","13:21","8.0","99.7699","14.0","","","","","10.9","99","","114","","0.82","10.61","0.29","","","","",""
"2023-03-15","2023074","13:02","9.0","96.7889","1.0","","","3.7","","10.7","98","","68","4.28","1.26","10.98","0.59","","","","",""
"2023-03-15","2023074","13:02","9.0","96.7889","2.0","4.0","0.60","3.9","","10.7","98","60.8","68","","1.07","10.96","0.45","0.42","33.20","4.71","1.71","249.59"
"2023-03-15","2023074","13:02","9.0","96.7889","3.0","","","4.1","","10.7","98","","70","","1.35","10.98","0.66","","","","",""
"2023-03-15","2023074","13:02","9.0","96.7889","4.0","","","4.2","","10.7","98","","72","","1.39","10.98","0.69","","","","",""
"2023-03-15","2023074","13:02","9.0","96.7889","5.0","","","4.1","","10.7","99","","72","","1.10","10.97","0.48","","","","",""
"2023-03-15","2023074","13:02","9.0","96.7889","6.0","","","4.3","","10.7","99","","71","","1.11","10.96","0.48","","","","",""
"2023-03-15","2023074","13:02","9.0","96.7889","7.0","","","4.2","","10.7","99","","73","","1.21","10.97","0.56","","","","",""
"2023-03-15","2023074","13:02","9.0","96.7889","8.0","","","4.3","","10.7","98","","72","","1.42","10.99","0.72","","","","",""
"2023-03-15","2023074","13:02","9.0","96.7889","9.0","","","4.3","","10.7","99","","71","","1.37","10.98","0.68","","","","",""
"2023-03-15","2023074","13:02","9.0","96.7889","10.0","","","4.3","","10.7","99","","72","","1.44","10.99","0.73","","","","",""
"2023-03-15","2023074","13:02","9.0","96.7889","11.0","","","4.3","","10.7","99","","70","","1.50","11.00","0.78","","","","",""
"2023-03-15","2023074","13:02","9.0","96.7889","12.0","","","4.3","","10.7","98","","68","","1.53","11.01","0.81","","","","",""
"2023-03-15","2023074","13:02","9.0","96.7889","13.0","","","4.3","","10.7","98","","67","","1.55","11.01","0.82","","","","",""
"2023-03-15","2023074","13:02","9.0","96.7889","14.0","","","4.3","","10.7","99","","66","","1.54","11.01","0.81","","","","",""
"2023-03-15","2023074","13:02","9.0","96.7889","15.0","","","4.3","","10.7","99","","64","","1.54","11.02","0.81","","","","",""
"2023-03-15","2023074","13:02","9.0","96.7889","16.0","","","4.3","","10.7","99","","68","","1.59","11.01","0.85","","","","",""
"2023-03-15","2023074","13:02","9.0","96.7889","17.0","","","4.3","","10.7","99","","67","","1.58","11.01","0.84","","","","",""
"2023-03-15","2023074","13:02","9.0","96.7889","18.0","","","4.3","","10.7","99","","65","","1.50","11.02","0.78","","","","",""
"2023-03-15","2023074","13:02","9.0","96.7889","19.0","","","4.2","","10.7","99","","63","","1.48","11.01","0.76","","","","",""
"2023-03-15","2023074","13:02","9.0","96.7889","20.0","","","4.3","","10.7","99","","66","","1.49","11.02","0.77","","","","",""
"2023-03-15","2023074","13:02","9.0","96.7889","21.0","","","4.3","","10.7","99","","65","","1.48","11.02","0.77","","","","",""
"2023-03-15","2023074","13:02","9.0","96.7889","22.0","","","4.3","","10.7","99","","64","","1.47","11.02","0.76","","","","",""
"2023-03-15","2023074","13:02","9.0","96.7889","23.0","","","4.3","","10.7","99","","65","","1.48","11.02","0.76","","","","",""
"2023-03-15","2023074","13:02","9.0","96.7889","24.0","","","4.3","","10.7","99","","66","","1.48","11.02","0.77","","","","",""
"2023-03-15","2023074","13:02","9.0","96.7889","25.0","","","4.3","","10.7","99","","66","","1.49","11.02","0.77","","","","",""
"2023-03-15","2023074","13:02","9.0","96.7889","26.0","","","4.4","","10.6","98","","68","","1.51","11.02","0.79","","","","",""
"2023-03-15","2023074","13:02","9.0","96.7889","27.0","","","4.7","","10.2","94","","78","","1.55","11.02","0.82","","","","",""
"2023-03-15","2023074","12:48","10.0","93.5951","1.0","","","3.5","","10.7","98","","54","3.79","1.15","11.00","0.51","","","","",""
"2023-03-15","2023074","12:48","10.0","93.5951","2.0","","","3.9","","10.7","98","","51","","1.23","10.99","0.57","","","","",""
"2023-03-15","2023074","12:48","10.0","93.5951","3.0","","","4.0","","10.6","98","","60","","1.66","10.98","0.91","","","","",""
"2023-03-15","2023074","12:48","10.0","93.5951","4.0","","","4.2","","10.6","98","","67","","1.76","10.97","0.99","","","","",""
"2023-03-15","2023074","12:48","10.0","93.5951","5.0","","","4.3","","10.6","98","","65","","1.76","10.98","0.98","","","","",""
"2023-03-15","2023074","12:48","10.0","93.5951","6.0","","","4.3","","10.6","98","","67","","1.99","10.97","1.17","","","","",""
"2023-03-15","2023074","12:48","10.0","93.5951","7.0","","","4.7","","10.5","97","","81","","2.66","10.96","1.69","","","","",""
"2023-03-15","2023074","12:48","10.0","93.5951","8.0","","","","","10.4","97","","102","","3.38","10.96","2.25","","","","",""
"2023-03-15","2023074","12:48","10.0","93.5951","9.0","","","","","10.4","97","","114","","3.79","10.96","2.57","","","","",""
"2023-03-15","2023074","12:48","10.0","93.5951","10.0","","","","","10.3","97","","121","","4.18","10.96","2.87","","","","",""
"2023-03-15","2023074","12:48","10.0","93.5951","11.0","","","","","10.3","96","","137","","4.85","10.97","3.39","","","","",""
"2023-03-15","2023074","12:48","10.0","93.5951","12.0","","","","","10.2","96","","161","","5.56","10.97","3.94","","","","",""
"2023-03-15","2023074","12:48","10.0","93.5951","13.0","","","","","10.1","96","","169","","6.11","10.98","4.36","","","","",""
"2023-03-15","2023074","12:48","10.0","93.5951","14.0","","","","","10.0","95","","184","","6.77","11.00","4.88","","","","",""
"2023-03-15","2023074","12:48","10.0","93.5951","15.0","","","","","9.9","95","","182","","7.65","11.02","5.56","","","","",""
"2023-03-15","2023074","12:48","10.0","93.5951","16.0","","","","","9.9","95","","179","","8.21","11.03","5.99","","","","",""
"2023-03-15","2023074","12:27","11.0","89.7672","1.0","","","3.0","","10.8","99","","50","2.39","0.43","11.12","","","","","",""
"2023-03-15","2023074","12:27","11.0","89.7672","2.0","","","3.3","","10.7","98","","52","","1.16","10.98","0.52","","","","",""
"2023-03-15","2023074","12:27","11.0","89.7672","3.0","","","3.4","","10.6","98","","54","","1.51","10.95","0.79","","","","",""
"2023-03-15","2023074","12:27","11.0","89.7672","4.0","","","3.2","","10.5","97","","56","","2.60","10.94","1.65","","","","",""
"2023-03-15","2023074","12:27","11.0","89.7672","5.0","","","3.1","","10.3","97","","60","","4.95","10.99","3.47","","","","",""
"2023-03-15","2023074","12:27","11.0","89.7672","6.0","","","3.6","","10.1","96","","95","","6.66","11.02","4.79","","","","",""
"2023-03-15","2023074","12:27","11.0","89.7672","7.0","","","","","10.0","96","","135","","8.25","11.04","6.02","","","","",""
"2023-03-15","2023074","12:27","11.0","89.7672","8.0","","","","","9.8","95","","167","","9.91","11.07","7.31","","","","",""
"2023-03-15","2023074","12:27","11.0","89.7672","9.0","","","","","9.6","94","","187","","11.89","11.09","8.83","","","","",""
"2023-03-15","2023074","12:27","11.0","89.7672","10.0","","","","","9.4","94","","222","","14.88","11.01","11.16","","","","",""
"2023-03-15","2023074","12:27","11.0","89.7672","11.0","","","","","9.3","94","","209","","15.76","10.98","11.85","","","","",""
"2023-03-15","2023074","12:27","11.0","89.7672","12.0","","","","","9.3","93","","207","","16.75","10.95","12.62","","","","",""
"2023-03-15","2023074","12:27","11.0","89.7672","13.0","","","","","9.2","93","","193","","17.34","10.92","13.08","","","","",""
"2023-03-15","2023074","12:27","11.0","89.7672","14.0","","","","","9.1","93","","150","","19.65","10.83","14.88","","","","",""
"2023-03-15","2023074","12:11","12.0","84.4458","1.0","","","3.1","","10.7","98","","51","2.86","1.68","11.00","0.92","","","","",""
"2023-03-15","2023074","12:11","12.0","84.4458","2.0","","","3.3","","10.3","97","","49","","5.81","10.99","4.13","","","","",""
"2023-03-15","2023074","12:11","12.0","84.4458","3.0","","","3.3","","10.0","96","","58","","8.30","11.04","6.06","","","","",""
"2023-03-15","2023074","12:11","12.0","84.4458","4.0","","","3.5","","9.7","95","","61","","11.62","11.07","8.63","","","","",""
"2023-03-15","2023074","12:11","12.0","84.4458","5.0","","","3.0","","9.5","95","","60","","14.33","11.04","10.73","","","","",""
"2023-03-15","2023074","12:11","12.0","84.4458","6.0","","","2.1","","9.3","94","","54","","16.36","10.99","12.30","","","","",""
"2023-03-15","2023074","12:11","12.0","84.4458","7.0","","","1.9","","9.2","94","","52","","17.60","10.93","13.28","","","","",""
"2023-03-15","2023074","12:11","12.0","84.4458","8.0","","","1.1","","9.1","93","","50","","19.88","10.79","15.06","","","","",""
"2023-03-15","2023074","11:50","13.0","78.5444","1.0","","","3.9","","10.4","98","","39","2.63","3.91","11.36","2.62","","","","",""
"2023-03-15","2023074","11:50","13.0","78.5444","2.0","3.3","0.72","3.9","","10.4","98","28.4","42","","4.06","11.42","2.73","0.50","36.41","4.85","2.25","243.90"
"2023-03-15","2023074","11:50","13.0","78.5444","3.0","","","4.7","","10.3","98","","44","","4.26","11.51","2.87","","","","",""
"2023-03-15","2023074","11:50","13.0","78.5444","4.0","","","5.0","","10.4","99","","45","","4.95","11.65","3.39","","","","",""
"2023-03-15","2023074","11:50","13.0","78.5444","5.0","","","4.8","","10.1","97","","44","","6.16","11.81","4.30","","","","",""
"2023-03-15","2023074","11:50","13.0","78.5444","6.0","","","6.1","","9.6","95","","46","","7.61","12.60","5.32","","","","",""
"2023-03-15","2023074","11:50","13.0","78.5444","7.0","","","6.7","","9.5","94","","48","","9.00","12.13","6.46","","","","",""
"2023-03-15","2023074","11:50","13.0","78.5444","8.0","","","4.6","","9.2","94","","38","","19.30","10.94","14.59","","","","",""
"2023-03-15","2023074","11:50","13.0","78.5444","9.0","3.5","0.66","3.5","","9.0","94","37.1","37","","24.32","10.67","18.52","","","","",""
"2023-03-15","2023074","11:35","14.0","74.4288","1.0","","","4.3","","10.6","99","","31","2.45","3.32","11.06","2.19","","","","",""
"2023-03-15","2023074","11:35","14.0","74.4288","2.0","","","4.4","","10.6","99","","30","","3.55","11.06","2.37","","","","",""
"2023-03-15","2023074","11:35","14.0","74.4288","3.0","","","3.5","","10.6","100","","31","","4.27","11.14","2.92","","","","",""
"2023-03-15","2023074","11:35","14.0","74.4288","4.0","","","3.5","","10.3","99","","33","","6.27","11.40","4.45","","","","",""
"2023-03-15","2023074","11:35","14.0","74.4288","5.0","","","3.8","","9.8","96","","31","","7.68","12.02","5.45","","","","",""
"2023-03-15","2023074","11:35","14.0","74.4288","6.0","","","4.2","","9.6","96","","30","","11.97","11.60","8.83","","","","",""
"2023-03-15","2023074","11:35","14.0","74.4288","7.0","","","2.2","","9.2","96","","19","","20.75","10.91","15.72","","","","",""
"2023-03-15","2023074","11:35","14.0","74.4288","8.0","","","1.2","","9.1","95","","14","","22.46","10.80","17.06","","","","",""
"2023-03-15","2023074","11:35","14.0","74.4288","9.0","","","1.2","","9.0","94","","15","","23.37","10.74","17.78","","","","",""
"2023-03-15","2023074","11:35","14.0","74.4288","10.0","","","1.1","","9.0","94","","17","","23.73","10.72","18.06","","","","",""
"2023-03-15","2023074","11:35","14.0","74.4288","11.0","","","1.1","","9.0","95","","18","","24.43","10.70","18.61","","","","",""
"2023-03-15","2023074","11:35","14.0","74.4288","12.0","","","1.1","","8.9","95","","18","","26.01","10.66","19.84","","","","",""
"2023-03-15","2023074","11:35","14.0","74.4288","13.0","","","1.1","","8.9","95","","23","","26.09","10.66","19.90","","","","",""
"2023-03-15","2023074","11:35","14.0","74.4288","14.0","","","1.2","","8.9","95","","26","","26.10","10.66","19.91","","","","",""
"2023-03-15","2023074","11:35","14.0","74.4288","15.0","","","1.1","","8.9","95","","25","","26.09","10.66","19.91","","","","",""
"2023-03-15","2023074","11:35","14.0","74.4288","16.0","","","1.1","","8.9","95","","25","","26.10","10.66","19.91","","","","",""
"2023-03-15","2023074","11:16","15.0","69.9895","1.0","","","3.8","","10.5","101","","35","2.75","6.14","11.41","4.34","","","","",""
"2023-03-15","2023074","11:16","15.0","69.9895","2.0","4.6","0.83","4.2","","10.4","100","26.4","32","","6.91","11.58","4.92","0.56","36.98","5.14","2.36","237.13"
"2023-03-15","2023074","11:16","15.0","69.9895","3.0","","","3.9","","10.3","100","","31","","7.08","11.58","5.04","","","","",""
"2023-03-15","2023074","11:16","15.0","69.9895","4.0","","","3.5","","10.3","99","","31","","7.27","11.40","5.22","","","","",""
"2023-03-15","2023074","11:16","15.0","69.9895","5.0","","","3.4","","10.3","99","","32","","7.32","11.36","5.26","","","","",""
"2023-03-15","2023074","11:16","15.0","69.9895","6.0","","","3.4","","10.2","99","","31","","7.35","11.35","5.28","","","","",""
"2023-03-15","2023074","11:16","15.0","69.9895","7.0","","","3.0","","10.0","97","","30","","9.17","11.29","6.70","","","","",""
"2023-03-15","2023074","11:16","15.0","69.9895","8.0","","","2.5","","9.8","97","","27","","10.26","11.44","7.53","","","","",""
"2023-03-15","2023074","11:16","15.0","69.9895","9.0","","","2.5","","9.7","96","","29","","10.58","11.53","7.76","","","","",""
"2023-03-15","2023074","11:16","15.0","69.9895","10.0","","","2.6","","9.7","95","","31","","10.76","11.51","7.90","","","","",""
"2023-03-15","2023074","11:16","15.0","69.9895","11.0","","","2.5","","9.6","95","","31","","11.78","11.38","8.71","","","","",""
"2023-03-15","2023074","11:16","15.0","69.9895","12.0","","","2.2","","9.6","95","","27","","13.41","11.22","10.00","","","","",""
"2023-03-15","2023074","11:16","15.0","69.9895","13.0","","","1.9","","9.6","96","","21","","14.74","11.13","11.03","","","","",""
"2023-03-15","2023074","11:16","15.0","69.9895","14.0","","","1.7","","9.4","96","","19","","18.33","11.03","13.83","","","","",""
"2023-03-15","2023074","11:16","15.0","69.9895","15.0","","","1.3","","9.2","96","","20","","22.04","10.92","16.72","","","","",""
"2023-03-15","2023074","11:16","15.0","69.9895","16.0","","","1.6","","9.2","96","","27","","22.42","10.89","17.02","","","","",""
"2023-03-15","2023074","11:16","15.0","69.9895","17.0","","","2.0","","9.2","96","","34","","22.97","10.86","17.45","","","","",""
"2023-03-15","2023074","11:16","15.0","69.9895","18.0","","","2.3","","9.2","96","","44","","23.09","10.85","17.55","","","","",""
"2023-03-15","2023074","11:16","15.0","69.9895","19.0","","","2.3","","9.2","96","","50","","23.32","10.83","17.73","","","","",""
"2023-03-15","2023074","11:16","15.0","69.9895","20.0","","","2.7","","9.1","96","","57","","23.58","10.81","17.93","","","","",""
"2023-03-15","2023074","11:16","15.0","69.9895","21.0","","","3.1","","9.1","96","","67","","24.09","10.78","18.34","","","","",""
"2023-03-15","2023074","11:16","15.0","69.9895","22.0","","","3.4","","9.1","96","","85","","24.36","10.76","18.54","","","","",""
"2023-03-15","2023074","11:16","15.0","69.9895","23.0","","","4.0","","9.1","95","","103","","24.54","10.74","18.68","","","","",""
"2023-03-15","2023074","11:16","15.0","69.9895","24.0","5.0","0.39","4.8","","9.1","95","","124","","24.59","10.74","18.72","","","","",""
"2023-03-15","2023074","10:53","16.0","63.0794","1.0","","","2.6","","10.1","98","","22","1.37","8.62","11.22","6.29","","","","",""
"2023-03-15","2023074","10:53","16.0","63.0794","2.0","","","2.4","","9.8","96","","19","","11.74","11.21","8.70","","","","",""
"2023-03-15","2023074","10:53","16.0","63.0794","3.0","","","1.8","","9.5","96","","15","","15.71","11.11","11.79","","","","",""
"2023-03-15","2023074","10:53","16.0","63.0794","4.0","","","1.4","","9.4","96","","14","","19.47","10.98","14.72","","","","",""
"2023-03-15","2023074","10:53","16.0","63.0794","5.0","","","1.3","","9.2","97","","11","","23.06","10.86","17.52","","","","",""
"2023-03-15","2023074","10:53","16.0","63.0794","6.0","","","1.5","","9.2","98","","10","","26.04","10.79","19.84","","","","",""
"2023-03-15","2023074","10:53","16.0","63.0794","7.0","","","1.5","","9.1","98","","11","","27.13","10.79","20.69","","","","",""
"2023-03-15","2023074","10:53","16.0","63.0794","8.0","","","1.5","","9.1","98","","11","","27.68","10.79","21.12","","","","",""
"2023-03-15","2023074","10:53","16.0","63.0794","9.0","","","1.4","","9.1","99","","11","","28.34","10.79","21.63","","","","",""
"2023-03-15","2023074","10:53","16.0","63.0794","10.0","","","1.0","","9.2","99","","12","","28.64","10.80","21.86","","","","",""
"2023-03-15","2023074","10:53","16.0","63.0794","11.0","","","1.0","","9.2","99","","12","","28.91","10.81","22.07","","","","",""
"2023-03-15","2023074","10:53","16.0","63.0794","12.0","","","0.9","","9.2","100","","12","","29.16","10.82","22.27","","","","",""
"2023-03-15","2023074","10:53","16.0","63.0794","13.0","","","1.0","","9.2","100","","12","","29.65","10.84","22.64","","","","",""
"2023-03-15","2023074","10:35","17.0","58.8909","1.0","","","2.3","","10.1","98","","15","1.59","10.47","10.94","7.75","","","","",""
"2023-03-15","2023074","10:35","17.0","58.8909","2.0","2.5","0.75","2.6","","10.1","98","","14","","10.96","10.84","8.14","","","","",""
"2023-03-15","2023074","10:35","17.0","58.8909","3.0","","","2.5","","9.9","98","","13","","12.23","10.99","9.11","","","","",""
"2023-03-15","2023074","10:35","17.0","58.8909","4.0","","","2.1","","9.8","97","","12","","13.62","11.21","10.16","","","","",""
"2023-03-15","2023074","10:35","17.0","58.8909","5.0","","","1.6","","9.6","97","","11","","15.78","11.15","11.83","","","","",""
"2023-03-15","2023074","10:35","17.0","58.8909","6.0","","","1.4","","9.6","97","","11","","16.47","11.12","12.37","","","","",""
"2023-03-15","2023074","10:35","17.0","58.8909","7.0","","","1.5","","9.6","98","","10","","18.16","11.05","13.69","","","","",""
"2023-03-15","2023074","10:35","17.0","58.8909","8.0","","","1.5","","9.5","98","","10","","19.51","11.03","14.74","","","","",""
"2023-03-15","2023074","10:35","17.0","58.8909","9.0","","","1.5","","9.4","98","","9","","21.27","11.01","16.10","","","","",""
"2023-03-15","2023074","10:35","17.0","58.8909","10.0","","","1.3","","9.3","98","","10","","22.41","10.99","16.99","","","","",""
"2023-03-15","2023074","10:35","17.0","58.8909","11.0","","","1.5","","9.2","98","","12","","24.72","10.95","18.79","","","","",""
"2023-03-15","2023074","10:14","18.0","54.9481","1.0","","","1.8","","9.8","98","","12","0.66","15.62","11.10","11.71","","","","",""
"2023-03-15","2023074","10:14","18.0","54.9481","2.0","2.2","0.80","1.8","","9.7","99","9.8","10","","17.65","11.13","13.29","0.55","32.48","4.78","2.43","186.57"
"2023-03-15","2023074","10:14","18.0","54.9481","3.0","","","1.7","","9.6","98","","9","","18.38","11.15","13.85","","","","",""
"2023-03-15","2023074","10:14","18.0","54.9481","4.0","","","1.6","","9.6","98","","9","","19.01","11.16","14.33","","","","",""
"2023-03-15","2023074","10:14","18.0","54.9481","5.0","","","1.4","","9.5","98","","10","","19.28","11.16","14.55","","","","",""
"2023-03-15","2023074","10:14","18.0","54.9481","6.0","","","1.3","","9.5","98","","10","","19.40","11.16","14.63","","","","",""
"2023-03-15","2023074","10:14","18.0","54.9481","7.0","","","1.2","","9.5","98","","10","","19.72","11.16","14.88","","","","",""
"2023-03-15","2023074","10:14","18.0","54.9481","8.0","","","1.1","","9.4","97","","11","","20.65","11.16","15.60","","","","",""
"2023-03-15","2023074","10:14","18.0","54.9481","9.0","","","1.1","","9.3","97","","12","","21.47","11.15","16.24","","","","",""
"2023-03-15","2023074","10:14","18.0","54.9481","10.0","","","1.0","","9.2","97","","12","","22.15","11.13","16.77","","","","",""
"2023-03-15","2023074","10:14","18.0","54.9481","11.0","","","1.0","","9.2","97","","13","","23.19","11.10","17.58","","","","",""
"2023-03-15","2023074","10:14","18.0","54.9481","12.0","","","1.0","","9.1","97","","14","","23.99","11.08","18.20","","","","",""
"2023-03-15","2023074","10:14","18.0","54.9481","13.0","","","1.0","","9.1","96","","16","","24.18","11.08","18.36","","","","",""
"2023-03-15","2023074","10:14","18.0","54.9481","14.0","","","1.1","","9.1","96","","16","","24.27","11.07","18.42","","","","",""
"2023-03-15","2023074","10:14","18.0","54.9481","15.0","","","0.9","","9.1","96","","17","","24.82","11.05","18.86","","","","",""
"2023-03-15","2023074","10:14","18.0","54.9481","16.0","","","0.8","","9.1","97","","18","","25.66","11.02","19.51","","","","",""
"2023-03-15","2023074","10:14","18.0","54.9481","17.0","","","0.8","","9.1","97","","18","","25.88","11.01","19.68","","","","",""
"2023-03-15","2023074","10:14","18.0","54.9481","18.0","","","0.9","","9.1","97","","17","","26.01","10.99","19.79","","","","",""
"2023-03-15","2023074","10:14","18.0","54.9481","19.0","","","0.8","","9.1","98","","16","","26.39","10.98","20.09","","","","",""
"2023-03-15","2023074","10:14","18.0","54.9481","20.0","","","0.7","","9.2","99","","13","","26.74","10.97","20.36","","","","",""
"2023-03-15","2023074","10:14","18.0","54.9481","21.0","","","0.6","","9.2","99","","10","","27.45","10.96","20.91","","","","",""
"2023-03-15","2023074","10:14","18.0","54.9481","22.0","","","0.6","","9.3","101","","9","","29.13","10.96","22.22","","","","",""
"2023-03-15","2023074","10:14","18.0","54.9481","23.0","","","1.1","","9.2","103","","9","","31.71","11.07","24.20","","","","",""
"2023-03-15","2023074","10:14","18.0","54.9481","24.0","","","2.5","","9.3","103","","13","","32.06","11.10","24.47","","","","",""
"2023-03-15","2023074","10:14","18.0","54.9481","25.0","","","2.6","","9.3","103","","12","","32.05","11.10","24.47","","","","",""
"2023-03-15","2023074","10:14","18.0","54.9481","26.0","","","2.4","","9.3","103","","13","","32.06","11.10","24.47","","","","",""
"2023-03-15","2023074","10:14","18.0","54.9481","27.0","","","2.2","","9.3","103","","13","","32.07","11.10","24.48","","","","",""
"2023-03-15","2023074","10:14","18.0","54.9481","28.0","","","2.3","","9.3","103","","13","","32.11","11.11","24.51","","","","",""
"2023-03-15","2023074","10:14","18.0","54.9481","29.0","","","2.1","","9.3","103","","13","","32.13","11.11","24.52","","","","",""
"2023-03-15","2023074","10:14","18.0","54.9481","30.0","","","2.9","","9.3","103","","13","","32.16","11.11","24.54","","","","",""
"2023-03-15","2023074","10:14","18.0","54.9481","31.0","","","2.6","","9.3","104","","13","","32.17","11.12","24.56","","","","",""
"2023-03-15","2023074","10:14","18.0","54.9481","32.0","","","2.4","","9.3","103","","12","","32.22","11.12","24.59","","","","",""
"2023-03-15","2023074","10:14","18.0","54.9481","33.0","","","2.5","","9.3","104","","12","","32.23","11.12","24.60","","","","",""
"2023-03-15","2023074","10:14","18.0","54.9481","34.0","","","2.5","","9.3","104","","12","","32.26","11.13","24.62","","","","",""
"2023-03-15","2023074","10:14","18.0","54.9481","35.0","","","2.7","","9.3","104","17.8","12","","32.29","11.13","24.64","","","","",""
"2023-03-15","2023074","10:14","18.0","54.9481","36.0","","","2.4","","9.3","104","","11","","32.33","11.13","24.67","","","","",""
"2023-03-15","2023074","10:14","18.0","54.9481","37.0","","","2.2","","9.3","104","","10","","32.37","11.14","24.70","","","","",""
"2023-03-15","2023074","10:14","18.0","54.9481","38.0","","","2.4","","9.3","104","","9","","32.40","11.14","24.73","","","","",""
"2023-03-15","2023074","10:14","18.0","54.9481","39.0","","","2.3","","9.3","104","","9","","32.41","11.14","24.74","","","","",""
"2023-03-15","2023074","10:14","18.0","54.9481","40.0","","","2.3","","9.3","104","","8","","32.43","11.14","24.75","","","","",""
"2023-03-15","2023074","10:14","18.0","54.9481","41.0","","","2.4","","9.3","104","","9","","32.48","11.15","24.79","","","","",""
"2023-03-15","2023074","10:14","18.0","54.9481","42.0","","","2.4","","9.3","104","","9","","32.49","11.15","24.80","","","","",""
"2023-03-15","2023074","10:01","20.0","51.4501","1.0","","","3.2","","9.4","98","","9","0.97","20.91","11.31","15.78","","","","",""
"2023-03-15","2023074","10:01","20.0","51.4501","2.0","3.6","0.79","3.4","","9.2","98","","8","","23.13","11.23","17.52","","","","",""
"2023-03-15","2023074","10:01","20.0","51.4501","3.0","","","3.5","","9.2","97","","7","","23.46","11.20","17.77","","","","",""
"2023-03-15","2023074","10:01","20.0","51.4501","4.0","","","3.4","","9.2","97","","8","","23.63","11.19","17.91","","","","",""
"2023-03-15","2023074","10:01","20.0","51.4501","5.0","","","3.3","","9.2","98","","8","","24.37","11.14","18.49","","","","",""
"2023-03-15","2023074","10:01","20.0","51.4501","6.0","","","3.5","","9.2","98","","7","","25.18","11.08","19.13","","","","",""
"2023-03-15","2023074","10:01","20.0","51.4501","7.0","","","3.7","","9.2","99","","7","","25.86","11.02","19.67","","","","",""
"2023-03-15","2023074","10:01","20.0","51.4501","8.0","","","3.8","","9.2","99","","7","","26.11","11.01","19.86","","","","",""
"2023-03-15","2023074","10:01","20.0","51.4501","9.0","","","3.7","","9.2","99","","7","","26.45","11.00","20.13","","","","",""
"2023-03-15","2023074","10:01","20.0","51.4501","10.0","","","3.7","","9.2","100","","7","","27.37","10.95","20.85","","","","",""
"2023-03-15","2023074","10:01","20.0","51.4501","11.0","","","4.1","","9.2","100","","7","","27.62","10.95","21.04","","","","",""
"2023-03-15","2023074","10:01","20.0","51.4501","12.0","","","3.9","","9.2","100","","7","","27.72","10.95","21.12","","","","",""
"2023-03-15","2023074","10:01","20.0","51.4501","13.0","","","4.0","","9.3","100","","7","","27.98","10.96","21.32","","","","",""
"2023-03-15","2023074","10:01","20.0","51.4501","14.0","","","3.7","","9.2","100","","7","","28.40","10.96","21.65","","","","",""
"2023-03-15","2023074","10:01","20.0","51.4501","15.0","","","3.7","","9.3","101","","7","","28.68","10.97","21.86","","","","",""
"2023-03-15","2023074","10:01","20.0","51.4501","16.0","","","3.5","","9.2","101","","7","","29.12","10.98","22.21","","","","",""
"2023-03-15","2023074","10:01","20.0","51.4501","17.0","","","3.5","","9.2","101","","8","","29.46","10.98","22.47","","","","",""
"2023-03-15","2023074","10:01","20.0","51.4501","18.0","","","3.5","","9.2","101","","8","","29.66","10.97","22.63","","","","",""
"2023-03-15","2023074","10:01","20.0","51.4501","19.0","","","3.5","","9.2","101","","9","","29.68","10.97","22.64","","","","",""
"2023-03-15","2023074","10:01","20.0","51.4501","20.0","","","3.5","","9.2","101","","9","","29.69","10.97","22.65","","","","",""
"2023-03-15","2023074","10:01","20.0","51.4501","21.0","","","3.4","","9.2","101","","9","","29.69","10.97","22.65","","","","",""
"2023-03-15","2023074","10:01","20.0","51.4501","22.0","","","3.5","","9.2","101","","9","","29.68","10.97","22.64","","","","",""
"2023-03-15","2023074","10:01","20.0","51.4501","23.0","","","3.4","","9.2","101","","9","","29.68","10.97","22.64","","","","",""
"2023-03-15","2023074","10:01","20.0","51.4501","24.0","","","3.5","","9.2","101","","9","","29.73","10.97","22.68","","","","",""
"2023-03-15","2023074","9:48","21.0","46.6266","1.0","","","4.7","","9.5","99","","15","1.41","18.73","11.89","14.01","","","","",""
"2023-03-15","2023074","9:48","21.0","46.6266","2.0","5.7","0.87","4.9","","9.5","99","","12","","19.93","11.46","15.00","","","","",""
"2023-03-15","2023074","9:48","21.0","46.6266","3.0","","","4.4","","9.4","98","","11","","20.22","11.44","15.23","","","","",""
"2023-03-15","2023074","9:48","21.0","46.6266","4.0","","","3.9","","9.4","98","","11","","20.84","11.33","15.73","","","","",""
"2023-03-15","2023074","9:48","21.0","46.6266","5.0","","","3.5","","9.2","97","","10","","22.58","11.27","17.08","","","","",""
"2023-03-15","2023074","9:48","21.0","46.6266","6.0","","","3.3","","9.2","97","","10","","23.40","11.30","17.71","","","","",""
"2023-03-15","2023074","9:48","21.0","46.6266","7.0","","","3.3","","9.1","97","","10","","23.52","11.25","17.82","","","","",""
"2023-03-15","2023074","9:48","21.0","46.6266","8.0","","","3.2","","9.1","97","","10","","23.79","11.17","18.04","","","","",""
"2023-03-15","2023074","9:48","21.0","46.6266","9.0","","","3.1","","9.1","96","","10","","24.07","11.13","18.26","","","","",""
"2023-03-15","2023074","9:48","21.0","46.6266","10.0","","","3.1","","9.1","96","","10","","24.27","11.12","18.42","","","","",""
"2023-03-15","2023074","9:48","21.0","46.6266","11.0","","","3.0","","9.0","96","","10","","24.88","11.07","18.90","","","","",""
"2023-03-15","2023074","9:48","21.0","46.6266","12.0","","","3.1","","9.1","97","","10","","25.60","10.98","19.47","","","","",""
"2023-03-15","2023074","9:48","21.0","46.6266","13.0","","","3.1","","9.1","98","","10","","26.94","10.90","20.53","","","","",""
"2023-03-15","2023074","9:48","21.0","46.6266","14.0","","","3.5","","9.1","99","","11","","28.25","10.89","21.55","","","","",""
"2023-03-15","2023074","9:48","21.0","46.6266","15.0","","","3.6","","9.2","100","","11","","28.69","10.89","21.89","","","","",""
"2023-03-15","2023074","9:48","21.0","46.6266","16.0","","","3.7","","9.2","100","","11","","28.97","10.89","22.11","","","","",""
"2023-03-15","2023074","9:48","21.0","46.6266","17.0","","","4.1","","9.2","100","","12","","29.20","10.90","22.28","","","","",""
"2023-03-15","2023074","9:48","21.0","46.6266","18.0","","","4.0","","9.2","101","","13","","29.32","10.90","22.38","","","","",""
"2023-03-15","2023074","9:48","21.0","46.6266","19.0","","","3.9","","9.2","101","","14","","29.34","10.90","22.39","","","","",""
"2023-03-15","2023074","9:39","22.0","43.9210","1.0","","","3.6","","9.6","99","","10","1.12","19.56","11.28","14.74","","","","",""
"2023-03-15","2023074","9:39","22.0","43.9210","2.0","4.2","0.85","4.2","","9.4","98","7.8","10","","20.87","11.29","15.75","0.74","24.49","6.50","2.49","125.69"
"2023-03-15","2023074","9:39","22.0","43.9210","3.0","","","3.8","","9.3","98","","10","","22.49","11.39","16.99","","","","",""
"2023-03-15","2023074","9:39","22.0","43.9210","4.0","","","3.7","","9.2","98","","10","","22.83","11.45","17.25","","","","",""
"2023-03-15","2023074","9:39","22.0","43.9210","5.0","","","3.4","","9.2","97","","10","","23.03","11.53","17.39","","","","",""
"2023-03-15","2023074","9:39","22.0","43.9210","6.0","","","3.4","","9.1","97","","10","","23.28","11.43","17.60","","","","",""
"2023-03-15","2023074","9:39","22.0","43.9210","7.0","","","3.3","","9.1","97","","10","","23.64","11.30","17.90","","","","",""
"2023-03-15","2023074","9:39","22.0","43.9210","8.0","","","3.3","","9.1","96","","10","","23.91","11.20","18.13","","","","",""
"2023-03-15","2023074","9:39","22.0","43.9210","9.0","","","3.2","","9.1","96","","10","","24.31","11.12","18.45","","","","",""
"2023-03-15","2023074","9:39","22.0","43.9210","10.0","","","3.3","","9.0","96","","9","","24.66","11.09","18.73","","","","",""
"2023-03-15","2023074","9:39","22.0","43.9210","11.0","","","3.2","","9.0","96","","10","","25.29","11.01","19.23","","","","",""
"2023-03-15","2023074","9:39","22.0","43.9210","12.0","","","3.4","","9.0","96","","9","","25.80","10.95","19.63","","","","",""
"2023-03-15","2023074","9:39","22.0","43.9210","13.0","","","3.3","","9.0","96","","10","","25.96","10.93","19.76","","","","",""
"2023-03-15","2023074","9:39","22.0","43.9210","14.0","","","3.2","","9.0","96","","10","","26.33","10.90","20.05","","","","",""
"2023-03-15","2023074","9:39","22.0","43.9210","15.0","","","3.2","","9.1","97","","10","","26.62","10.88","20.28","","","","",""
"2023-03-15","2023074","9:39","22.0","43.9210","16.0","","","3.5","","9.2","99","","10","","27.68","10.86","21.11","","","","",""
"2023-03-15","2023074","9:39","22.0","43.9210","17.0","","","3.7","","9.2","100","","9","","29.12","10.89","22.22","","","","",""
"2023-03-15","2023074","9:39","22.0","43.9210","18.0","","","3.6","","9.2","100","","8","","29.45","10.89","22.48","","","","",""
"2023-03-15","2023074","9:39","22.0","43.9210","19.0","5.1","0.78","3.5","","9.2","101","6.3","8","","29.51","10.89","22.52","","","","",""
"2023-03-15","2023074","9:27","23.0","39.6557","1.0","","","5.5","","9.4","98","","16","1.12","17.86","12.00","13.32","","","","",""
"2023-03-15","2023074","9:27","23.0","39.6557","2.0","","","4.7","","9.4","98","","12","","20.33","11.28","15.34","","","","",""
"2023-03-15","2023074","9:27","23.0","39.6557","3.0","","","3.8","","9.3","98","","11","","21.43","11.45","16.16","","","","",""
"2023-03-15","2023074","9:27","23.0","39.6557","4.0","","","3.7","","9.2","98","","11","","21.64","11.55","16.31","","","","",""
"2023-03-15","2023074","9:27","23.0","39.6557","5.0","","","3.5","","9.2","97","","11","","21.70","11.56","16.36","","","","",""
"2023-03-15","2023074","9:27","23.0","39.6557","6.0","","","3.5","","9.2","98","","11","","21.78","11.55","16.42","","","","",""
"2023-03-15","2023074","9:27","23.0","39.6557","7.0","","","3.4","","9.2","98","","11","","22.55","11.46","17.03","","","","",""
"2023-03-15","2023074","9:27","23.0","39.6557","8.0","","","3.2","","9.2","98","","10","","22.96","11.42","17.35","","","","",""
"2023-03-15","2023074","9:27","23.0","39.6557","9.0","","","3.1","","9.2","98","","10","","23.01","11.42","17.39","","","","",""
"2023-03-15","2023074","9:27","23.0","39.6557","10.0","","","3.1","","9.2","97","","10","","23.17","11.38","17.52","","","","",""
"2023-03-15","2023074","9:27","23.0","39.6557","11.0","","","3.0","","9.0","96","","11","","23.69","11.32","17.94","","","","",""
"2023-03-15","2023074","9:27","23.0","39.6557","12.0","","","3.0","","8.9","95","","12","","24.25","11.22","18.39","","","","",""
"2023-03-15","2023074","9:27","23.0","39.6557","13.0","","","3.0","","8.9","94","","13","","24.45","11.17","18.55","","","","",""
"2023-03-15","2023074","9:27","23.0","39.6557","14.0","","","3.0","","8.8","94","","13","","24.65","11.12","18.71","","","","",""
"2023-03-15","2023074","9:27","23.0","39.6557","15.0","","","2.9","","8.8","94","","15","","24.74","11.09","18.79","","","","",""
"2023-03-15","2023074","9:27","23.0","39.6557","16.0","","","3.1","","8.8","94","","16","","24.80","11.08","18.84","","","","",""
"2023-03-15","2023074","9:16","24.0","37.0911","1.0","","","3.8","","9.5","98","","13","0.96","19.83","11.19","14.97","","","","",""
"2023-03-15","2023074","9:16","24.0","37.0911","2.0","3.6","0.80","3.4","","9.5","99","8.6","11","","20.34","11.12","15.37","0.99","36.70","6.43","3.20","115.01"
"2023-03-15","2023074","9:16","24.0","37.0911","3.0","","","3.6","","9.5","99","","10","","20.55","11.17","15.52","","","","",""
"2023-03-15","2023074","9:16","24.0","37.0911","4.0","","","3.5","","9.4","98","","10","","20.91","11.30","15.79","","","","",""
"2023-03-15","2023074","9:16","24.0","37.0911","5.0","","","3.6","","9.2","97","","11","","21.64","11.50","16.32","","","","",""
"2023-03-15","2023074","9:16","24.0","37.0911","6.0","","","3.5","","9.2","97","","11","","22.57","11.54","17.03","","","","",""
"2023-03-15","2023074","9:16","24.0","37.0911","7.0","","","3.3","","9.2","97","","11","","22.99","11.45","17.37","","","","",""
"2023-03-15","2023074","9:16","24.0","37.0911","8.0","","","3.1","","9.0","95","","10","","23.56","11.29","17.84","","","","",""
"2023-03-15","2023074","9:16","24.0","37.0911","9.0","","","3.0","","8.8","94","","12","","24.17","11.23","18.32","","","","",""
"2023-03-15","2023074","9:16","24.0","37.0911","10.0","2.4","0.60","2.8","","8.7","93","14.8","13","","24.56","11.17","18.64","","","","",""
"2023-03-15","2023074","9:05","25.0","32.8382","1.0","","","4.4","","9.2","97","","13","1.26","21.21","11.73","15.95","","","","",""
"2023-03-15","2023074","9:05","25.0","32.8382","2.0","","","4.1","","9.2","98","","12","","22.74","11.59","17.16","","","","",""
"2023-03-15","2023074","9:05","25.0","32.8382","3.0","","","3.7","","9.2","98","","11","","23.02","11.60","17.37","","","","",""
"2023-03-15","2023074","9:05","25.0","32.8382","4.0","","","3.5","","9.2","98","","11","","23.13","11.48","17.48","","","","",""
"2023-03-15","2023074","9:05","25.0","32.8382","5.0","","","3.3","","9.2","97","","11","","23.21","11.43","17.55","","","","",""
"2023-03-15","2023074","9:05","25.0","32.8382","6.0","","","3.1","","9.1","97","","10","","23.52","11.40","17.79","","","","",""
"2023-03-15","2023074","9:05","25.0","32.8382","7.0","","","3.2","","9.1","96","","11","","23.67","11.38","17.91","","","","",""
"2023-03-15","2023074","9:05","25.0","32.8382","8.0","","","3.1","","9.0","96","","13","","23.75","11.37","17.97","","","","",""
"2023-03-15","2023074","8:53","26.0","28.7560","1.0","","","3.6","","9.2","99","","10","1.00","23.11","12.05","17.37","","","","",""
"2023-03-15","2023074","8:53","26.0","28.7560","2.0","","","4.0","","9.2","99","","10","","23.12","12.06","17.37","","","","",""
"2023-03-15","2023074","8:53","26.0","28.7560","3.0","","","3.9","","9.2","99","","11","","23.15","12.10","17.39","","","","",""
"2023-03-15","2023074","8:53","26.0","28.7560","4.0","","","3.8","","9.2","99","","11","","23.17","12.13","17.40","","","","",""
"2023-03-15","2023074","8:53","26.0","28.7560","5.0","","","3.7","","9.2","99","","11","","23.17","12.15","17.40","","","","",""
"2023-03-15","2023074","8:53","26.0","28.7560","6.0","","","3.7","","9.2","99","","11","","23.18","12.17","17.40","","","","",""
"2023-03-15","2023074","8:53","26.0","28.7560","7.0","","","3.7","","9.2","99","","11","","23.19","12.18","17.40","","","","",""
"2023-03-15","2023074","8:53","26.0","28.7560","8.0","","","3.7","","9.1","99","","11","","23.21","12.23","17.42","","","","",""
"2023-03-15","2023074","8:53","26.0","28.7560","9.0","","","3.8","","9.1","98","","11","","23.32","12.10","17.52","","","","",""
"2023-03-15","2023074","8:53","26.0","28.7560","10.0","","","3.7","","9.1","98","","13","","23.41","11.97","17.61","","","","",""
"2023-03-15","2023074","8:53","26.0","28.7560","11.0","","","3.7","","9.1","98","","14","","23.43","11.93","17.63","","","","",""
"2023-03-15","2023074","8:43","27.0","26.1872","1.0","","","4.0","","9.3","100","","10","1.04","22.97","12.04","17.26","","","","",""
"2023-03-15","2023074","8:43","27.0","26.1872","2.0","4.7","0.87","4.1","","9.3","100","7.3","10","","22.97","12.04","17.26","0.96","33.48","6.00","3.01","82.96"
"2023-03-15","2023074","8:43","27.0","26.1872","3.0","","","3.9","","9.3","100","","10","","22.97","12.05","17.26","","","","",""
"2023-03-15","2023074","8:43","27.0","26.1872","4.0","","","3.7","","9.3","100","","11","","22.99","12.06","17.28","","","","",""
"2023-03-15","2023074","8:43","27.0","26.1872","5.0","","","3.5","","9.3","100","","11","","23.00","12.06","17.28","","","","",""
"2023-03-15","2023074","8:43","27.0","26.1872","6.0","","","3.5","","9.3","100","","10","","23.05","12.13","17.31","","","","",""
"2023-03-15","2023074","8:43","27.0","26.1872","7.0","","","3.6","","9.2","100","","11","","23.14","12.25","17.36","","","","",""
"2023-03-15","2023074","8:43","27.0","26.1872","8.0","","","3.5","","9.2","100","","12","","23.16","12.28","17.37","","","","",""
"2023-03-15","2023074","8:43","27.0","26.1872","9.0","","","3.5","","9.2","100","","13","","23.18","12.31","17.38","","","","",""
"2023-03-15","2023074","8:43","27.0","26.1872","10.0","","","3.5","","9.2","99","","14","","23.19","12.33","17.38","","","","",""
"2023-03-15","2023074","8:43","27.0","26.1872","11.0","3.6","0.72","3.5","","9.2","99","23.1","16","","23.19","12.33","17.38","","","","",""
"2023-03-15","2023074","8:31","28.0","23.5695","1.0","","","4.1","","9.2","99","","11","1.06","22.75","12.08","17.08","","","","",""
"2023-03-15","2023074","8:31","28.0","23.5695","2.0","","","4.1","","9.2","99","","11","","22.75","12.08","17.08","","","","",""
"2023-03-15","2023074","8:31","28.0","23.5695","3.0","","","4.0","","9.2","99","","11","","22.75","12.08","17.08","","","","",""
"2023-03-15","2023074","8:31","28.0","23.5695","4.0","","","4.0","","9.2","99","","11","","22.75","12.08","17.08","","","","",""
"2023-03-15","2023074","8:31","28.0","23.5695","5.0","","","3.9","","9.2","99","","11","","22.82","12.15","17.12","","","","",""
"2023-03-15","2023074","8:31","28.0","23.5695","6.0","","","3.8","","9.2","99","","11","","22.96","12.21","17.22","","","","",""
"2023-03-15","2023074","8:31","28.0","23.5695","7.0","","","3.8","","9.2","99","","11","","23.00","12.20","17.25","","","","",""
"2023-03-15","2023074","8:31","28.0","23.5695","8.0","","","3.8","","9.2","99","","11","","23.02","12.18","17.27","","","","",""
"2023-03-15","2023074","8:31","28.0","23.5695","9.0","","","3.8","","9.2","99","","11","","23.07","12.14","17.32","","","","",""
"2023-03-15","2023074","8:31","28.0","23.5695","10.0","","","3.8","","9.2","99","","12","","23.09","12.14","17.33","","","","",""
"2023-03-15","2023074","8:31","28.0","23.5695","11.0","","","3.7","","9.1","99","","12","","23.14","12.12","17.38","","","","",""
"2023-03-15","2023074","8:31","28.0","23.5695","12.0","","","3.8","","9.1","98","","14","","23.19","12.09","17.42","","","","",""
"2023-03-15","2023074","8:31","28.0","23.5695","13.0","","","3.9","","9.1","98","","15","","23.19","12.09","17.42","","","","",""
"2023-03-15","2023074","8:31","28.0","23.5695","14.0","","","3.9","","9.1","98","","16","","23.19","12.09","17.42","","","","",""
"2023-03-15","2023074","8:20","29.0","20.2526","1.0","","","4.2","","9.1","98","","13","1.02","22.16","12.25","16.60","","","","",""
"2023-03-15","2023074","8:20","29.0","20.2526","2.0","","","4.0","","9.1","98","","11","","22.50","12.11","16.88","","","","",""
"2023-03-15","2023074","8:20","29.0","20.2526","3.0","","","4.0","","9.2","98","","11","","22.54","12.02","16.93","","","","",""
"2023-03-15","2023074","8:20","29.0","20.2526","4.0","","","3.8","","9.2","98","","10","","22.57","11.99","16.96","","","","",""
"2023-03-15","2023074","8:20","29.0","20.2526","5.0","","","3.7","","9.2","98","","10","","22.58","12.00","16.97","","","","",""
"2023-03-15","2023074","8:20","29.0","20.2526","6.0","","","3.7","","9.2","99","","10","","22.62","12.01","17.00","","","","",""
"2023-03-15","2023074","8:20","29.0","20.2526","7.0","","","3.8","","9.2","99","","11","","22.65","12.01","17.02","","","","",""
"2023-03-15","2023074","8:20","29.0","20.2526","8.0","","","3.8","","9.2","99","","12","","22.66","12.01","17.03","","","","",""
"2023-03-15","2023074","8:20","29.0","20.2526","9.0","","","3.8","","9.2","99","","13","","22.67","12.01","17.04","","","","",""
"2023-03-15","2023074","8:20","29.0","20.2526","10.0","","","3.7","","9.2","99","","13","","22.69","12.03","17.04","","","","",""
"2023-03-15","2023074","8:20","29.0","20.2526","11.0","","","3.7","","9.2","99","","13","","22.71","12.07","17.06","","","","",""
"2023-03-15","2023074","8:20","29.0","20.2526","12.0","","","3.8","","9.2","99","","12","","22.77","12.16","17.09","","","","",""
"2023-03-15","2023074","8:20","29.0","20.2526","13.0","","","3.9","","9.1","98","","12","","22.84","12.21","17.13","","","","",""
"2023-03-15","2023074","8:20","29.0","20.2526","14.0","","","3.9","","9.1","98","","14","","22.91","12.21","17.18","","","","",""
"2023-03-15","2023074","8:20","29.0","20.2526","15.0","","","4.1","","9.1","98","","17","","22.94","12.20","17.21","","","","",""
"2023-03-15","2023074","8:05","30.0","14.7543","1.0","","","4.3","","9.2","97","","22","2.16","20.63","12.12","15.44","","","","",""
"2023-03-15","2023074","8:05","30.0","14.7543","2.0","4.1","0.80","4.4","","9.2","98","22.5","22","","21.17","12.18","15.85","1.21","38.34","6.64","3.61","103.97"
"2023-03-15","2023074","8:05","30.0","14.7543","3.0","","","4.2","","9.1","98","","18","","21.64","12.21","16.20","","","","",""
"2023-03-15","2023074","8:05","30.0","14.7543","4.0","","","4.1","","9.2","98","","16","","21.73","12.02","16.30","","","","",""
"2023-03-15","2023074","8:05","30.0","14.7543","5.0","","","4.0","","9.2","98","","14","","21.80","12.06","16.35","","","","",""
"2023-03-15","2023074","8:05","30.0","14.7543","6.0","","","4.0","","9.1","98","","14","","21.93","12.14","16.44","","","","",""
"2023-03-15","2023074","8:05","30.0","14.7543","7.0","","","4.1","","9.1","98","","14","","21.99","12.12","16.49","","","","",""
"2023-03-15","2023074","8:05","30.0","14.7543","8.0","","","4.0","","9.1","97","","14","","22.07","12.09","16.56","","","","",""
"2023-03-15","2023074","8:05","30.0","14.7543","9.0","","","3.9","","9.1","97","","14","","22.19","12.08","16.65","","","","",""
"2023-03-15","2023074","8:05","30.0","14.7543","10.0","","","3.8","","9.0","96","","14","","22.40","12.01","16.83","","","","",""
"2023-03-15","2023074","8:05","30.0","14.7543","11.0","4.9","0.84","3.8","","9.0","96","21.1","18","","22.64","11.91","17.03","","","","",""
"2023-03-15","2023074","7:53","31.0","10.6065","1.0","","","4.3","","9.2","97","","15","1.47","21.14","11.99","15.85","","","","",""
"2023-03-15","2023074","7:53","31.0","10.6065","2.0","","","4.1","","9.2","97","","15","","21.14","11.99","15.85","","","","",""
"2023-03-15","2023074","7:53","31.0","10.6065","3.0","","","4.0","","9.2","98","","15","","21.17","12.01","15.87","","","","",""
"2023-03-15","2023074","7:53","31.0","10.6065","4.0","","","4.1","","9.2","98","","15","","21.30","11.98","15.98","","","","",""
"2023-03-15","2023074","7:53","31.0","10.6065","5.0","","","4.1","","9.2","98","","16","","21.34","12.05","16.00","","","","",""
"2023-03-15","2023074","7:53","31.0","10.6065","6.0","","","4.2","","9.1","98","","17","","21.47","12.15","16.09","","","","",""
"2023-03-15","2023074","7:53","31.0","10.6065","7.0","","","4.1","","9.2","98","","15","","21.66","12.18","16.23","","","","",""
"2023-03-15","2023074","7:53","31.0","10.6065","8.0","","","3.9","","9.2","98","","13","","21.78","12.18","16.32","","","","",""
"2023-03-15","2023074","7:53","31.0","10.6065","9.0","","","3.8","","9.1","97","","12","","21.90","12.22","16.40","","","","",""
"2023-03-15","2023074","7:53","31.0","10.6065","10.0","","","3.7","","9.0","97","","13","","22.06","12.13","16.54","","","","",""
"2023-03-15","2023074","7:53","31.0","10.6065","11.0","","","3.7","","9.0","96","","13","","22.23","12.02","16.69","","","","",""
"2023-03-15","2023074","7:53","31.0","10.6065","12.0","","","3.8","","9.0","96","","14","","22.41","11.98","16.84","","","","",""
"2023-03-15","2023074","7:41","32.0","8.1507","1.0","","","5.0","","9.1","96","","25","2.63","19.64","12.26","14.65","","","","",""
"2023-03-15","2023074","7:41","32.0","8.1507","2.0","4.5","0.79","4.7","","9.0","96","27.3","26","","20.73","12.32","15.48","1.36","39.12","7.57","3.83","106.46"
"2023-03-15","2023074","7:41","32.0","8.1507","3.0","","","4.7","","9.0","96","","27","","20.88","12.30","15.60","","","","",""
"2023-03-15","2023074","7:41","32.0","8.1507","4.0","","","4.7","","9.0","96","","28","","21.02","12.30","15.71","","","","",""
"2023-03-15","2023074","7:41","32.0","8.1507","5.0","","","4.8","","9.1","97","","29","","21.28","12.26","15.92","","","","",""
"2023-03-15","2023074","7:41","32.0","8.1507","6.0","","","4.7","","9.1","97","","26","","21.37","12.28","15.98","","","","",""
"2023-03-15","2023074","7:41","32.0","8.1507","7.0","","","4.5","","9.1","97","","24","","21.37","12.27","15.99","","","","",""
"2023-03-15","2023074","7:41","32.0","8.1507","8.0","","","4.3","","9.1","97","","24","","21.51","12.29","16.09","","","","",""
"2023-03-15","2023074","7:41","32.0","8.1507","9.0","","","4.3","","9.1","97","","22","","21.62","12.25","16.18","","","","",""
"2023-03-15","2023074","7:41","32.0","8.1507","10.0","4.6","0.79","4.4","","9.1","97","","22","","21.77","12.18","16.31","","","","",""
"2023-03-15","2023074","7:33","33.0","6.8085","1.0","","","4.7","","9.1","96","","21","1.99","20.58","12.28","15.37","","","","",""
"2023-03-15","2023074","7:33","33.0","6.8085","2.0","","","4.4","","9.0","96","22.1","20","","20.86","12.27","15.59","","","","",""
"2023-03-15","2023074","7:33","33.0","6.8085","3.0","","","4.3","","9.0","96","","20","","21.09","12.21","15.78","","","","",""
"2023-03-15","2023074","7:33","33.0","6.8085","4.0","","","4.4","","8.9","95","","21","","21.26","12.17","15.92","","","","",""
"2023-03-15","2023074","7:33","33.0","6.8085","5.0","","","4.3","","8.9","95","","22","","21.61","12.05","16.20","","","","",""
"2023-03-15","2023074","7:33","33.0","6.8085","6.0","","","4.3","","8.9","95","","24","","21.71","12.00","16.29","","","","",""
"2023-03-15","2023074","7:33","33.0","6.8085","7.0","","","4.3","","8.9","95","","24","","21.73","11.99","16.31","","","","",""
"2023-03-15","2023074","7:33","33.0","6.8085","8.0","","","4.3","","8.9","95","","25","","21.85","11.94","16.41","","","","",""
"2023-03-15","2023074","7:33","33.0","6.8085","9.0","","","4.4","","8.9","95","","25","","21.95","11.92","16.49","","","","",""
"2023-03-15","2023074","7:33","33.0","6.8085","10.0","","","4.4","","8.9","95","","26","","22.01","11.91","16.54","","","","",""
"2023-03-15","2023074","7:33","33.0","6.8085","11.0","","","4.3","","8.9","95","","26","","22.09","11.90","16.60","","","","",""
"2023-03-15","2023074","7:33","33.0","6.8085","12.0","","","4.3","","8.9","95","","26","","22.19","11.89","16.68","","","","",""
"2023-03-15","2023074","7:33","33.0","6.8085","13.0","","","4.3","","8.9","95","","25","","22.28","11.87","16.75","","","","",""
"2023-03-15","2023074","7:23","34.0","3.5290","1.0","","","5.1","","9.0","95","","30","","18.80","12.22","14.01","","","","",""
"2023-03-15","2023074","7:23","34.0","3.5290","2.0","4.3","0.79","4.6","","9.0","95","32.7","30","","20.62","12.17","15.42","","","","",""
"2023-03-15","2023074","7:23","34.0","3.5290","3.0","","","4.5","","8.9","95","","23","","20.77","12.19","15.54","","","","",""
"2023-03-15","2023074","7:23","34.0","3.5290","4.0","","","4.4","","8.9","95","","22","","20.84","12.14","15.60","","","","",""
"2023-03-15","2023074","7:23","34.0","3.5290","5.0","","","4.3","","8.9","95","","22","","20.95","12.03","15.70","","","","",""
"2023-03-15","2023074","7:23","34.0","3.5290","6.0","","","4.3","","8.9","94","","23","","20.94","12.04","15.69","","","","",""
"2023-03-15","2023074","7:23","34.0","3.5290","7.0","","","4.3","","8.9","94","","23","","20.95","12.01","15.71","","","","",""
"2023-03-15","2023074","7:23","34.0","3.5290","8.0","","","4.2","","8.8","94","","23","","21.12","11.93","15.85","","","","",""
"2023-03-15","2023074","7:23","34.0","3.5290","9.0","4.7","0.74","4.5","","8.8","93","","36","","21.25","11.90","15.95","","","","",""
"2023-03-15","2023074","7:12","35.0","1.6576","1.0","","","4.7","","9.1","95","","29","","19.01","12.04","14.20","","","","",""
"2023-03-15","2023074","7:12","35.0","1.6576","2.0","3.8","0.80","4.5","","9.0","95","22.9","29","","19.14","12.12","14.29","","","","",""
"2023-03-15","2023074","7:12","35.0","1.6576","3.0","","","4.5","","8.9","94","","29","","19.88","12.17","14.85","","","","",""
"2023-03-15","2023074","7:12","35.0","1.6576","4.0","","","4.6","","8.9","94","","29","","20.56","12.01","15.40","","","","",""
"2023-03-15","2023074","7:12","35.0","1.6576","5.0","","","4.4","","8.9","94","","29","","20.73","11.95","15.55","","","","",""
"2023-03-15","2023074","7:12","35.0","1.6576","6.0","","","4.4","","8.9","94","","30","","20.77","11.93","15.57","","","","",""
"2023-03-15","2023074","7:12","35.0","1.6576","7.0","","","4.4","","8.9","94","","30","","20.77","11.93","15.58","","","","",""
"2023-03-15","2023074","7:03","36.0","0.0000","1.0","","","5.3","","9.0","94","","34","","18.01","12.38","13.38","","","","",""
"2023-03-15","2023074","7:03","36.0","0.0000","2.0","4.6","0.77","4.8","","8.9","94","26.1","34","","18.66","12.23","13.90","1.63","43.84","7.64","4.29","124.62"
"2023-03-15","2023074","7:03","36.0","0.0000","3.0","","","4.7","","8.9","93","","34","","20.00","12.08","14.96","","","","",""
"2023-03-15","2023074","7:03","36.0","0.0000","4.0","","","4.8","","8.8","93","","35","","20.27","12.05","15.17","","","","",""
"2023-03-15","2023074","7:03","36.0","0.0000","5.0","","","4.8","","8.8","93","","35","","20.35","12.03","15.24","","","","",""
"2023-03-15","2023074","7:03","36.0","0.0000","6.0","4.7","0.74","4.9","","8.8","93","41.8","37","","20.43","12.00","15.30","","","","",""
"2023-03-15","2023074","15:18","649.0","132.9388","1.0","","","4.9","","10.9","99","","82","5.07","0.07","10.70","","","","","",""
"2023-03-15","2023074","15:18","649.0","132.9388","2.0","5.5","0.64","5.5","","10.9","99","80.2","81","","0.07","10.71","","0.38","30.13","3.07","1.71","222.53"
"2023-03-15","2023074","15:18","649.0","132.9388","3.0","","","5.7","","10.9","99","","82","","0.07","10.70","","","","","",""
"2023-03-15","2023074","15:18","649.0","132.9388","4.0","","","6.0","","10.9","99","","95","","0.07","10.70","","","","","",""
"2023-03-15","2023074","15:18","649.0","132.9388","5.0","","","5.8","","10.9","99","","86","","0.07","10.70","","","","","",""
"2023-03-15","2023074","15:18","649.0","132.9388","6.0","","","6.0","","10.9","99","","90","","0.07","10.70","","","","","",""
"2023-03-15","2023074","15:18","649.0","132.9388","7.0","","","6.2","","10.8","98","","99","","0.07","10.70","","","","","",""
"2023-03-15","2023074","15:18","649.0","132.9388","8.0","","","6.5","","10.9","98","","103","","0.07","10.70","","","","","",""
"2023-03-15","2023074","15:18","649.0","132.9388","9.0","","","6.9","","10.8","98","","109","","0.07","10.70","","","","","",""
"2023-03-15","2023074","15:18","649.0","132.9388","10.0","","","7.1","","10.9","98","","112","","0.07","10.70","","","","","",""
"2023-03-15","2023074","15:18","649.0","132.9388","11.0","7.3","0.54","7.2","","10.9","99","","112","","0.07","10.70","","","","","",""
"2023-03-15","2023074","16:13","657.0","147.2548","1.0","","","5.5","","10.8","99","","84","4.95","0.07","10.82","","","","","",""
"2023-03-15","2023074","16:13","657.0","147.2548","2.0","5.4","0.67","5.6","","10.8","99","89.1","83","","0.07","10.80","","0.34","26.42","2.86","1.59","212.92"
"2023-03-15","2023074","16:13","657.0","147.2548","3.0","","","5.6","","10.8","99","","81","","0.07","10.82","","","","","",""
"2023-03-15","2023074","16:13","657.0","147.2548","4.0","","","5.7","","10.8","99","","82","","0.07","10.81","","","","","",""
"2023-03-15","2023074","16:13","657.0","147.2548","5.0","","","5.6","","10.9","99","","80","","0.07","10.80","","","","","",""
"2023-03-15","2023074","16:13","657.0","147.2548","6.0","","","5.5","","10.9","99","","79","","0.07","10.79","","","","","",""
"2023-03-15","2023074","16:13","657.0","147.2548","7.0","","","5.5","","10.9","99","","79","","0.07","10.79","","","","","",""
"2023-03-15","2023074","16:13","657.0","147.2548","8.0","","","5.4","","10.9","99","","79","","0.07","10.79","","","","","",""
"2023-03-15","2023074","16:13","657.0","147.2548","9.0","5.8","0.62","5.7","","10.9","99","87.9","81","","0.07","10.79","","","","","",""
"2023-03-29","2023088","10:54","18.0","54.9481","1.0","","","3.1","","10.0","98","","10","1.26","12.27","11.19","9.12","","","","",""
"2023-03-29","2023088","10:54","18.0","54.9481","2.0","2.2","0.79","3.0","","10.0","98","9.5","10","","12.12","11.18","8.99","0.54","15.64","5.14","2.07","173.40"
"2023-03-29","2023088","10:54","18.0","54.9481","3.0","","","3.1","","9.9","98","","11","","12.63","11.23","9.39","","","","",""
"2023-03-29","2023088","10:54","18.0","54.9481","4.0","","","3.1","","9.8","98","","10","","13.06","11.26","9.71","","","","",""
"2023-03-29","2023088","10:54","18.0","54.9481","5.0","","","2.9","","9.8","98","","10","","13.23","11.27","9.85","","","","",""
"2023-03-29","2023088","10:54","18.0","54.9481","6.0","","","3.1","","9.8","98","","10","","13.50","11.28","10.05","","","","",""
"2023-03-29","2023088","10:54","18.0","54.9481","7.0","","","3.2","","9.8","98","","10","","13.69","11.28","10.20","","","","",""
"2023-03-29","2023088","10:54","18.0","54.9481","8.0","","","3.2","","9.8","98","","10","","14.05","11.30","10.48","","","","",""
"2023-03-29","2023088","10:54","18.0","54.9481","9.0","","","3.2","","9.7","97","","10","","14.44","11.29","10.78","","","","",""
"2023-03-29","2023088","10:54","18.0","54.9481","10.0","","","3.1","","9.6","97","","10","","15.30","11.36","11.43","","","","",""
"2023-03-29","2023088","10:54","18.0","54.9481","11.0","","","3.1","","9.5","96","","10","","16.03","11.40","12.00","","","","",""
"2023-03-29","2023088","10:54","18.0","54.9481","12.0","","","2.7","","9.4","96","","10","","16.54","11.39","12.39","","","","",""
"2023-03-29","2023088","10:54","18.0","54.9481","13.0","","","2.7","","9.3","95","","10","","16.83","11.39","12.61","","","","",""
"2023-03-29","2023088","10:54","18.0","54.9481","14.0","","","2.7","","9.2","94","","9","","17.83","11.37","13.39","","","","",""
"2023-03-29","2023088","10:54","18.0","54.9481","15.0","","","2.6","","9.0","94","","10","","21.03","11.30","15.88","","","","",""
"2023-03-29","2023088","10:54","18.0","54.9481","16.0","","","2.3","","8.7","93","","11","","23.94","11.24","18.14","","","","",""
"2023-03-29","2023088","10:54","18.0","54.9481","17.0","","","2.3","","8.6","92","","10","","25.23","11.22","19.14","","","","",""
"2023-03-29","2023088","10:54","18.0","54.9481","18.0","","","2.2","","8.5","92","","10","","26.66","11.19","20.26","","","","",""
"2023-03-29","2023088","10:54","18.0","54.9481","19.0","","","2.3","","8.4","92","","10","","27.63","11.17","21.02","","","","",""
"2023-03-29","2023088","10:54","18.0","54.9481","20.0","","","2.1","","8.4","92","","8","","28.93","11.14","22.03","","","","",""
"2023-03-29","2023088","10:54","18.0","54.9481","21.0","","","2.2","","8.3","92","","8","","29.87","11.11","22.77","","","","",""
"2023-03-29","2023088","10:54","18.0","54.9481","22.0","","","2.2","","8.3","91","","6","","30.64","11.07","23.37","","","","",""
"2023-03-29","2023088","10:54","18.0","54.9481","23.0","","","2.1","","8.3","91","","4","","30.88","11.06","23.56","","","","",""
"2023-03-29","2023088","10:54","18.0","54.9481","24.0","","","2.0","","8.3","91","","4","","30.92","11.07","23.59","","","","",""
"2023-03-29","2023088","10:54","18.0","54.9481","25.0","","","2.1","","8.3","92","","4","","30.93","11.07","23.59","","","","",""
"2023-03-29","2023088","10:54","18.0","54.9481","26.0","","","1.9","","8.3","92","","4","","31.02","11.07","23.66","","","","",""
"2023-03-29","2023088","10:54","18.0","54.9481","27.0","","","1.9","","8.3","92","","3","","31.07","11.07","23.70","","","","",""
"2023-03-29","2023088","10:54","18.0","54.9481","28.0","","","1.9","","8.3","92","","4","","31.12","11.07","23.74","","","","",""
"2023-03-29","2023088","10:54","18.0","54.9481","29.0","","","1.9","","8.3","92","","4","","31.13","11.07","23.75","","","","",""
"2023-03-29","2023088","10:54","18.0","54.9481","30.0","","","1.9","","8.3","92","","3","","31.15","11.07","23.76","","","","",""
"2023-03-29","2023088","10:54","18.0","54.9481","31.0","","","1.9","","8.3","92","","4","","31.16","11.07","23.77","","","","",""
"2023-03-29","2023088","10:54","18.0","54.9481","32.0","","","1.9","","8.3","92","","3","","31.19","11.07","23.80","","","","",""
"2023-03-29","2023088","10:54","18.0","54.9481","33.0","","","1.8","","8.3","92","","4","","31.21","11.06","23.82","","","","",""
"2023-03-29","2023088","10:54","18.0","54.9481","34.0","","","1.9","","8.3","92","","4","","31.22","11.06","23.82","","","","",""
"2023-03-29","2023088","10:54","18.0","54.9481","35.0","","","1.8","","8.2","91","","5","","31.22","11.06","23.82","","","","",""
"2023-03-29","2023088","10:54","18.0","54.9481","36.0","","","1.7","","8.2","91","","5","","31.23","11.06","23.83","","","","",""
"2023-03-29","2023088","10:54","18.0","54.9481","37.0","","","1.8","","8.2","91","","6","","31.23","11.06","23.83","","","","",""
"2023-03-29","2023088","10:54","18.0","54.9481","38.0","","","1.9","","8.2","91","","5","","31.23","11.06","23.83","","","","",""
"2023-03-29","2023088","10:54","18.0","54.9481","39.0","","","1.9","","8.2","91","","9","","31.23","11.06","23.83","","","","",""
"2023-03-29","2023088","10:54","18.0","54.9481","40.0","","","1.8","","8.2","91","","10","","31.23","11.06","23.83","","","","",""
"2023-03-29","2023088","10:54","18.0","54.9481","41.0","2.3","0.62","1.8","","8.2","91","8.8","10","","31.23","11.06","23.83","","","","",""
"2023-03-29","2023088","10:42","20.0","51.4501","1.0","","","3.4","","9.5","97","","5","0.91","16.82","11.39","12.61","","","","",""
"2023-03-29","2023088","10:42","20.0","51.4501","2.0","3.1","0.88","3.2","","9.4","97","","5","","17.25","11.41","12.93","","","","",""
"2023-03-29","2023088","10:42","20.0","51.4501","3.0","","","3.0","","9.4","96","","5","","17.72","11.41","13.30","","","","",""
"2023-03-29","2023088","10:42","20.0","51.4501","4.0","","","3.1","","9.3","95","","5","","18.09","11.41","13.58","","","","",""
"2023-03-29","2023088","10:42","20.0","51.4501","5.0","","","2.9","","9.0","94","","5","","20.32","11.39","15.32","","","","",""
"2023-03-29","2023088","10:42","20.0","51.4501","6.0","","","2.3","","8.8","94","","4","","23.10","11.33","17.47","","","","",""
"2023-03-29","2023088","10:42","20.0","51.4501","7.0","","","2.2","","8.8","93","","4","","23.80","11.31","18.03","","","","",""
"2023-03-29","2023088","10:42","20.0","51.4501","8.0","","","2.2","","8.7","93","","4","","25.20","11.28","19.11","","","","",""
"2023-03-29","2023088","10:42","20.0","51.4501","9.0","","","2.0","","8.6","93","","4","","26.26","11.25","19.94","","","","",""
"2023-03-29","2023088","10:42","20.0","51.4501","10.0","","","1.9","","8.6","93","","4","","26.62","11.24","20.22","","","","",""
"2023-03-29","2023088","10:42","20.0","51.4501","11.0","","","1.9","","8.5","92","","4","","27.92","11.20","21.23","","","","",""
"2023-03-29","2023088","10:42","20.0","51.4501","12.0","","","1.8","","8.4","92","","5","","28.62","11.18","21.79","","","","",""
"2023-03-29","2023088","10:42","20.0","51.4501","13.0","","","1.8","","8.4","92","","6","","29.08","11.17","22.14","","","","",""
"2023-03-29","2023088","10:42","20.0","51.4501","14.0","","","1.8","","8.4","92","","8","","29.37","11.16","22.37","","","","",""
"2023-03-29","2023088","10:42","20.0","51.4501","15.0","","","1.9","","8.4","92","","11","","29.58","11.15","22.54","","","","",""
"2023-03-29","2023088","10:42","20.0","51.4501","16.0","","","1.8","","8.3","91","","13","","29.71","11.15","22.64","","","","",""
"2023-03-29","2023088","10:42","20.0","51.4501","17.0","","","1.9","","8.3","91","","12","","29.97","11.14","22.84","","","","",""
"2023-03-29","2023088","10:42","20.0","51.4501","18.0","","","1.9","","8.3","91","","11","","30.01","11.14","22.87","","","","",""
"2023-03-29","2023088","10:42","20.0","51.4501","19.0","","","1.8","","8.3","91","","11","","30.05","11.13","22.90","","","","",""
"2023-03-29","2023088","10:42","20.0","51.4501","20.0","","","1.9","","8.3","91","","11","","30.05","11.13","22.90","","","","",""
"2023-03-29","2023088","10:31","21.0","46.6266","1.0","","","4.1","","9.7","98","","6","0.96","15.96","11.41","11.94","","","","",""
"2023-03-29","2023088","10:31","21.0","46.6266","2.0","4.0","0.89","3.9","","9.7","98","","6","","15.97","11.41","11.94","","","","",""
"2023-03-29","2023088","10:31","21.0","46.6266","3.0","","","3.6","","9.7","98","","6","","15.99","11.40","11.96","","","","",""
"2023-03-29","2023088","10:31","21.0","46.6266","4.0","","","3.4","","9.6","98","","6","","16.03","11.40","12.00","","","","",""
"2023-03-29","2023088","10:31","21.0","46.6266","5.0","","","3.2","","9.5","96","","7","","16.21","11.41","12.13","","","","",""
"2023-03-29","2023088","10:31","21.0","46.6266","6.0","","","2.8","","9.1","94","","7","","18.71","11.48","14.05","","","","",""
"2023-03-29","2023088","10:31","21.0","46.6266","7.0","","","2.4","","8.7","92","","5","","22.55","11.41","17.04","","","","",""
"2023-03-29","2023088","10:31","21.0","46.6266","8.0","","","2.0","","8.5","91","","5","","26.30","11.26","19.97","","","","",""
"2023-03-29","2023088","10:31","21.0","46.6266","9.0","","","1.9","","8.3","90","","3","","28.57","11.19","21.75","","","","",""
"2023-03-29","2023088","10:31","21.0","46.6266","10.0","","","1.7","","8.2","90","","5","","29.24","11.17","22.26","","","","",""
"2023-03-29","2023088","10:31","21.0","46.6266","11.0","","","1.6","","8.2","90","","7","","29.63","11.15","22.57","","","","",""
"2023-03-29","2023088","10:31","21.0","46.6266","12.0","","","1.7","","8.1","90","","9","","29.78","11.14","22.69","","","","",""
"2023-03-29","2023088","10:31","21.0","46.6266","13.0","","","1.7","","8.1","89","","11","","29.85","11.14","22.74","","","","",""
"2023-03-29","2023088","10:31","21.0","46.6266","14.0","","","1.8","","8.1","89","","14","","29.92","11.14","22.80","","","","",""
"2023-03-29","2023088","10:31","21.0","46.6266","15.0","","","1.7","","8.1","89","","16","","29.98","11.14","22.84","","","","",""
"2023-03-29","2023088","10:31","21.0","46.6266","16.0","","","1.7","","8.1","89","","16","","29.97","11.14","22.84","","","","",""
"2023-03-29","2023088","10:31","21.0","46.6266","17.0","","","1.7","","8.1","89","","17","","30.04","11.14","22.89","","","","",""
"2023-03-29","2023088","10:18","22.0","43.9210","1.0","","","3.9","","9.6","98","","4","0.86","16.64","11.47","12.45","","","","",""
"2023-03-29","2023088","10:18","22.0","43.9210","2.0","3.7","0.90","3.7","","9.6","98","4.5","4","","16.70","11.47","12.50","0.76","26.63","6.00","2.33","127.82"
"2023-03-29","2023088","10:18","22.0","43.9210","3.0","","","3.5","","9.6","98","","3","","16.83","11.45","12.60","","","","",""
"2023-03-29","2023088","10:18","22.0","43.9210","4.0","","","3.3","","9.5","97","","3","","17.31","11.42","12.98","","","","",""
"2023-03-29","2023088","10:18","22.0","43.9210","5.0","","","3.0","","9.4","96","","3","","17.85","11.42","13.40","","","","",""
"2023-03-29","2023088","10:18","22.0","43.9210","6.0","","","2.7","","9.3","96","","5","","18.18","11.41","13.66","","","","",""
"2023-03-29","2023088","10:18","22.0","43.9210","7.0","","","2.7","","9.2","95","","6","","19.19","11.37","14.44","","","","",""
"2023-03-29","2023088","10:18","22.0","43.9210","8.0","","","2.5","","9.1","94","","5","","20.07","11.35","15.12","","","","",""
"2023-03-29","2023088","10:18","22.0","43.9210","9.0","","","2.4","","8.7","92","","5","","22.55","11.33","17.05","","","","",""
"2023-03-29","2023088","10:18","22.0","43.9210","10.0","","","2.0","","8.4","91","","5","","26.05","11.28","19.77","","","","",""
"2023-03-29","2023088","10:18","22.0","43.9210","11.0","","","1.7","","8.3","89","","4","","26.84","11.27","20.38","","","","",""
"2023-03-29","2023088","10:18","22.0","43.9210","12.0","","","1.7","","8.2","89","","4","","28.03","11.23","21.31","","","","",""
"2023-03-29","2023088","10:18","22.0","43.9210","13.0","","","1.6","","8.2","89","","8","","29.31","11.17","22.32","","","","",""
"2023-03-29","2023088","10:18","22.0","43.9210","14.0","","","1.6","","8.1","89","","13","","29.55","11.16","22.51","","","","",""
"2023-03-29","2023088","10:18","22.0","43.9210","15.0","","","1.7","","8.1","90","","18","","29.82","11.15","22.72","","","","",""
"2023-03-29","2023088","10:18","22.0","43.9210","16.0","","","1.7","","8.1","90","","18","","29.99","11.14","22.86","","","","",""
"2023-03-29","2023088","10:18","22.0","43.9210","17.0","1.9","0.54","1.7","","8.1","90","18.3","17","","29.99","11.14","22.85","","","","",""
"2023-03-29","2023088","9:57","24.0","37.0911","1.0","","","3.7","","9.6","99","","4","0.92","16.76","11.65","12.52","","","","",""
"2023-03-29","2023088","9:57","24.0","37.0911","2.0","4.6","0.91","3.9","","9.6","99","4.6","4","","16.76","11.64","12.52","0.91","28.34","6.07","2.55","127.47"
"2023-03-29","2023088","9:57","24.0","37.0911","3.0","","","3.9","","9.6","99","","4","","16.77","11.64","12.53","","","","",""
"2023-03-29","2023088","9:57","24.0","37.0911","4.0","","","3.8","","9.5","98","","4","","16.84","11.65","12.58","","","","",""
"2023-03-29","2023088","9:57","24.0","37.0911","5.0","","","3.4","","9.3","95","","4","","17.20","11.80","12.84","","","","",""
"2023-03-29","2023088","9:57","24.0","37.0911","6.0","","","2.8","","9.1","94","","6","","18.76","11.67","14.06","","","","",""
"2023-03-29","2023088","9:57","24.0","37.0911","7.0","","","2.4","","8.8","92","","4","","21.48","11.47","16.20","","","","",""
"2023-03-29","2023088","9:57","24.0","37.0911","8.0","","","2.0","","8.4","90","","4","","25.12","11.33","19.04","","","","",""
"2023-03-29","2023088","9:57","24.0","37.0911","9.0","","","1.7","","8.2","89","","4","","27.39","11.25","20.81","","","","",""
"2023-03-29","2023088","9:57","24.0","37.0911","10.0","1.5","0.68","1.5","","8.2","89","5.3","6","","28.29","11.22","21.52","","","","",""
"2023-03-29","2023088","9:47","25.0","32.8382","1.0","","","3.5","","9.6","99","","4","0.83","16.95","11.71","12.66","","","","",""
"2023-03-29","2023088","9:47","25.0","32.8382","2.0","","","4.2","","9.6","99","","4","","16.95","11.71","12.66","","","","",""
"2023-03-29","2023088","9:47","25.0","32.8382","3.0","","","4.3","","9.6","99","","4","","16.95","11.71","12.66","","","","",""
"2023-03-29","2023088","9:47","25.0","32.8382","4.0","","","4.0","","9.6","98","","5","","16.97","11.70","12.68","","","","",""
"2023-03-29","2023088","9:47","25.0","32.8382","5.0","","","3.6","","9.3","96","","4","","17.11","11.69","12.78","","","","",""
"2023-03-29","2023088","9:47","25.0","32.8382","6.0","","","2.9","","8.7","91","","5","","21.39","11.56","16.12","","","","",""
"2023-03-29","2023088","9:47","25.0","32.8382","7.0","","","1.9","","8.3","89","","8","","26.70","11.30","20.27","","","","",""
"2023-03-29","2023088","9:47","25.0","32.8382","8.0","","","1.5","","8.2","89","","8","","27.63","11.24","21.01","","","","",""
"2023-03-29","2023088","9:36","26.0","28.7560","1.0","","","3.4","","9.6","98","","6","0.87","16.65","11.60","12.45","","","","",""
"2023-03-29","2023088","9:36","26.0","28.7560","2.0","","","3.5","","9.6","98","","6","","16.66","11.60","12.45","","","","",""
"2023-03-29","2023088","9:36","26.0","28.7560","3.0","","","3.4","","9.6","98","","6","","16.70","11.60","12.49","","","","",""
"2023-03-29","2023088","9:36","26.0","28.7560","4.0","","","3.3","","9.5","98","","6","","16.87","11.62","12.61","","","","",""
"2023-03-29","2023088","9:36","26.0","28.7560","5.0","","","3.2","","9.4","97","","6","","17.29","11.65","12.93","","","","",""
"2023-03-29","2023088","9:36","26.0","28.7560","6.0","","","2.8","","9.1","94","","5","","18.47","11.70","13.84","","","","",""
"2023-03-29","2023088","9:36","26.0","28.7560","7.0","","","2.6","","8.7","91","","7","","20.67","11.61","15.55","","","","",""
"2023-03-29","2023088","9:36","26.0","28.7560","8.0","","","2.4","","8.4","89","","16","","23.51","11.46","17.78","","","","",""
"2023-03-29","2023088","9:36","26.0","28.7560","9.0","","","2.2","","8.3","89","","14","","25.48","11.39","19.31","","","","",""
"2023-03-29","2023088","9:24","27.0","26.1872","1.0","","","3.7","","9.6","99","","5","0.87","16.65","11.68","12.43","","","","",""
"2023-03-29","2023088","9:24","27.0","26.1872","2.0","3.7","0.91","3.8","","9.6","99","5.3","6","","16.66","11.68","12.44","0.90","26.13","5.85","2.66","127.11"
"2023-03-29","2023088","9:24","27.0","26.1872","3.0","","","3.7","","9.6","99","","6","","16.68","11.68","12.45","","","","",""
"2023-03-29","2023088","9:24","27.0","26.1872","4.0","","","3.5","","9.6","98","","6","","16.72","11.68","12.49","","","","",""
"2023-03-29","2023088","9:24","27.0","26.1872","5.0","","","3.4","","9.4","97","","6","","17.08","11.71","12.76","","","","",""
"2023-03-29","2023088","9:24","27.0","26.1872","6.0","","","2.9","","9.2","95","","7","","18.15","11.70","13.59","","","","",""
"2023-03-29","2023088","9:24","27.0","26.1872","7.0","","","2.8","","9.0","94","","7","","19.53","11.66","14.66","","","","",""
"2023-03-29","2023088","9:24","27.0","26.1872","8.0","","","2.4","","8.7","92","","9","","21.58","11.58","16.26","","","","",""
"2023-03-29","2023088","9:24","27.0","26.1872","9.0","","","2.2","","8.5","90","","11","","22.30","11.56","16.82","","","","",""
"2023-03-29","2023088","9:24","27.0","26.1872","10.0","","","2.2","","8.2","88","","16","","24.17","11.49","18.28","","","","",""
"2023-03-29","2023088","9:24","27.0","26.1872","11.0","1.7","0.67","2.1","","8.0","86","","23","","24.89","11.51","18.84","","","","",""
"2023-03-29","2023088","9:10","28.0","23.5695","1.0","","","4.4","","9.6","99","","7","0.88","16.09","11.77","11.99","","","","",""
"2023-03-29","2023088","9:10","28.0","23.5695","2.0","","","4.4","","9.6","99","","7","","16.10","11.77","11.99","","","","",""
"2023-03-29","2023088","9:10","28.0","23.5695","3.0","","","4.3","","9.6","98","","7","","16.14","11.80","12.02","","","","",""
"2023-03-29","2023088","9:10","28.0","23.5695","4.0","","","3.8","","9.5","98","","8","","16.28","11.84","12.12","","","","",""
"2023-03-29","2023088","9:10","28.0","23.5695","5.0","","","3.2","","9.3","96","","9","","16.71","11.95","12.44","","","","",""
"2023-03-29","2023088","9:10","28.0","23.5695","6.0","","","2.9","","9.3","96","","9","","16.91","12.00","12.58","","","","",""
"2023-03-29","2023088","9:10","28.0","23.5695","7.0","","","2.9","","9.2","95","","10","","17.67","11.82","13.20","","","","",""
"2023-03-29","2023088","9:10","28.0","23.5695","8.0","","","2.8","","8.9","93","","9","","18.90","11.78","14.16","","","","",""
"2023-03-29","2023088","9:10","28.0","23.5695","9.0","","","2.5","","8.7","91","","10","","21.08","11.72","15.85","","","","",""
"2023-03-29","2023088","9:10","28.0","23.5695","10.0","","","2.3","","8.5","90","","11","","22.46","11.63","16.94","","","","",""
"2023-03-29","2023088","9:10","28.0","23.5695","11.0","","","2.2","","8.3","89","","11","","24.36","11.50","18.42","","","","",""
"2023-03-29","2023088","9:10","28.0","23.5695","12.0","","","2.1","","8.2","89","","24","","25.16","11.44","19.05","","","","",""
"2023-03-29","2023088","9:10","28.0","23.5695","13.0","","","2.2","","8.2","88","","31","","25.31","11.43","19.17","","","","",""
"2023-03-29","2023088","9:01","29.0","20.2526","1.0","","","4.4","","9.6","98","","14","0.90","16.46","11.70","12.28","","","","",""
"2023-03-29","2023088","9:01","29.0","20.2526","2.0","","","4.3","","9.6","98","","14","","16.46","11.69","12.28","","","","",""
"2023-03-29","2023088","9:01","29.0","20.2526","3.0","","","4.4","","9.6","98","","14","","16.47","11.70","12.29","","","","",""
"2023-03-29","2023088","9:01","29.0","20.2526","4.0","","","4.3","","9.6","98","","14","","16.49","11.71","12.30","","","","",""
"2023-03-29","2023088","9:01","29.0","20.2526","5.0","","","4.1","","9.4","97","","13","","16.79","11.88","12.51","","","","",""
"2023-03-29","2023088","9:01","29.0","20.2526","6.0","","","3.6","","9.4","97","","13","","17.06","11.96","12.70","","","","",""
"2023-03-29","2023088","9:01","29.0","20.2526","7.0","","","3.2","","9.3","96","","13","","17.37","11.96","12.94","","","","",""
"2023-03-29","2023088","9:01","29.0","20.2526","8.0","","","3.1","","9.2","95","","12","","17.80","11.94","13.28","","","","",""
"2023-03-29","2023088","9:01","29.0","20.2526","9.0","","","2.9","","8.9","93","","12","","19.15","11.80","14.34","","","","",""
"2023-03-29","2023088","9:01","29.0","20.2526","10.0","","","2.6","","8.6","91","","13","","21.76","11.64","16.39","","","","",""
"2023-03-29","2023088","9:01","29.0","20.2526","11.0","","","2.4","","8.5","91","","16","","22.91","11.56","17.30","","","","",""
"2023-03-29","2023088","9:01","29.0","20.2526","12.0","","","2.2","","8.4","90","","15","","23.60","11.52","17.83","","","","",""
"2023-03-29","2023088","9:01","29.0","20.2526","13.0","","","2.2","","8.3","89","","16","","23.97","11.49","18.13","","","","",""
"2023-03-29","2023088","9:01","29.0","20.2526","14.0","","","2.3","","8.3","89","","33","","24.42","11.47","18.48","","","","",""
"2023-03-29","2023088","9:01","29.0","20.2526","15.0","","","2.4","","8.3","89","","51","","24.55","11.47","18.58","","","","",""
"2023-03-29","2023088","8:53","29.5","17.5640","1.0","","","4.0","","9.5","97","","6","1.01","16.41","11.68","12.25","","","","",""
"2023-03-29","2023088","8:53","29.5","17.5640","2.0","","","4.0","","9.4","97","","6","","16.59","11.79","12.37","","","","",""
"2023-03-29","2023088","8:53","29.5","17.5640","3.0","","","4.2","","9.4","97","","5","","16.65","11.83","12.41","","","","",""
"2023-03-29","2023088","8:53","29.5","17.5640","4.0","","","4.2","","9.4","97","","5","","16.69","11.83","12.44","","","","",""
"2023-03-29","2023088","8:53","29.5","17.5640","5.0","","","3.9","","9.4","97","","5","","16.80","11.84","12.53","","","","",""
"2023-03-29","2023088","8:53","29.5","17.5640","6.0","","","3.6","","9.3","96","","5","","17.14","11.88","12.78","","","","",""
"2023-03-29","2023088","8:53","29.5","17.5640","7.0","","","3.2","","9.2","95","","5","","17.47","11.98","13.02","","","","",""
"2023-03-29","2023088","8:53","29.5","17.5640","8.0","","","3.1","","9.0","94","","5","","18.52","11.87","13.85","","","","",""
"2023-03-29","2023088","8:53","29.5","17.5640","9.0","","","2.8","","8.7","92","","5","","21.20","11.67","15.95","","","","",""
"2023-03-29","2023088","8:53","29.5","17.5640","10.0","","","2.7","","8.6","91","","8","","22.69","11.57","17.12","","","","",""
"2023-03-29","2023088","8:53","29.5","17.5640","11.0","","","2.5","","8.5","90","","8","","23.26","11.54","17.56","","","","",""
"2023-03-29","2023088","8:53","29.5","17.5640","12.0","","","2.5","","8.4","90","","11","","23.54","11.54","17.78","","","","",""
"2023-03-29","2023088","8:53","29.5","17.5640","13.0","","","2.6","","8.3","89","","13","","24.01","11.52","18.15","","","","",""
"2023-03-29","2023088","8:53","29.5","17.5640","14.0","","","2.6","","8.3","89","","23","","24.48","11.49","18.52","","","","",""
"2023-03-29","2023088","8:43","30.0","14.7543","1.0","","","3.8","","9.5","97","","6","1.06","16.28","11.74","12.14","","","","",""
"2023-03-29","2023088","8:43","30.0","14.7543","2.0","4.4","0.91","3.9","","9.5","97","6.2","6","","16.28","11.74","12.14","1.06","21.49","6.14","3.21","133.52"
"2023-03-29","2023088","8:43","30.0","14.7543","3.0","","","3.9","","9.5","97","","6","","16.34","11.75","12.18","","","","",""
"2023-03-29","2023088","8:43","30.0","14.7543","4.0","","","3.9","","9.5","97","","6","","16.43","11.77","12.25","","","","",""
"2023-03-29","2023088","8:43","30.0","14.7543","5.0","","","3.8","","9.4","97","","6","","16.69","11.83","12.44","","","","",""
"2023-03-29","2023088","8:43","30.0","14.7543","6.0","","","3.6","","9.3","96","","6","","17.35","11.89","12.94","","","","",""
"2023-03-29","2023088","8:43","30.0","14.7543","7.0","","","3.2","","9.1","95","","5","","18.30","11.90","13.67","","","","",""
"2023-03-29","2023088","8:43","30.0","14.7543","8.0","","","2.8","","9.0","94","","6","","18.57","11.89","13.88","","","","",""
"2023-03-29","2023088","8:43","30.0","14.7543","9.0","","","2.8","","8.7","91","","7","","20.38","11.79","15.30","","","","",""
"2023-03-29","2023088","8:43","30.0","14.7543","10.0","","","2.6","","8.5","90","","11","","23.02","11.61","17.37","","","","",""
"2023-03-29","2023088","8:43","30.0","14.7543","11.0","","","2.5","","8.4","90","","12","","23.39","11.57","17.66","","","","",""
"2023-03-29","2023088","8:43","30.0","14.7543","12.0","2.2","0.84","2.5","","8.4","90","","18","","23.61","11.56","17.84","","","","",""
"2023-03-29","2023088","8:32","31.0","10.6065","1.0","","","4.1","","9.4","96","","7","1.08","16.11","11.78","12.00","","","","",""
"2023-03-29","2023088","8:32","31.0","10.6065","2.0","","","4.0","","9.4","96","","7","","16.16","11.79","12.04","","","","",""
"2023-03-29","2023088","8:32","31.0","10.6065","3.0","","","4.0","","9.3","96","","7","","16.47","11.83","12.27","","","","",""
"2023-03-29","2023088","8:32","31.0","10.6065","4.0","","","4.0","","9.1","95","","6","","17.72","11.90","13.23","","","","",""
"2023-03-29","2023088","8:32","31.0","10.6065","5.0","","","3.7","","9.0","94","","6","","18.96","11.90","14.18","","","","",""
"2023-03-29","2023088","8:32","31.0","10.6065","6.0","","","3.1","","8.8","93","","6","","19.30","11.89","14.45","","","","",""
"2023-03-29","2023088","8:32","31.0","10.6065","7.0","","","2.9","","8.7","91","","7","","19.99","11.84","14.99","","","","",""
"2023-03-29","2023088","8:32","31.0","10.6065","8.0","","","2.7","","8.5","90","","10","","21.48","11.75","16.15","","","","",""
"2023-03-29","2023088","8:32","31.0","10.6065","9.0","","","2.8","","8.4","90","","17","","22.11","11.71","16.65","","","","",""
"2023-03-29","2023088","8:32","31.0","10.6065","10.0","","","2.9","","8.4","90","","21","","22.19","11.69","16.72","","","","",""
"2023-03-29","2023088","8:32","31.0","10.6065","11.0","","","2.9","","8.5","90","","21","","22.30","11.67","16.80","","","","",""
"2023-03-29","2023088","8:32","31.0","10.6065","12.0","","","2.8","","8.5","90","","18","","22.64","11.63","17.08","","","","",""
"2023-03-29","2023088","8:23","32.0","8.1507","1.0","","","4.0","","9.2","95","","10","1.25","16.57","11.88","12.34","","","","",""
"2023-03-29","2023088","8:23","32.0","8.1507","2.0","4.2","0.88","3.9","","9.2","95","10.4","10","","16.84","11.88","12.55","1.10","23.77","6.71","3.33","128.54"
"2023-03-29","2023088","8:23","32.0","8.1507","3.0","","","3.8","","9.1","94","","10","","17.30","11.88","12.90","","","","",""
"2023-03-29","2023088","8:23","32.0","8.1507","4.0","","","3.7","","8.9","93","","10","","18.07","11.90","13.50","","","","",""
"2023-03-29","2023088","8:23","32.0","8.1507","5.0","","","3.6","","8.7","91","","10","","19.49","11.90","14.59","","","","",""
"2023-03-29","2023088","8:23","32.0","8.1507","6.0","","","3.3","","8.6","90","","16","","20.53","11.83","15.41","","","","",""
"2023-03-29","2023088","8:23","32.0","8.1507","7.0","","","3.2","","8.5","90","","28","","20.90","11.80","15.70","","","","",""
"2023-03-29","2023088","8:23","32.0","8.1507","8.0","","","3.1","","8.5","90","","27","","21.22","11.77","15.95","","","","",""
"2023-03-29","2023088","8:23","32.0","8.1507","9.0","","","3.0","","8.5","90","","26","","21.47","11.75","16.15","","","","",""
"2023-03-29","2023088","8:23","32.0","8.1507","10.0","2.6","0.61","3.0","","8.5","90","","29","","21.52","11.75","16.18","","","","",""
"2023-03-29","2023088","8:16","33.0","6.8085","1.0","","","4.3","","9.4","96","","12","1.41","15.61","11.72","11.62","","","","",""
"2023-03-29","2023088","8:16","33.0","6.8085","2.0","","","4.3","","9.3","95","12.5","12","","15.67","11.73","11.66","","","","",""
"2023-03-29","2023088","8:16","33.0","6.8085","3.0","","","4.2","","9.0","93","","12","","17.56","12.01","13.09","","","","",""
"2023-03-29","2023088","8:16","33.0","6.8085","4.0","","","3.7","","8.9","93","","19","","18.28","12.01","13.64","","","","",""
"2023-03-29","2023088","8:16","33.0","6.8085","5.0","","","3.4","","8.9","93","","21","","18.58","11.98","13.88","","","","",""
"2023-03-29","2023088","8:16","33.0","6.8085","6.0","","","3.2","","8.8","92","","23","","18.73","11.97","13.99","","","","",""
"2023-03-29","2023088","8:16","33.0","6.8085","7.0","","","3.1","","8.8","92","","25","","18.95","11.95","14.17","","","","",""
"2023-03-29","2023088","8:16","33.0","6.8085","8.0","","","3.1","","8.8","92","","26","","19.06","11.94","14.26","","","","",""
"2023-03-29","2023088","8:16","33.0","6.8085","9.0","","","3.1","","8.8","92","","27","","19.17","11.93","14.34","","","","",""
"2023-03-29","2023088","8:16","33.0","6.8085","10.0","","","3.0","","8.7","91","","27","","19.51","11.90","14.61","","","","",""
"2023-03-29","2023088","8:16","33.0","6.8085","11.0","","","3.0","","8.7","91","","27","","19.73","11.89","14.78","","","","",""
"2023-03-29","2023088","8:16","33.0","6.8085","12.0","","","3.0","","8.7","91","","29","","19.90","11.87","14.91","","","","",""
"2023-03-29","2023088","8:06","34.0","3.5290","1.0","","","5.1","","9.5","95","","22","2.35","14.26","11.42","10.62","","","","",""
"2023-03-29","2023088","8:06","34.0","3.5290","2.0","4.6","0.80","5.0","","9.5","95","23.5","22","","14.32","11.44","10.67","","","","",""
"2023-03-29","2023088","8:06","34.0","3.5290","3.0","","","5.0","","9.4","95","","22","","14.42","11.47","10.74","","","","",""
"2023-03-29","2023088","8:06","34.0","3.5290","4.0","","","4.9","","9.2","94","","28","","16.14","11.86","12.01","","","","",""
"2023-03-29","2023088","8:06","34.0","3.5290","5.0","","","4.1","","9.1","94","","25","","16.80","12.02","12.50","","","","",""
"2023-03-29","2023088","8:06","34.0","3.5290","6.0","","","3.6","","9.0","94","","17","","17.35","12.06","12.92","","","","",""
"2023-03-29","2023088","8:06","34.0","3.5290","7.0","","","3.6","","9.0","93","","18","","17.57","12.06","13.09","","","","",""
"2023-03-29","2023088","8:06","34.0","3.5290","8.0","","","3.6","","8.9","93","","20","","17.64","12.06","13.14","","","","",""
"2023-03-29","2023088","8:06","34.0","3.5290","9.0","4.1","0.75","3.7","","8.9","92","","27","","17.70","12.06","13.18","","","","",""
"2023-03-29","2023088","7:55","35.0","1.6576","1.0","","","5.1","","9.6","96","","21","2.51","13.60","11.21","10.14","","","","",""
"2023-03-29","2023088","7:55","35.0","1.6576","2.0","4.7","0.82","5.0","","9.6","96","18.6","20","","13.86","11.29","10.33","","","","",""
"2023-03-29","2023088","7:55","35.0","1.6576","3.0","","","4.7","","9.4","95","","17","","14.98","11.61","11.15","","","","",""
"2023-03-29","2023088","7:55","35.0","1.6576","4.0","","","3.9","","9.1","94","","16","","16.37","11.96","12.17","","","","",""
"2023-03-29","2023088","7:55","35.0","1.6576","5.0","","","3.6","","9.1","94","","19","","16.78","12.03","12.48","","","","",""
"2023-03-29","2023088","7:55","35.0","1.6576","6.0","","","3.5","","9.0","93","","24","","17.29","12.06","12.87","","","","",""
"2023-03-29","2023088","7:55","35.0","1.6576","7.0","","","3.6","","8.9","93","","33","","17.37","12.06","12.93","","","","",""
"2023-03-29","2023088","7:46","36.0","0.0000","1.0","","","5.2","","9.5","95","","20","1.99","14.42","11.51","10.73","","","","",""
"2023-03-29","2023088","7:46","36.0","0.0000","2.0","4.9","0.82","5.0","","9.3","94","19.1","21","","15.03","11.65","11.19","1.59","44.34","6.71","3.96","149.19"
"2023-03-29","2023088","7:46","36.0","0.0000","3.0","","","4.5","","9.1","94","","30","","16.55","12.01","12.30","","","","",""
"2023-03-29","2023088","7:46","36.0","0.0000","4.0","","","4.3","","9.0","93","","38","","16.76","12.04","12.46","","","","",""
"2023-03-29","2023088","7:46","36.0","0.0000","5.0","","","4.3","","9.0","93","","41","","16.81","12.05","12.50","","","","",""
"2023-03-29","2023088","7:46","36.0","0.0000","6.0","4.5","0.69","4.3","","9.0","93","51.5","51","","16.84","12.05","12.52","","","","",""
"2023-04-19","2023109","8:53","18.0","54.9481","1.0","","","5.0","","7.9","86","","11","1.23","22.83","12.30","17.11","","","","",""
"2023-04-19","2023109","8:53","18.0","54.9481","2.0","5.1","0.73","5.0","","7.9","86","14.8","9","","22.86","12.30","17.13","0.50","24.42","2.43","2.04","100.05"
"2023-04-19","2023109","8:53","18.0","54.9481","3.0","","","5.2","","7.9","86","","9","","22.85","12.30","17.13","","","","",""
"2023-04-19","2023109","8:53","18.0","54.9481","4.0","","","5.2","","7.9","86","","9","","22.88","12.30","17.15","","","","",""
"2023-04-19","2023109","8:53","18.0","54.9481","5.0","","","5.2","","7.9","86","","9","","22.89","12.30","17.15","","","","",""
"2023-04-19","2023109","8:53","18.0","54.9481","6.0","","","5.2","","7.9","86","","9","","22.88","12.30","17.14","","","","",""
"2023-04-19","2023109","8:53","18.0","54.9481","7.0","","","5.2","","7.9","86","","9","","22.88","12.30","17.15","","","","",""
"2023-04-19","2023109","8:53","18.0","54.9481","8.0","","","5.2","","7.9","86","","9","","22.88","12.30","17.15","","","","",""
"2023-04-19","2023109","8:53","18.0","54.9481","9.0","","","5.2","","7.9","85","","9","","22.88","12.30","17.14","","","","",""
"2023-04-19","2023109","8:53","18.0","54.9481","10.0","","","5.2","","7.9","86","","10","","22.91","12.30","17.17","","","","",""
"2023-04-19","2023109","8:53","18.0","54.9481","11.0","","","5.2","","7.9","86","","9","","22.97","12.30","17.22","","","","",""
"2023-04-19","2023109","8:53","18.0","54.9481","12.0","","","5.2","","7.9","86","","9","","23.00","12.29","17.24","","","","",""
"2023-04-19","2023109","8:53","18.0","54.9481","13.0","","","5.2","","7.9","86","","10","","23.01","12.28","17.25","","","","",""
"2023-04-19","2023109","8:53","18.0","54.9481","14.0","","","5.3","","7.9","85","","10","","23.01","12.28","17.25","","","","",""
"2023-04-19","2023109","8:53","18.0","54.9481","15.0","","","5.3","","7.9","85","","10","","23.02","12.28","17.26","","","","",""
"2023-04-19","2023109","8:53","18.0","54.9481","16.0","","","5.3","","7.9","86","","9","","23.03","12.28","17.26","","","","",""
"2023-04-19","2023109","8:53","18.0","54.9481","17.0","","","5.3","","7.9","86","","11","","23.02","12.28","17.26","","","","",""
"2023-04-19","2023109","8:53","18.0","54.9481","18.0","","","5.3","","7.9","86","","12","","23.01","12.28","17.25","","","","",""
"2023-04-19","2023109","8:53","18.0","54.9481","19.0","","","5.3","","7.9","85","","11","","23.01","12.28","17.25","","","","",""
"2023-04-19","2023109","8:53","18.0","54.9481","20.0","","","5.3","","7.9","85","","11","","23.02","12.26","17.26","","","","",""
"2023-04-19","2023109","8:53","18.0","54.9481","21.0","","","5.3","","7.9","85","","12","","23.01","12.26","17.26","","","","",""
"2023-04-19","2023109","8:53","18.0","54.9481","22.0","","","5.3","","7.9","85","","12","","23.03","12.25","17.27","","","","",""
"2023-04-19","2023109","8:53","18.0","54.9481","23.0","","","5.3","","7.9","85","","12","","23.12","12.21","17.34","","","","",""
"2023-04-19","2023109","8:53","18.0","54.9481","24.0","","","5.3","","7.9","85","","13","","23.12","12.21","17.35","","","","",""
"2023-04-19","2023109","8:53","18.0","54.9481","25.0","","","5.3","","7.9","85","","13","","23.14","12.21","17.36","","","","",""
"2023-04-19","2023109","8:53","18.0","54.9481","26.0","","","5.3","","7.9","85","","13","","23.18","12.20","17.40","","","","",""
"2023-04-19","2023109","8:53","18.0","54.9481","27.0","","","5.3","","7.9","85","","13","","23.20","12.19","17.41","","","","",""
"2023-04-19","2023109","8:53","18.0","54.9481","28.0","","","5.3","","7.9","85","","13","","23.21","12.19","17.42","","","","",""
"2023-04-19","2023109","8:53","18.0","54.9481","29.0","","","5.3","","7.9","85","","13","","23.24","12.18","17.45","","","","",""
"2023-04-19","2023109","8:53","18.0","54.9481","30.0","","","5.3","","7.8","85","","14","","23.28","12.17","17.48","","","","",""
"2023-04-19","2023109","8:53","18.0","54.9481","31.0","","","5.3","","7.8","85","","14","","23.38","12.15","17.56","","","","",""
"2023-04-19","2023109","8:53","18.0","54.9481","32.0","","","5.2","","7.8","84","","14","","23.47","12.13","17.63","","","","",""
"2023-04-19","2023109","8:53","18.0","54.9481","33.0","","","5.2","","7.8","84","","14","","23.59","12.11","17.73","","","","",""
"2023-04-19","2023109","8:53","18.0","54.9481","34.0","","","5.2","","7.8","84","","15","","23.74","12.07","17.85","","","","",""
"2023-04-19","2023109","8:53","18.0","54.9481","35.0","","","5.2","","7.8","84","","15","","23.86","12.05","17.95","","","","",""
"2023-04-19","2023109","8:53","18.0","54.9481","36.0","","","5.2","","7.7","84","","16","","23.96","12.03","18.03","","","","",""
"2023-04-19","2023109","8:53","18.0","54.9481","37.0","","","5.2","","7.7","83","","17","","24.26","11.96","18.27","","","","",""
"2023-04-19","2023109","8:53","18.0","54.9481","38.0","","","5.2","","7.7","83","","17","","24.58","11.90","18.53","","","","",""
"2023-04-19","2023109","8:53","18.0","54.9481","39.0","","","5.2","","7.7","83","","17","","24.73","11.87","18.65","","","","",""
"2023-04-19","2023109","8:53","18.0","54.9481","40.0","","","5.1","","7.6","83","","17","","24.83","11.85","18.73","","","","",""
"2023-04-19","2023109","8:53","18.0","54.9481","41.0","","","5.1","","7.6","82","","19","","24.92","11.84","18.80","","","","",""
"2023-04-19","2023109","8:53","18.0","54.9481","42.0","","","5.1","","7.6","82","","22","","25.17","11.80","19.00","","","","",""
"2023-04-19","2023109","8:53","18.0","54.9481","43.0","","","5.1","","7.6","82","","26","","25.48","11.75","19.25","","","","",""
"2023-04-19","2023109","8:53","18.0","54.9481","44.0","5.3","0.65","5.1","","7.5","82","24.1","28","","25.64","11.73","19.38","","","","",""
"2023-04-19","2023109","9:12","20.0","51.4501","1.0","","","5.1","","8.3","89","","11","1.37","19.39","12.70","14.39","","","","",""
"2023-04-19","2023109","9:12","20.0","51.4501","2.0","4.5","0.78","5.1","","8.2","88","","11","","20.19","12.60","15.02","","","","",""
"2023-04-19","2023109","9:12","20.0","51.4501","3.0","","","5.3","","8.1","87","","11","","21.17","12.48","15.80","","","","",""
"2023-04-19","2023109","9:12","20.0","51.4501","4.0","","","5.3","","8.1","87","","11","","21.65","12.43","16.17","","","","",""
"2023-04-19","2023109","9:12","20.0","51.4501","5.0","","","5.3","","8.0","86","","11","","22.11","12.36","16.54","","","","",""
"2023-04-19","2023109","9:12","20.0","51.4501","6.0","","","5.1","","7.9","86","","11","","22.92","12.23","17.19","","","","",""
"2023-04-19","2023109","9:12","20.0","51.4501","7.0","","","5.1","","7.9","85","","12","","22.99","12.21","17.25","","","","",""
"2023-04-19","2023109","9:12","20.0","51.4501","8.0","","","5.0","","7.9","85","","12","","23.01","12.20","17.26","","","","",""
"2023-04-19","2023109","9:12","20.0","51.4501","9.0","","","5.0","","7.9","85","","13","","23.01","12.20","17.26","","","","",""
"2023-04-19","2023109","9:12","20.0","51.4501","10.0","","","5.0","","7.9","85","","12","","23.02","12.19","17.27","","","","",""
"2023-04-19","2023109","9:12","20.0","51.4501","11.0","","","5.0","","7.9","85","","12","","23.05","12.18","17.30","","","","",""
"2023-04-19","2023109","9:12","20.0","51.4501","12.0","","","5.0","","7.9","85","","11","","23.19","12.14","17.41","","","","",""
"2023-04-19","2023109","9:12","20.0","51.4501","13.0","","","5.0","","7.8","85","","12","","23.40","12.10","17.58","","","","",""
"2023-04-19","2023109","9:12","20.0","51.4501","14.0","","","5.0","","7.8","84","","12","","23.69","12.04","17.82","","","","",""
"2023-04-19","2023109","9:12","20.0","51.4501","15.0","","","5.0","","7.8","84","","15","","23.89","12.00","17.98","","","","",""
"2023-04-19","2023109","9:12","20.0","51.4501","16.0","","","5.0","","7.7","84","","16","","24.13","11.96","18.17","","","","",""
"2023-04-19","2023109","9:12","20.0","51.4501","17.0","","","5.0","","7.7","83","","17","","24.41","11.91","18.40","","","","",""
"2023-04-19","2023109","9:12","20.0","51.4501","18.0","","","5.1","","7.7","83","","18","","24.51","11.89","18.47","","","","",""
"2023-04-19","2023109","9:12","20.0","51.4501","19.0","","","5.1","","7.7","83","","20","","24.63","11.87","18.58","","","","",""
"2023-04-19","2023109","9:12","20.0","51.4501","20.0","","","5.1","","7.7","83","","21","","24.74","11.85","18.66","","","","",""
"2023-04-19","2023109","9:12","20.0","51.4501","21.0","","","5.1","","7.6","83","","22","","24.78","11.84","18.70","","","","",""
"2023-04-19","2023109","9:12","20.0","51.4501","22.0","","","5.2","","7.6","83","","24","","24.89","11.82","18.78","","","","",""
"2023-04-19","2023109","9:12","20.0","51.4501","23.0","","","5.2","","7.6","82","","28","","24.96","11.81","18.84","","","","",""
"2023-04-19","2023109","9:12","20.0","51.4501","24.0","","","5.2","","7.6","82","","28","","24.98","11.81","18.85","","","","",""
"2023-04-19","2023109","9:12","20.0","51.4501","25.0","","","5.3","","7.6","82","","30","","24.99","11.81","18.87","","","","",""
"2023-04-19","2023109","9:12","20.0","51.4501","26.0","","","5.3","","7.6","82","","32","","25.05","11.80","18.91","","","","",""
"2023-04-19","2023109","9:12","20.0","51.4501","27.0","","","5.3","","7.6","82","","37","","25.08","11.79","18.94","","","","",""
"2023-04-19","2023109","9:12","20.0","51.4501","28.0","","","5.3","","7.6","82","","40","","25.08","11.79","18.94","","","","",""
"2023-04-19","2023109","9:26","21.0","46.6266","1.0","","","5.3","","8.2","89","","6","1.28","21.51","12.81","16.00","","","","",""
"2023-04-19","2023109","9:26","21.0","46.6266","2.0","5.4","0.78","5.3","","8.1","88","","9","","22.01","12.72","16.41","","","","",""
"2023-04-19","2023109","9:26","21.0","46.6266","3.0","","","5.4","","8.1","87","","14","","22.20","12.68","16.55","","","","",""
"2023-04-19","2023109","9:26","21.0","46.6266","4.0","","","5.4","","8.0","87","","19","","22.26","12.67","16.60","","","","",""
"2023-04-19","2023109","9:26","21.0","46.6266","5.0","","","5.4","","8.0","87","","21","","22.31","12.67","16.64","","","","",""
"2023-04-19","2023109","9:26","21.0","46.6266","6.0","","","5.5","","8.0","87","","23","","22.32","12.66","16.65","","","","",""
"2023-04-19","2023109","9:26","21.0","46.6266","7.0","","","5.5","","8.0","87","","22","","22.32","12.66","16.65","","","","",""
"2023-04-19","2023109","9:26","21.0","46.6266","8.0","","","5.5","","8.0","87","","22","","22.32","12.66","16.65","","","","",""
"2023-04-19","2023109","9:26","21.0","46.6266","9.0","","","5.4","","8.0","87","","23","","22.34","12.67","16.67","","","","",""
"2023-04-19","2023109","9:26","21.0","46.6266","10.0","","","5.3","","8.0","87","","26","","22.36","12.67","16.68","","","","",""
"2023-04-19","2023109","9:26","21.0","46.6266","11.0","","","5.3","","8.0","87","","29","","22.38","12.67","16.70","","","","",""
"2023-04-19","2023109","9:26","21.0","46.6266","12.0","","","5.4","","8.0","87","","30","","22.40","12.67","16.71","","","","",""
"2023-04-19","2023109","9:26","21.0","46.6266","13.0","","","5.4","","8.0","87","","35","","22.42","12.67","16.73","","","","",""
"2023-04-19","2023109","9:26","21.0","46.6266","14.0","","","5.4","","8.0","87","","36","","22.43","12.68","16.73","","","","",""
"2023-04-19","2023109","9:26","21.0","46.6266","15.0","","","5.4","","8.0","87","","38","","22.43","12.67","16.74","","","","",""
"2023-04-19","2023109","9:26","21.0","46.6266","16.0","","","5.4","","8.0","87","","38","","22.43","12.67","16.74","","","","",""
"2023-04-19","2023109","9:26","21.0","46.6266","17.0","","","5.4","","8.0","87","","38","","22.43","12.68","16.73","","","","",""
"2023-04-19","2023109","9:35","22.0","43.9210","1.0","","","5.0","","8.4","91","","7","1.21","19.87","12.79","14.74","","","","",""
"2023-04-19","2023109","9:35","22.0","43.9210","2.0","5.4","0.81","5.0","","8.4","90","10.4","8","","20.49","12.75","15.23","0.51","23.25","2.64","1.97","115.01"
"2023-04-19","2023109","9:35","22.0","43.9210","3.0","","","5.3","","8.3","90","","8","","20.79","12.74","15.46","","","","",""
"2023-04-19","2023109","9:35","22.0","43.9210","4.0","","","5.2","","8.3","90","","8","","20.87","12.76","15.52","","","","",""
"2023-04-19","2023109","9:35","22.0","43.9210","5.0","","","5.1","","8.3","89","","8","","20.97","12.76","15.60","","","","",""
"2023-04-19","2023109","9:35","22.0","43.9210","6.0","","","5.1","","8.3","89","","7","","21.27","12.79","15.82","","","","",""
"2023-04-19","2023109","9:35","22.0","43.9210","7.0","","","5.0","","8.2","89","","6","","21.52","12.84","16.00","","","","",""
"2023-04-19","2023109","9:35","22.0","43.9210","8.0","","","5.0","","8.2","89","","6","","21.74","12.79","16.18","","","","",""
"2023-04-19","2023109","9:35","22.0","43.9210","9.0","","","5.1","","8.1","88","","8","","21.83","12.77","16.26","","","","",""
"2023-04-19","2023109","9:35","22.0","43.9210","10.0","","","5.2","","8.1","88","","11","","21.97","12.74","16.37","","","","",""
"2023-04-19","2023109","9:35","22.0","43.9210","11.0","","","5.2","","8.1","88","","15","","22.03","12.72","16.42","","","","",""
"2023-04-19","2023109","9:35","22.0","43.9210","12.0","","","5.1","","8.1","87","","17","","22.07","12.71","16.45","","","","",""
"2023-04-19","2023109","9:35","22.0","43.9210","13.0","","","5.0","","8.0","87","","21","","22.17","12.68","16.53","","","","",""
"2023-04-19","2023109","9:35","22.0","43.9210","14.0","","","5.1","","8.0","87","","35","","22.26","12.65","16.61","","","","",""
"2023-04-19","2023109","9:35","22.0","43.9210","15.0","","","5.3","","8.0","87","","50","","22.32","12.63","16.66","","","","",""
"2023-04-19","2023109","9:35","22.0","43.9210","16.0","","","5.5","","8.0","86","","64","","22.34","12.63","16.68","","","","",""
"2023-04-19","2023109","9:35","22.0","43.9210","17.0","","","5.6","","8.0","86","","81","","22.36","12.62","16.69","","","","",""
"2023-04-19","2023109","9:35","22.0","43.9210","18.0","","","5.7","","8.0","86","","96","","22.37","12.62","16.69","","","","",""
"2023-04-19","2023109","9:35","22.0","43.9210","19.0","6.3","0.46","5.7","","8.0","86","96.1","99","","22.36","12.62","16.69","","","","",""
"2023-04-19","2023109","9:48","23.0","39.6557","1.0","","","4.9","","8.5","93","","3","1.11","20.87","13.27","15.43","","","","",""
"2023-04-19","2023109","9:48","23.0","39.6557","2.0","","","4.9","","8.3","91","","3","","21.21","13.11","15.72","","","","",""
"2023-04-19","2023109","9:48","23.0","39.6557","3.0","","","4.9","","8.3","90","","6","","21.48","12.99","15.94","","","","",""
"2023-04-19","2023109","9:48","23.0","39.6557","4.0","","","4.9","","8.2","89","","15","","21.62","12.92","16.07","","","","",""
"2023-04-19","2023109","9:48","23.0","39.6557","5.0","","","4.9","","8.2","89","","21","","21.63","12.92","16.07","","","","",""
"2023-04-19","2023109","9:48","23.0","39.6557","6.0","","","4.9","","8.2","89","","21","","21.65","12.90","16.09","","","","",""
"2023-04-19","2023109","9:48","23.0","39.6557","7.0","","","4.9","","8.2","89","","26","","21.66","12.89","16.11","","","","",""
"2023-04-19","2023109","9:48","23.0","39.6557","8.0","","","5.0","","8.2","89","","38","","21.69","12.88","16.13","","","","",""
"2023-04-19","2023109","9:48","23.0","39.6557","9.0","","","5.1","","8.2","89","","47","","21.69","12.87","16.13","","","","",""
"2023-04-19","2023109","9:48","23.0","39.6557","10.0","","","5.2","","8.2","89","","52","","21.69","12.87","16.13","","","","",""
"2023-04-19","2023109","9:48","23.0","39.6557","11.0","","","5.2","","8.2","89","","47","","21.69","12.87","16.13","","","","",""
"2023-04-19","2023109","9:48","23.0","39.6557","12.0","","","5.2","","8.2","89","","51","","21.69","12.87","16.13","","","","",""
"2023-04-19","2023109","9:48","23.0","39.6557","13.0","","","5.3","","8.2","89","","65","","21.69","12.86","16.13","","","","",""
"2023-04-19","2023109","9:48","23.0","39.6557","14.0","","","5.3","","8.2","89","","81","","21.69","12.86","16.13","","","","",""
"2023-04-19","2023109","9:57","24.0","37.0911","1.0","","","4.8","","8.7","95","","6","1.18","20.13","13.53","14.82","","","","",""
"2023-04-19","2023109","9:57","24.0","37.0911","2.0","5.3","0.86","4.8","","8.5","92","6.7","6","","20.75","13.23","15.34","0.81","25.65","4.21","2.33","114.65"
"2023-04-19","2023109","9:57","24.0","37.0911","3.0","","","5.1","","8.4","91","","6","","21.35","12.97","15.85","","","","",""
"2023-04-19","2023109","9:57","24.0","37.0911","4.0","","","5.1","","8.4","91","","16","","21.47","12.92","15.96","","","","",""
"2023-04-19","2023109","9:57","24.0","37.0911","5.0","","","5.1","","8.4","91","","30","","21.49","12.91","15.97","","","","",""
"2023-04-19","2023109","9:57","24.0","37.0911","6.0","","","5.1","","8.4","91","","35","","21.49","12.91","15.97","","","","",""
"2023-04-19","2023109","9:57","24.0","37.0911","7.0","","","5.1","","8.4","91","","40","","21.49","12.91","15.97","","","","",""
"2023-04-19","2023109","9:57","24.0","37.0911","8.0","","","5.2","","8.4","91","","43","","21.50","12.91","15.98","","","","",""
"2023-04-19","2023109","9:57","24.0","37.0911","9.0","","","5.2","","8.4","91","","49","","21.50","12.91","15.97","","","","",""
"2023-04-19","2023109","9:57","24.0","37.0911","10.0","4.3","0.50","5.2","","8.3","91","62.9","61","","21.50","12.91","15.97","","","","",""
"2023-04-19","2023109","10:09","25.0","32.8382","1.0","","","4.9","","8.6","94","","22","1.95","20.85","13.22","15.42","","","","",""
"2023-04-19","2023109","10:09","25.0","32.8382","2.0","","","4.9","","8.6","94","","24","","20.84","13.22","15.42","","","","",""
"2023-04-19","2023109","10:09","25.0","32.8382","3.0","","","5.0","","8.6","94","","26","","20.84","13.22","15.42","","","","",""
"2023-04-19","2023109","10:09","25.0","32.8382","4.0","","","5.0","","8.6","94","","28","","20.84","13.22","15.42","","","","",""
"2023-04-19","2023109","10:09","25.0","32.8382","5.0","","","5.0","","8.6","94","","26","","20.84","13.22","15.41","","","","",""
"2023-04-19","2023109","10:09","25.0","32.8382","6.0","","","5.0","","8.6","94","","31","","20.83","13.22","15.41","","","","",""
"2023-04-19","2023109","10:09","25.0","32.8382","7.0","","","5.1","","8.6","94","","29","","20.83","13.22","15.41","","","","",""
"2023-04-19","2023109","10:09","25.0","32.8382","8.0","","","5.1","","8.6","94","","31","","20.83","13.22","15.41","","","","",""
"2023-04-19","2023109","10:20","26.0","28.7560","1.0","","","4.8","","9.0","98","","19","1.72","19.56","13.67","14.35","","","","",""
"2023-04-19","2023109","10:20","26.0","28.7560","2.0","","","4.8","","9.0","98","","19","","19.56","13.64","14.36","","","","",""
"2023-04-19","2023109","10:20","26.0","28.7560","3.0","","","5.0","","9.0","98","","20","","19.57","13.63","14.37","","","","",""
"2023-04-19","2023109","10:20","26.0","28.7560","4.0","","","5.0","","9.0","98","","30","","19.57","13.63","14.36","","","","",""
"2023-04-19","2023109","10:20","26.0","28.7560","5.0","","","5.1","","9.0","98","","34","","19.56","13.63","14.36","","","","",""
"2023-04-19","2023109","10:20","26.0","28.7560","6.0","","","5.2","","9.0","98","","36","","19.57","13.63","14.36","","","","",""
"2023-04-19","2023109","10:20","26.0","28.7560","7.0","","","5.2","","9.0","98","","31","","19.57","13.63","14.36","","","","",""
"2023-04-19","2023109","10:20","26.0","28.7560","8.0","","","5.2","","9.0","98","","38","","19.56","13.63","14.36","","","","",""
"2023-04-19","2023109","10:20","26.0","28.7560","9.0","","","5.3","","9.0","98","","47","","19.56","13.63","14.36","","","","",""
"2023-04-19","2023109","10:20","26.0","28.7560","10.0","","","5.4","","9.0","98","","46","","19.56","13.63","14.36","","","","",""
"2023-04-19","2023109","10:20","26.0","28.7560","11.0","","","5.4","","9.0","98","","86","","19.56","13.63","14.36","","","","",""
"2023-04-19","2023109","10:29","27.0","26.1872","1.0","","","4.9","","9.3","102","","11","1.18","18.19","14.27","13.19","","","","",""
"2023-04-19","2023109","10:29","27.0","26.1872","2.0","4.7","0.79","4.9","","9.3","101","12.4","11","","18.26","14.20","13.25","0.54","16.33","2.14","2.28","107.88"
"2023-04-19","2023109","10:29","27.0","26.1872","3.0","","","5.3","","9.2","101","","11","","18.33","14.14","13.32","","","","",""
"2023-04-19","2023109","10:29","27.0","26.1872","4.0","","","5.3","","9.2","100","","12","","18.42","14.09","13.40","","","","",""
"2023-04-19","2023109","10:29","27.0","26.1872","5.0","","","5.2","","9.2","100","","12","","18.48","14.05","13.45","","","","",""
"2023-04-19","2023109","10:29","27.0","26.1872","6.0","","","5.2","","9.1","100","","14","","18.53","14.02","13.49","","","","",""
"2023-04-19","2023109","10:29","27.0","26.1872","7.0","","","5.2","","9.1","99","","17","","18.59","13.99","13.55","","","","",""
"2023-04-19","2023109","10:29","27.0","26.1872","8.0","","","5.1","","9.0","99","","20","","18.70","13.93","13.64","","","","",""
"2023-04-19","2023109","10:29","27.0","26.1872","9.0","","","5.2","","9.0","98","","29","","18.86","13.87","13.78","","","","",""
"2023-04-19","2023109","10:29","27.0","26.1872","10.0","","","5.3","","9.0","98","","49","","18.94","13.84","13.84","","","","",""
"2023-04-19","2023109","10:29","27.0","26.1872","11.0","5.4","0.33","5.3","","9.0","98","","89","","18.98","13.83","13.88","","","","",""
"2023-04-19","2023109","10:40","28.0","23.5695","1.0","","","5.2","","9.2","101","","11","1.08","18.13","14.21","13.15","","","","",""
"2023-04-19","2023109","10:40","28.0","23.5695","2.0","","","5.2","","9.2","101","","12","","18.13","14.20","13.16","","","","",""
"2023-04-19","2023109","10:40","28.0","23.5695","3.0","","","5.3","","9.2","101","","12","","18.14","14.17","13.17","","","","",""
"2023-04-19","2023109","10:40","28.0","23.5695","4.0","","","5.3","","9.2","101","","13","","18.14","14.16","13.17","","","","",""
"2023-04-19","2023109","10:40","28.0","23.5695","5.0","","","5.3","","9.2","100","","13","","18.14","14.15","13.18","","","","",""
"2023-04-19","2023109","10:40","28.0","23.5695","6.0","","","5.3","","9.1","100","","16","","18.19","14.05","13.23","","","","",""
"2023-04-19","2023109","10:40","28.0","23.5695","7.0","","","5.2","","9.1","99","","19","","18.23","14.02","13.26","","","","",""
"2023-04-19","2023109","10:40","28.0","23.5695","8.0","","","5.3","","9.1","99","","24","","18.30","14.01","13.32","","","","",""
"2023-04-19","2023109","10:40","28.0","23.5695","9.0","","","5.3","","9.1","99","","25","","18.40","13.99","13.40","","","","",""
"2023-04-19","2023109","10:40","28.0","23.5695","10.0","","","5.3","","9.1","99","","28","","18.49","13.98","13.47","","","","",""
"2023-04-19","2023109","10:40","28.0","23.5695","11.0","","","5.3","","9.1","99","","38","","18.59","13.98","13.55","","","","",""
"2023-04-19","2023109","10:40","28.0","23.5695","12.0","","","5.5","","9.1","99","","70","","18.66","13.98","13.60","","","","",""
"2023-04-19","2023109","10:40","28.0","23.5695","13.0","","","5.5","","9.1","99","","89","","18.67","13.98","13.61","","","","",""
"2023-04-19","2023109","10:49","29.0","20.2526","1.0","","","5.1","","9.2","100","","13","1.11","18.22","14.12","13.24","","","","",""
"2023-04-19","2023109","10:49","29.0","20.2526","2.0","","","5.1","","9.2","100","","12","","18.21","14.13","13.23","","","","",""
"2023-04-19","2023109","10:49","29.0","20.2526","3.0","","","5.1","","9.2","100","","13","","18.25","14.09","13.27","","","","",""
"2023-04-19","2023109","10:49","29.0","20.2526","4.0","","","5.1","","9.2","100","","14","","18.24","14.10","13.26","","","","",""
"2023-04-19","2023109","10:49","29.0","20.2526","5.0","","","5.0","","9.2","100","","15","","18.28","14.06","13.30","","","","",""
"2023-04-19","2023109","10:49","29.0","20.2526","6.0","","","5.0","","9.2","100","","16","","18.29","14.05","13.31","","","","",""
"2023-04-19","2023109","10:49","29.0","20.2526","7.0","","","5.0","","9.2","100","","16","","18.31","14.04","13.32","","","","",""
"2023-04-19","2023109","10:49","29.0","20.2526","8.0","","","5.0","","9.2","100","","19","","18.31","14.04","13.32","","","","",""
"2023-04-19","2023109","10:49","29.0","20.2526","9.0","","","5.0","","9.2","100","","18","","18.31","14.04","13.33","","","","",""
"2023-04-19","2023109","10:49","29.0","20.2526","10.0","","","4.9","","9.2","100","","18","","18.33","14.03","13.34","","","","",""
"2023-04-19","2023109","10:49","29.0","20.2526","11.0","","","4.9","","9.2","100","","22","","18.36","14.03","13.36","","","","",""
"2023-04-19","2023109","10:49","29.0","20.2526","12.0","","","4.9","","9.2","100","","19","","18.33","14.03","13.34","","","","",""
"2023-04-19","2023109","10:49","29.0","20.2526","13.0","","","4.9","","9.2","100","","23","","18.38","14.02","13.38","","","","",""
"2023-04-19","2023109","10:49","29.0","20.2526","14.0","","","4.9","","9.2","100","","26","","18.38","14.02","13.38","","","","",""
"2023-04-19","2023109","10:49","29.0","20.2526","15.0","","","4.9","","9.2","100","","25","","18.37","14.02","13.37","","","","",""
"2023-04-19","2023109","10:58","29.5","17.5640","1.0","","","5.5","","9.3","102","","6","0.88","17.57","14.54","12.67","","","","",""
"2023-04-19","2023109","10:58","29.5","17.5640","2.0","","","5.5","","9.2","101","","6","","17.60","14.51","12.70","","","","",""
"2023-04-19","2023109","10:58","29.5","17.5640","3.0","","","5.5","","9.2","101","","7","","17.80","14.30","12.88","","","","",""
"2023-04-19","2023109","10:58","29.5","17.5640","4.0","","","5.3","","9.2","100","","9","","17.84","14.27","12.92","","","","",""
"2023-04-19","2023109","10:58","29.5","17.5640","5.0","","","5.2","","9.2","100","","9","","17.91","14.25","12.98","","","","",""
"2023-04-19","2023109","10:58","29.5","17.5640","6.0","","","5.1","","9.2","100","","11","","17.97","14.22","13.03","","","","",""
"2023-04-19","2023109","10:58","29.5","17.5640","7.0","","","5.0","","9.2","100","","15","","18.00","14.20","13.06","","","","",""
"2023-04-19","2023109","10:58","29.5","17.5640","8.0","","","5.1","","9.1","100","","17","","18.03","14.16","13.08","","","","",""
"2023-04-19","2023109","10:58","29.5","17.5640","9.0","","","5.1","","9.1","100","","30","","18.05","14.13","13.11","","","","",""
"2023-04-19","2023109","10:58","29.5","17.5640","10.0","","","5.2","","9.1","99","","39","","18.05","14.09","13.12","","","","",""
"2023-04-19","2023109","10:58","29.5","17.5640","11.0","","","5.3","","9.1","99","","52","","18.05","14.08","13.12","","","","",""
"2023-04-19","2023109","10:58","29.5","17.5640","12.0","","","5.4","","9.1","99","","54","","18.05","14.08","13.12","","","","",""
"2023-04-19","2023109","10:58","29.5","17.5640","13.0","","","5.4","","9.1","99","","63","","18.05","14.07","13.12","","","","",""
"2023-04-19","2023109","10:58","29.5","17.5640","14.0","","","5.4","","9.1","99","","77","","18.04","14.07","13.11","","","","",""
"2023-04-19","2023109","11:08","30.0","14.7543","1.0","","","5.5","","9.2","101","","10","1.07","17.34","14.46","12.51","","","","",""
"2023-04-19","2023109","11:08","30.0","14.7543","2.0","5.5","0.83","5.5","","9.1","100","13.6","15","","17.40","14.35","12.57","0.66","19.28","1.78","3.10","116.07"
"2023-04-19","2023109","11:08","30.0","14.7543","3.0","","","5.5","","9.1","99","","15","","17.47","14.33","12.63","","","","",""
"2023-04-19","2023109","11:08","30.0","14.7543","4.0","","","5.6","","9.1","99","","22","","17.50","14.33","12.65","","","","",""
"2023-04-19","2023109","11:08","30.0","14.7543","5.0","","","5.7","","9.1","99","","29","","17.54","14.33","12.68","","","","",""
"2023-04-19","2023109","11:08","30.0","14.7543","6.0","","","5.8","","9.1","99","","60","","17.54","14.33","12.68","","","","",""
"2023-04-19","2023109","11:08","30.0","14.7543","7.0","","","5.9","","9.1","99","","65","","17.56","14.33","12.70","","","","",""
"2023-04-19","2023109","11:08","30.0","14.7543","8.0","","","6.0","","9.1","99","","90","","17.56","14.32","12.70","","","","",""
"2023-04-19","2023109","11:08","30.0","14.7543","9.0","","","6.1","","9.1","99","","101","","17.56","14.32","12.70","","","","",""
"2023-04-19","2023109","11:08","30.0","14.7543","10.0","","","6.1","","9.1","99","","89","","17.56","14.33","12.70","","","","",""
"2023-04-19","2023109","11:08","30.0","14.7543","11.0","6.0","0.42","6.1","","9.1","99","","99","","17.56","14.32","12.70","","","","",""
"2023-04-19","2023109","11:20","31.0","10.6065","1.0","","","6.0","","9.2","102","","7","1.30","16.26","15.29","11.52","","","","",""
"2023-04-19","2023109","11:20","31.0","10.6065","2.0","","","6.0","","9.1","100","","6","","16.57","14.80","11.85","","","","",""
"2023-04-19","2023109","11:20","31.0","10.6065","3.0","","","5.8","","9.1","99","","7","","16.93","14.64","12.15","","","","",""
"2023-04-19","2023109","11:20","31.0","10.6065","4.0","","","5.5","","9.1","99","","16","","17.07","14.60","12.27","","","","",""
"2023-04-19","2023109","11:20","31.0","10.6065","5.0","","","5.4","","9.1","99","","24","","17.08","14.59","12.28","","","","",""
"2023-04-19","2023109","11:20","31.0","10.6065","6.0","","","5.4","","9.1","99","","27","","17.08","14.59","12.28","","","","",""
"2023-04-19","2023109","11:20","31.0","10.6065","7.0","","","5.4","","9.0","99","","28","","17.08","14.59","12.28","","","","",""
"2023-04-19","2023109","11:20","31.0","10.6065","8.0","","","5.4","","9.0","99","","28","","17.09","14.59","12.29","","","","",""
"2023-04-19","2023109","11:20","31.0","10.6065","9.0","","","5.6","","9.0","99","","50","","17.10","14.58","12.29","","","","",""
"2023-04-19","2023109","11:20","31.0","10.6065","10.0","","","5.9","","9.0","99","","88","","17.09","14.58","12.29","","","","",""
"2023-04-19","2023109","11:20","31.0","10.6065","11.0","","","6.1","","9.0","99","","92","","17.09","14.58","12.29","","","","",""
"2023-04-19","2023109","11:20","31.0","10.6065","12.0","","","6.1","","9.0","99","","88","","17.08","14.57","12.28","","","","",""
"2023-04-19","2023109","11:28","32.0","8.1507","1.0","","","6.2","","9.1","99","","18","1.58","15.83","14.98","11.26","","","","",""
"2023-04-19","2023109","11:28","32.0","8.1507","2.0","7.7","0.87","6.2","","9.0","99","17.9","19","","16.18","14.80","11.55","0.84","24.59","1.93","4.27","128.54"
"2023-04-19","2023109","11:28","32.0","8.1507","3.0","","","6.1","","9.0","98","","31","","16.57","14.58","11.89","","","","",""
"2023-04-19","2023109","11:28","32.0","8.1507","4.0","","","6.2","","9.0","98","","68","","16.57","14.58","11.89","","","","",""
"2023-04-19","2023109","11:28","32.0","8.1507","5.0","","","6.4","","9.0","98","","77","","16.57","14.58","11.89","","","","",""
"2023-04-19","2023109","11:28","32.0","8.1507","6.0","","","6.6","","9.0","98","","114","","16.56","14.57","11.89","","","","",""
"2023-04-19","2023109","11:28","32.0","8.1507","7.0","","","6.7","","9.0","98","","131","","16.56","14.57","11.89","","","","",""
"2023-04-19","2023109","11:28","32.0","8.1507","8.0","","","7.1","","8.9","97","","153","","16.55","14.56","11.88","","","","",""
"2023-04-19","2023109","11:28","32.0","8.1507","9.0","","","7.6","","8.9","97","","235","","16.54","14.54","11.88","","","","",""
"2023-04-19","2023109","11:28","32.0","8.1507","10.0","","","8.1","","8.9","97","","291","","16.54","14.54","11.88","","","","",""
"2023-04-19","2023109","11:28","32.0","8.1507","11.0","8.5","0.36","8.1","","8.9","97","","345","","16.52","14.51","11.87","","","","",""
"2023-04-19","2023109","11:37","33.0","6.8085","1.0","","","6.3","","9.5","105","","6","1.43","15.99","15.21","11.33","","","","",""
"2023-04-19","2023109","11:37","33.0","6.8085","2.0","","","6.3","","9.4","103","8.1","7","","15.98","15.14","11.34","","","","",""
"2023-04-19","2023109","11:37","33.0","6.8085","3.0","","","6.5","","9.2","101","","7","","15.98","15.01","11.36","","","","",""
"2023-04-19","2023109","11:37","33.0","6.8085","4.0","","","6.4","","9.2","100","","11","","16.12","14.73","11.52","","","","",""
"2023-04-19","2023109","11:37","33.0","6.8085","5.0","","","6.3","","9.1","99","","19","","16.14","14.71","11.53","","","","",""
"2023-04-19","2023109","11:37","33.0","6.8085","6.0","","","6.2","","9.0","99","","24","","16.24","14.63","11.63","","","","",""
"2023-04-19","2023109","11:37","33.0","6.8085","7.0","","","6.2","","9.0","98","","33","","16.32","14.56","11.70","","","","",""
"2023-04-19","2023109","11:37","33.0","6.8085","8.0","","","6.2","","9.0","98","","44","","16.34","14.53","11.73","","","","",""
"2023-04-19","2023109","11:37","33.0","6.8085","9.0","","","6.4","","9.0","98","","59","","16.37","14.51","11.75","","","","",""
"2023-04-19","2023109","11:37","33.0","6.8085","10.0","","","6.7","","9.0","97","","118","","16.39","14.49","11.77","","","","",""
"2023-04-19","2023109","11:37","33.0","6.8085","11.0","","","7.1","","8.9","97","","149","","16.39","14.48","11.77","","","","",""
"2023-04-19","2023109","11:37","33.0","6.8085","12.0","","","7.3","","8.9","97","","163","","16.39","14.48","11.77","","","","",""
"2023-04-19","2023109","11:37","33.0","6.8085","13.0","","","7.3","","8.9","97","","197","","16.40","14.46","11.78","","","","",""
"2023-04-19","2023109","11:47","34.0","3.5290","1.0","","","6.9","","9.0","98","","58","4.61","15.38","14.88","10.92","","","","",""
"2023-04-19","2023109","11:47","34.0","3.5290","2.0","6.7","0.73","6.9","","9.0","98","47.5","58","","15.43","14.85","10.97","","","","",""
"2023-04-19","2023109","11:47","34.0","3.5290","3.0","","","6.9","","9.0","98","","84","","15.46","14.84","10.99","","","","",""
"2023-04-19","2023109","11:47","34.0","3.5290","4.0","","","7.1","","9.0","98","","100","","15.53","14.83","11.05","","","","",""
"2023-04-19","2023109","11:47","34.0","3.5290","5.0","","","7.4","","9.0","98","","140","","15.56","14.81","11.07","","","","",""
"2023-04-19","2023109","11:47","34.0","3.5290","6.0","","","7.9","","9.0","98","","202","","15.56","14.78","11.08","","","","",""
"2023-04-19","2023109","11:47","34.0","3.5290","7.0","7.5","0.37","7.9","","9.0","98","","317","","15.55","14.77","11.08","","","","",""
"2023-04-19","2023109","12:00","35.0","1.6576","1.0","","","7.2","","8.7","95","","97","6.70","14.92","14.97","10.55","","","","",""
"2023-04-19","2023109","12:00","35.0","1.6576","2.0","7.2","0.51","7.2","","8.7","95","146.3","141","","14.91","14.95","10.55","","","","",""
"2023-04-19","2023109","12:00","35.0","1.6576","3.0","","","7.4","","8.7","95","","141","","14.90","14.92","10.55","","","","",""
"2023-04-19","2023109","12:00","35.0","1.6576","4.0","","","7.7","","8.7","95","","163","","14.88","14.89","10.54","","","","",""
"2023-04-19","2023109","12:00","35.0","1.6576","5.0","","","8.0","","8.7","95","","202","","14.87","14.87","10.53","","","","",""
"2023-04-19","2023109","12:00","35.0","1.6576","6.0","","","8.2","","8.7","95","","217","","14.86","14.87","10.53","","","","",""
"2023-04-19","2023109","12:00","35.0","1.6576","7.0","","","8.2","","8.7","95","","244","","14.83","14.84","10.51","","","","",""
"2023-04-19","2023109","12:08","36.0","0.0000","1.0","","","7.5","","8.7","95","","59","3.88","14.47","15.21","10.17","","","","",""
"2023-04-19","2023109","12:08","36.0","0.0000","2.0","7.2","0.65","7.5","","8.7","95","","56","","14.47","15.15","10.18","1.12","28.52","2.43","5.49","136.37"
"2023-04-19","2023109","12:08","36.0","0.0000","3.0","","","7.5","","8.7","94","","73","","14.54","15.00","10.26","","","","",""
"2023-04-19","2023109","12:08","36.0","0.0000","4.0","","","7.7","","8.7","94","","97","","14.58","14.96","10.30","","","","",""
"2023-04-19","2023109","12:08","36.0","0.0000","5.0","","","8.0","","8.7","94","","152","","14.59","14.91","10.31","","","","",""
"2023-04-19","2023109","12:08","36.0","0.0000","6.0","8.4","0.38","8.0","","8.7","94","","193","","14.58","14.88","10.31","","","","",""
"2023-04-27","2023117","15:04","2.0","127.7053","1.0","","","4.7","","9.7","102","","22","1.83","0.06","17.73","","","","","",""
"2023-04-27","2023117","15:04","2.0","127.7053","2.0","","","5.2","","9.8","103","","21","","0.06","17.47","","","","","",""
"2023-04-27","2023117","15:04","2.0","127.7053","3.0","","","4.9","","9.9","103","","21","","0.06","17.39","","","","","",""
"2023-04-27","2023117","15:04","2.0","127.7053","4.0","","","4.8","","9.9","103","","21","","0.05","17.27","","","","","",""
"2023-04-27","2023117","15:04","2.0","127.7053","5.0","","","4.8","","10.0","104","","21","","0.05","17.14","","","","","",""
"2023-04-27","2023117","15:04","2.0","127.7053","6.0","","","4.7","","10.0","104","","21","","0.05","17.08","","","","","",""
"2023-04-27","2023117","15:04","2.0","127.7053","7.0","","","4.8","","10.1","104","","21","","0.05","17.01","","","","","",""
"2023-04-27","2023117","15:04","2.0","127.7053","8.0","","","4.7","","10.1","105","","21","","0.05","16.97","","","","","",""
"2023-04-27","2023117","15:04","2.0","127.7053","9.0","","","5.0","","10.1","105","","21","","0.05","16.94","","","","","",""
"2023-04-27","2023117","15:04","2.0","127.7053","10.0","","","5.0","","10.1","105","","22","","0.05","16.94","","","","","",""
"2023-04-27","2023117","14:49","3.0","125.3243","1.0","","","5.1","","9.9","104","","20","1.44","0.06","17.25","","","","","",""
"2023-04-27","2023117","14:49","3.0","125.3243","2.0","5.0","0.75","5.3","","10.0","104","14.9","20","","0.06","17.24","","0.14","10.27","1.07","1.20","199.39"
"2023-04-27","2023117","14:49","3.0","125.3243","3.0","","","5.2","","10.0","104","","20","","0.06","17.25","","","","","",""
"2023-04-27","2023117","14:49","3.0","125.3243","4.0","","","5.4","","9.9","104","","21","","0.06","17.24","","","","","",""
"2023-04-27","2023117","14:49","3.0","125.3243","5.0","","","5.3","","10.0","104","","21","","0.06","17.23","","","","","",""
"2023-04-27","2023117","14:49","3.0","125.3243","6.0","","","5.3","","10.0","104","","21","","0.06","17.14","","","","","",""
"2023-04-27","2023117","14:49","3.0","125.3243","7.0","","","5.2","","10.1","105","","21","","0.06","17.06","","","","","",""
"2023-04-27","2023117","14:49","3.0","125.3243","8.0","","","5.3","","10.1","105","","22","","0.05","16.99","","","","","",""
"2023-04-27","2023117","14:49","3.0","125.3243","9.0","","","5.5","","10.1","105","","22","","0.05","16.97","","","","","",""
"2023-04-27","2023117","14:49","3.0","125.3243","10.0","","","5.4","","10.1","105","","22","","0.05","16.97","","","","","",""
"2023-04-27","2023117","14:49","3.0","125.3243","11.0","","","5.2","","10.1","105","","22","","0.05","16.99","","","","","",""
"2023-04-27","2023117","14:49","3.0","125.3243","12.0","5.5","0.73","5.4","","10.1","104","18.5","21","","0.05","17.00","","","","","",""
"2023-04-27","2023117","14:33","4.0","119.8957","1.0","","","6.0","","9.9","103","","23","1.53","0.06","17.13","","","","","",""
"2023-04-27","2023117","14:33","4.0","119.8957","2.0","","","6.3","","9.9","103","","23","","0.06","17.12","","","","","",""
"2023-04-27","2023117","14:33","4.0","119.8957","3.0","","","6.4","","9.9","103","","23","","0.06","17.12","","","","","",""
"2023-04-27","2023117","14:33","4.0","119.8957","4.0","","","6.5","","9.9","103","","23","","0.06","17.11","","","","","",""
"2023-04-27","2023117","14:33","4.0","119.8957","5.0","","","6.4","","9.9","103","","23","","0.06","17.11","","","","","",""
"2023-04-27","2023117","14:33","4.0","119.8957","6.0","","","6.4","","9.9","103","","23","","0.06","17.10","","","","","",""
"2023-04-27","2023117","14:33","4.0","119.8957","7.0","","","6.3","","9.9","103","","23","","0.06","17.11","","","","","",""
"2023-04-27","2023117","14:33","4.0","119.8957","8.0","","","6.2","","9.9","103","","23","","0.06","17.10","","","","","",""
"2023-04-27","2023117","14:33","4.0","119.8957","9.0","","","6.3","","9.9","103","","23","","0.06","17.10","","","","","",""
"2023-04-27","2023117","14:33","4.0","119.8957","10.0","","","6.2","","9.9","103","","23","","0.06","17.10","","","","","",""
"2023-04-27","2023117","14:33","4.0","119.8957","11.0","","","6.3","","9.9","103","","23","","0.06","17.10","","","","","",""
"2023-04-27","2023117","14:33","4.0","119.8957","12.0","","","6.3","","9.9","103","","23","","0.06","17.10","","","","","",""
"2023-04-27","2023117","14:33","4.0","119.8957","13.0","","","6.3","","9.9","103","","22","","0.06","17.10","","","","","",""
"2023-04-27","2023117","14:33","4.0","119.8957","14.0","","","6.3","","9.9","103","","22","","0.06","17.11","","","","","",""
"2023-04-27","2023117","14:33","4.0","119.8957","15.0","","","6.3","","9.9","103","","22","","0.06","17.10","","","","","",""
"2023-04-27","2023117","14:33","4.0","119.8957","16.0","","","6.2","","9.9","103","","22","","0.06","17.10","","","","","",""
"2023-04-27","2023117","14:17","5.0","115.6252","1.0","","","6.0","","9.9","103","","20","1.13","0.06","17.09","","","","","",""
"2023-04-27","2023117","14:17","5.0","115.6252","2.0","","","6.1","","9.9","103","","20","","0.06","17.07","","","","","",""
"2023-04-27","2023117","14:17","5.0","115.6252","3.0","","","6.4","","10.0","103","","21","","0.06","17.03","","","","","",""
"2023-04-27","2023117","14:17","5.0","115.6252","4.0","","","6.5","","10.0","103","","21","","0.06","17.02","","","","","",""
"2023-04-27","2023117","14:17","5.0","115.6252","5.0","","","6.4","","10.0","103","","21","","0.06","17.02","","","","","",""
"2023-04-27","2023117","14:17","5.0","115.6252","6.0","","","6.4","","9.9","103","","21","","0.06","17.02","","","","","",""
"2023-04-27","2023117","14:17","5.0","115.6252","7.0","","","6.3","","10.0","104","","21","","0.06","17.02","","","","","",""
"2023-04-27","2023117","14:17","5.0","115.6252","8.0","","","6.5","","10.0","104","","21","","0.06","17.02","","","","","",""
"2023-04-27","2023117","14:17","5.0","115.6252","9.0","","","6.6","","10.0","104","","21","","0.06","17.02","","","","","",""
"2023-04-27","2023117","14:17","5.0","115.6252","10.0","","","6.6","","10.0","104","","21","","0.06","17.02","","","","","",""
"2023-04-27","2023117","14:00","6.0","110.8977","1.0","","","6.0","","10.0","103","","23","1.49","0.06","17.05","","","","","",""
"2023-04-27","2023117","14:00","6.0","110.8977","2.0","6.4","0.75","7.1","","10.0","103","19.0","23","","0.06","17.04","","0.16","10.94","1.07","1.12","201.17"
"2023-04-27","2023117","14:00","6.0","110.8977","3.0","","","7.0","","10.0","103","","23","","0.06","17.04","","","","","",""
"2023-04-27","2023117","14:00","6.0","110.8977","4.0","","","6.7","","10.0","103","","23","","0.06","17.04","","","","","",""
"2023-04-27","2023117","14:00","6.0","110.8977","5.0","","","6.5","","10.0","104","","23","","0.06","17.04","","","","","",""
"2023-04-27","2023117","14:00","6.0","110.8977","6.0","","","6.5","","10.0","103","","24","","0.06","17.04","","","","","",""
"2023-04-27","2023117","14:00","6.0","110.8977","7.0","","","6.5","","9.9","103","","24","","0.06","17.03","","","","","",""
"2023-04-27","2023117","14:00","6.0","110.8977","8.0","","","6.6","","10.0","103","","23","","0.06","17.03","","","","","",""
"2023-04-27","2023117","14:00","6.0","110.8977","9.0","","","6.8","","10.0","104","","23","","0.06","17.03","","","","","",""
"2023-04-27","2023117","14:00","6.0","110.8977","10.0","6.5","0.74","6.8","","10.0","104","","23","","0.06","17.03","","","","","",""
"2023-04-27","2023117","13:42","7.0","104.9810","1.0","","","5.0","","9.7","101","","25","2.41","0.55","16.96","","","","","",""
"2023-04-27","2023117","13:42","7.0","104.9810","2.0","5.1","0.63","5.2","","9.7","101","28.0","28","","0.60","16.93","","","","","",""
"2023-04-27","2023117","13:42","7.0","104.9810","3.0","","","5.3","","9.7","101","","29","","0.63","16.91","","","","","",""
"2023-04-27","2023117","13:42","7.0","104.9810","4.0","","","5.4","","9.7","101","","29","","0.68","16.88","","","","","",""
"2023-04-27","2023117","13:42","7.0","104.9810","5.0","","","5.5","","9.7","101","","30","","0.73","16.84","","","","","",""
"2023-04-27","2023117","13:42","7.0","104.9810","6.0","","","5.5","","9.7","101","","30","","0.79","16.83","","","","","",""
"2023-04-27","2023117","13:42","7.0","104.9810","7.0","","","5.7","","9.7","101","","31","","0.81","16.83","","","","","",""
"2023-04-27","2023117","13:42","7.0","104.9810","8.0","","","5.8","","9.7","101","","30","","1.06","16.79","","","","","",""
"2023-04-27","2023117","13:42","7.0","104.9810","9.0","","","5.7","","9.6","100","","32","","1.19","16.76","","","","","",""
"2023-04-27","2023117","13:42","7.0","104.9810","10.0","","","5.8","","9.6","100","","31","","1.27","16.75","","","","","",""
"2023-04-27","2023117","13:42","7.0","104.9810","11.0","","","5.9","","9.6","100","","31","","1.29","16.75","","","","","",""
"2023-04-27","2023117","13:42","7.0","104.9810","12.0","","","6.0","","9.5","99","","33","","1.79","16.66","0.21","","","","",""
"2023-04-27","2023117","13:42","7.0","104.9810","13.0","","","6.2","","9.5","99","","37","","2.09","16.60","0.45","","","","",""
"2023-04-27","2023117","13:19","8.0","99.7699","1.0","","","6.9","","9.9","104","","21","2.13","0.75","17.11","","","","","",""
"2023-04-27","2023117","13:19","8.0","99.7699","2.0","","","7.5","","9.8","103","22.6","21","","0.83","17.09","","","","","",""
"2023-04-27","2023117","13:19","8.0","99.7699","3.0","","","6.8","","9.8","102","","20","","1.01","16.99","","","","","",""
"2023-04-27","2023117","13:19","8.0","99.7699","4.0","","","6.5","","9.8","102","","21","","1.27","16.86","","","","","",""
"2023-04-27","2023117","13:19","8.0","99.7699","5.0","","","6.6","","9.7","101","","22","","1.34","16.83","","","","","",""
"2023-04-27","2023117","13:19","8.0","99.7699","6.0","","","6.7","","9.7","101","","23","","1.49","16.78","","","","","",""
"2023-04-27","2023117","13:19","8.0","99.7699","7.0","","","6.7","","9.5","99","","24","","1.75","16.71","0.17","","","","",""
"2023-04-27","2023117","13:19","8.0","99.7699","8.0","","","6.3","","9.3","97","","23","","2.55","16.55","0.81","","","","",""
"2023-04-27","2023117","13:19","8.0","99.7699","9.0","","","5.6","","9.0","95","","22","","4.01","16.30","1.97","","","","",""
"2023-04-27","2023117","13:19","8.0","99.7699","10.0","","","5.1","","8.7","92","","23","","5.88","15.99","3.46","","","","",""
"2023-04-27","2023117","13:19","8.0","99.7699","11.0","","","4.8","","8.5","91","","24","","8.50","15.57","5.53","","","","",""
"2023-04-27","2023117","13:19","8.0","99.7699","12.0","","","4.6","","8.4","90","","22","","9.82","15.33","6.59","","","","",""
"2023-04-27","2023117","13:19","8.0","99.7699","13.0","","","4.7","","8.2","88","","21","","10.85","15.17","7.41","","","","",""
"2023-04-27","2023117","13:19","8.0","99.7699","14.0","","","4.4","","8.1","88","","20","","12.08","14.98","8.38","","","","",""
"2023-04-27","2023117","13:19","8.0","99.7699","15.0","","","4.4","","8.1","87","","21","","12.40","14.94","8.63","","","","",""
"2023-04-27","2023117","13:19","8.0","99.7699","16.0","","","4.2","","8.0","87","","21","","12.67","14.90","8.85","","","","",""
"2023-04-27","2023117","13:03","9.0","96.7889","1.0","","","8.4","","9.9","104","","22","2.12","0.66","17.23","","","","","",""
"2023-04-27","2023117","13:03","9.0","96.7889","2.0","8.5","0.84","8.1","","9.9","104","21.2","21","","0.71","17.11","","0.19","11.58","1.36","1.23","193.34"
"2023-04-27","2023117","13:03","9.0","96.7889","3.0","","","8.0","","9.9","103","","21","","0.82","17.05","","","","","",""
"2023-04-27","2023117","13:03","9.0","96.7889","4.0","","","7.7","","9.7","102","","21","","1.15","16.98","","","","","",""
"2023-04-27","2023117","13:03","9.0","96.7889","5.0","","","7.4","","9.6","100","","21","","1.76","16.82","0.16","","","","",""
"2023-04-27","2023117","13:03","9.0","96.7889","6.0","","","6.7","","9.5","100","","20","","2.59","16.64","0.83","","","","",""
"2023-04-27","2023117","13:03","9.0","96.7889","7.0","","","6.1","","9.5","100","","20","","2.95","16.57","1.11","","","","",""
"2023-04-27","2023117","13:03","9.0","96.7889","8.0","","","6.1","","9.5","100","","20","","2.95","16.58","1.11","","","","",""
"2023-04-27","2023117","13:03","9.0","96.7889","9.0","","","6.2","","9.5","100","","20","","3.00","16.58","1.16","","","","",""
"2023-04-27","2023117","13:03","9.0","96.7889","10.0","","","6.2","","9.5","100","","20","","3.04","16.58","1.18","","","","",""
"2023-04-27","2023117","13:03","9.0","96.7889","11.0","","","6.3","","9.5","99","","21","","3.03","16.58","1.18","","","","",""
"2023-04-27","2023117","13:03","9.0","96.7889","12.0","","","6.3","","9.5","99","","21","","3.06","16.58","1.20","","","","",""
"2023-04-27","2023117","13:03","9.0","96.7889","13.0","","","6.2","","9.4","99","","21","","3.10","16.59","1.22","","","","",""
"2023-04-27","2023117","13:03","9.0","96.7889","14.0","","","6.2","","9.3","98","","22","","3.30","16.58","1.38","","","","",""
"2023-04-27","2023117","13:03","9.0","96.7889","15.0","","","6.2","","9.0","95","","23","","3.71","16.50","1.71","","","","",""
"2023-04-27","2023117","13:03","9.0","96.7889","16.0","","","5.8","","8.6","91","","23","","6.86","15.94","4.22","","","","",""
"2023-04-27","2023117","13:03","9.0","96.7889","17.0","","","4.8","","8.3","89","","24","","10.56","15.27","7.17","","","","",""
"2023-04-27","2023117","13:03","9.0","96.7889","18.0","","","4.7","","8.2","88","","28","","11.68","15.05","8.06","","","","",""
"2023-04-27","2023117","13:03","9.0","96.7889","19.0","","","4.7","","8.1","88","","33","","12.44","14.92","8.67","","","","",""
"2023-04-27","2023117","13:03","9.0","96.7889","20.0","","","4.9","","8.0","87","","45","","13.00","14.82","9.12","","","","",""
"2023-04-27","2023117","13:03","9.0","96.7889","21.0","","","5.7","","7.8","85","","63","","13.70","14.70","9.67","","","","",""
"2023-04-27","2023117","13:03","9.0","96.7889","22.0","","","5.9","","7.7","84","","64","","15.66","14.36","11.24","","","","",""
"2023-04-27","2023117","13:03","9.0","96.7889","23.0","","","5.1","","7.6","83","","54","","16.57","14.17","11.97","","","","",""
"2023-04-27","2023117","13:03","9.0","96.7889","24.0","","","5.0","","7.5","83","","56","","17.68","13.94","12.86","","","","",""
"2023-04-27","2023117","13:03","9.0","96.7889","25.0","","","5.9","","7.5","82","","82","","18.21","13.83","13.28","","","","",""
"2023-04-27","2023117","13:03","9.0","96.7889","26.0","","","6.9","","7.5","82","","104","","18.52","13.76","13.54","","","","",""
"2023-04-27","2023117","13:03","9.0","96.7889","27.0","","","7.2","","7.5","82","","112","","19.25","13.62","14.12","","","","",""
"2023-04-27","2023117","12:51","10.0","93.5951","1.0","","","6.7","","9.8","102","","21","2.25","1.44","16.96","","","","","",""
"2023-04-27","2023117","12:51","10.0","93.5951","2.0","","","7.3","","9.7","101","","22","","1.58","16.84","0.02","","","","",""
"2023-04-27","2023117","12:51","10.0","93.5951","3.0","","","7.0","","9.7","101","","23","","1.67","16.78","0.10","","","","",""
"2023-04-27","2023117","12:51","10.0","93.5951","4.0","","","6.7","","9.6","101","","23","","1.78","16.73","0.19","","","","",""
"2023-04-27","2023117","12:51","10.0","93.5951","5.0","","","6.3","","9.4","98","","24","","1.96","16.69","0.34","","","","",""
"2023-04-27","2023117","12:51","10.0","93.5951","6.0","","","6.2","","9.0","95","","25","","4.58","16.27","2.42","","","","",""
"2023-04-27","2023117","12:51","10.0","93.5951","7.0","","","4.8","","8.8","93","","25","","7.12","15.82","4.44","","","","",""
"2023-04-27","2023117","12:51","10.0","93.5951","8.0","","","4.2","","8.8","93","","25","","7.31","15.78","4.59","","","","",""
"2023-04-27","2023117","12:51","10.0","93.5951","9.0","","","4.1","","8.7","92","","26","","7.61","15.72","4.83","","","","",""
"2023-04-27","2023117","12:51","10.0","93.5951","10.0","","","4.0","","8.6","91","","26","","8.41","15.58","5.46","","","","",""
"2023-04-27","2023117","12:51","10.0","93.5951","11.0","","","4.0","","8.5","91","","27","","9.41","15.41","6.26","","","","",""
"2023-04-27","2023117","12:51","10.0","93.5951","12.0","","","4.2","","8.3","89","","30","","10.27","15.26","6.94","","","","",""
"2023-04-27","2023117","12:51","10.0","93.5951","13.0","","","4.3","","8.0","86","","31","","11.86","14.99","8.21","","","","",""
"2023-04-27","2023117","12:51","10.0","93.5951","14.0","","","4.8","","7.8","85","","35","","14.96","14.46","10.68","","","","",""
"2023-04-27","2023117","12:51","10.0","93.5951","15.0","","","4.9","","7.6","84","","38","","16.75","14.12","12.11","","","","",""
"2023-04-27","2023117","12:51","10.0","93.5951","16.0","","","4.9","","7.6","83","","40","","17.57","13.96","12.77","","","","",""
"2023-04-27","2023117","12:51","10.0","93.5951","17.0","","","4.7","","7.6","83","","41","","18.47","13.77","13.49","","","","",""
"2023-04-27","2023117","12:30","11.0","89.7672","1.0","","","4.2","","9.1","96","","17","1.83","3.35","16.47","1.44","","","","",""
"2023-04-27","2023117","12:30","11.0","89.7672","2.0","","","4.8","","8.8","93","","17","","4.95","16.12","2.72","","","","",""
"2023-04-27","2023117","12:30","11.0","89.7672","3.0","","","5.1","","8.4","90","","18","","8.72","15.51","5.71","","","","",""
"2023-04-27","2023117","12:30","11.0","89.7672","4.0","","","4.6","","8.2","88","","19","","11.50","15.05","7.92","","","","",""
"2023-04-27","2023117","12:30","11.0","89.7672","5.0","","","4.5","","7.9","86","","19","","13.40","14.73","9.44","","","","",""
"2023-04-27","2023117","12:30","11.0","89.7672","6.0","","","4.1","","7.7","84","","19","","15.60","14.32","11.20","","","","",""
"2023-04-27","2023117","12:30","11.0","89.7672","7.0","","","3.9","","7.6","83","","20","","17.42","13.96","12.66","","","","",""
"2023-04-27","2023117","12:30","11.0","89.7672","8.0","","","3.0","","7.5","82","","21","","18.73","13.70","13.71","","","","",""
"2023-04-27","2023117","12:30","11.0","89.7672","9.0","","","2.7","","7.4","82","","22","","19.22","13.60","14.10","","","","",""
"2023-04-27","2023117","12:30","11.0","89.7672","10.0","","","3.1","","7.3","81","","30","","20.21","13.38","14.90","","","","",""
"2023-04-27","2023117","12:30","11.0","89.7672","11.0","","","3.6","","7.3","80","","35","","20.98","13.20","15.53","","","","",""
"2023-04-27","2023117","12:30","11.0","89.7672","12.0","","","3.5","","7.2","80","","36","","21.17","13.15","15.68","","","","",""
"2023-04-27","2023117","12:30","11.0","89.7672","13.0","","","3.4","","7.1","79","","32","","21.44","13.08","15.90","","","","",""
"2023-04-27","2023117","12:30","11.0","89.7672","14.0","","","3.4","","7.2","80","","31","","21.29","13.12","15.78","","","","",""
"2023-04-27","2023117","12:30","11.0","89.7672","15.0","","","4.1","","7.2","80","","34","","20.89","13.21","15.46","","","","",""
"2023-04-27","2023117","12:30","11.0","89.7672","16.0","","","3.3","","7.1","78","","26","","21.67","13.03","16.08","","","","",""
"2023-04-27","2023117","12:13","12.0","84.4458","1.0","","","5.2","","8.4","89","","17","1.94","6.31","16.12","3.76","","","","",""
"2023-04-27","2023117","12:13","12.0","84.4458","2.0","","","5.0","","7.9","85","","18","","12.95","14.93","9.05","","","","",""
"2023-04-27","2023117","12:13","12.0","84.4458","3.0","","","4.2","","7.7","84","","18","","16.59","14.18","11.98","","","","",""
"2023-04-27","2023117","12:13","12.0","84.4458","4.0","","","3.7","","7.5","82","","18","","18.25","13.82","13.31","","","","",""
"2023-04-27","2023117","12:13","12.0","84.4458","5.0","","","3.4","","7.3","81","","18","","20.19","13.39","14.89","","","","",""
"2023-04-27","2023117","12:13","12.0","84.4458","6.0","","","2.8","","7.2","80","","17","","21.62","13.07","16.04","","","","",""
"2023-04-27","2023117","12:13","12.0","84.4458","7.0","","","2.0","","7.1","78","","17","","22.36","12.87","16.65","","","","",""
"2023-04-27","2023117","12:13","12.0","84.4458","8.0","","","1.7","","7.0","78","","17","","23.34","12.61","17.45","","","","",""
"2023-04-27","2023117","11:50","13.0","78.5444","1.0","","","3.8","","8.6","93","","14","1.07","9.07","16.17","5.87","","","","",""
"2023-04-27","2023117","11:50","13.0","78.5444","2.0","3.7","0.79","3.8","","8.5","92","10.0","14","","11.61","15.47","7.93","0.39","12.51","4.36","1.32","176.60"
"2023-04-27","2023117","11:50","13.0","78.5444","3.0","","","4.7","","8.4","91","","14","","12.65","15.24","8.77","","","","",""
"2023-04-27","2023117","11:50","13.0","78.5444","4.0","","","4.5","","8.3","91","","14","","13.13","15.12","9.16","","","","",""
"2023-04-27","2023117","11:50","13.0","78.5444","5.0","","","4.4","","8.0","87","","13","","13.62","15.00","9.56","","","","",""
"2023-04-27","2023117","11:50","13.0","78.5444","6.0","","","4.4","","7.4","81","","13","","15.26","14.62","10.88","","","","",""
"2023-04-27","2023117","11:50","13.0","78.5444","7.0","","","3.7","","7.0","77","","13","","22.13","12.99","16.45","","","","",""
"2023-04-27","2023117","11:50","13.0","78.5444","8.0","","","2.9","","6.8","76","","17","","24.50","12.31","18.39","","","","",""
"2023-04-27","2023117","11:50","13.0","78.5444","9.0","3.8","0.60","3.3","","6.8","75","26.3","30","","24.59","12.27","18.47","","","","",""
"2023-04-27","2023117","11:34","14.0","74.4288","1.0","","","10.0","","9.2","100","","18","0.98","6.74","17.40","3.86","","","","",""
"2023-04-27","2023117","11:34","14.0","74.4288","2.0","","","11.1","","9.1","99","","19","","8.81","16.45","5.61","","","","",""
"2023-04-27","2023117","11:34","14.0","74.4288","3.0","","","10.8","","9.0","98","","18","","9.53","16.42","6.17","","","","",""
"2023-04-27","2023117","11:34","14.0","74.4288","4.0","","","10.9","","8.7","95","","18","","9.82","16.35","6.40","","","","",""
"2023-04-27","2023117","11:34","14.0","74.4288","5.0","","","10.4","","8.4","91","","18","","10.24","16.06","6.78","","","","",""
"2023-04-27","2023117","11:34","14.0","74.4288","6.0","","","7.9","","8.1","88","","18","","12.55","15.10","8.72","","","","",""
"2023-04-27","2023117","11:34","14.0","74.4288","7.0","","","3.9","","7.5","82","","15","","14.98","14.66","10.66","","","","",""
"2023-04-27","2023117","11:34","14.0","74.4288","8.0","","","2.7","","7.0","77","","10","","21.51","13.09","15.96","","","","",""
"2023-04-27","2023117","11:34","14.0","74.4288","9.0","","","1.6","","6.7","75","","11","","25.45","12.06","19.18","","","","",""
"2023-04-27","2023117","11:34","14.0","74.4288","10.0","","","2.6","","6.6","74","","23","","25.75","11.95","19.43","","","","",""
"2023-04-27","2023117","11:34","14.0","74.4288","11.0","","","4.1","","6.5","72","","27","","26.42","11.74","19.98","","","","",""
"2023-04-27","2023117","11:34","14.0","74.4288","12.0","","","3.6","","6.4","71","","23","","27.65","11.36","21.00","","","","",""
"2023-04-27","2023117","11:34","14.0","74.4288","13.0","","","2.7","","6.4","71","","27","","27.72","11.33","21.05","","","","",""
"2023-04-27","2023117","11:34","14.0","74.4288","14.0","","","2.5","","6.3","71","","30","","27.74","11.32","21.07","","","","",""
"2023-04-27","2023117","11:34","14.0","74.4288","15.0","","","2.4","","6.3","71","","30","","27.74","11.32","21.07","","","","",""
"2023-04-27","2023117","11:16","15.0","69.9895","1.0","","","5.8","","9.4","101","","10","0.85","7.56","16.53","4.64","","","","",""
"2023-04-27","2023117","11:16","15.0","69.9895","2.0","5.3","0.87","5.8","","9.3","101","9.3","9","","8.53","16.24","5.44","0.30","10.20","1.78","1.49","185.15"
"2023-04-27","2023117","11:16","15.0","69.9895","3.0","","","6.1","","9.2","99","","10","","9.47","16.12","6.18","","","","",""
"2023-04-27","2023117","11:16","15.0","69.9895","4.0","","","6.0","","9.0","98","","10","","10.52","15.85","7.03","","","","",""
"2023-04-27","2023117","11:16","15.0","69.9895","5.0","","","4.3","","9.0","98","","10","","11.65","15.56","7.94","","","","",""
"2023-04-27","2023117","11:16","15.0","69.9895","6.0","","","3.8","","9.0","98","","10","","11.96","15.47","8.20","","","","",""
"2023-04-27","2023117","11:16","15.0","69.9895","7.0","","","3.8","","9.0","98","","9","","12.01","15.45","8.24","","","","",""
"2023-04-27","2023117","11:16","15.0","69.9895","8.0","","","3.8","","9.0","98","","9","","12.02","15.45","8.25","","","","",""
"2023-04-27","2023117","11:16","15.0","69.9895","9.0","","","3.7","","8.9","97","","9","","12.14","15.43","8.34","","","","",""
"2023-04-27","2023117","11:16","15.0","69.9895","10.0","","","3.7","","8.9","96","","9","","12.54","15.36","8.66","","","","",""
"2023-04-27","2023117","11:16","15.0","69.9895","11.0","","","3.7","","8.5","92","","9","","13.12","15.24","9.13","","","","",""
"2023-04-27","2023117","11:16","15.0","69.9895","12.0","","","3.7","","7.8","86","","13","","15.11","14.77","10.73","","","","",""
"2023-04-27","2023117","11:16","15.0","69.9895","13.0","","","3.1","","7.3","81","","13","","19.79","13.61","14.54","","","","",""
"2023-04-27","2023117","11:16","15.0","69.9895","14.0","","","2.9","","7.1","79","","16","","22.96","12.78","17.13","","","","",""
"2023-04-27","2023117","11:16","15.0","69.9895","15.0","","","4.2","","7.0","77","","47","","24.23","12.40","18.17","","","","",""
"2023-04-27","2023117","11:16","15.0","69.9895","16.0","","","5.0","","6.8","76","","60","","24.58","12.29","18.46","","","","",""
"2023-04-27","2023117","11:16","15.0","69.9895","17.0","","","5.6","","6.8","75","","73","","25.00","12.16","18.81","","","","",""
"2023-04-27","2023117","11:16","15.0","69.9895","18.0","","","6.5","","6.7","75","","87","","25.17","12.11","18.95","","","","",""
"2023-04-27","2023117","11:16","15.0","69.9895","19.0","","","6.9","","6.7","75","","94","","25.27","12.08","19.03","","","","",""
"2023-04-27","2023117","11:16","15.0","69.9895","20.0","","","7.0","","6.7","74","","104","","25.37","12.04","19.12","","","","",""
"2023-04-27","2023117","11:16","15.0","69.9895","21.0","","","6.9","","6.6","74","","112","","25.39","12.03","19.14","","","","",""
"2023-04-27","2023117","11:16","15.0","69.9895","22.0","","","6.7","","6.5","73","","119","","25.55","11.98","19.27","","","","",""
"2023-04-27","2023117","11:16","15.0","69.9895","23.0","6.2","0.39","6.8","","6.5","72","128.7","128","","25.89","11.88","19.55","","","","",""
"2023-04-27","2023117","10:55","16.0","63.0794","1.0","","","4.6","","8.4","91","","19","0.75","10.18","15.96","6.75","","","","",""
"2023-04-27","2023117","10:55","16.0","63.0794","2.0","","","6.9","","7.7","85","","20","","12.75","15.25","8.84","","","","",""
"2023-04-27","2023117","10:55","16.0","63.0794","3.0","","","4.8","","7.4","82","","15","","18.79","13.81","13.74","","","","",""
"2023-04-27","2023117","10:55","16.0","63.0794","4.0","","","2.9","","7.1","79","","11","","20.69","13.31","15.28","","","","",""
"2023-04-27","2023117","10:55","16.0","63.0794","5.0","","","2.7","","6.9","76","","11","","22.80","12.73","17.01","","","","",""
"2023-04-27","2023117","10:55","16.0","63.0794","6.0","","","2.6","","6.7","74","","11","","25.22","12.07","18.99","","","","",""
"2023-04-27","2023117","10:55","16.0","63.0794","7.0","","","2.7","","6.5","72","","11","","26.41","11.71","19.98","","","","",""
"2023-04-27","2023117","10:55","16.0","63.0794","8.0","","","3.1","","6.3","71","","9","","27.81","11.27","21.14","","","","",""
"2023-04-27","2023117","10:55","16.0","63.0794","9.0","","","3.4","","6.2","69","","7","","28.63","11.00","21.82","","","","",""
"2023-04-27","2023117","10:55","16.0","63.0794","10.0","","","2.5","","6.0","67","","7","","29.38","10.74","22.45","","","","",""
"2023-04-27","2023117","10:55","16.0","63.0794","11.0","","","2.3","","6.0","67","","9","","30.04","10.50","23.00","","","","",""
"2023-04-27","2023117","10:38","17.0","58.8909","1.0","","","4.2","","8.9","97","","10","0.47","13.14","15.22","9.15","","","","",""
"2023-04-27","2023117","10:38","17.0","58.8909","2.0","3.5","0.86","3.8","","8.9","97","","8","","14.08","14.95","9.92","","","","",""
"2023-04-27","2023117","10:38","17.0","58.8909","3.0","","","5.6","","8.9","97","","8","","14.51","14.87","10.26","","","","",""
"2023-04-27","2023117","10:38","17.0","58.8909","4.0","","","7.9","","8.9","97","","7","","16.09","14.73","11.49","","","","",""
"2023-04-27","2023117","10:38","17.0","58.8909","5.0","","","7.1","","8.4","93","","5","","17.74","14.58","12.79","","","","",""
"2023-04-27","2023117","10:38","17.0","58.8909","6.0","","","6.9","","8.2","90","","5","","18.65","14.02","13.59","","","","",""
"2023-04-27","2023117","10:38","17.0","58.8909","7.0","","","4.9","","8.0","89","","4","","19.52","13.83","14.29","","","","",""
"2023-04-27","2023117","10:38","17.0","58.8909","8.0","","","5.7","","7.7","86","","4","","22.38","13.13","16.62","","","","",""
"2023-04-27","2023117","10:38","17.0","58.8909","9.0","","","6.5","","7.5","83","","7","","24.12","12.58","18.06","","","","",""
"2023-04-27","2023117","10:38","17.0","58.8909","10.0","","","5.9","","7.3","81","","9","","25.09","12.23","18.86","","","","",""
"2023-04-27","2023117","10:18","18.0","54.9481","1.0","","","8.8","","9.2","101","","5","0.71","18.63","14.25","13.53","","","","",""
"2023-04-27","2023117","10:18","18.0","54.9481","2.0","8.7","0.91","8.6","","9.2","101","3.5","4","","18.83","14.18","13.70","0.39","11.62","0.93","1.56","119.99"
"2023-04-27","2023117","10:18","18.0","54.9481","3.0","","","9.3","","9.1","101","","5","","18.86","14.17","13.72","","","","",""
"2023-04-27","2023117","10:18","18.0","54.9481","4.0","","","9.9","","9.0","100","","4","","19.00","14.13","13.84","","","","",""
"2023-04-27","2023117","10:18","18.0","54.9481","5.0","","","9.2","","8.8","97","","4","","19.56","14.01","14.29","","","","",""
"2023-04-27","2023117","10:18","18.0","54.9481","6.0","","","8.2","","8.4","93","","4","","20.52","13.75","15.08","","","","",""
"2023-04-27","2023117","10:18","18.0","54.9481","7.0","","","5.7","","8.3","92","","4","","21.94","13.30","16.25","","","","",""
"2023-04-27","2023117","10:18","18.0","54.9481","8.0","","","4.6","","8.3","91","","4","","22.05","13.26","16.34","","","","",""
"2023-04-27","2023117","10:18","18.0","54.9481","9.0","","","4.5","","8.2","91","","4","","22.05","13.26","16.34","","","","",""
"2023-04-27","2023117","10:18","18.0","54.9481","10.0","","","4.4","","8.2","91","","4","","22.06","13.26","16.35","","","","",""
"2023-04-27","2023117","10:18","18.0","54.9481","11.0","","","4.6","","8.2","91","","4","","22.08","13.24","16.36","","","","",""
"2023-04-27","2023117","10:18","18.0","54.9481","12.0","","","4.1","","8.2","91","","4","","22.08","13.24","16.37","","","","",""
"2023-04-27","2023117","10:18","18.0","54.9481","13.0","","","3.7","","8.2","91","","4","","22.07","13.24","16.36","","","","",""
"2023-04-27","2023117","10:18","18.0","54.9481","14.0","","","3.7","","8.2","91","","3","","22.08","13.24","16.36","","","","",""
"2023-04-27","2023117","10:18","18.0","54.9481","15.0","","","3.8","","8.1","90","","3","","22.09","13.23","16.38","","","","",""
"2023-04-27","2023117","10:18","18.0","54.9481","16.0","","","3.8","","7.7","86","","4","","22.40","13.13","16.63","","","","",""
"2023-04-27","2023117","10:18","18.0","54.9481","17.0","","","4.3","","7.4","82","","7","","24.20","12.50","18.14","","","","",""
"2023-04-27","2023117","10:18","18.0","54.9481","18.0","","","5.4","","7.2","80","","11","","26.15","11.83","19.76","","","","",""
"2023-04-27","2023117","10:18","18.0","54.9481","19.0","","","5.8","","7.0","78","","15","","26.58","11.68","20.11","","","","",""
"2023-04-27","2023117","10:18","18.0","54.9481","20.0","","","5.8","","6.8","76","","11","","27.23","11.47","20.65","","","","",""
"2023-04-27","2023117","10:18","18.0","54.9481","21.0","","","5.7","","6.6","74","","13","","28.12","11.16","21.39","","","","",""
"2023-04-27","2023117","10:18","18.0","54.9481","22.0","","","5.9","","6.3","70","","12","","28.87","10.91","22.02","","","","",""
"2023-04-27","2023117","10:18","18.0","54.9481","23.0","","","5.7","","6.1","68","","13","","30.28","10.41","23.20","","","","",""
"2023-04-27","2023117","10:18","18.0","54.9481","24.0","","","5.3","","6.0","67","","14","","30.71","10.25","23.57","","","","",""
"2023-04-27","2023117","10:18","18.0","54.9481","25.0","","","5.5","","5.9","66","","15","","30.87","10.19","23.70","","","","",""
"2023-04-27","2023117","10:18","18.0","54.9481","26.0","","","6.1","","5.9","66","","15","","31.05","10.12","23.85","","","","",""
"2023-04-27","2023117","10:18","18.0","54.9481","27.0","","","6.2","","5.8","65","","14","","31.21","10.06","23.98","","","","",""
"2023-04-27","2023117","10:18","18.0","54.9481","28.0","","","6.0","","5.8","64","","15","","31.44","9.97","24.18","","","","",""
"2023-04-27","2023117","10:18","18.0","54.9481","29.0","","","6.1","","5.7","64","","14","","31.52","9.94","24.25","","","","",""
"2023-04-27","2023117","10:18","18.0","54.9481","30.0","","","6.5","","5.7","64","","14","","31.57","9.92","24.29","","","","",""
"2023-04-27","2023117","10:18","18.0","54.9481","31.0","","","6.2","","5.7","64","","14","","31.72","9.86","24.41","","","","",""
"2023-04-27","2023117","10:18","18.0","54.9481","32.0","","","5.9","","5.7","64","","13","","31.73","9.85","24.43","","","","",""
"2023-04-27","2023117","10:18","18.0","54.9481","33.0","","","6.7","","5.7","63","","12","","31.77","9.84","24.46","","","","",""
"2023-04-27","2023117","10:18","18.0","54.9481","34.0","","","6.6","","5.7","63","","12","","31.79","9.83","24.48","","","","",""
"2023-04-27","2023117","10:18","18.0","54.9481","35.0","","","6.8","","5.7","63","","13","","31.79","9.83","24.48","","","","",""
"2023-04-27","2023117","10:18","18.0","54.9481","36.0","","","6.4","","5.7","63","","13","","31.80","9.83","24.48","","","","",""
"2023-04-27","2023117","10:18","18.0","54.9481","37.0","","","6.9","","5.7","63","","13","","31.80","9.83","24.48","","","","",""
"2023-04-27","2023117","10:18","18.0","54.9481","38.0","","","6.6","","5.7","63","","12","","31.80","9.83","24.48","","","","",""
"2023-04-27","2023117","10:18","18.0","54.9481","39.0","","","7.3","","5.7","63","","14","","31.80","9.83","24.48","","","","",""
"2023-04-27","2023117","10:18","18.0","54.9481","40.0","","","6.6","","5.7","63","","14","","31.80","9.83","24.48","","","","",""
"2023-04-27","2023117","10:18","18.0","54.9481","41.0","","","6.5","","5.7","63","","14","","31.80","9.83","24.48","","","","",""
"2023-04-27","2023117","10:18","18.0","54.9481","42.0","8.1","0.66","7.3","","5.7","63","14.2","14","","31.84","9.82","24.52","","","","",""
"2023-04-27","2023117","10:05","20.0","51.4501","1.0","","","11.4","","8.9","100","","3","0.35","19.60","14.63","14.21","","","","",""
"2023-04-27","2023117","10:05","20.0","51.4501","2.0","12.1","0.94","11.7","","8.2","91","","3","","21.08","14.05","15.45","","","","",""
"2023-04-27","2023117","10:05","20.0","51.4501","3.0","","","6.6","","7.7","86","","3","","22.64","13.44","16.76","","","","",""
"2023-04-27","2023117","10:05","20.0","51.4501","4.0","","","4.4","","7.5","84","","3","","23.58","13.05","17.56","","","","",""
"2023-04-27","2023117","10:05","20.0","51.4501","5.0","","","3.5","","7.3","81","","3","","24.34","12.75","18.19","","","","",""
"2023-04-27","2023117","10:05","20.0","51.4501","6.0","","","3.3","","7.1","79","","3","","24.99","12.50","18.75","","","","",""
"2023-04-27","2023117","10:05","20.0","51.4501","7.0","","","3.2","","7.0","78","","3","","25.89","12.15","19.50","","","","",""
"2023-04-27","2023117","10:05","20.0","51.4501","8.0","","","3.6","","6.8","76","","3","","26.78","11.80","20.25","","","","",""
"2023-04-27","2023117","10:05","20.0","51.4501","9.0","","","3.3","","6.7","75","","4","","27.55","11.50","20.90","","","","",""
"2023-04-27","2023117","10:05","20.0","51.4501","10.0","","","3.5","","6.7","74","","4","","27.72","11.44","21.04","","","","",""
"2023-04-27","2023117","10:05","20.0","51.4501","11.0","","","3.4","","6.6","73","","4","","28.00","11.33","21.27","","","","",""
"2023-04-27","2023117","10:05","20.0","51.4501","12.0","","","3.5","","6.5","72","","4","","28.74","11.05","21.90","","","","",""
"2023-04-27","2023117","10:05","20.0","51.4501","13.0","","","4.0","","6.4","72","","5","","28.91","10.98","22.04","","","","",""
"2023-04-27","2023117","10:05","20.0","51.4501","14.0","","","3.8","","6.3","71","","5","","29.36","10.82","22.42","","","","",""
"2023-04-27","2023117","10:05","20.0","51.4501","15.0","","","4.1","","6.3","70","","5","","29.68","10.70","22.68","","","","",""
"2023-04-27","2023117","10:05","20.0","51.4501","16.0","","","4.2","","6.3","70","","6","","29.90","10.62","22.87","","","","",""
"2023-04-27","2023117","10:05","20.0","51.4501","17.0","","","4.1","","6.3","70","","6","","29.99","10.59","22.95","","","","",""
"2023-04-27","2023117","10:05","20.0","51.4501","18.0","","","3.5","","6.2","70","","6","","29.99","10.59","22.95","","","","",""
"2023-04-27","2023117","10:05","20.0","51.4501","19.0","","","3.6","","6.2","69","","6","","30.10","10.55","23.04","","","","",""
"2023-04-27","2023117","10:05","20.0","51.4501","20.0","","","3.3","","6.2","69","","6","","30.13","10.54","23.07","","","","",""
"2023-04-27","2023117","10:05","20.0","51.4501","21.0","","","3.4","","6.2","69","","7","","30.18","10.52","23.10","","","","",""
"2023-04-27","2023117","10:05","20.0","51.4501","22.0","","","3.2","","6.2","69","","6","","30.20","10.51","23.12","","","","",""
"2023-04-27","2023117","10:05","20.0","51.4501","23.0","","","3.2","","6.2","69","","7","","30.23","10.50","23.15","","","","",""
"2023-04-27","2023117","10:05","20.0","51.4501","24.0","","","3.3","","6.2","69","","6","","30.24","10.50","23.15","","","","",""
"2023-04-27","2023117","9:51","21.0","46.6266","1.0","","","8.5","","9.5","106","","3","0.61","19.21","14.59","13.92","","","","",""
"2023-04-27","2023117","9:51","21.0","46.6266","2.0","10.9","0.95","10.8","","9.2","102","","2","","19.28","14.38","14.01","","","","",""
"2023-04-27","2023117","9:51","21.0","46.6266","3.0","","","8.9","","8.9","99","","2","","19.36","14.37","14.07","","","","",""
"2023-04-27","2023117","9:51","21.0","46.6266","4.0","","","6.8","","8.6","96","","2","","20.04","14.27","14.61","","","","",""
"2023-04-27","2023117","9:51","21.0","46.6266","5.0","","","5.5","","8.3","92","","2","","20.77","14.11","15.20","","","","",""
"2023-04-27","2023117","9:51","21.0","46.6266","6.0","","","4.8","","7.8","87","","2","","21.38","13.94","15.70","","","","",""
"2023-04-27","2023117","9:51","21.0","46.6266","7.0","","","4.0","","7.3","82","","2","","23.18","13.18","17.23","","","","",""
"2023-04-27","2023117","9:51","21.0","46.6266","8.0","","","2.8","","7.0","78","","3","","24.78","12.52","18.57","","","","",""
"2023-04-27","2023117","9:51","21.0","46.6266","9.0","","","2.9","","6.6","74","","4","","26.08","12.06","19.66","","","","",""
"2023-04-27","2023117","9:51","21.0","46.6266","10.0","","","4.7","","6.5","72","","5","","27.94","11.37","21.22","","","","",""
"2023-04-27","2023117","9:51","21.0","46.6266","11.0","","","5.4","","6.4","72","","6","","28.75","11.03","21.91","","","","",""
"2023-04-27","2023117","9:51","21.0","46.6266","12.0","","","3.5","","6.3","71","","5","","29.14","10.89","22.24","","","","",""
"2023-04-27","2023117","9:51","21.0","46.6266","13.0","","","3.3","","6.3","70","","4","","29.67","10.68","22.68","","","","",""
"2023-04-27","2023117","9:51","21.0","46.6266","14.0","","","4.0","","6.2","69","","5","","29.80","10.63","22.79","","","","",""
"2023-04-27","2023117","9:51","21.0","46.6266","15.0","","","4.2","","6.2","69","","5","","29.88","10.60","22.86","","","","",""
"2023-04-27","2023117","9:51","21.0","46.6266","16.0","","","4.5","","6.1","68","","5","","29.93","10.58","22.90","","","","",""
"2023-04-27","2023117","9:51","21.0","46.6266","17.0","","","5.1","","6.1","68","","6","","30.16","10.50","23.10","","","","",""
"2023-04-27","2023117","9:51","21.0","46.6266","18.0","","","5.9","","6.0","67","","6","","30.22","10.48","23.15","","","","",""
"2023-04-27","2023117","9:39","22.0","43.9210","1.0","","","3.8","","9.1","102","","4","0.49","18.86","14.76","13.61","","","","",""
"2023-04-27","2023117","9:39","22.0","43.9210","2.0","5.7","0.92","5.5","","8.6","96","2.0","2","","19.48","14.58","14.13","0.40","8.85","2.64","1.52","76.55"
"2023-04-27","2023117","9:39","22.0","43.9210","3.0","","","6.0","","8.3","92","","2","","20.91","14.14","15.30","","","","",""
"2023-04-27","2023117","9:39","22.0","43.9210","4.0","","","6.0","","7.9","88","","2","","21.32","13.76","15.68","","","","",""
"2023-04-27","2023117","9:39","22.0","43.9210","5.0","","","4.2","","7.7","86","","2","","22.07","13.44","16.32","","","","",""
"2023-04-27","2023117","9:39","22.0","43.9210","6.0","","","3.7","","7.4","82","","3","","23.08","13.04","17.17","","","","",""
"2023-04-27","2023117","9:39","22.0","43.9210","7.0","","","3.5","","7.2","80","","3","","24.24","12.68","18.13","","","","",""
"2023-04-27","2023117","9:39","22.0","43.9210","8.0","","","3.2","","7.1","79","","3","","25.20","12.33","18.94","","","","",""
"2023-04-27","2023117","9:39","22.0","43.9210","9.0","","","3.1","","6.9","77","","3","","25.59","12.18","19.26","","","","",""
"2023-04-27","2023117","9:39","22.0","43.9210","10.0","","","2.5","","6.7","75","","3","","26.39","11.92","19.93","","","","",""
"2023-04-27","2023117","9:39","22.0","43.9210","11.0","","","2.6","","6.6","74","","3","","27.36","11.56","20.74","","","","",""
"2023-04-27","2023117","9:39","22.0","43.9210","12.0","","","2.7","","6.5","72","","3","","27.83","11.37","21.14","","","","",""
"2023-04-27","2023117","9:39","22.0","43.9210","13.0","","","3.1","","6.3","71","","3","","28.51","11.12","21.71","","","","",""
"2023-04-27","2023117","9:39","22.0","43.9210","14.0","","","2.7","","6.2","70","","4","","29.64","10.70","22.66","","","","",""
"2023-04-27","2023117","9:39","22.0","43.9210","15.0","","","2.8","","6.2","69","","5","","29.83","10.63","22.82","","","","",""
"2023-04-27","2023117","9:39","22.0","43.9210","16.0","","","3.3","","6.1","69","","6","","29.95","10.59","22.92","","","","",""
"2023-04-27","2023117","9:39","22.0","43.9210","17.0","","","4.0","","6.1","68","","6","","30.23","10.50","23.15","","","","",""
"2023-04-27","2023117","9:39","22.0","43.9210","18.0","","","4.4","","6.1","68","","7","","30.30","10.47","23.21","","","","",""
"2023-04-27","2023117","9:39","22.0","43.9210","19.0","4.9","0.75","4.5","","6.0","67","6.9","7","","30.36","10.45","23.26","","","","",""
"2023-04-27","2023117","9:26","23.0","39.6557","1.0","","","5.9","","9.3","103","","2","0.35","18.40","14.70","13.27","","","","",""
"2023-04-27","2023117","9:26","23.0","39.6557","2.0","","","7.9","","9.3","102","","2","","18.69","14.40","13.55","","","","",""
"2023-04-27","2023117","9:26","23.0","39.6557","3.0","","","9.4","","9.2","102","","2","","18.95","14.48","13.73","","","","",""
"2023-04-27","2023117","9:26","23.0","39.6557","4.0","","","10.0","","9.2","102","","2","","19.01","14.48","13.78","","","","",""
"2023-04-27","2023117","9:26","23.0","39.6557","5.0","","","8.5","","9.1","101","","2","","19.14","14.55","13.87","","","","",""
"2023-04-27","2023117","9:26","23.0","39.6557","6.0","","","7.7","","8.8","98","","2","","19.48","14.57","14.13","","","","",""
"2023-04-27","2023117","9:26","23.0","39.6557","7.0","","","6.7","","8.4","94","","2","","20.19","14.31","14.72","","","","",""
"2023-04-27","2023117","9:26","23.0","39.6557","8.0","","","5.4","","7.6","86","","2","","21.46","14.01","15.75","","","","",""
"2023-04-27","2023117","9:26","23.0","39.6557","9.0","","","4.3","","7.2","81","","3","","23.40","13.31","17.37","","","","",""
"2023-04-27","2023117","9:26","23.0","39.6557","10.0","","","3.0","","6.7","76","","3","","24.73","12.63","18.52","","","","",""
"2023-04-27","2023117","9:26","23.0","39.6557","11.0","","","1.8","","6.5","73","","5","","26.31","12.09","19.84","","","","",""
"2023-04-27","2023117","9:26","23.0","39.6557","12.0","","","1.5","","6.4","71","","6","","26.88","11.84","20.32","","","","",""
"2023-04-27","2023117","9:26","23.0","39.6557","13.0","","","1.8","","6.3","71","","7","","27.23","11.67","20.62","","","","",""
"2023-04-27","2023117","9:26","23.0","39.6557","14.0","","","2.3","","6.2","70","","9","","27.49","11.56","20.84","","","","",""
"2023-04-27","2023117","9:26","23.0","39.6557","15.0","","","3.0","","6.2","69","","11","","27.90","11.40","21.18","","","","",""
"2023-04-27","2023117","9:26","23.0","39.6557","16.0","","","4.0","","6.2","69","","12","","29.18","10.91","22.27","","","","",""
"2023-04-27","2023117","9:14","24.0","37.0911","1.0","","","6.4","","9.4","104","","2","0.61","18.27","14.54","13.20","","","","",""
"2023-04-27","2023117","9:14","24.0","37.0911","2.0","7.5","0.91","7.6","","9.4","104","2.0","2","","18.43","14.53","13.32","0.54","15.86","1.29","1.89","113.58"
"2023-04-27","2023117","9:14","24.0","37.0911","3.0","","","11.0","","9.4","104","","2","","18.77","14.39","13.61","","","","",""
"2023-04-27","2023117","9:14","24.0","37.0911","4.0","","","9.5","","9.2","103","","2","","19.07","14.70","13.79","","","","",""
"2023-04-27","2023117","9:14","24.0","37.0911","5.0","","","8.2","","8.1","91","","2","","19.25","14.82","13.90","","","","",""
"2023-04-27","2023117","9:14","24.0","37.0911","6.0","","","6.8","","7.1","80","","2","","22.40","13.83","16.51","","","","",""
"2023-04-27","2023117","9:14","24.0","37.0911","7.0","","","3.6","","6.7","76","","4","","24.85","12.73","18.59","","","","",""
"2023-04-27","2023117","9:14","24.0","37.0911","8.0","","","2.1","","6.6","74","","5","","26.26","12.13","19.79","","","","",""
"2023-04-27","2023117","9:14","24.0","37.0911","9.0","","","1.5","","6.5","73","","6","","26.48","12.00","19.98","","","","",""
"2023-04-27","2023117","9:14","24.0","37.0911","10.0","2.2","0.67","1.5","","6.5","72","8.5","8","","26.50","12.00","20.00","","","","",""
"2023-04-27","2023117","9:02","25.0","32.8382","1.0","","","11.9","","10.0","112","","2","0.48","18.97","15.08","13.64","","","","",""
"2023-04-27","2023117","9:02","25.0","32.8382","2.0","","","12.4","","9.9","111","","2","","19.24","15.26","13.81","","","","",""
"2023-04-27","2023117","9:02","25.0","32.8382","3.0","","","12.9","","9.7","109","","2","","19.65","15.41","14.09","","","","",""
"2023-04-27","2023117","9:02","25.0","32.8382","4.0","","","11.3","","9.1","104","","1","","19.97","15.39","14.34","","","","",""
"2023-04-27","2023117","9:02","25.0","32.8382","5.0","","","10.0","","8.5","96","","1","","20.62","14.92","14.94","","","","",""
"2023-04-27","2023117","9:02","25.0","32.8382","6.0","","","9.1","","7.6","87","","2","","21.37","14.35","15.62","","","","",""
"2023-04-27","2023117","9:02","25.0","32.8382","7.0","","","7.2","","7.0","79","","2","","22.85","13.66","16.88","","","","",""
"2023-04-27","2023117","9:02","25.0","32.8382","8.0","","","5.5","","7.0","78","","3","","24.60","12.82","18.38","","","","",""
"2023-04-27","2023117","8:49","26.0","28.7560","1.0","","","10.0","","9.7","110","","2","0.52","19.57","15.45","14.03","","","","",""
"2023-04-27","2023117","8:49","26.0","28.7560","2.0","","","12.2","","9.5","108","","2","","19.63","15.44","14.07","","","","",""
"2023-04-27","2023117","8:49","26.0","28.7560","3.0","","","11.5","","9.4","107","","2","","19.85","15.38","14.25","","","","",""
"2023-04-27","2023117","8:49","26.0","28.7560","4.0","","","9.1","","9.4","106","","2","","20.04","15.36","14.40","","","","",""
"2023-04-27","2023117","8:49","26.0","28.7560","5.0","","","8.7","","9.3","106","","2","","20.15","15.25","14.51","","","","",""
"2023-04-27","2023117","8:49","26.0","28.7560","6.0","","","8.8","","9.0","103","","2","","20.18","15.22","14.54","","","","",""
"2023-04-27","2023117","8:49","26.0","28.7560","7.0","","","8.6","","8.3","94","","2","","20.43","15.04","14.76","","","","",""
"2023-04-27","2023117","8:49","26.0","28.7560","8.0","","","7.7","","7.6","86","","2","","21.72","14.19","15.92","","","","",""
"2023-04-27","2023117","8:49","26.0","28.7560","9.0","","","5.8","","7.1","80","","4","","22.75","13.71","16.80","","","","",""
"2023-04-27","2023117","8:49","26.0","28.7560","10.0","","","4.9","","6.9","78","","9","","23.58","13.31","17.51","","","","",""
"2023-04-27","2023117","8:38","27.0","26.1872","1.0","","","8.5","","9.6","108","","2","0.52","19.21","15.42","13.76","","","","",""
"2023-04-27","2023117","8:38","27.0","26.1872","2.0","9.1","0.95","9.5","","9.5","108","1.8","2","","19.38","15.64","13.84","0.56","12.20","0.86","1.71","109.67"
"2023-04-27","2023117","8:38","27.0","26.1872","3.0","","","7.6","","9.6","109","","2","","19.46","15.73","13.89","","","","",""
"2023-04-27","2023117","8:38","27.0","26.1872","4.0","","","7.3","","9.8","112","","2","","19.59","15.83","13.97","","","","",""
"2023-04-27","2023117","8:38","27.0","26.1872","5.0","","","7.3","","10.1","115","","2","","19.66","15.90","14.01","","","","",""
"2023-04-27","2023117","8:38","27.0","26.1872","6.0","","","7.1","","9.7","111","","2","","19.78","16.05","14.07","","","","",""
"2023-04-27","2023117","8:38","27.0","26.1872","7.0","","","7.7","","8.9","102","","2","","20.09","15.72","14.37","","","","",""
"2023-04-27","2023117","8:38","27.0","26.1872","8.0","","","6.9","","8.6","97","","3","","20.74","14.75","15.06","","","","",""
"2023-04-27","2023117","8:38","27.0","26.1872","9.0","","","5.9","","7.9","89","","3","","21.16","14.44","15.44","","","","",""
"2023-04-27","2023117","8:38","27.0","26.1872","10.0","","","5.4","","7.5","85","","5","","21.92","14.06","16.10","","","","",""
"2023-04-27","2023117","8:38","27.0","26.1872","11.0","3.0","0.76","4.2","","7.3","82","","6","","23.11","13.55","17.10","","","","",""
"2023-04-27","2023117","8:28","28.0","23.5695","1.0","","","7.1","","9.9","112","","2","0.43","19.19","15.66","13.69","","","","",""
"2023-04-27","2023117","8:28","28.0","23.5695","2.0","","","8.4","","9.9","112","","2","","19.20","15.65","13.70","","","","",""
"2023-04-27","2023117","8:28","28.0","23.5695","3.0","","","8.5","","9.9","112","","2","","19.27","15.69","13.75","","","","",""
"2023-04-27","2023117","8:28","28.0","23.5695","4.0","","","7.3","","9.9","113","","2","","19.40","15.83","13.82","","","","",""
"2023-04-27","2023117","8:28","28.0","23.5695","5.0","","","6.6","","9.8","113","","2","","19.58","16.03","13.92","","","","",""
"2023-04-27","2023117","8:28","28.0","23.5695","6.0","","","5.2","","9.9","114","","2","","19.82","16.14","14.08","","","","",""
"2023-04-27","2023117","8:28","28.0","23.5695","7.0","","","4.1","","10.0","115","","3","","19.95","16.24","14.16","","","","",""
"2023-04-27","2023117","8:28","28.0","23.5695","8.0","","","2.9","","9.6","111","","3","","20.08","16.28","14.25","","","","",""
"2023-04-27","2023117","8:28","28.0","23.5695","9.0","","","3.0","","9.1","104","","2","","20.07","15.54","14.39","","","","",""
"2023-04-27","2023117","8:28","28.0","23.5695","10.0","","","3.5","","8.5","96","","3","","20.35","15.06","14.70","","","","",""
"2023-04-27","2023117","8:28","28.0","23.5695","11.0","","","2.9","","8.1","92","","5","","21.16","14.47","15.44","","","","",""
"2023-04-27","2023117","8:28","28.0","23.5695","12.0","","","2.8","","7.9","89","","5","","21.67","14.16","15.89","","","","",""
"2023-04-27","2023117","8:28","28.0","23.5695","13.0","","","2.8","","7.9","89","","11","","21.90","14.05","16.08","","","","",""
"2023-04-27","2023117","8:18","29.0","20.2526","1.0","","","7.0","","10.0","115","","4","0.65","18.89","16.52","13.29","","","","",""
"2023-04-27","2023117","8:18","29.0","20.2526","2.0","","","7.6","","9.8","113","","3","","18.90","16.50","13.31","","","","",""
"2023-04-27","2023117","8:18","29.0","20.2526","3.0","","","6.8","","9.7","111","","3","","19.01","16.48","13.40","","","","",""
"2023-04-27","2023117","8:18","29.0","20.2526","4.0","","","6.0","","9.7","111","","3","","19.04","16.33","13.45","","","","",""
"2023-04-27","2023117","8:18","29.0","20.2526","5.0","","","6.0","","9.5","110","","3","","19.12","16.25","13.53","","","","",""
"2023-04-27","2023117","8:18","29.0","20.2526","6.0","","","5.4","","9.3","107","","3","","19.36","16.21","13.72","","","","",""
"2023-04-27","2023117","8:18","29.0","20.2526","7.0","","","4.8","","9.3","107","","3","","19.44","16.17","13.78","","","","",""
"2023-04-27","2023117","8:18","29.0","20.2526","8.0","","","4.0","","9.2","105","","3","","19.50","15.73","13.92","","","","",""
"2023-04-27","2023117","8:18","29.0","20.2526","9.0","","","3.9","","9.1","103","","3","","19.85","15.41","14.25","","","","",""
"2023-04-27","2023117","8:18","29.0","20.2526","10.0","","","3.4","","9.0","102","","3","","20.05","15.19","14.44","","","","",""
"2023-04-27","2023117","8:18","29.0","20.2526","11.0","","","3.1","","8.8","99","","4","","20.29","15.01","14.66","","","","",""
"2023-04-27","2023117","8:18","29.0","20.2526","12.0","","","3.2","","8.6","97","","4","","20.54","14.80","14.89","","","","",""
"2023-04-27","2023117","8:18","29.0","20.2526","13.0","","","3.0","","8.6","97","","6","","20.79","14.66","15.11","","","","",""
"2023-04-27","2023117","8:18","29.0","20.2526","14.0","","","3.3","","8.6","97","","9","","20.84","14.64","15.16","","","","",""
"2023-04-27","2023117","8:03","30.0","14.7543","1.0","","","9.0","","9.3","105","","4","0.70","17.21","16.31","12.05","","","","",""
"2023-04-27","2023117","8:03","30.0","14.7543","2.0","10.3","0.89","9.2","","9.2","105","3.5","4","","17.72","16.48","12.41","0.67","13.74","","3.66","112.51"
"2023-04-27","2023117","8:03","30.0","14.7543","3.0","","","8.0","","9.3","107","","4","","17.86","16.35","12.54","","","","",""
"2023-04-27","2023117","8:03","30.0","14.7543","4.0","","","7.2","","9.5","109","","3","","18.11","16.38","12.72","","","","",""
"2023-04-27","2023117","8:03","30.0","14.7543","5.0","","","6.0","","9.4","108","","3","","18.37","16.39","12.92","","","","",""
"2023-04-27","2023117","8:03","30.0","14.7543","6.0","","","5.3","","9.1","105","","3","","18.60","16.20","13.14","","","","",""
"2023-04-27","2023117","8:03","30.0","14.7543","7.0","","","4.2","","9.1","104","","3","","18.93","15.90","13.45","","","","",""
"2023-04-27","2023117","8:03","30.0","14.7543","8.0","","","3.2","","8.8","100","","3","","19.19","15.74","13.68","","","","",""
"2023-04-27","2023117","8:03","30.0","14.7543","9.0","","","2.8","","8.5","97","","4","","19.42","15.47","13.91","","","","",""
"2023-04-27","2023117","8:03","30.0","14.7543","10.0","","","2.8","","8.5","96","","8","","19.94","15.07","14.39","","","","",""
"2023-04-27","2023117","8:03","30.0","14.7543","11.0","3.5","0.75","2.8","","8.4","96","19.3","12","","19.99","15.03","14.43","","","","",""
"2023-04-27","2023117","7:48","31.0","10.6065","1.0","","","7.3","","8.5","99","","8","0.89","16.62","17.08","11.44","","","","",""
"2023-04-27","2023117","7:48","31.0","10.6065","2.0","","","6.9","","8.5","99","","7","","16.76","17.02","11.56","","","","",""
"2023-04-27","2023117","7:48","31.0","10.6065","3.0","","","6.4","","8.7","101","","7","","16.93","16.94","11.71","","","","",""
"2023-04-27","2023117","7:48","31.0","10.6065","4.0","","","6.0","","9.0","103","","6","","17.44","16.66","12.15","","","","",""
"2023-04-27","2023117","7:48","31.0","10.6065","5.0","","","5.7","","9.0","103","","4","","17.99","16.39","12.63","","","","",""
"2023-04-27","2023117","7:48","31.0","10.6065","6.0","","","4.9","","8.8","101","","4","","18.41","16.17","13.00","","","","",""
"2023-04-27","2023117","7:48","31.0","10.6065","7.0","","","4.2","","8.6","98","","4","","18.78","15.83","13.35","","","","",""
"2023-04-27","2023117","7:48","31.0","10.6065","8.0","","","3.1","","8.5","97","","6","","19.03","15.56","13.59","","","","",""
"2023-04-27","2023117","7:48","31.0","10.6065","9.0","","","2.9","","8.5","97","","7","","19.14","15.47","13.69","","","","",""
"2023-04-27","2023117","7:48","31.0","10.6065","10.0","","","2.8","","8.5","96","","8","","19.26","15.40","13.80","","","","",""
"2023-04-27","2023117","7:48","31.0","10.6065","11.0","","","2.7","","8.4","96","","9","","19.40","15.32","13.92","","","","",""
"2023-04-27","2023117","7:48","31.0","10.6065","12.0","","","2.5","","8.4","96","","12","","19.50","15.26","14.01","","","","",""
"2023-04-27","2023117","7:40","32.0","8.1507","1.0","","","5.5","","8.4","97","","5","0.94","16.79","17.02","11.59","","","","",""
"2023-04-27","2023117","7:40","32.0","8.1507","2.0","5.2","0.81","5.5","","8.4","97","4.8","5","","16.92","16.93","11.70","0.76","16.41","1.43","4.01","115.01"
"2023-04-27","2023117","7:40","32.0","8.1507","3.0","","","4.8","","8.3","96","","5","","17.12","16.79","11.89","","","","",""
"2023-04-27","2023117","7:40","32.0","8.1507","4.0","","","4.3","","8.3","96","","5","","17.27","16.65","12.03","","","","",""
"2023-04-27","2023117","7:40","32.0","8.1507","5.0","","","4.0","","8.3","95","","5","","17.45","16.52","12.20","","","","",""
"2023-04-27","2023117","7:40","32.0","8.1507","6.0","","","3.8","","8.3","95","","5","","17.89","16.25","12.58","","","","",""
"2023-04-27","2023117","7:40","32.0","8.1507","7.0","","","3.4","","8.4","95","","6","","18.66","15.71","13.28","","","","",""
"2023-04-27","2023117","7:40","32.0","8.1507","8.0","","","2.9","","8.4","96","","6","","18.71","15.67","13.32","","","","",""
"2023-04-27","2023117","7:40","32.0","8.1507","9.0","","","2.8","","8.4","96","","6","","18.73","15.66","13.34","","","","",""
"2023-04-27","2023117","7:40","32.0","8.1507","10.0","3.7","0.71","2.7","","8.4","96","","6","","18.76","15.65","13.37","","","","",""
"2023-04-27","2023117","7:33","33.0","6.8085","1.0","","","9.3","","8.4","98","","6","1.02","15.89","17.38","10.83","","","","",""
"2023-04-27","2023117","7:33","33.0","6.8085","2.0","","","6.7","","8.3","96","5.8","6","","16.51","17.21","11.33","","","","",""
"2023-04-27","2023117","7:33","33.0","6.8085","3.0","","","4.9","","8.3","96","","6","","17.04","16.78","11.83","","","","",""
"2023-04-27","2023117","7:33","33.0","6.8085","4.0","","","4.2","","8.3","95","","6","","17.27","16.60","12.04","","","","",""
"2023-04-27","2023117","7:33","33.0","6.8085","5.0","","","3.9","","8.2","94","","6","","17.41","16.48","12.17","","","","",""
"2023-04-27","2023117","7:33","33.0","6.8085","6.0","","","3.6","","8.2","95","","7","","17.64","16.30","12.38","","","","",""
"2023-04-27","2023117","7:33","33.0","6.8085","7.0","","","3.3","","8.3","95","","7","","17.82","16.18","12.55","","","","",""
"2023-04-27","2023117","7:33","33.0","6.8085","8.0","","","3.0","","8.3","95","","7","","17.98","16.08","12.69","","","","",""
"2023-04-27","2023117","7:33","33.0","6.8085","9.0","","","3.1","","8.3","95","","7","","18.07","16.04","12.76","","","","",""
"2023-04-27","2023117","7:33","33.0","6.8085","10.0","","","2.9","","8.3","95","","7","","18.13","16.00","12.81","","","","",""
"2023-04-27","2023117","7:33","33.0","6.8085","11.0","","","3.1","","8.3","95","","7","","18.14","15.99","12.83","","","","",""
"2023-04-27","2023117","7:33","33.0","6.8085","12.0","","","3.2","","8.3","95","","7","","18.14","15.99","12.83","","","","",""
"2023-04-27","2023117","7:21","34.0","3.5290","1.0","","","5.8","","8.3","96","","8","1.16","16.15","17.48","11.00","","","","",""
"2023-04-27","2023117","7:21","34.0","3.5290","2.0","5.5","0.81","5.5","","8.1","95","8.8","8","","16.07","17.54","10.93","","","","",""
"2023-04-27","2023117","7:21","34.0","3.5290","3.0","","","5.5","","8.1","94","","8","","16.39","17.22","11.24","","","","",""
"2023-04-27","2023117","7:21","34.0","3.5290","4.0","","","4.2","","8.2","94","","8","","16.89","16.76","11.72","","","","",""
"2023-04-27","2023117","7:21","34.0","3.5290","5.0","","","3.9","","8.2","95","","8","","16.98","16.70","11.79","","","","",""
"2023-04-27","2023117","7:21","34.0","3.5290","6.0","","","3.9","","8.2","94","","8","","17.01","16.69","11.82","","","","",""
"2023-04-27","2023117","7:21","34.0","3.5290","7.0","","","3.9","","8.1","93","","8","","17.08","16.64","11.89","","","","",""
"2023-04-27","2023117","7:21","34.0","3.5290","8.0","3.5","0.71","3.8","","8.1","93","","8","","17.11","16.62","11.91","","","","",""
"2023-04-27","2023117","7:11","35.0","1.6576","1.0","","","5.9","","7.9","91","","10","1.32","15.24","17.14","10.38","","","","",""
"2023-04-27","2023117","7:11","35.0","1.6576","2.0","4.9","0.82","5.5","","8.0","92","8.8","10","","15.27","17.04","10.42","","","","",""
"2023-04-27","2023117","7:11","35.0","1.6576","3.0","","","5.0","","8.0","93","","10","","15.41","17.16","10.51","","","","",""
"2023-04-27","2023117","7:11","35.0","1.6576","4.0","","","4.8","","8.0","93","","10","","16.27","17.01","11.20","","","","",""
"2023-04-27","2023117","7:11","35.0","1.6576","5.0","","","4.0","","8.1","93","","10","","16.65","16.85","11.52","","","","",""
"2023-04-27","2023117","7:11","35.0","1.6576","6.0","","","3.7","","8.1","93","","10","","16.69","16.83","11.55","","","","",""
"2023-04-27","2023117","7:11","35.0","1.6576","7.0","","","3.7","","8.0","93","","10","","16.74","16.81","11.59","","","","",""
"2023-04-27","2023117","6:59","36.0","0.0000","1.0","","","7.2","","7.7","88","","12","1.68","14.64","17.20","9.91","","","","",""
"2023-04-27","2023117","6:59","36.0","0.0000","2.0","5.2","0.78","5.8","","7.7","88","13.0","12","","14.92","17.29","10.11","1.29","26.44","3.00","6.95","130.32"
"2023-04-27","2023117","6:59","36.0","0.0000","3.0","","","5.4","","7.8","90","","12","","15.32","17.31","10.41","","","","",""
"2023-04-27","2023117","6:59","36.0","0.0000","4.0","","","5.2","","7.8","90","","12","","15.77","17.21","10.77","","","","",""
"2023-04-27","2023117","6:59","36.0","0.0000","5.0","","","5.5","","7.8","90","","12","","16.02","17.18","10.96","","","","",""
"2023-04-27","2023117","6:59","36.0","0.0000","6.0","4.5","0.60","5.5","","7.8","90","","13","","16.31","17.11","11.20","","","","",""
"2023-04-27","2023117","15:23","649.0","132.9388","1.0","","","4.6","","10.4","107","","20","1.35","0.06","16.66","","","","","",""
"2023-04-27","2023117","15:23","649.0","132.9388","2.0","7.3","0.82","6.9","","10.4","107","20.4","20","","0.06","16.66","","0.14","11.35","0.93","0.92","227.88"
"2023-04-27","2023117","15:23","649.0","132.9388","3.0","","","7.3","","10.4","107","","20","","0.06","16.67","","","","","",""
"2023-04-27","2023117","15:23","649.0","132.9388","4.0","","","7.4","","10.4","107","","20","","0.06","16.67","","","","","",""
"2023-04-27","2023117","15:23","649.0","132.9388","5.0","","","7.4","","10.4","107","","21","","0.06","16.65","","","","","",""
"2023-04-27","2023117","15:23","649.0","132.9388","6.0","","","7.3","","10.4","107","","21","","0.06","16.63","","","","","",""
"2023-04-27","2023117","15:23","649.0","132.9388","7.0","","","7.1","","10.4","106","","21","","0.06","16.63","","","","","",""
"2023-04-27","2023117","15:23","649.0","132.9388","8.0","","","6.9","","10.4","107","","21","","0.06","16.62","","","","","",""
"2023-04-27","2023117","15:23","649.0","132.9388","9.0","","","7.1","","10.4","107","","22","","0.06","16.61","","","","","",""
"2023-04-27","2023117","15:23","649.0","132.9388","10.0","","","7.5","","10.4","107","","22","","0.06","16.61","","","","","",""
"2023-04-27","2023117","15:23","649.0","132.9388","11.0","7.3","0.75","7.2","","10.4","107","27.2","23","","0.06","16.61","","","","","",""
"2023-04-27","2023117","16:18","657.0","147.2548","1.0","","","3.2","","10.2","104","","22","1.44","0.06","16.47","","","","","",""
"2023-04-27","2023117","16:18","657.0","147.2548","2.0","5.8","0.75","5.3","","10.2","105","21.5","22","","0.06","16.45","","0.16","11.42","0.93","0.58","241.76"
"2023-04-27","2023117","16:18","657.0","147.2548","3.0","","","6.2","","10.2","105","","22","","0.06","16.44","","","","","",""
"2023-04-27","2023117","16:18","657.0","147.2548","4.0","","","6.3","","10.2","105","","22","","0.06","16.44","","","","","",""
"2023-04-27","2023117","16:18","657.0","147.2548","5.0","","","6.1","","10.2","105","","22","","0.06","16.44","","","","","",""
"2023-04-27","2023117","16:18","657.0","147.2548","6.0","","","5.9","","10.2","105","","22","","0.06","16.44","","","","","",""
"2023-04-27","2023117","16:18","657.0","147.2548","7.0","","","6.1","","10.2","105","","22","","0.06","16.44","","","","","",""
"2023-04-27","2023117","16:18","657.0","147.2548","8.0","","","5.9","","10.2","105","","22","","0.06","16.44","","","","","",""
"2023-04-27","2023117","16:18","657.0","147.2548","9.0","6.2","0.73","6.1","","10.2","105","23.1","22","","0.06","16.43","","","","","",""
"2023-05-16","2023136","9:04","18.0","54.9481","1.0","","","8.0","","8.9","102","","27","0.49","23.75","14.42","17.43","","","","",""
"2023-05-16","2023136","9:04","18.0","54.9481","2.0","7.6","0.95","8.5","8.9","8.9","101","1.6","27","","23.79","14.40","17.47","0.40","7.41","3.00","1.37","58.04"
"2023-05-16","2023136","9:04","18.0","54.9481","3.0","","","8.2","","8.9","101","","27","","23.83","14.38","17.50","","","","",""
"2023-05-16","2023136","9:04","18.0","54.9481","4.0","","","7.8","","8.9","101","","26","","23.84","14.38","17.51","","","","",""
"2023-05-16","2023136","9:04","18.0","54.9481","5.0","","","7.6","","8.9","101","","26","","23.79","14.40","17.46","","","","",""
"2023-05-16","2023136","9:04","18.0","54.9481","6.0","","","7.5","","8.9","101","","26","","23.81","14.40","17.49","","","","",""
"2023-05-16","2023136","9:04","18.0","54.9481","7.0","","","7.4","","8.9","101","","26","","23.97","14.35","17.62","","","","",""
"2023-05-16","2023136","9:04","18.0","54.9481","8.0","","","7.8","","8.9","101","","25","","23.96","14.35","17.61","","","","",""
"2023-05-16","2023136","9:04","18.0","54.9481","9.0","","","7.6","","8.9","101","","25","","24.02","14.33","17.66","","","","",""
"2023-05-16","2023136","9:04","18.0","54.9481","10.0","","","8.4","","8.9","102","","25","","24.06","14.31","17.69","","","","",""
"2023-05-16","2023136","9:04","18.0","54.9481","11.0","","","8.1","","8.9","101","","25","","24.08","14.31","17.71","","","","",""
"2023-05-16","2023136","9:04","18.0","54.9481","12.0","","","7.7","","8.9","101","","25","","24.15","14.30","17.76","","","","",""
"2023-05-16","2023136","9:04","18.0","54.9481","13.0","","","8.7","","8.8","100","","25","","24.51","14.19","18.06","","","","",""
"2023-05-16","2023136","9:04","18.0","54.9481","14.0","","","7.4","","8.8","100","","25","","24.98","14.05","18.45","","","","",""
"2023-05-16","2023136","9:04","18.0","54.9481","15.0","","","7.1","","8.8","100","","25","","25.00","14.04","18.47","","","","",""
"2023-05-16","2023136","9:04","18.0","54.9481","16.0","","","6.5","","8.8","99","","24","","25.25","13.96","18.67","","","","",""
"2023-05-16","2023136","9:04","18.0","54.9481","17.0","","","6.2","","8.7","99","","24","","25.45","13.90","18.84","","","","",""
"2023-05-16","2023136","9:04","18.0","54.9481","18.0","","","6.2","","8.7","99","","24","","25.48","13.89","18.87","","","","",""
"2023-05-16","2023136","9:04","18.0","54.9481","19.0","","","5.9","","8.7","99","","23","","25.57","13.86","18.94","","","","",""
"2023-05-16","2023136","9:04","18.0","54.9481","20.0","","","6.2","","8.7","99","","20","","25.64","13.84","19.00","","","","",""
"2023-05-16","2023136","9:04","18.0","54.9481","21.0","","","5.6","","8.7","99","","17","","25.75","13.81","19.09","","","","",""
"2023-05-16","2023136","9:04","18.0","54.9481","22.0","","","5.5","","8.7","98","","16","","25.86","13.78","19.18","","","","",""
"2023-05-16","2023136","9:04","18.0","54.9481","23.0","","","5.6","","8.6","98","","15","","25.92","13.76","19.23","","","","",""
"2023-05-16","2023136","9:04","18.0","54.9481","24.0","","","5.8","","8.6","98","","13","","26.26","13.66","19.51","","","","",""
"2023-05-16","2023136","9:04","18.0","54.9481","25.0","","","5.6","","8.6","98","","11","","26.37","13.62","19.60","","","","",""
"2023-05-16","2023136","9:04","18.0","54.9481","26.0","","","5.4","","8.6","98","","10","","26.30","13.64","19.54","","","","",""
"2023-05-16","2023136","9:04","18.0","54.9481","27.0","","","5.3","","8.6","97","","9","","26.32","13.64","19.56","","","","",""
"2023-05-16","2023136","9:04","18.0","54.9481","28.0","","","5.2","","8.5","97","","8","","26.72","13.52","19.89","","","","",""
"2023-05-16","2023136","9:04","18.0","54.9481","29.0","","","5.0","","8.5","97","","8","","27.01","13.43","20.13","","","","",""
"2023-05-16","2023136","9:04","18.0","54.9481","30.0","","","5.1","","8.5","97","","7","","26.91","13.46","20.05","","","","",""
"2023-05-16","2023136","9:04","18.0","54.9481","31.0","","","5.2","","8.5","96","","8","","26.93","13.45","20.06","","","","",""
"2023-05-16","2023136","9:04","18.0","54.9481","32.0","","","5.1","","8.4","96","","8","","27.19","13.38","20.28","","","","",""
"2023-05-16","2023136","9:04","18.0","54.9481","33.0","","","4.8","","8.4","96","","11","","27.60","13.25","20.62","","","","",""
"2023-05-16","2023136","9:04","18.0","54.9481","34.0","","","4.8","","8.4","96","","16","","27.60","13.25","20.62","","","","",""
"2023-05-16","2023136","9:04","18.0","54.9481","35.0","","","5.1","","8.4","96","","19","","27.60","13.25","20.62","","","","",""
"2023-05-16","2023136","9:04","18.0","54.9481","36.0","","","5.6","","8.4","95","","23","","27.60","13.25","20.62","","","","",""
"2023-05-16","2023136","9:04","18.0","54.9481","37.0","","","5.5","","8.4","96","","24","","27.61","13.25","20.63","","","","",""
"2023-05-16","2023136","9:04","18.0","54.9481","38.0","4.6","0.70","5.4","8.4","8.4","96","8.8","24","","27.58","13.26","20.61","","","","",""
"2023-05-16","2023136","9:26","20.0","51.4501","1.0","","","7.8","","8.9","101","","3","0.51","23.54","14.47","17.26","","","","",""
"2023-05-16","2023136","9:26","20.0","51.4501","2.0","8.4","0.94","7.3","8.8","8.8","100","","3","","23.83","14.38","17.50","","","","",""
"2023-05-16","2023136","9:26","20.0","51.4501","3.0","","","6.0","","8.7","98","","3","","24.07","14.32","17.70","","","","",""
"2023-05-16","2023136","9:26","20.0","51.4501","4.0","","","5.6","","8.5","97","","2","","25.28","13.98","18.69","","","","",""
"2023-05-16","2023136","9:26","20.0","51.4501","5.0","","","4.9","","8.5","96","","2","","27.33","13.37","20.39","","","","",""
"2023-05-16","2023136","9:26","20.0","51.4501","6.0","","","4.5","","8.4","96","","5","","27.60","13.29","20.62","","","","",""
"2023-05-16","2023136","9:26","20.0","51.4501","7.0","","","5.1","","8.4","96","","8","","27.71","13.25","20.70","","","","",""
"2023-05-16","2023136","9:26","20.0","51.4501","8.0","","","6.0","","8.4","96","","20","","27.72","13.25","20.71","","","","",""
"2023-05-16","2023136","9:26","20.0","51.4501","9.0","","","5.9","","8.4","96","","25","","27.74","13.24","20.73","","","","",""
"2023-05-16","2023136","9:26","20.0","51.4501","10.0","","","6.1","","8.4","96","","28","","27.74","13.24","20.73","","","","",""
"2023-05-16","2023136","9:26","20.0","51.4501","11.0","","","6.1","","8.4","96","","29","","27.71","13.25","20.71","","","","",""
"2023-05-16","2023136","9:26","20.0","51.4501","12.0","","","6.0","","8.4","96","","30","","27.72","13.25","20.71","","","","",""
"2023-05-16","2023136","9:26","20.0","51.4501","13.0","","","6.1","","8.4","96","","26","","27.74","13.25","20.73","","","","",""
"2023-05-16","2023136","9:26","20.0","51.4501","14.0","","","5.6","","8.4","96","","26","","27.74","13.25","20.73","","","","",""
"2023-05-16","2023136","9:26","20.0","51.4501","15.0","","","5.8","","8.4","96","","24","","27.74","13.24","20.73","","","","",""
"2023-05-16","2023136","9:26","20.0","51.4501","16.0","","","5.5","","8.4","96","","21","","27.74","13.24","20.73","","","","",""
"2023-05-16","2023136","9:26","20.0","51.4501","17.0","","","5.5","","8.4","96","","22","","27.77","13.24","20.75","","","","",""
"2023-05-16","2023136","9:26","20.0","51.4501","18.0","","","5.5","","8.4","96","","20","","27.77","13.23","20.76","","","","",""
"2023-05-16","2023136","9:26","20.0","51.4501","19.0","","","5.7","","8.4","96","","19","","27.78","13.23","20.76","","","","",""
"2023-05-16","2023136","9:26","20.0","51.4501","20.0","","","4.9","","8.4","96","","16","","27.78","13.23","20.77","","","","",""
"2023-05-16","2023136","9:26","20.0","51.4501","21.0","","","5.5","","8.4","96","","14","","27.79","13.23","20.77","","","","",""
"2023-05-16","2023136","9:26","20.0","51.4501","22.0","","","5.4","","8.4","96","","12","","27.79","13.23","20.77","","","","",""
"2023-05-16","2023136","9:26","20.0","51.4501","23.0","","","5.8","","8.4","95","","15","","27.78","13.23","20.77","","","","",""
"2023-05-16","2023136","9:26","20.0","51.4501","24.0","","","6.6","","8.4","95","","22","","27.80","13.23","20.78","","","","",""
"2023-05-16","2023136","9:26","20.0","51.4501","25.0","","","6.9","","8.4","95","","30","","27.88","13.20","20.85","","","","",""
"2023-05-16","2023136","9:26","20.0","51.4501","26.0","","","6.6","","8.4","95","","34","","27.90","13.19","20.86","","","","",""
"2023-05-16","2023136","9:26","20.0","51.4501","27.0","","","6.3","8.4","8.4","95","","30","","27.90","13.19","20.86","","","","",""
"2023-05-16","2023136","9:39","21.0","46.6266","1.0","","","5.7","","8.9","102","","4","0.58","21.71","15.03","15.75","","","","",""
"2023-05-16","2023136","9:39","21.0","46.6266","2.0","7.4","0.89","8.4","9.0","9.0","102","","3","","22.90","14.72","16.72","","","","",""
"2023-05-16","2023136","9:39","21.0","46.6266","3.0","","","9.0","","9.0","102","","2","","22.91","14.72","16.73","","","","",""
"2023-05-16","2023136","9:39","21.0","46.6266","4.0","","","8.5","","9.0","102","","2","","23.01","14.68","16.81","","","","",""
"2023-05-16","2023136","9:39","21.0","46.6266","5.0","","","7.5","","9.0","102","","3","","23.02","14.68","16.82","","","","",""
"2023-05-16","2023136","9:39","21.0","46.6266","6.0","","","7.3","","8.9","101","","2","","23.06","14.67","16.86","","","","",""
"2023-05-16","2023136","9:39","21.0","46.6266","7.0","","","7.4","","8.8","100","","2","","23.17","14.62","16.95","","","","",""
"2023-05-16","2023136","9:39","21.0","46.6266","8.0","","","6.7","","8.7","98","","2","","23.60","14.42","17.31","","","","",""
"2023-05-16","2023136","9:39","21.0","46.6266","9.0","","","5.6","","8.6","98","","2","","24.18","14.20","17.80","","","","",""
"2023-05-16","2023136","9:39","21.0","46.6266","10.0","","","4.8","","8.6","97","","3","","24.41","14.13","17.99","","","","",""
"2023-05-16","2023136","9:39","21.0","46.6266","11.0","","","4.8","","8.6","97","","3","","24.61","14.06","18.16","","","","",""
"2023-05-16","2023136","9:39","21.0","46.6266","12.0","","","4.7","","8.6","97","","3","","24.76","14.02","18.28","","","","",""
"2023-05-16","2023136","9:39","21.0","46.6266","13.0","","","4.7","","8.6","97","","3","","24.80","14.02","18.31","","","","",""
"2023-05-16","2023136","9:39","21.0","46.6266","14.0","","","4.6","","8.5","97","","2","","24.87","14.01","18.38","","","","",""
"2023-05-16","2023136","9:39","21.0","46.6266","15.0","","","4.6","","8.5","97","","2","","25.31","13.89","18.73","","","","",""
"2023-05-16","2023136","9:39","21.0","46.6266","16.0","","","4.6","","8.5","96","","3","","25.42","13.86","18.83","","","","",""
"2023-05-16","2023136","9:39","21.0","46.6266","17.0","","","4.7","","8.5","96","","5","","25.58","13.82","18.95","","","","",""
"2023-05-16","2023136","9:39","21.0","46.6266","18.0","","","4.8","","8.5","96","","6","","25.65","13.80","19.01","","","","",""
"2023-05-16","2023136","9:39","21.0","46.6266","19.0","","","5.0","","8.5","96","","9","","25.64","13.80","19.01","","","","",""
"2023-05-16","2023136","9:48","22.0","43.9210","1.0","","","5.6","","8.9","100","","3","0.56","21.28","14.95","15.44","","","","",""
"2023-05-16","2023136","9:48","22.0","43.9210","2.0","6.6","0.91","6.7","8.8","8.8","99","3.9","3","","21.85","14.77","15.90","0.52","17.72","1.29","1.77","112.87"
"2023-05-16","2023136","9:48","22.0","43.9210","3.0","","","6.9","","8.7","99","","2","","22.28","14.67","16.26","","","","",""
"2023-05-16","2023136","9:48","22.0","43.9210","4.0","","","6.0","","8.7","99","","4","","22.96","14.46","16.82","","","","",""
"2023-05-16","2023136","9:48","22.0","43.9210","5.0","","","5.4","","8.7","98","","3","","23.16","14.43","16.97","","","","",""
"2023-05-16","2023136","9:48","22.0","43.9210","6.0","","","5.2","","8.6","98","","2","","23.43","14.39","17.19","","","","",""
"2023-05-16","2023136","9:48","22.0","43.9210","7.0","","","5.1","","8.6","97","","2","","24.06","14.21","17.71","","","","",""
"2023-05-16","2023136","9:48","22.0","43.9210","8.0","","","5.0","","8.6","97","","2","","24.31","14.14","17.91","","","","",""
"2023-05-16","2023136","9:48","22.0","43.9210","9.0","","","5.2","","8.5","97","","3","","24.50","14.08","18.07","","","","",""
"2023-05-16","2023136","9:48","22.0","43.9210","10.0","","","5.2","","8.5","96","","6","","24.57","14.06","18.14","","","","",""
"2023-05-16","2023136","9:48","22.0","43.9210","11.0","","","5.5","","8.5","96","","8","","24.65","14.02","18.20","","","","",""
"2023-05-16","2023136","9:48","22.0","43.9210","12.0","","","5.6","","8.5","96","","17","","24.66","14.01","18.21","","","","",""
"2023-05-16","2023136","9:48","22.0","43.9210","13.0","","","5.8","","8.5","96","","19","","24.66","14.01","18.21","","","","",""
"2023-05-16","2023136","9:48","22.0","43.9210","14.0","","","6.0","","8.5","96","","22","","24.69","14.00","18.24","","","","",""
"2023-05-16","2023136","9:48","22.0","43.9210","15.0","","","5.7","","8.5","96","","25","","24.69","13.99","18.24","","","","",""
"2023-05-16","2023136","9:48","22.0","43.9210","16.0","","","5.7","","8.4","96","","27","","24.70","13.99","18.25","","","","",""
"2023-05-16","2023136","9:48","22.0","43.9210","17.0","","","6.2","","8.4","96","","24","","24.71","13.99","18.26","","","","",""
"2023-05-16","2023136","9:48","22.0","43.9210","18.0","","","6.4","","8.4","96","","29","","24.75","13.98","18.29","","","","",""
"2023-05-16","2023136","9:48","22.0","43.9210","19.0","","","6.3","","8.4","95","","31","","24.77","13.97","18.31","","","","",""
"2023-05-16","2023136","9:48","22.0","43.9210","20.0","7.1","0.43","6.4","8.4","8.4","96","44.6","30","","24.77","13.97","18.31","","","","",""
"2023-05-16","2023136","10:01","23.0","39.6557","1.0","","","5.3","","8.9","100","","4","0.55","20.18","15.21","14.54","","","","",""
"2023-05-16","2023136","10:01","23.0","39.6557","2.0","","","7.3","8.9","8.9","100","","5","","21.36","14.94","15.50","","","","",""
"2023-05-16","2023136","10:01","23.0","39.6557","3.0","","","6.8","","8.9","101","","3","","21.83","14.83","15.88","","","","",""
"2023-05-16","2023136","10:01","23.0","39.6557","4.0","","","6.4","","9.0","102","","3","","22.12","14.81","16.11","","","","",""
"2023-05-16","2023136","10:01","23.0","39.6557","5.0","","","6.5","","9.0","102","","3","","22.41","14.83","16.32","","","","",""
"2023-05-16","2023136","10:01","23.0","39.6557","6.0","","","6.5","","9.0","102","","2","","22.68","14.81","16.53","","","","",""
"2023-05-16","2023136","10:01","23.0","39.6557","7.0","","","6.5","","9.0","102","","2","","22.84","14.78","16.66","","","","",""
"2023-05-16","2023136","10:01","23.0","39.6557","8.0","","","6.4","","8.9","102","","3","","22.92","14.75","16.73","","","","",""
"2023-05-16","2023136","10:01","23.0","39.6557","9.0","","","6.5","","8.9","102","","4","","22.94","14.74","16.75","","","","",""
"2023-05-16","2023136","10:01","23.0","39.6557","10.0","","","6.4","","8.9","102","","4","","22.99","14.73","16.79","","","","",""
"2023-05-16","2023136","10:01","23.0","39.6557","11.0","","","6.1","","8.9","102","","4","","23.02","14.72","16.81","","","","",""
"2023-05-16","2023136","10:01","23.0","39.6557","12.0","","","6.2","","8.9","102","","4","","23.02","14.72","16.82","","","","",""
"2023-05-16","2023136","10:01","23.0","39.6557","13.0","","","6.2","","8.9","102","","4","","23.04","14.72","16.83","","","","",""
"2023-05-16","2023136","10:01","23.0","39.6557","14.0","","","6.4","","8.9","102","","6","","23.05","14.71","16.84","","","","",""
"2023-05-16","2023136","10:01","23.0","39.6557","15.0","","","6.1","","8.9","102","","13","","23.07","14.71","16.85","","","","",""
"2023-05-16","2023136","10:11","24.0","37.0911","1.0","","","5.7","","9.3","106","","6","0.62","20.93","15.22","15.11","","","","",""
"2023-05-16","2023136","10:11","24.0","37.0911","2.0","9.6","0.97","11.0","9.4","9.4","107","2.6","3","","21.10","15.20","15.25","0.39","6.82","2.64","1.51","77.98"
"2023-05-16","2023136","10:11","24.0","37.0911","3.0","","","11.7","","9.5","108","","3","","21.21","15.24","15.32","","","","",""
"2023-05-16","2023136","10:11","24.0","37.0911","4.0","","","11.2","","9.5","108","","3","","21.35","15.32","15.42","","","","",""
"2023-05-16","2023136","10:11","24.0","37.0911","5.0","","","10.1","","9.3","107","","3","","21.96","15.19","15.91","","","","",""
"2023-05-16","2023136","10:11","24.0","37.0911","6.0","","","8.2","","9.2","105","","3","","22.34","15.07","16.23","","","","",""
"2023-05-16","2023136","10:11","24.0","37.0911","7.0","","","8.3","","9.1","104","","4","","22.50","14.98","16.37","","","","",""
"2023-05-16","2023136","10:11","24.0","37.0911","8.0","","","7.4","","9.0","103","","5","","22.71","14.86","16.55","","","","",""
"2023-05-16","2023136","10:11","24.0","37.0911","9.0","","","6.8","","9.0","103","","7","","22.74","14.84","16.57","","","","",""
"2023-05-16","2023136","10:11","24.0","37.0911","10.0","","","6.3","","9.0","102","","9","","22.75","14.83","16.59","","","","",""
"2023-05-16","2023136","10:11","24.0","37.0911","11.0","7.4","0.84","5.9","9.0","9.0","102","10.0","9","","22.76","14.83","16.59","","","","",""
"2023-05-16","2023136","10:21","25.0","32.8382","1.0","","","6.7","","10.0","116","","4","0.68","21.82","15.77","15.69","","","","",""
"2023-05-16","2023136","10:21","25.0","32.8382","2.0","","","8.9","9.9","9.9","114","","6","","21.92","15.56","15.81","","","","",""
"2023-05-16","2023136","10:21","25.0","32.8382","3.0","","","9.8","","9.9","113","","5","","21.95","15.51","15.84","","","","",""
"2023-05-16","2023136","10:21","25.0","32.8382","4.0","","","9.8","","9.8","113","","6","","21.98","15.47","15.87","","","","",""
"2023-05-16","2023136","10:21","25.0","32.8382","5.0","","","8.5","","9.7","112","","5","","21.99","15.46","15.88","","","","",""
"2023-05-16","2023136","10:21","25.0","32.8382","6.0","","","8.3","","9.7","112","","6","","22.01","15.43","15.90","","","","",""
"2023-05-16","2023136","10:21","25.0","32.8382","7.0","","","8.6","","9.7","111","","5","","22.02","15.42","15.91","","","","",""
"2023-05-16","2023136","10:21","25.0","32.8382","8.0","","","8.5","","9.7","111","","6","","22.02","15.42","15.91","","","","",""
"2023-05-16","2023136","10:32","26.0","28.7560","1.0","","","6.9","","10.3","119","","6","0.72","21.41","16.04","15.32","","","","",""
"2023-05-16","2023136","10:32","26.0","28.7560","2.0","","","9.5","10.3","10.3","118","","5","","21.47","15.81","15.41","","","","",""
"2023-05-16","2023136","10:32","26.0","28.7560","3.0","","","10.6","","10.3","118","","6","","21.50","15.77","15.44","","","","",""
"2023-05-16","2023136","10:32","26.0","28.7560","4.0","","","10.6","","10.3","118","","7","","21.51","15.76","15.45","","","","",""
"2023-05-16","2023136","10:32","26.0","28.7560","5.0","","","10.5","","10.3","118","","6","","21.52","15.76","15.45","","","","",""
"2023-05-16","2023136","10:32","26.0","28.7560","6.0","","","10.2","","10.3","119","","7","","21.55","15.75","15.48","","","","",""
"2023-05-16","2023136","10:32","26.0","28.7560","7.0","","","10.6","","10.3","119","","6","","21.58","15.73","15.51","","","","",""
"2023-05-16","2023136","10:32","26.0","28.7560","8.0","","","10.7","","10.3","119","","8","","21.58","15.73","15.51","","","","",""
"2023-05-16","2023136","10:32","26.0","28.7560","9.0","","","10.8","","10.3","119","","10","","21.58","15.73","15.51","","","","",""
"2023-05-16","2023136","10:32","26.0","28.7560","10.0","","","10.8","","10.3","119","","13","","21.58","15.73","15.51","","","","",""
"2023-05-16","2023136","10:32","26.0","28.7560","11.0","","","10.7","","10.3","119","","13","","21.58","15.73","15.51","","","","",""
"2023-05-16","2023136","10:41","27.0","26.1872","1.0","","","17.7","","10.7","126","","6","0.93","20.58","16.91","14.50","","","","",""
"2023-05-16","2023136","10:41","27.0","26.1872","2.0","22.5","0.93","18.5","10.5","10.5","122","7.1","7","","20.68","16.69","14.62","","0.16","","0.93","19.23"
"2023-05-16","2023136","10:41","27.0","26.1872","3.0","","","13.5","","10.5","122","","6","","20.74","16.59","14.69","","","","",""
"2023-05-16","2023136","10:41","27.0","26.1872","4.0","","","12.5","","10.4","122","","7","","20.77","16.57","14.71","","","","",""
"2023-05-16","2023136","10:41","27.0","26.1872","5.0","","","12.0","","10.3","121","","6","","20.79","16.54","14.74","","","","",""
"2023-05-16","2023136","10:41","27.0","26.1872","6.0","","","12.5","","10.3","120","","7","","20.83","16.48","14.78","","","","",""
"2023-05-16","2023136","10:41","27.0","26.1872","7.0","","","10.8","","10.2","119","","8","","20.87","16.43","14.82","","","","",""
"2023-05-16","2023136","10:41","27.0","26.1872","8.0","","","11.4","","10.2","118","","11","","20.91","16.38","14.87","","","","",""
"2023-05-16","2023136","10:41","27.0","26.1872","9.0","","","12.0","","10.2","118","","19","","20.94","16.36","14.89","","","","",""
"2023-05-16","2023136","10:41","27.0","26.1872","10.0","","","12.4","","10.2","118","","29","","20.94","16.36","14.89","","","","",""
"2023-05-16","2023136","10:41","27.0","26.1872","11.0","","","13.7","","10.2","118","","44","","20.94","16.36","14.89","","","","",""
"2023-05-16","2023136","10:41","27.0","26.1872","12.0","14.9","0.79","13.8","10.2","10.2","118","59.7","59","","20.94","16.37","14.89","","","","",""
"2023-05-16","2023136","10:52","28.0","23.5695","1.0","","","12.7","","10.5","123","","6","0.82","20.31","17.22","14.23","","","","",""
"2023-05-16","2023136","10:52","28.0","23.5695","2.0","","","13.8","10.4","10.4","122","","6","","20.33","17.15","14.26","","","","",""
"2023-05-16","2023136","10:52","28.0","23.5695","3.0","","","15.3","","10.2","120","","6","","20.35","17.12","14.28","","","","",""
"2023-05-16","2023136","10:52","28.0","23.5695","4.0","","","15.6","","10.2","119","","6","","20.38","17.10","14.31","","","","",""
"2023-05-16","2023136","10:52","28.0","23.5695","5.0","","","14.6","","10.1","119","","9","","20.39","17.11","14.31","","","","",""
"2023-05-16","2023136","10:52","28.0","23.5695","6.0","","","12.8","","10.1","119","","13","","20.39","17.12","14.31","","","","",""
"2023-05-16","2023136","10:52","28.0","23.5695","7.0","","","12.9","","10.1","119","","12","","20.39","17.12","14.31","","","","",""
"2023-05-16","2023136","10:52","28.0","23.5695","8.0","","","12.7","","10.1","119","","13","","20.39","17.11","14.32","","","","",""
"2023-05-16","2023136","10:52","28.0","23.5695","9.0","","","13.0","","10.1","119","","14","","20.40","17.09","14.32","","","","",""
"2023-05-16","2023136","10:52","28.0","23.5695","10.0","","","12.9","","10.1","119","","14","","20.40","17.06","14.33","","","","",""
"2023-05-16","2023136","10:52","28.0","23.5695","11.0","","","12.5","","10.1","119","","19","","20.40","17.05","14.33","","","","",""
"2023-05-16","2023136","10:52","28.0","23.5695","12.0","","","12.9","","10.1","119","","23","","20.40","17.06","14.33","","","","",""
"2023-05-16","2023136","10:52","28.0","23.5695","13.0","","","14.3","","10.1","119","","29","","20.40","17.07","14.33","","","","",""
"2023-05-16","2023136","11:03","29.0","20.2526","1.0","","","11.9","","10.6","126","","7","0.84","20.01","17.70","13.90","","","","",""
"2023-05-16","2023136","11:03","29.0","20.2526","2.0","","","14.0","10.5","10.5","125","","6","","20.03","17.62","13.93","","","","",""
"2023-05-16","2023136","11:03","29.0","20.2526","3.0","","","14.4","","10.5","124","","7","","20.05","17.54","13.96","","","","",""
"2023-05-16","2023136","11:03","29.0","20.2526","4.0","","","13.2","","10.4","123","","8","","20.08","17.49","14.00","","","","",""
"2023-05-16","2023136","11:03","29.0","20.2526","5.0","","","12.8","","10.3","122","","8","","20.09","17.47","14.01","","","","",""
"2023-05-16","2023136","11:03","29.0","20.2526","6.0","","","12.5","","10.3","122","","8","","20.13","17.45","14.04","","","","",""
"2023-05-16","2023136","11:03","29.0","20.2526","7.0","","","12.6","","10.3","121","","9","","20.13","17.45","14.05","","","","",""
"2023-05-16","2023136","11:03","29.0","20.2526","8.0","","","12.7","","10.2","121","","9","","20.15","17.44","14.06","","","","",""
"2023-05-16","2023136","11:03","29.0","20.2526","9.0","","","12.1","","10.2","120","","9","","20.17","17.45","14.07","","","","",""
"2023-05-16","2023136","11:03","29.0","20.2526","10.0","","","12.0","","10.1","120","","9","","20.20","17.48","14.09","","","","",""
"2023-05-16","2023136","11:03","29.0","20.2526","11.0","","","11.8","","10.1","120","","11","","20.20","17.48","14.09","","","","",""
"2023-05-16","2023136","11:03","29.0","20.2526","12.0","","","12.2","","10.1","120","","9","","20.21","17.50","14.09","","","","",""
"2023-05-16","2023136","11:03","29.0","20.2526","13.0","","","12.7","","10.1","119","","10","","20.22","17.52","14.10","","","","",""
"2023-05-16","2023136","11:03","29.0","20.2526","14.0","","","12.7","","10.0","119","","13","","20.26","17.56","14.12","","","","",""
"2023-05-16","2023136","11:03","29.0","20.2526","15.0","","","13.4","","10.0","119","","10","","20.27","17.57","14.12","","","","",""
"2023-05-16","2023136","11:18","30.0","14.7543","1.0","","","11.8","","10.3","122","","6","1.09","19.77","17.66","13.72","","","","",""
"2023-05-16","2023136","11:18","30.0","14.7543","2.0","14.1","0.96","12.9","10.1","10.1","120","6.7","6","","19.83","17.60","13.78","0.06","0.19","","2.05","13.89"
"2023-05-16","2023136","11:18","30.0","14.7543","3.0","","","12.7","","10.1","119","","6","","19.86","17.60","13.81","","","","",""
"2023-05-16","2023136","11:18","30.0","14.7543","4.0","","","12.9","","10.0","119","","7","","19.87","17.61","13.81","","","","",""
"2023-05-16","2023136","11:18","30.0","14.7543","5.0","","","13.0","","10.0","119","","9","","19.87","17.61","13.81","","","","",""
"2023-05-16","2023136","11:18","30.0","14.7543","6.0","","","13.1","","10.0","119","","11","","19.87","17.61","13.81","","","","",""
"2023-05-16","2023136","11:18","30.0","14.7543","7.0","","","12.9","","10.0","119","","10","","19.87","17.61","13.81","","","","",""
"2023-05-16","2023136","11:18","30.0","14.7543","8.0","","","13.2","","10.0","119","","10","","19.87","17.61","13.81","","","","",""
"2023-05-16","2023136","11:18","30.0","14.7543","9.0","","","13.6","","10.0","118","","9","","19.87","17.61","13.81","","","","",""
"2023-05-16","2023136","11:18","30.0","14.7543","10.0","","","13.9","","10.0","118","","11","","19.88","17.61","13.81","","","","",""
"2023-05-16","2023136","11:18","30.0","14.7543","11.0","14.0","0.96","14.4","","10.0","118","14.7","12","","19.88","17.61","13.82","","","","",""
"2023-05-16","2023136","11:30","31.0","10.6065","1.0","","","13.9","","11.0","133","","6","0.94","18.81","18.76","12.74","","","","",""
"2023-05-16","2023136","11:30","31.0","10.6065","2.0","","","13.2","11.1","11.1","133","","5","","18.83","18.75","12.77","","","","",""
"2023-05-16","2023136","11:30","31.0","10.6065","3.0","","","15.0","","11.0","132","","5","","18.93","18.51","12.89","","","","",""
"2023-05-16","2023136","11:30","31.0","10.6065","4.0","","","15.0","","10.7","127","","5","","19.00","18.32","12.99","","","","",""
"2023-05-16","2023136","11:30","31.0","10.6065","5.0","","","14.4","","10.3","123","","6","","19.11","17.98","13.15","","","","",""
"2023-05-16","2023136","11:30","31.0","10.6065","6.0","","","14.4","","10.3","122","","7","","19.20","17.84","13.25","","","","",""
"2023-05-16","2023136","11:30","31.0","10.6065","7.0","","","14.5","","10.3","121","","7","","19.27","17.79","13.31","","","","",""
"2023-05-16","2023136","11:30","31.0","10.6065","8.0","","","14.8","","10.2","121","","7","","19.31","17.77","13.35","","","","",""
"2023-05-16","2023136","11:30","31.0","10.6065","9.0","","","14.3","","10.3","121","","8","","19.34","17.75","13.38","","","","",""
"2023-05-16","2023136","11:30","31.0","10.6065","10.0","","","14.2","","10.3","121","","9","","19.36","17.74","13.39","","","","",""
"2023-05-16","2023136","11:30","31.0","10.6065","11.0","","","14.9","","10.3","121","","10","","19.37","17.73","13.40","","","","",""
"2023-05-16","2023136","11:41","32.0","8.1507","1.0","","","15.9","","11.2","134","","5","0.91","18.48","18.62","12.53","","","","",""
"2023-05-16","2023136","11:41","32.0","8.1507","2.0","17.8","1.00","16.1","10.6","10.6","127","6.5","5","","18.72","18.28","12.79","","0.19","","2.79","17.45"
"2023-05-16","2023136","11:41","32.0","8.1507","3.0","","","15.2","","10.4","124","","5","","18.92","18.05","12.99","","","","",""
"2023-05-16","2023136","11:41","32.0","8.1507","4.0","","","14.5","","10.4","123","","6","","18.95","18.01","13.02","","","","",""
"2023-05-16","2023136","11:41","32.0","8.1507","5.0","","","14.2","","10.3","123","","8","","18.96","18.00","13.03","","","","",""
"2023-05-16","2023136","11:41","32.0","8.1507","6.0","","","14.0","","10.3","122","","8","","18.97","17.98","13.05","","","","",""
"2023-05-16","2023136","11:41","32.0","8.1507","7.0","","","13.6","","10.3","122","","8","","19.00","17.96","13.07","","","","",""
"2023-05-16","2023136","11:41","32.0","8.1507","8.0","","","14.0","","10.2","121","","9","","19.04","17.94","13.11","","","","",""
"2023-05-16","2023136","11:41","32.0","8.1507","9.0","","","14.7","","10.2","121","","9","","19.08","17.91","13.14","","","","",""
"2023-05-16","2023136","11:41","32.0","8.1507","10.0","","","15.4","","10.2","121","","10","","19.10","17.90","13.16","","","","",""
"2023-05-16","2023136","11:41","32.0","8.1507","11.0","15.9","1.00","15.3","10.2","10.2","121","11.2","11","","19.11","17.90","13.17","","","","",""
"2023-05-16","2023136","11:49","33.0","6.8085","1.0","","","14.7","","9.7","117","","6","0.96","18.16","18.82","12.24","","","","",""
"2023-05-16","2023136","11:49","33.0","6.8085","2.0","","","13.4","9.7","9.7","117","6.6","6","","18.23","18.71","12.32","","","","",""
"2023-05-16","2023136","11:49","33.0","6.8085","3.0","","","12.7","","9.8","117","","7","","18.34","18.54","12.44","","","","",""
"2023-05-16","2023136","11:49","33.0","6.8085","4.0","","","12.7","","9.9","118","","6","","18.43","18.44","12.53","","","","",""
"2023-05-16","2023136","11:49","33.0","6.8085","5.0","","","12.9","","10.0","119","","6","","18.54","18.32","12.64","","","","",""
"2023-05-16","2023136","11:49","33.0","6.8085","6.0","","","13.4","","10.1","120","","8","","18.60","18.27","12.70","","","","",""
"2023-05-16","2023136","11:49","33.0","6.8085","7.0","","","14.3","","10.1","121","","7","","18.69","18.19","12.79","","","","",""
"2023-05-16","2023136","11:49","33.0","6.8085","8.0","","","15.1","","10.2","121","","8","","18.71","18.18","12.80","","","","",""
"2023-05-16","2023136","11:49","33.0","6.8085","9.0","","","15.8","","10.2","121","","10","","18.72","18.17","12.81","","","","",""
"2023-05-16","2023136","11:49","33.0","6.8085","10.0","","","15.1","","10.2","121","","10","","18.74","18.14","12.83","","","","",""
"2023-05-16","2023136","11:59","34.0","3.5290","1.0","","","10.6","","9.6","116","","8","0.95","17.84","19.27","11.89","","","","",""
"2023-05-16","2023136","11:59","34.0","3.5290","2.0","11.5","0.98","11.0","9.5","9.5","114","6.5","8","","18.11","18.92","12.18","","","","",""
"2023-05-16","2023136","11:59","34.0","3.5290","3.0","","","11.1","","9.4","113","","8","","18.14","18.83","12.22","","","","",""
"2023-05-16","2023136","11:59","34.0","3.5290","4.0","","","11.1","","9.4","113","","10","","18.15","18.81","12.23","","","","",""
"2023-05-16","2023136","11:59","34.0","3.5290","5.0","","","11.2","","9.4","113","","10","","18.16","18.80","12.24","","","","",""
"2023-05-16","2023136","11:59","34.0","3.5290","6.0","","","11.4","","9.4","112","","10","","18.18","18.76","12.27","","","","",""
"2023-05-16","2023136","11:59","34.0","3.5290","7.0","","","11.2","","9.3","112","","10","","18.21","18.74","12.29","","","","",""
"2023-05-16","2023136","11:59","34.0","3.5290","8.0","11.0","0.95","11.5","9.4","9.4","112","","10","","18.28","18.70","12.36","","","","",""
"2023-05-16","2023136","12:12","35.0","1.6576","1.0","","","19.4","","9.7","118","","9","0.98","17.17","19.79","11.26","","","","",""
"2023-05-16","2023136","12:12","35.0","1.6576","2.0","12.1","0.97","14.7","9.4","9.4","114","6.8","8","","17.52","19.60","11.58","","","","",""
"2023-05-16","2023136","12:12","35.0","1.6576","3.0","","","10.7","","9.3","113","","8","","17.57","19.43","11.65","","","","",""
"2023-05-16","2023136","12:12","35.0","1.6576","4.0","","","10.7","","9.3","112","","9","","17.58","19.30","11.69","","","","",""
"2023-05-16","2023136","12:12","35.0","1.6576","5.0","","","10.3","","9.3","112","","9","","17.67","19.16","11.79","","","","",""
"2023-05-16","2023136","12:12","35.0","1.6576","6.0","","","10.3","","9.3","112","","9","","17.72","19.12","11.84","","","","",""
"2023-05-16","2023136","12:12","35.0","1.6576","7.0","","","10.0","","9.3","112","","8","","17.76","19.08","11.87","","","","",""
"2023-05-16","2023136","12:12","35.0","1.6576","8.0","","","10.6","","9.4","113","","7","","17.78","19.08","11.89","","","","",""
"2023-05-16","2023136","12:21","36.0","0.0000","1.0","","","11.0","","9.4","114","","12","1.15","17.09","19.65","11.24","","","","",""
"2023-05-16","2023136","12:21","36.0","0.0000","2.0","11.3","0.92","11.4","9.3","9.3","112","7.5","11","","17.29","19.37","11.45","0.46","6.46","0.64","4.89","53.76"
"2023-05-16","2023136","12:21","36.0","0.0000","3.0","","","10.8","","9.2","111","","10","","17.32","19.27","11.50","","","","",""
"2023-05-16","2023136","12:21","36.0","0.0000","4.0","","","10.8","","9.3","111","","11","","17.33","19.22","11.52","","","","",""
"2023-05-16","2023136","12:21","36.0","0.0000","5.0","","","10.5","","9.2","111","","10","","17.37","19.22","11.55","","","","",""
"2023-05-16","2023136","12:21","36.0","0.0000","6.0","9.2","0.93","10.2","9.2","9.2","111","9.2","10","","17.38","19.20","11.56","","","","",""
"2023-05-25","2023145","14:45","3.0","125.3243","1.0","4.0","0.72","4.0","","9.3","99","13.4","13","1.45","0.04","19.01","","0.14","8.17","0.86","1.12","190.13"
"2023-05-25","2023145","14:45","3.0","125.3243","2.0","","","4.1","","9.3","99","","13","","0.04","18.97","","","","","",""
"2023-05-25","2023145","14:45","3.0","125.3243","3.0","","","4.0","","9.3","99","","13","","0.04","18.84","","","","","",""
"2023-05-25","2023145","14:45","3.0","125.3243","4.0","","","4.3","","9.3","99","","13","","0.04","18.81","","","","","",""
"2023-05-25","2023145","14:45","3.0","125.3243","5.0","","","4.3","","9.3","99","","15","","0.04","18.59","","","","","",""
"2023-05-25","2023145","14:45","3.0","125.3243","6.0","","","4.1","","9.3","99","","17","","0.04","18.43","","","","","",""
"2023-05-25","2023145","14:45","3.0","125.3243","7.0","","","4.0","","9.4","99","","17","","0.04","18.31","","","","","",""
"2023-05-25","2023145","14:45","3.0","125.3243","8.0","","","4.0","","9.4","100","","18","","0.04","18.16","","","","","",""
"2023-05-25","2023145","14:45","3.0","125.3243","9.0","","","4.1","","9.4","100","","21","","0.04","18.11","","","","","",""
"2023-05-25","2023145","14:45","3.0","125.3243","10.0","4.1","0.68","4.1","","9.4","100","23.5","24","","0.04","18.10","","","","","",""
"2023-05-25","2023145","13:50","6.0","110.8977","1.0","6.0","0.76","5.8","","9.3","100","17.7","21","2.10","0.04","18.75","","0.14","8.88","0.79","1.05","209.72"
"2023-05-25","2023145","13:50","6.0","110.8977","2.0","","","5.9","","9.3","100","","22","","0.04","18.76","","","","","",""
"2023-05-25","2023145","13:50","6.0","110.8977","3.0","","","5.8","","9.3","100","","22","","0.04","18.74","","","","","",""
"2023-05-25","2023145","13:50","6.0","110.8977","4.0","","","5.8","","9.3","100","","23","","0.04","18.74","","","","","",""
"2023-05-25","2023145","13:50","6.0","110.8977","5.0","","","5.7","","9.3","100","","23","","0.04","18.73","","","","","",""
"2023-05-25","2023145","13:50","6.0","110.8977","6.0","","","5.9","","9.3","100","","24","","0.04","18.73","","","","","",""
"2023-05-25","2023145","13:50","6.0","110.8977","7.0","","","6.2","","9.3","100","","24","","0.04","18.73","","","","","",""
"2023-05-25","2023145","13:50","6.0","110.8977","8.0","","","6.3","","9.3","100","","24","","0.04","18.73","","","","","",""
"2023-05-25","2023145","13:50","6.0","110.8977","9.0","","","6.4","","9.3","100","","24","","0.04","18.73","","","","","",""
"2023-05-25","2023145","13:50","6.0","110.8977","10.0","5.8","0.76","6.4","","9.3","100","21.7","24","","0.04","18.74","","","","","",""
"2023-05-25","2023145","13:30","7.0","104.9810","1.0","6.5","0.75","6.7","","9.1","98","21.8","26","2.11","0.04","18.67","","","","","",""
"2023-05-25","2023145","13:30","7.0","104.9810","2.0","","","6.6","","9.1","98","","26","","0.04","18.67","","","","","",""
"2023-05-25","2023145","13:30","7.0","104.9810","3.0","","","6.6","","9.3","100","","28","","0.04","18.63","","","","","",""
"2023-05-25","2023145","13:30","7.0","104.9810","4.0","","","6.6","","9.3","99","","27","","0.04","18.61","","","","","",""
"2023-05-25","2023145","13:30","7.0","104.9810","5.0","","","6.7","","9.3","99","","29","","0.04","18.59","","","","","",""
"2023-05-25","2023145","13:30","7.0","104.9810","6.0","","","6.6","","9.2","99","","29","","0.04","18.59","","","","","",""
"2023-05-25","2023145","13:30","7.0","104.9810","7.0","","","6.8","","9.2","99","","28","","0.04","18.60","","","","","",""
"2023-05-25","2023145","13:30","7.0","104.9810","8.0","","","6.9","","9.2","99","","27","","0.04","18.59","","","","","",""
"2023-05-25","2023145","13:30","7.0","104.9810","9.0","","","6.9","","9.2","99","","28","","0.04","18.59","","","","","",""
"2023-05-25","2023145","13:30","7.0","104.9810","10.0","","","6.8","","9.2","99","","27","","0.04","18.59","","","","","",""
"2023-05-25","2023145","13:30","7.0","104.9810","11.0","","","6.9","","9.2","99","","27","","0.04","18.59","","","","","",""
"2023-05-25","2023145","13:30","7.0","104.9810","12.0","","","7.0","","9.2","99","","27","","0.04","18.59","","","","","",""
"2023-05-25","2023145","13:30","7.0","104.9810","13.0","","","7.0","","9.2","99","","27","","0.04","18.60","","","","","",""
"2023-05-25","2023145","13:30","7.0","104.9810","14.0","","","7.2","","9.2","99","","27","","0.04","18.60","","","","","",""
"2023-05-25","2023145","12:59","9.0","96.7889","1.0","7.7","0.73","7.4","","9.3","100","41.6","39","2.81","0.18","18.53","","0.21","8.84","1.14","1.28","209.36"
"2023-05-25","2023145","12:59","9.0","96.7889","2.0","","","7.8","","9.3","100","","39","","0.19","18.53","","","","","",""
"2023-05-25","2023145","12:59","9.0","96.7889","3.0","","","7.9","","9.3","100","","39","","0.17","18.54","","","","","",""
"2023-05-25","2023145","12:59","9.0","96.7889","4.0","","","7.8","","9.3","100","","39","","0.18","18.53","","","","","",""
"2023-05-25","2023145","12:59","9.0","96.7889","5.0","","","8.0","","9.3","99","","41","","0.20","18.52","","","","","",""
"2023-05-25","2023145","12:59","9.0","96.7889","6.0","","","8.0","","9.3","99","","43","","0.27","18.47","","","","","",""
"2023-05-25","2023145","12:59","9.0","96.7889","7.0","","","8.2","","9.2","99","","47","","0.26","18.47","","","","","",""
"2023-05-25","2023145","12:59","9.0","96.7889","8.0","","","8.3","","9.2","99","","48","","0.37","18.45","","","","","",""
"2023-05-25","2023145","12:59","9.0","96.7889","9.0","","","8.1","","9.2","99","","55","","0.52","18.41","","","","","",""
"2023-05-25","2023145","12:59","9.0","96.7889","10.0","","","8.0","","9.2","99","","57","","0.51","18.41","","","","","",""
"2023-05-25","2023145","12:59","9.0","96.7889","11.0","","","7.9","","9.2","98","","58","","0.54","18.41","","","","","",""
"2023-05-25","2023145","12:59","9.0","96.7889","12.0","","","8.0","","9.2","98","","64","","0.64","18.41","","","","","",""
"2023-05-25","2023145","12:59","9.0","96.7889","13.0","","","8.3","","9.2","98","","67","","0.61","18.41","","","","","",""
"2023-05-25","2023145","12:59","9.0","96.7889","14.0","","","8.4","","9.2","98","","65","","0.59","18.41","","","","","",""
"2023-05-25","2023145","12:59","9.0","96.7889","15.0","","","8.0","","9.2","98","","64","","0.59","18.41","","","","","",""
"2023-05-25","2023145","12:59","9.0","96.7889","16.0","","","7.9","","9.1","98","","65","","0.65","18.41","","","","","",""
"2023-05-25","2023145","12:59","9.0","96.7889","17.0","","","8.7","","9.1","98","","76","","0.70","18.41","","","","","",""
"2023-05-25","2023145","12:59","9.0","96.7889","18.0","","","8.5","","9.1","98","","70","","0.64","18.41","","","","","",""
"2023-05-25","2023145","12:59","9.0","96.7889","19.0","","","9.4","","9.1","98","","68","","0.69","18.41","","","","","",""
"2023-05-25","2023145","12:59","9.0","96.7889","20.0","","","8.8","","9.1","98","","75","","0.73","18.41","","","","","",""
"2023-05-25","2023145","12:59","9.0","96.7889","21.0","","","9.6","","9.1","98","","77","","0.74","18.41","","","","","",""
"2023-05-25","2023145","12:59","9.0","96.7889","22.0","","","9.1","","9.1","98","","81","","0.74","18.42","","","","","",""
"2023-05-25","2023145","12:59","9.0","96.7889","23.0","","","10.0","","9.1","98","","83","","0.74","18.42","","","","","",""
"2023-05-25","2023145","12:59","9.0","96.7889","24.0","","","9.0","","9.1","98","","84","","0.75","18.42","","","","","",""
"2023-05-25","2023145","12:59","9.0","96.7889","25.0","","","9.7","","9.1","97","","85","","0.75","18.43","","","","","",""
"2023-05-25","2023145","12:59","9.0","96.7889","26.0","","","9.9","","8.9","95","","85","","0.79","18.42","","","","","",""
"2023-05-25","2023145","12:59","9.0","96.7889","27.0","","","9.6","","8.7","94","","103","","2.77","18.16","0.68","","","","",""
"2023-05-25","2023145","12:49","10.0","93.5951","1.0","","","6.9","","9.1","98","","46","3.41","0.79","18.42","","","","","",""
"2023-05-25","2023145","12:49","10.0","93.5951","2.0","","","6.8","","9.1","98","","50","","0.84","18.40","","","","","",""
"2023-05-25","2023145","12:49","10.0","93.5951","3.0","","","7.1","","9.1","98","","54","","0.86","18.40","","","","","",""
"2023-05-25","2023145","12:49","10.0","93.5951","4.0","","","7.3","","9.1","97","","56","","0.90","18.39","","","","","",""
"2023-05-25","2023145","12:49","10.0","93.5951","5.0","","","7.0","","9.1","97","","56","","1.05","18.37","","","","","",""
"2023-05-25","2023145","12:49","10.0","93.5951","6.0","","","7.4","","9.0","97","","56","","1.24","18.34","","","","","",""
"2023-05-25","2023145","12:49","10.0","93.5951","7.0","","","6.6","","8.9","96","","57","","1.61","18.30","","","","","",""
"2023-05-25","2023145","12:49","10.0","93.5951","8.0","","","6.4","","8.9","96","","57","","2.33","18.20","0.34","","","","",""
"2023-05-25","2023145","12:49","10.0","93.5951","9.0","","","6.0","","8.8","95","","56","","2.82","18.14","0.73","","","","",""
"2023-05-25","2023145","12:49","10.0","93.5951","10.0","","","5.8","","8.8","95","","58","","3.32","18.07","1.12","","","","",""
"2023-05-25","2023145","12:49","10.0","93.5951","11.0","","","5.6","","8.8","95","","58","","3.46","18.06","1.23","","","","",""
"2023-05-25","2023145","12:49","10.0","93.5951","12.0","","","5.5","","8.7","94","","59","","3.51","18.06","1.27","","","","",""
"2023-05-25","2023145","12:49","10.0","93.5951","13.0","","","5.3","","8.7","94","","60","","3.91","18.01","1.58","","","","",""
"2023-05-25","2023145","12:49","10.0","93.5951","14.0","","","5.5","","8.6","93","","61","","4.48","17.94","2.04","","","","",""
"2023-05-25","2023145","12:49","10.0","93.5951","15.0","","","5.7","","8.5","93","","68","","4.92","17.88","2.38","","","","",""
"2023-05-25","2023145","12:49","10.0","93.5951","16.0","","","5.8","","8.4","92","","73","","5.89","17.75","3.14","","","","",""
"2023-05-25","2023145","12:49","10.0","93.5951","17.0","","","6.1","","7.6","84","","75","","6.62","17.64","3.72","","","","",""
"2023-05-25","2023145","11:52","13.0","78.5444","1.0","3.2","0.63","3.4","","8.8","95","26.5","22","2.98","5.00","17.88","2.44","0.38","10.55","3.36","1.37","175.18"
"2023-05-25","2023145","11:52","13.0","78.5444","2.0","","","3.4","","8.6","94","","23","","5.65","17.74","2.96","","","","",""
"2023-05-25","2023145","11:52","13.0","78.5444","3.0","","","3.6","","8.5","92","","23","","6.30","17.63","3.48","","","","",""
"2023-05-25","2023145","11:52","13.0","78.5444","4.0","","","3.2","","8.2","90","","23","","8.08","17.35","4.88","","","","",""
"2023-05-25","2023145","11:52","13.0","78.5444","5.0","","","2.9","","8.0","89","","24","","11.61","16.77","7.69","","","","",""
"2023-05-25","2023145","11:52","13.0","78.5444","6.0","","","2.7","","7.9","87","","25","","13.61","16.39","9.29","","","","",""
"2023-05-25","2023145","11:52","13.0","78.5444","7.0","","","3.0","","7.8","87","","28","","16.50","15.84","11.60","","","","",""
"2023-05-25","2023145","11:52","13.0","78.5444","8.0","","","3.2","","7.7","87","","34","","18.66","15.40","13.34","","","","",""
"2023-05-25","2023145","11:52","13.0","78.5444","9.0","3.0","0.44","3.0","","7.8","87","","41","","18.94","15.34","13.57","","","","",""
"2023-05-25","2023145","11:39","14.0","74.4288","1.0","","","4.9","","8.9","96","","20","2.48","3.38","18.05","1.17","","","","",""
"2023-05-25","2023145","11:39","14.0","74.4288","2.0","","","4.7","","8.6","94","","20","","5.18","17.82","2.58","","","","",""
"2023-05-25","2023145","11:39","14.0","74.4288","3.0","","","3.7","","8.4","92","","18","","6.16","17.68","3.37","","","","",""
"2023-05-25","2023145","11:39","14.0","74.4288","4.0","","","3.2","","8.3","92","","17","","10.15","17.05","6.52","","","","",""
"2023-05-25","2023145","11:39","14.0","74.4288","5.0","","","2.8","","8.3","91","","13","","11.10","16.86","7.29","","","","",""
"2023-05-25","2023145","11:39","14.0","74.4288","6.0","","","2.6","","8.2","91","","14","","11.37","16.82","7.49","","","","",""
"2023-05-25","2023145","11:39","14.0","74.4288","7.0","","","2.6","","8.2","91","","14","","12.05","16.68","8.04","","","","",""
"2023-05-25","2023145","11:39","14.0","74.4288","8.0","","","2.6","","8.2","91","","13","","13.97","16.23","9.59","","","","",""
"2023-05-25","2023145","11:39","14.0","74.4288","9.0","","","2.8","","8.0","89","","15","","15.23","15.93","10.61","","","","",""
"2023-05-25","2023145","11:39","14.0","74.4288","10.0","","","3.3","","7.8","87","","20","","17.15","15.53","12.16","","","","",""
"2023-05-25","2023145","11:39","14.0","74.4288","11.0","","","3.4","","7.7","86","","25","","21.23","14.82","15.42","","","","",""
"2023-05-25","2023145","11:39","14.0","74.4288","12.0","","","3.2","","7.5","85","","20","","24.06","14.27","17.70","","","","",""
"2023-05-25","2023145","11:39","14.0","74.4288","13.0","","","3.3","","7.5","85","","24","","25.99","13.85","19.27","","","","",""
"2023-05-25","2023145","11:39","14.0","74.4288","14.0","","","3.7","","7.5","85","","36","","26.19","13.79","19.43","","","","",""
"2023-05-25","2023145","11:19","15.0","69.9895","1.0","3.4","0.75","3.4","","8.8","96","15.0","14","1.87","6.12","17.32","3.40","0.45","11.13","3.78","1.94","184.79"
"2023-05-25","2023145","11:19","15.0","69.9895","2.0","","","3.4","","8.7","95","","14","","7.61","17.09","4.58","","","","",""
"2023-05-25","2023145","11:19","15.0","69.9895","3.0","","","3.4","","8.7","95","","17","","9.06","16.81","5.74","","","","",""
"2023-05-25","2023145","11:19","15.0","69.9895","4.0","","","3.5","","8.7","95","","22","","9.19","16.78","5.85","","","","",""
"2023-05-25","2023145","11:19","15.0","69.9895","5.0","","","3.6","","8.6","94","","27","","9.33","16.74","5.96","","","","",""
"2023-05-25","2023145","11:19","15.0","69.9895","6.0","","","3.7","","8.6","94","","32","","9.51","16.68","6.10","","","","",""
"2023-05-25","2023145","11:19","15.0","69.9895","7.0","","","3.5","","8.7","94","","32","","9.64","16.65","6.21","","","","",""
"2023-05-25","2023145","11:19","15.0","69.9895","8.0","","","3.8","","8.7","95","","32","","9.72","16.63","6.28","","","","",""
"2023-05-25","2023145","11:19","15.0","69.9895","9.0","","","3.9","","8.7","95","","35","","9.82","16.60","6.35","","","","",""
"2023-05-25","2023145","11:19","15.0","69.9895","10.0","","","3.9","","8.7","95","","37","","9.91","16.58","6.43","","","","",""
"2023-05-25","2023145","11:19","15.0","69.9895","11.0","","","3.7","","8.7","95","","37","","10.10","16.54","6.59","","","","",""
"2023-05-25","2023145","11:19","15.0","69.9895","12.0","","","3.8","","8.6","93","","36","","10.28","16.51","6.73","","","","",""
"2023-05-25","2023145","11:19","15.0","69.9895","13.0","","","4.2","","8.3","91","","43","","11.33","16.38","7.55","","","","",""
"2023-05-25","2023145","11:19","15.0","69.9895","14.0","","","4.8","","8.1","90","","53","","14.60","15.94","10.13","","","","",""
"2023-05-25","2023145","11:19","15.0","69.9895","15.0","","","5.2","","7.7","87","","71","","17.98","15.36","12.83","","","","",""
"2023-05-25","2023145","11:19","15.0","69.9895","16.0","","","6.0","","7.6","86","","107","","22.13","14.61","16.15","","","","",""
"2023-05-25","2023145","11:19","15.0","69.9895","17.0","","","6.3","","7.6","86","","119","","23.44","14.36","17.20","","","","",""
"2023-05-25","2023145","11:19","15.0","69.9895","18.0","","","6.6","","7.5","85","","125","","24.29","14.20","17.89","","","","",""
"2023-05-25","2023145","11:19","15.0","69.9895","19.0","","","7.4","","7.5","85","","145","","24.38","14.18","17.96","","","","",""
"2023-05-25","2023145","11:19","15.0","69.9895","20.0","","","7.3","","7.5","85","","149","","24.39","14.18","17.97","","","","",""
"2023-05-25","2023145","11:19","15.0","69.9895","21.0","","","7.2","","7.5","85","","148","","24.50","14.16","18.06","","","","",""
"2023-05-25","2023145","11:19","15.0","69.9895","22.0","","","7.1","","7.5","85","","145","","24.88","14.08","18.37","","","","",""
"2023-05-25","2023145","11:19","15.0","69.9895","23.0","","","7.3","","7.5","85","","147","","25.21","14.01","18.63","","","","",""
"2023-05-25","2023145","10:57","16.0","63.0794","1.0","","","4.3","","8.7","95","","14","1.58","10.27","16.44","6.73","","","","",""
"2023-05-25","2023145","10:57","16.0","63.0794","2.0","","","3.7","","8.5","94","","12","","11.97","16.23","8.07","","","","",""
"2023-05-25","2023145","10:57","16.0","63.0794","3.0","","","3.2","","8.4","92","","14","","14.10","15.96","9.74","","","","",""
"2023-05-25","2023145","10:57","16.0","63.0794","4.0","","","3.3","","8.2","91","","17","","14.89","15.87","10.36","","","","",""
"2023-05-25","2023145","10:57","16.0","63.0794","5.0","","","3.6","","8.1","90","","25","","16.25","15.66","11.44","","","","",""
"2023-05-25","2023145","10:57","16.0","63.0794","6.0","","","3.9","","7.9","89","","31","","17.76","15.42","12.65","","","","",""
"2023-05-25","2023145","10:57","16.0","63.0794","7.0","","","4.0","","7.8","88","","37","","19.17","15.18","13.77","","","","",""
"2023-05-25","2023145","10:57","16.0","63.0794","8.0","","","4.1","","7.7","87","","41","","20.62","14.91","14.94","","","","",""
"2023-05-25","2023145","10:57","16.0","63.0794","9.0","","","4.0","","7.6","86","","44","","21.90","14.67","15.96","","","","",""
"2023-05-25","2023145","10:57","16.0","63.0794","10.0","","","3.7","","7.6","86","","42","","22.58","14.54","16.51","","","","",""
"2023-05-25","2023145","10:57","16.0","63.0794","11.0","","","3.3","","7.5","85","","38","","23.12","14.43","16.95","","","","",""
"2023-05-25","2023145","10:57","16.0","63.0794","12.0","","","3.3","","7.5","85","","31","","23.77","14.28","17.48","","","","",""
"2023-05-25","2023145","10:57","16.0","63.0794","13.0","","","3.5","","7.5","85","","28","","24.23","14.18","17.85","","","","",""
"2023-05-25","2023145","10:40","17.0","58.8909","1.0","4.2","0.80","4.1","","8.4","92","","14","1.52","13.98","16.06","9.64","","","","",""
"2023-05-25","2023145","10:40","17.0","58.8909","2.0","","","4.1","","8.2","91","","12","","16.13","15.73","11.34","","","","",""
"2023-05-25","2023145","10:40","17.0","58.8909","3.0","","","4.8","","8.2","91","","15","","16.70","15.63","11.79","","","","",""
"2023-05-25","2023145","10:40","17.0","58.8909","4.0","","","4.8","","8.1","90","","19","","16.75","15.62","11.83","","","","",""
"2023-05-25","2023145","10:40","17.0","58.8909","5.0","","","4.7","","7.9","88","","19","","17.67","15.48","12.56","","","","",""
"2023-05-25","2023145","10:40","17.0","58.8909","6.0","","","3.9","","7.8","88","","19","","20.28","14.98","14.66","","","","",""
"2023-05-25","2023145","10:40","17.0","58.8909","7.0","","","3.5","","7.7","87","","16","","21.59","14.69","15.72","","","","",""
"2023-05-25","2023145","10:40","17.0","58.8909","8.0","","","3.3","","7.7","87","","13","","21.85","14.64","15.93","","","","",""
"2023-05-25","2023145","10:40","17.0","58.8909","9.0","","","3.0","","7.7","86","","13","","22.87","14.42","16.76","","","","",""
"2023-05-25","2023145","10:40","17.0","58.8909","10.0","","","3.0","","7.6","86","","14","","23.82","14.21","17.53","","","","",""
"2023-05-25","2023145","10:40","17.0","58.8909","11.0","","","3.3","","7.6","86","","16","","23.82","14.21","17.53","","","","",""
"2023-05-25","2023145","10:13","18.0","54.9481","1.0","5.2","0.81","5.2","","8.4","95","5.6","5","0.83","22.73","14.43","16.65","0.42","10.28","3.28","1.62","74.06"
"2023-05-25","2023145","10:13","18.0","54.9481","2.0","","","5.1","","8.4","95","","5","","22.83","14.41","16.73","","","","",""
"2023-05-25","2023145","10:13","18.0","54.9481","3.0","","","5.3","","8.3","94","","5","","23.11","14.35","16.96","","","","",""
"2023-05-25","2023145","10:13","18.0","54.9481","4.0","","","5.4","","8.3","94","","7","","23.45","14.29","17.23","","","","",""
"2023-05-25","2023145","10:13","18.0","54.9481","5.0","","","5.1","","8.3","94","","8","","23.52","14.28","17.28","","","","",""
"2023-05-25","2023145","10:13","18.0","54.9481","6.0","","","5.5","","8.3","93","","9","","23.55","14.27","17.31","","","","",""
"2023-05-25","2023145","10:13","18.0","54.9481","7.0","","","5.2","","8.3","93","","10","","23.56","14.27","17.32","","","","",""
"2023-05-25","2023145","10:13","18.0","54.9481","8.0","","","5.2","","8.2","93","","9","","23.56","14.27","17.32","","","","",""
"2023-05-25","2023145","10:13","18.0","54.9481","9.0","","","5.2","","8.2","93","","9","","23.54","14.27","17.30","","","","",""
"2023-05-25","2023145","10:13","18.0","54.9481","10.0","","","6.7","","8.2","93","","11","","23.51","14.28","17.27","","","","",""
"2023-05-25","2023145","10:13","18.0","54.9481","11.0","","","6.2","","8.2","93","","11","","23.49","14.29","17.26","","","","",""
"2023-05-25","2023145","10:13","18.0","54.9481","12.0","","","5.6","","8.2","92","","12","","23.54","14.28","17.29","","","","",""
"2023-05-25","2023145","10:13","18.0","54.9481","13.0","","","5.2","","8.1","92","","13","","23.60","14.27","17.34","","","","",""
"2023-05-25","2023145","10:13","18.0","54.9481","14.0","","","5.1","","8.1","91","","13","","23.66","14.26","17.39","","","","",""
"2023-05-25","2023145","10:13","18.0","54.9481","15.0","","","5.2","","8.0","91","","16","","23.84","14.22","17.54","","","","",""
"2023-05-25","2023145","10:13","18.0","54.9481","16.0","","","5.8","","8.0","90","","19","","24.08","14.18","17.73","","","","",""
"2023-05-25","2023145","10:13","18.0","54.9481","17.0","","","5.3","","7.9","89","","21","","24.11","14.17","17.76","","","","",""
"2023-05-25","2023145","10:13","18.0","54.9481","18.0","","","5.5","","7.8","89","","23","","25.05","13.97","18.52","","","","",""
"2023-05-25","2023145","10:13","18.0","54.9481","19.0","","","5.9","","7.8","88","","26","","25.83","13.79","19.15","","","","",""
"2023-05-25","2023145","10:13","18.0","54.9481","20.0","","","6.0","","7.8","88","","27","","26.07","13.73","19.35","","","","",""
"2023-05-25","2023145","10:13","18.0","54.9481","21.0","","","7.0","","7.8","88","","27","","26.45","13.64","19.66","","","","",""
"2023-05-25","2023145","10:13","18.0","54.9481","22.0","","","6.0","","7.8","88","","27","","26.72","13.57","19.88","","","","",""
"2023-05-25","2023145","10:13","18.0","54.9481","23.0","","","6.1","","7.8","89","","26","","27.00","13.49","20.11","","","","",""
"2023-05-25","2023145","10:13","18.0","54.9481","24.0","","","6.6","","7.8","89","","25","","27.17","13.45","20.25","","","","",""
"2023-05-25","2023145","10:13","18.0","54.9481","25.0","","","6.6","","7.8","89","","25","","27.38","13.39","20.43","","","","",""
"2023-05-25","2023145","10:13","18.0","54.9481","26.0","","","6.2","","7.9","89","","23","","27.48","13.36","20.51","","","","",""
"2023-05-25","2023145","10:13","18.0","54.9481","27.0","","","6.3","","7.9","90","","24","","27.79","13.27","20.76","","","","",""
"2023-05-25","2023145","10:13","18.0","54.9481","28.0","","","6.3","","7.9","90","","22","","28.13","13.17","21.05","","","","",""
"2023-05-25","2023145","10:13","18.0","54.9481","29.0","","","6.7","","7.9","90","","21","","28.21","13.15","21.11","","","","",""
"2023-05-25","2023145","10:13","18.0","54.9481","30.0","","","6.6","","8.0","91","","20","","28.44","13.09","21.30","","","","",""
"2023-05-25","2023145","10:13","18.0","54.9481","31.0","","","6.8","","8.0","91","","18","","28.98","12.93","21.75","","","","",""
"2023-05-25","2023145","10:13","18.0","54.9481","32.0","","","6.9","","8.0","91","","17","","29.38","12.81","22.08","","","","",""
"2023-05-25","2023145","10:13","18.0","54.9481","33.0","","","7.5","","8.1","92","","13","","29.59","12.75","22.25","","","","",""
"2023-05-25","2023145","10:13","18.0","54.9481","34.0","","","7.5","","8.1","92","","12","","29.78","12.69","22.41","","","","",""
"2023-05-25","2023145","10:13","18.0","54.9481","35.0","","","7.2","","8.1","92","","10","","29.90","12.66","22.51","","","","",""
"2023-05-25","2023145","10:13","18.0","54.9481","36.0","","","8.4","","8.1","92","","9","","30.07","12.60","22.65","","","","",""
"2023-05-25","2023145","10:13","18.0","54.9481","37.0","","","7.8","","8.1","92","","8","","30.15","12.58","22.72","","","","",""
"2023-05-25","2023145","10:13","18.0","54.9481","38.0","","","7.5","","8.1","92","","7","","30.20","12.56","22.76","","","","",""
"2023-05-25","2023145","10:13","18.0","54.9481","39.0","","","7.5","","8.1","92","","7","","30.20","12.56","22.77","","","","",""
"2023-05-25","2023145","10:13","18.0","54.9481","40.0","","","8.4","","8.1","92","","7","","30.30","12.53","22.85","","","","",""
"2023-05-25","2023145","10:13","18.0","54.9481","41.0","","","8.0","","8.1","92","","7","","30.38","12.50","22.91","","","","",""
"2023-05-25","2023145","10:13","18.0","54.9481","42.0","","","8.9","","8.1","92","","7","","30.43","12.49","22.95","","","","",""
"2023-05-25","2023145","10:13","18.0","54.9481","43.0","","","9.2","","8.1","92","","7","","30.52","12.47","23.02","","","","",""
"2023-05-25","2023145","10:13","18.0","54.9481","44.0","","","9.4","","8.1","93","","7","","30.84","12.37","23.29","","","","",""
"2023-05-25","2023145","9:59","20.0","51.4501","1.0","12.9","0.95","12.2","","9.5","110","","2","0.62","21.16","15.93","15.15","","","","",""
"2023-05-25","2023145","9:59","20.0","51.4501","2.0","","","10.5","","9.3","107","","2","","21.22","15.88","15.20","","","","",""
"2023-05-25","2023145","9:59","20.0","51.4501","3.0","","","8.8","","8.9","102","","2","","21.50","15.76","15.44","","","","",""
"2023-05-25","2023145","9:59","20.0","51.4501","4.0","","","7.5","","8.5","98","","2","","22.43","15.41","16.22","","","","",""
"2023-05-25","2023145","9:59","20.0","51.4501","5.0","","","6.1","","8.3","96","","3","","23.54","15.00","17.16","","","","",""
"2023-05-25","2023145","9:59","20.0","51.4501","6.0","","","5.8","","8.3","95","","4","","24.04","14.78","17.59","","","","",""
"2023-05-25","2023145","9:59","20.0","51.4501","7.0","","","6.3","","8.3","95","","5","","24.04","14.76","17.59","","","","",""
"2023-05-25","2023145","9:59","20.0","51.4501","8.0","","","5.4","","8.1","93","","5","","24.20","14.70","17.72","","","","",""
"2023-05-25","2023145","9:59","20.0","51.4501","9.0","","","4.6","","8.0","92","","6","","24.44","14.65","17.92","","","","",""
"2023-05-25","2023145","9:59","20.0","51.4501","10.0","","","3.7","","7.9","91","","5","","24.56","14.61","18.02","","","","",""
"2023-05-25","2023145","9:59","20.0","51.4501","11.0","","","3.6","","7.9","90","","5","","24.60","14.59","18.06","","","","",""
"2023-05-25","2023145","9:59","20.0","51.4501","12.0","","","3.0","","7.8","90","","4","","24.76","14.52","18.19","","","","",""
"2023-05-25","2023145","9:59","20.0","51.4501","13.0","","","3.0","","7.8","90","","5","","25.03","14.41","18.42","","","","",""
"2023-05-25","2023145","9:59","20.0","51.4501","14.0","","","3.8","","7.8","89","","5","","25.39","14.27","18.72","","","","",""
"2023-05-25","2023145","9:59","20.0","51.4501","15.0","","","4.3","","7.8","89","","7","","25.59","14.20","18.89","","","","",""
"2023-05-25","2023145","9:59","20.0","51.4501","16.0","","","4.4","","7.7","88","","9","","25.78","14.13","19.05","","","","",""
"2023-05-25","2023145","9:59","20.0","51.4501","17.0","","","4.1","","7.7","88","","9","","26.83","13.77","19.93","","","","",""
"2023-05-25","2023145","9:59","20.0","51.4501","18.0","","","4.2","","7.7","88","","7","","27.40","13.57","20.41","","","","",""
"2023-05-25","2023145","9:59","20.0","51.4501","19.0","","","4.3","","7.8","89","","5","","27.58","13.51","20.56","","","","",""
"2023-05-25","2023145","9:59","20.0","51.4501","20.0","","","4.6","","7.8","89","","4","","27.78","13.45","20.73","","","","",""
"2023-05-25","2023145","9:59","20.0","51.4501","21.0","","","4.9","","7.8","89","","4","","28.07","13.36","20.96","","","","",""
"2023-05-25","2023145","9:59","20.0","51.4501","22.0","","","4.6","","7.8","89","","4","","28.10","13.35","20.99","","","","",""
"2023-05-25","2023145","9:59","20.0","51.4501","23.0","","","4.7","","7.8","89","","4","","28.11","13.35","20.99","","","","",""
"2023-05-25","2023145","9:59","20.0","51.4501","24.0","","","4.8","","7.8","89","","5","","28.11","13.36","20.99","","","","",""
"2023-05-25","2023145","9:59","20.0","51.4501","25.0","","","5.2","","7.8","89","","6","","28.11","13.36","20.99","","","","",""
"2023-05-25","2023145","9:43","21.0","46.6266","1.0","17.6","0.99","16.9","","9.4","109","","2","0.54","20.71","16.35","14.72","","","","",""
"2023-05-25","2023145","9:43","21.0","46.6266","2.0","","","14.5","","9.3","107","","2","","20.72","16.01","14.79","","","","",""
"2023-05-25","2023145","9:43","21.0","46.6266","3.0","","","9.5","","9.2","106","","2","","20.76","15.92","14.84","","","","",""
"2023-05-25","2023145","9:43","21.0","46.6266","4.0","","","7.6","","9.2","105","","1","","20.89","15.91","14.94","","","","",""
"2023-05-25","2023145","9:43","21.0","46.6266","5.0","","","7.0","","9.0","104","","1","","21.00","15.85","15.04","","","","",""
"2023-05-25","2023145","9:43","21.0","46.6266","6.0","","","6.1","","8.7","100","","2","","21.28","15.68","15.29","","","","",""
"2023-05-25","2023145","9:43","21.0","46.6266","7.0","","","5.5","","8.2","94","","2","","22.25","15.34","16.10","","","","",""
"2023-05-25","2023145","9:43","21.0","46.6266","8.0","","","3.6","","7.8","89","","2","","23.78","14.87","17.37","","","","",""
"2023-05-25","2023145","9:43","21.0","46.6266","9.0","","","3.2","","7.6","87","","4","","24.65","14.59","18.09","","","","",""
"2023-05-25","2023145","9:43","21.0","46.6266","10.0","","","3.0","","7.6","87","","5","","25.52","14.23","18.83","","","","",""
"2023-05-25","2023145","9:43","21.0","46.6266","11.0","","","2.6","","7.6","87","","5","","26.03","14.04","19.26","","","","",""
"2023-05-25","2023145","9:43","21.0","46.6266","12.0","","","2.8","","7.6","87","","4","","26.53","13.86","19.68","","","","",""
"2023-05-25","2023145","9:43","21.0","46.6266","13.0","","","3.3","","7.7","87","","4","","27.42","13.56","20.42","","","","",""
"2023-05-25","2023145","9:43","21.0","46.6266","14.0","","","3.5","","7.7","87","","4","","27.98","13.37","20.89","","","","",""
"2023-05-25","2023145","9:43","21.0","46.6266","15.0","","","3.6","","7.6","87","","4","","28.09","13.34","20.98","","","","",""
"2023-05-25","2023145","9:43","21.0","46.6266","16.0","","","3.9","","7.6","87","","5","","28.14","13.33","21.03","","","","",""
"2023-05-25","2023145","9:43","21.0","46.6266","17.0","","","4.0","","7.6","87","","5","","28.22","13.31","21.09","","","","",""
"2023-05-25","2023145","9:43","21.0","46.6266","18.0","","","3.8","","7.6","87","","7","","28.41","13.25","21.25","","","","",""
"2023-05-25","2023145","9:28","22.0","43.9210","1.0","14.1","0.98","14.5","","9.4","108","2.4","2","0.62","20.55","16.12","14.65","0.27","3.52","1.07","0.96","66.94"
"2023-05-25","2023145","9:28","22.0","43.9210","2.0","","","10.3","","9.0","105","","2","","20.71","16.22","14.74","","","","",""
"2023-05-25","2023145","9:28","22.0","43.9210","3.0","","","7.5","","8.8","102","","2","","21.32","16.17","15.22","","","","",""
"2023-05-25","2023145","9:28","22.0","43.9210","4.0","","","6.1","","8.2","94","","2","","21.92","15.87","15.74","","","","",""
"2023-05-25","2023145","9:28","22.0","43.9210","5.0","","","4.6","","7.8","90","","3","","23.11","15.34","16.76","","","","",""
"2023-05-25","2023145","9:28","22.0","43.9210","6.0","","","3.9","","7.6","88","","5","","24.30","14.87","17.77","","","","",""
"2023-05-25","2023145","9:28","22.0","43.9210","7.0","","","3.3","","7.6","87","","6","","24.80","14.66","18.19","","","","",""
"2023-05-25","2023145","9:28","22.0","43.9210","8.0","","","3.1","","7.6","87","","6","","24.89","14.62","18.27","","","","",""
"2023-05-25","2023145","9:28","22.0","43.9210","9.0","","","2.9","","7.5","87","","6","","25.44","14.37","18.74","","","","",""
"2023-05-25","2023145","9:28","22.0","43.9210","10.0","","","3.0","","7.6","87","","7","","25.70","14.25","18.97","","","","",""
"2023-05-25","2023145","9:28","22.0","43.9210","11.0","","","3.0","","7.5","86","","7","","26.00","14.12","19.22","","","","",""
"2023-05-25","2023145","9:28","22.0","43.9210","12.0","","","3.1","","7.5","86","","6","","26.15","14.05","19.35","","","","",""
"2023-05-25","2023145","9:28","22.0","43.9210","13.0","","","2.8","","7.6","86","","6","","26.58","13.89","19.71","","","","",""
"2023-05-25","2023145","9:28","22.0","43.9210","14.0","","","2.9","","7.6","87","","6","","27.19","13.66","20.23","","","","",""
"2023-05-25","2023145","9:28","22.0","43.9210","15.0","","","3.2","","7.6","86","","5","","27.42","13.56","20.43","","","","",""
"2023-05-25","2023145","9:28","22.0","43.9210","16.0","","","3.2","","7.6","86","","4","","27.69","13.47","20.65","","","","",""
"2023-05-25","2023145","9:28","22.0","43.9210","17.0","","","3.2","","7.6","87","","5","","28.67","13.16","21.46","","","","",""
"2023-05-25","2023145","9:28","22.0","43.9210","18.0","","","3.2","","7.6","87","","7","","29.30","12.95","21.99","","","","",""
"2023-05-25","2023145","9:16","23.0","39.6557","1.0","","","16.4","","9.6","110","","2","0.66","20.40","15.95","14.56","","","","",""
"2023-05-25","2023145","9:16","23.0","39.6557","2.0","","","15.7","","9.6","110","","2","","20.40","15.94","14.56","","","","",""
"2023-05-25","2023145","9:16","23.0","39.6557","3.0","","","14.8","","9.5","109","","2","","20.40","15.94","14.56","","","","",""
"2023-05-25","2023145","9:16","23.0","39.6557","4.0","","","13.6","","9.4","108","","2","","20.40","15.92","14.57","","","","",""
"2023-05-25","2023145","9:16","23.0","39.6557","5.0","","","12.1","","9.4","108","","2","","20.41","15.92","14.58","","","","",""
"2023-05-25","2023145","9:16","23.0","39.6557","6.0","","","10.9","","9.4","108","","2","","20.42","15.93","14.58","","","","",""
"2023-05-25","2023145","9:16","23.0","39.6557","7.0","","","9.1","","9.2","106","","2","","20.45","16.00","14.59","","","","",""
"2023-05-25","2023145","9:16","23.0","39.6557","8.0","","","7.7","","8.9","103","","2","","20.61","16.48","14.61","","","","",""
"2023-05-25","2023145","9:16","23.0","39.6557","9.0","","","6.6","","8.2","95","","2","","20.90","16.50","14.83","","","","",""
"2023-05-25","2023145","9:16","23.0","39.6557","10.0","","","4.7","","7.7","89","","2","","22.41","15.85","16.12","","","","",""
"2023-05-25","2023145","9:16","23.0","39.6557","11.0","","","2.8","","7.6","87","","2","","23.76","15.19","17.29","","","","",""
"2023-05-25","2023145","9:16","23.0","39.6557","12.0","","","2.3","","7.4","86","","4","","24.05","15.05","17.54","","","","",""
"2023-05-25","2023145","9:16","23.0","39.6557","13.0","","","2.4","","7.4","85","","6","","24.24","14.93","17.71","","","","",""
"2023-05-25","2023145","9:16","23.0","39.6557","14.0","","","2.4","","7.4","85","","7","","24.52","14.77","17.95","","","","",""
"2023-05-25","2023145","9:05","24.0","37.0911","1.0","35.0","0.89","25.3","","9.8","114","5.1","6","0.68","20.41","16.32","14.49","0.19","0.57","","0.82","63.38"
"2023-05-25","2023145","9:05","24.0","37.0911","2.0","","","22.4","","9.8","113","","6","","20.43","16.33","14.50","","","","",""
"2023-05-25","2023145","9:05","24.0","37.0911","3.0","","","14.0","","9.7","113","","6","","20.76","16.60","14.70","","","","",""
"2023-05-25","2023145","9:05","24.0","37.0911","4.0","","","9.7","","8.9","106","","6","","21.34","17.17","15.02","","","","",""
"2023-05-25","2023145","9:05","24.0","37.0911","5.0","","","10.0","","7.9","94","","6","","21.83","16.71","15.49","","","","",""
"2023-05-25","2023145","9:05","24.0","37.0911","6.0","","","7.2","","7.7","89","","6","","23.24","15.56","16.81","","","","",""
"2023-05-25","2023145","9:05","24.0","37.0911","7.0","","","4.7","","7.5","87","","6","","23.71","15.33","17.22","","","","",""
"2023-05-25","2023145","9:05","24.0","37.0911","8.0","","","4.2","","7.5","87","","6","","23.86","15.22","17.36","","","","",""
"2023-05-25","2023145","9:05","24.0","37.0911","9.0","","","3.6","","7.5","87","","7","","23.89","15.19","17.39","","","","",""
"2023-05-25","2023145","9:05","24.0","37.0911","10.0","4.1","0.81","3.6","","7.5","86","8.6","7","","23.91","15.18","17.40","","","","",""
"2023-05-25","2023145","8:54","25.0","32.8382","1.0","","","13.1","","9.8","115","","6","0.63","21.05","16.99","14.84","","","","",""
"2023-05-25","2023145","8:54","25.0","32.8382","2.0","","","11.6","","9.7","114","","6","","21.17","17.07","14.92","","","","",""
"2023-05-25","2023145","8:54","25.0","32.8382","3.0","","","7.9","","9.4","111","","6","","21.50","17.06","15.17","","","","",""
"2023-05-25","2023145","8:54","25.0","32.8382","4.0","","","7.1","","9.0","106","","6","","21.75","16.86","15.41","","","","",""
"2023-05-25","2023145","8:54","25.0","32.8382","5.0","","","7.7","","8.4","99","","6","","22.07","16.65","15.69","","","","",""
"2023-05-25","2023145","8:54","25.0","32.8382","6.0","","","7.6","","7.9","92","","6","","22.45","16.39","16.04","","","","",""
"2023-05-25","2023145","8:54","25.0","32.8382","7.0","","","8.7","","7.7","90","","7","","22.78","16.17","16.33","","","","",""
"2023-05-25","2023145","8:54","25.0","32.8382","8.0","","","8.4","","7.7","90","","7","","22.96","16.04","16.50","","","","",""
"2023-05-25","2023145","8:35","27.0","26.1872","1.0","14.6","0.99","14.0","","8.7","103","5.1","6","0.71","20.68","17.71","14.41","","0.19","","1.62","21.01"
"2023-05-25","2023145","8:35","27.0","26.1872","2.0","","","13.6","","8.6","103","","6","","20.69","17.72","14.41","","","","",""
"2023-05-25","2023145","8:35","27.0","26.1872","3.0","","","12.6","","8.7","103","","6","","20.70","17.73","14.42","","","","",""
"2023-05-25","2023145","8:35","27.0","26.1872","4.0","","","13.7","","8.5","102","","6","","20.72","17.73","14.43","","","","",""
"2023-05-25","2023145","8:35","27.0","26.1872","5.0","","","12.0","","8.4","99","","6","","20.95","17.59","14.64","","","","",""
"2023-05-25","2023145","8:35","27.0","26.1872","6.0","","","9.9","","8.4","99","","6","","21.35","17.26","15.01","","","","",""
"2023-05-25","2023145","8:35","27.0","26.1872","7.0","","","9.2","","8.3","98","","6","","21.49","17.14","15.14","","","","",""
"2023-05-25","2023145","8:35","27.0","26.1872","8.0","","","9.5","","8.1","96","","7","","21.58","17.06","15.23","","","","",""
"2023-05-25","2023145","8:35","27.0","26.1872","9.0","","","11.1","","7.9","93","","7","","21.82","16.87","15.46","","","","",""
"2023-05-25","2023145","8:35","27.0","26.1872","10.0","","","13.0","","7.9","93","","8","","22.16","16.61","15.77","","","","",""
"2023-05-25","2023145","8:27","28.0","23.5695","1.0","","","14.9","","8.9","107","","6","0.69","20.30","18.02","14.05","","","","",""
"2023-05-25","2023145","8:27","28.0","23.5695","2.0","","","12.9","","8.8","106","","6","","20.31","18.02","14.05","","","","",""
"2023-05-25","2023145","8:27","28.0","23.5695","3.0","","","13.3","","8.8","105","","6","","20.34","18.02","14.07","","","","",""
"2023-05-25","2023145","8:27","28.0","23.5695","4.0","","","13.1","","8.7","105","","6","","20.38","18.00","14.12","","","","",""
"2023-05-25","2023145","8:27","28.0","23.5695","5.0","","","12.7","","8.7","104","","6","","20.46","17.96","14.18","","","","",""
"2023-05-25","2023145","8:27","28.0","23.5695","6.0","","","12.5","","8.6","103","","6","","20.52","17.92","14.24","","","","",""
"2023-05-25","2023145","8:27","28.0","23.5695","7.0","","","12.6","","8.4","101","","6","","20.62","17.84","14.33","","","","",""
"2023-05-25","2023145","8:27","28.0","23.5695","8.0","","","11.5","","8.2","98","","6","","20.89","17.66","14.58","","","","",""
"2023-05-25","2023145","8:27","28.0","23.5695","9.0","","","10.8","","8.2","97","","6","","21.28","17.34","14.94","","","","",""
"2023-05-25","2023145","8:27","28.0","23.5695","10.0","","","10.9","","8.2","97","","7","","21.36","17.25","15.02","","","","",""
"2023-05-25","2023145","8:27","28.0","23.5695","11.0","","","11.1","","8.2","97","","8","","21.39","17.22","15.05","","","","",""
"2023-05-25","2023145","8:27","28.0","23.5695","12.0","","","10.8","","8.2","97","","10","","21.41","17.20","15.07","","","","",""
"2023-05-25","2023145","8:16","29.0","20.2526","1.0","","","15.3","","8.7","104","","6","0.72","19.81","18.39","13.59","","","","",""
"2023-05-25","2023145","8:16","29.0","20.2526","2.0","","","14.5","","8.6","104","","6","","19.81","18.39","13.59","","","","",""
"2023-05-25","2023145","8:16","29.0","20.2526","3.0","","","14.6","","8.6","103","","6","","19.82","18.40","13.59","","","","",""
"2023-05-25","2023145","8:16","29.0","20.2526","4.0","","","14.8","","8.6","103","","6","","19.83","18.40","13.61","","","","",""
"2023-05-25","2023145","8:16","29.0","20.2526","5.0","","","14.3","","8.6","104","","6","","19.99","18.38","13.73","","","","",""
"2023-05-25","2023145","8:16","29.0","20.2526","6.0","","","13.1","","8.6","103","","6","","20.26","18.23","13.97","","","","",""
"2023-05-25","2023145","8:16","29.0","20.2526","7.0","","","13.7","","8.4","101","","6","","20.37","18.19","14.06","","","","",""
"2023-05-25","2023145","8:16","29.0","20.2526","8.0","","","13.0","","8.2","99","","6","","20.58","18.03","14.26","","","","",""
"2023-05-25","2023145","8:16","29.0","20.2526","9.0","","","12.7","","8.1","97","","6","","20.89","17.77","14.55","","","","",""
"2023-05-25","2023145","8:16","29.0","20.2526","10.0","","","11.1","","8.1","96","","6","","21.02","17.65","14.67","","","","",""
"2023-05-25","2023145","8:16","29.0","20.2526","11.0","","","11.3","","8.1","96","","7","","21.09","17.57","14.75","","","","",""
"2023-05-25","2023145","8:16","29.0","20.2526","12.0","","","12.0","","8.1","96","","8","","21.10","17.56","14.76","","","","",""
"2023-05-25","2023145","8:16","29.0","20.2526","13.0","","","10.6","","8.0","96","","8","","21.10","17.57","14.76","","","","",""
"2023-05-25","2023145","8:16","29.0","20.2526","14.0","","","11.0","","8.0","95","","8","","21.10","17.56","14.76","","","","",""
"2023-05-25","2023145","8:00","30.0","14.7543","1.0","13.3","0.97","12.6","","8.0","96","7.8","6","0.77","19.00","18.83","12.87","0.11","0.19","","3.31","24.92"
"2023-05-25","2023145","8:00","30.0","14.7543","2.0","","","12.0","","8.0","96","","6","","19.03","18.84","12.90","","","","",""
"2023-05-25","2023145","8:00","30.0","14.7543","3.0","","","13.3","","7.9","96","","6","","19.08","18.84","12.94","","","","",""
"2023-05-25","2023145","8:00","30.0","14.7543","4.0","","","13.0","","7.9","95","","6","","19.12","18.84","12.96","","","","",""
"2023-05-25","2023145","8:00","30.0","14.7543","5.0","","","12.4","","7.9","95","","6","","19.16","18.85","12.99","","","","",""
"2023-05-25","2023145","8:00","30.0","14.7543","6.0","","","10.9","","7.9","96","","6","","19.41","18.80","13.19","","","","",""
"2023-05-25","2023145","8:00","30.0","14.7543","7.0","","","10.7","","8.0","96","","7","","19.52","18.74","13.29","","","","",""
"2023-05-25","2023145","8:00","30.0","14.7543","8.0","","","11.3","","8.0","96","","7","","19.59","18.71","13.35","","","","",""
"2023-05-25","2023145","8:00","30.0","14.7543","9.0","","","11.0","","8.0","96","","8","","19.64","18.68","13.40","","","","",""
"2023-05-25","2023145","8:00","30.0","14.7543","10.0","10.9","0.83","11.1","","8.0","96","","10","","19.69","18.65","13.44","","","","",""
"2023-05-25","2023145","7:43","32.0","8.1507","1.0","12.9","0.97","13.5","","8.0","97","7.0","7","1.30","18.18","19.22","12.16","0.14","0.51","","4.31","39.88"
"2023-05-25","2023145","7:43","32.0","8.1507","2.0","","","12.0","","8.0","97","","7","","18.26","19.26","12.21","","","","",""
"2023-05-25","2023145","7:43","32.0","8.1507","3.0","","","11.9","","8.0","97","","8","","18.37","19.31","12.29","","","","",""
"2023-05-25","2023145","7:43","32.0","8.1507","4.0","","","12.0","","8.0","97","","9","","18.38","19.31","12.29","","","","",""
"2023-05-25","2023145","7:43","32.0","8.1507","5.0","","","11.9","","8.0","97","","9","","18.37","19.31","12.29","","","","",""
"2023-05-25","2023145","7:43","32.0","8.1507","6.0","","","11.9","","8.0","97","","9","","18.39","19.31","12.30","","","","",""
"2023-05-25","2023145","7:43","32.0","8.1507","7.0","","","11.8","","8.0","97","","9","","18.40","19.32","12.31","","","","",""
"2023-05-25","2023145","7:43","32.0","8.1507","8.0","","","11.8","","8.0","97","","10","","18.40","19.32","12.31","","","","",""
"2023-05-25","2023145","7:43","32.0","8.1507","9.0","11.2","0.81","11.7","","8.0","97","","10","","18.42","19.33","12.32","","","","",""
"2023-05-25","2023145","7:36","33.0","6.8085","1.0","","","9.9","","7.8","94","9.7","8","1.25","17.96","19.21","12.00","","","","",""
"2023-05-25","2023145","7:36","33.0","6.8085","2.0","","","9.8","","7.8","94","","8","","17.97","19.21","12.01","","","","",""
"2023-05-25","2023145","7:36","33.0","6.8085","3.0","","","9.8","","7.8","94","","8","","17.97","19.21","12.01","","","","",""
"2023-05-25","2023145","7:36","33.0","6.8085","4.0","","","9.6","","7.8","95","","8","","18.00","19.19","12.04","","","","",""
"2023-05-25","2023145","7:36","33.0","6.8085","5.0","","","10.3","","7.9","95","","8","","18.06","19.18","12.08","","","","",""
"2023-05-25","2023145","7:36","33.0","6.8085","6.0","","","10.6","","7.9","95","","9","","18.07","19.17","12.09","","","","",""
"2023-05-25","2023145","7:36","33.0","6.8085","7.0","","","10.7","","7.9","95","","10","","18.08","19.18","12.10","","","","",""
"2023-05-25","2023145","7:36","33.0","6.8085","8.0","","","10.8","","7.9","95","","10","","18.08","19.18","12.09","","","","",""
"2023-05-25","2023145","7:36","33.0","6.8085","9.0","","","10.8","","7.9","95","","11","","18.11","19.20","12.11","","","","",""
"2023-05-25","2023145","7:36","33.0","6.8085","10.0","","","11.1","","7.9","95","","12","","18.12","19.21","12.12","","","","",""
"2023-05-25","2023145","7:36","33.0","6.8085","11.0","","","11.1","","7.9","95","","12","","18.12","19.21","12.12","","","","",""
"2023-05-25","2023145","7:36","33.0","6.8085","12.0","","","11.4","","7.9","95","","12","","18.14","19.23","12.13","","","","",""
"2023-05-25","2023145","7:26","34.0","3.5290","1.0","14.0","0.99","11.4","","7.4","88","6.2","9","1.07","17.26","18.69","11.59","","","","",""
"2023-05-25","2023145","7:26","34.0","3.5290","2.0","","","9.4","","7.4","88","","9","","17.27","18.69","11.59","","","","",""
"2023-05-25","2023145","7:26","34.0","3.5290","3.0","","","7.8","","7.3","87","","8","","17.34","18.71","11.64","","","","",""
"2023-05-25","2023145","7:26","34.0","3.5290","4.0","","","6.5","","7.3","87","","9","","17.43","18.70","11.71","","","","",""
"2023-05-25","2023145","7:26","34.0","3.5290","5.0","","","6.1","","7.3","87","","9","","17.44","18.68","11.73","","","","",""
"2023-05-25","2023145","7:26","34.0","3.5290","6.0","","","5.8","","7.2","86","","9","","17.45","18.65","11.74","","","","",""
"2023-05-25","2023145","7:26","34.0","3.5290","7.0","","","5.3","","7.2","86","","9","","17.55","18.64","11.82","","","","",""
"2023-05-25","2023145","7:26","34.0","3.5290","8.0","5.4","0.76","5.4","","7.2","86","","9","","17.62","18.68","11.86","","","","",""
"2023-05-25","2023145","7:15","35.0","1.6576","1.0","10.7","0.97","10.5","","7.5","90","5.7","9","1.02","17.42","19.04","11.63","","","","",""
"2023-05-25","2023145","7:15","35.0","1.6576","2.0","","","6.4","","7.5","90","","9","","17.42","19.04","11.63","","","","",""
"2023-05-25","2023145","7:15","35.0","1.6576","3.0","","","6.1","","7.5","90","","9","","17.42","19.04","11.63","","","","",""
"2023-05-25","2023145","7:15","35.0","1.6576","4.0","","","4.7","","7.6","91","","9","","17.50","19.12","11.67","","","","",""
"2023-05-25","2023145","7:15","35.0","1.6576","5.0","","","4.6","","7.6","91","","9","","17.63","19.24","11.75","","","","",""
"2023-05-25","2023145","7:15","35.0","1.6576","6.0","","","4.6","","7.6","91","","9","","17.73","19.29","11.81","","","","",""
"2023-05-25","2023145","7:15","35.0","1.6576","7.0","","","4.7","","7.6","91","","9","","17.75","19.29","11.82","","","","",""
"2023-05-25","2023145","7:06","36.0","0.0000","1.0","5.7","0.85","6.1","","7.3","88","13.5","12","1.56","16.08","18.93","10.63","1.60","29.56","2.86","7.38","93.29"
"2023-05-25","2023145","7:06","36.0","0.0000","2.0","","","4.1","","7.3","88","","11","","17.07","19.15","11.34","","","","",""
"2023-05-25","2023145","7:06","36.0","0.0000","3.0","","","4.2","","7.3","88","","10","","17.30","19.23","11.49","","","","",""
"2023-05-25","2023145","7:06","36.0","0.0000","4.0","","","4.2","","7.3","88","","9","","17.46","19.26","11.61","","","","",""
"2023-05-25","2023145","7:06","36.0","0.0000","5.0","4.5","0.87","4.2","","7.3","88","9.7","9","","17.49","19.25","11.64","","","","",""
"2023-05-25","2023145","15:11","649.0","132.9388","1.0","2.8","0.75","2.3","","9.9","102","14.1","15","1.23","0.03","16.64","","0.11","10.12","0.86","0.43","221.11"
"2023-05-25","2023145","15:11","649.0","132.9388","2.0","","","2.3","","9.9","102","","20","","0.03","16.64","","","","","",""
"2023-05-25","2023145","15:11","649.0","132.9388","3.0","","","2.4","","9.9","102","","15","","0.03","16.63","","","","","",""
"2023-05-25","2023145","15:11","649.0","132.9388","4.0","","","2.5","","9.9","102","","16","","0.03","16.63","","","","","",""
"2023-05-25","2023145","15:11","649.0","132.9388","5.0","","","2.8","","9.9","102","","16","","0.03","16.63","","","","","",""
"2023-05-25","2023145","15:11","649.0","132.9388","6.0","","","2.8","","9.9","102","","16","","0.03","16.63","","","","","",""
"2023-05-25","2023145","15:11","649.0","132.9388","7.0","","","2.8","","9.9","102","","17","","0.03","16.63","","","","","",""
"2023-05-25","2023145","15:11","649.0","132.9388","8.0","","","2.8","","9.9","102","","18","","0.03","16.64","","","","","",""
"2023-05-25","2023145","15:11","649.0","132.9388","9.0","","","3.0","","9.9","102","","18","","0.03","16.65","","","","","",""
"2023-05-25","2023145","15:11","649.0","132.9388","10.0","","","3.1","","9.9","102","","19","","0.03","16.65","","","","","",""
"2023-05-25","2023145","15:11","649.0","132.9388","11.0","3.1","0.74","3.1","","9.9","102","20.7","19","","0.03","16.65","","","","","",""
"2023-05-25","2023145","16:06","657.0","147.2548","1.0","2.5","0.73","2.4","","9.8","101","12.8","14","1.27","0.04","16.89","","0.11","9.54","1.07","0.60","222.89"
"2023-05-25","2023145","16:06","657.0","147.2548","2.0","","","2.4","","9.8","101","","14","","0.04","16.89","","","","","",""
"2023-05-25","2023145","16:06","657.0","147.2548","3.0","","","2.4","","9.8","101","","14","","0.04","16.88","","","","","",""
"2023-05-25","2023145","16:06","657.0","147.2548","4.0","","","2.4","","9.8","101","","14","","0.04","16.88","","","","","",""
"2023-05-25","2023145","16:06","657.0","147.2548","5.0","","","2.4","","9.8","101","","15","","0.04","16.87","","","","","",""
"2023-05-25","2023145","16:06","657.0","147.2548","6.0","","","2.4","","9.8","101","","16","","0.04","16.87","","","","","",""
"2023-05-25","2023145","16:06","657.0","147.2548","7.0","","","2.2","","9.8","101","","15","","0.04","16.87","","","","","",""
"2023-05-25","2023145","16:06","657.0","147.2548","8.0","","","2.3","","9.8","101","","15","","0.04","16.87","","","","","",""
"2023-05-25","2023145","16:06","657.0","147.2548","9.0","2.4","0.69","2.3","","9.8","101","18.4","18","","0.04","16.87","","","","","",""
"2023-06-06","2023157","13:58","2.0","127.7053","1.0","","","3.4","","9.0","96","","27","1.86","0.04","18.76","","","","","",""
"2023-06-06","2023157","13:58","2.0","127.7053","2.0","","","3.3","","8.9","96","","27","","0.04","18.74","","","","","",""
"2023-06-06","2023157","13:58","2.0","127.7053","3.0","","","3.3","","8.9","96","","28","","0.04","18.70","","","","","",""
"2023-06-06","2023157","13:58","2.0","127.7053","4.0","","","3.4","","8.9","96","","30","","0.04","18.69","","","","","",""
"2023-06-06","2023157","13:58","2.0","127.7053","5.0","","","3.4","","8.9","96","","33","","0.04","18.69","","","","","",""
"2023-06-06","2023157","13:58","2.0","127.7053","6.0","","","3.5","","8.9","96","","33","","0.04","18.69","","","","","",""
"2023-06-06","2023157","13:58","2.0","127.7053","7.0","","","3.5","","8.9","96","","32","","0.04","18.69","","","","","",""
"2023-06-06","2023157","13:58","2.0","127.7053","8.0","","","3.5","","8.9","96","","31","","0.04","18.70","","","","","",""
"2023-06-06","2023157","13:58","2.0","127.7053","9.0","","","3.5","","8.9","96","","30","","0.04","18.70","","","","","",""
"2023-06-06","2023157","13:58","2.0","127.7053","10.0","","","3.6","","8.9","96","","30","","0.04","18.70","","","","","",""
"2023-06-06","2023157","13:47","3.0","125.3243","1.0","","","3.5","","8.9","96","","26","1.87","0.04","19.21","","","","","",""
"2023-06-06","2023157","13:47","3.0","125.3243","2.0","3.5","0.62","3.6","","8.9","96","20.5","27","","0.04","19.05","","0.11","8.35","1.64","1.66","204.02"
"2023-06-06","2023157","13:47","3.0","125.3243","3.0","","","3.7","","8.9","96","","32","","0.04","18.97","","","","","",""
"2023-06-06","2023157","13:47","3.0","125.3243","4.0","","","3.7","","8.9","96","","38","","0.04","18.93","","","","","",""
"2023-06-06","2023157","13:47","3.0","125.3243","5.0","","","3.8","","8.9","96","","39","","0.04","18.92","","","","","",""
"2023-06-06","2023157","13:47","3.0","125.3243","6.0","","","3.8","","8.9","96","","41","","0.04","18.93","","","","","",""
"2023-06-06","2023157","13:47","3.0","125.3243","7.0","","","3.8","","8.9","96","","41","","0.04","18.94","","","","","",""
"2023-06-06","2023157","13:47","3.0","125.3243","8.0","","","3.8","","8.9","96","","39","","0.04","18.91","","","","","",""
"2023-06-06","2023157","13:47","3.0","125.3243","9.0","","","3.8","","8.9","96","","42","","0.04","18.90","","","","","",""
"2023-06-06","2023157","13:47","3.0","125.3243","10.0","","","3.7","","8.9","96","","44","","0.04","18.91","","","","","",""
"2023-06-06","2023157","13:47","3.0","125.3243","11.0","","","3.8","","8.9","96","","44","","0.04","18.92","","","","","",""
"2023-06-06","2023157","13:47","3.0","125.3243","12.0","3.7","0.48","3.9","","8.9","96","40.9","44","","0.04","18.93","","","","","",""
"2023-06-06","2023157","13:32","4.0","119.8957","1.0","","","3.6","","8.8","96","","30","2.12","0.04","19.11","","","","","",""
"2023-06-06","2023157","13:32","4.0","119.8957","2.0","","","3.6","","8.8","96","","32","","0.04","19.11","","","","","",""
"2023-06-06","2023157","13:32","4.0","119.8957","3.0","","","3.6","","8.8","96","","31","","0.04","19.11","","","","","",""
"2023-06-06","2023157","13:32","4.0","119.8957","4.0","","","3.6","","8.8","96","","33","","0.04","19.10","","","","","",""
"2023-06-06","2023157","13:32","4.0","119.8957","5.0","","","3.7","","8.8","96","","35","","0.04","19.10","","","","","",""
"2023-06-06","2023157","13:32","4.0","119.8957","6.0","","","3.6","","8.8","96","","36","","0.04","19.09","","","","","",""
"2023-06-06","2023157","13:32","4.0","119.8957","7.0","","","3.7","","8.8","96","","36","","0.04","19.09","","","","","",""
"2023-06-06","2023157","13:32","4.0","119.8957","8.0","","","3.6","","8.8","96","","36","","0.04","19.10","","","","","",""
"2023-06-06","2023157","13:32","4.0","119.8957","9.0","","","3.7","","8.8","96","","37","","0.04","19.10","","","","","",""
"2023-06-06","2023157","13:32","4.0","119.8957","10.0","","","3.7","","8.8","96","","37","","0.04","19.09","","","","","",""
"2023-06-06","2023157","13:32","4.0","119.8957","11.0","","","3.7","","8.8","96","","37","","0.04","19.08","","","","","",""
"2023-06-06","2023157","13:32","4.0","119.8957","12.0","","","3.7","","8.8","96","","36","","0.04","19.07","","","","","",""
"2023-06-06","2023157","13:32","4.0","119.8957","13.0","","","3.8","","8.8","96","","36","","0.04","19.08","","","","","",""
"2023-06-06","2023157","13:32","4.0","119.8957","14.0","","","3.7","","8.8","96","","36","","0.04","19.09","","","","","",""
"2023-06-06","2023157","13:32","4.0","119.8957","15.0","","","3.8","","8.8","96","","38","","0.04","19.09","","","","","",""
"2023-06-06","2023157","13:32","4.0","119.8957","16.0","","","3.8","","8.8","96","","37","","0.04","19.09","","","","","",""
"2023-06-06","2023157","13:32","4.0","119.8957","17.0","","","3.9","","8.8","96","","35","","0.04","19.10","","","","","",""
"2023-06-06","2023157","13:19","5.0","115.6252","1.0","","","4.0","","8.9","96","","39","2.63","0.04","18.98","","","","","",""
"2023-06-06","2023157","13:19","5.0","115.6252","2.0","","","3.9","","8.9","96","","42","","0.04","18.98","","","","","",""
"2023-06-06","2023157","13:19","5.0","115.6252","3.0","","","3.7","","8.9","96","","42","","0.04","18.98","","","","","",""
"2023-06-06","2023157","13:19","5.0","115.6252","4.0","","","3.8","","8.9","96","","42","","0.04","18.96","","","","","",""
"2023-06-06","2023157","13:19","5.0","115.6252","5.0","","","3.7","","8.9","96","","45","","0.04","18.96","","","","","",""
"2023-06-06","2023157","13:19","5.0","115.6252","6.0","","","3.7","","8.9","96","","45","","0.04","18.95","","","","","",""
"2023-06-06","2023157","13:19","5.0","115.6252","7.0","","","3.7","","8.9","96","","45","","0.04","18.95","","","","","",""
"2023-06-06","2023157","13:19","5.0","115.6252","8.0","","","3.8","","8.9","96","","45","","0.04","18.95","","","","","",""
"2023-06-06","2023157","13:19","5.0","115.6252","9.0","","","3.8","","8.9","96","","43","","0.04","18.96","","","","","",""
"2023-06-06","2023157","13:19","5.0","115.6252","10.0","","","3.9","","8.9","96","","42","","0.04","18.96","","","","","",""
"2023-06-06","2023157","13:02","6.0","110.8977","1.0","","","4.0","","9.0","97","","41","2.55","0.04","18.97","","","","","",""
"2023-06-06","2023157","13:02","6.0","110.8977","2.0","4.2","0.59","4.0","","9.0","98","34.6","41","","0.04","18.96","","0.11","8.42","1.71","1.59","192.27"
"2023-06-06","2023157","13:02","6.0","110.8977","3.0","","","4.0","","9.0","98","","45","","0.04","18.96","","","","","",""
"2023-06-06","2023157","13:02","6.0","110.8977","4.0","","","4.0","","9.0","98","","45","","0.04","18.96","","","","","",""
"2023-06-06","2023157","13:02","6.0","110.8977","5.0","","","4.1","","9.0","98","","46","","0.04","18.96","","","","","",""
"2023-06-06","2023157","13:02","6.0","110.8977","6.0","","","4.0","","9.0","97","","50","","0.04","18.96","","","","","",""
"2023-06-06","2023157","13:02","6.0","110.8977","7.0","","","4.0","","9.0","97","","50","","0.04","18.96","","","","","",""
"2023-06-06","2023157","13:02","6.0","110.8977","8.0","","","4.1","","9.0","98","","49","","0.04","18.96","","","","","",""
"2023-06-06","2023157","13:02","6.0","110.8977","9.0","","","4.2","","9.0","98","","51","","0.04","18.96","","","","","",""
"2023-06-06","2023157","13:02","6.0","110.8977","10.0","4.9","0.54","4.3","","9.0","98","64.3","57","","0.04","18.96","","","","","",""
"2023-06-06","2023157","12:45","7.0","104.9810","1.0","","","4.0","","9.0","97","","36","2.49","0.04","19.00","","","","","",""
"2023-06-06","2023157","12:45","7.0","104.9810","2.0","4.2","0.58","4.0","","9.0","97","33.2","37","","0.04","19.00","","","","","",""
"2023-06-06","2023157","12:45","7.0","104.9810","3.0","","","4.0","","9.0","97","","40","","0.04","19.00","","","","","",""
"2023-06-06","2023157","12:45","7.0","104.9810","4.0","","","4.1","","9.0","97","","40","","0.04","19.00","","","","","",""
"2023-06-06","2023157","12:45","7.0","104.9810","5.0","","","4.2","","9.0","97","","42","","0.04","19.00","","","","","",""
"2023-06-06","2023157","12:45","7.0","104.9810","6.0","","","4.2","","9.0","97","","43","","0.04","19.00","","","","","",""
"2023-06-06","2023157","12:45","7.0","104.9810","7.0","","","4.1","","9.0","97","","45","","0.05","18.99","","","","","",""
"2023-06-06","2023157","12:45","7.0","104.9810","8.0","","","4.2","","9.0","97","","44","","0.05","19.00","","","","","",""
"2023-06-06","2023157","12:45","7.0","104.9810","9.0","","","4.0","","9.0","97","","46","","0.05","18.99","","","","","",""
"2023-06-06","2023157","12:45","7.0","104.9810","10.0","","","4.2","","9.0","97","","45","","0.05","19.00","","","","","",""
"2023-06-06","2023157","12:45","7.0","104.9810","11.0","","","4.2","","9.0","97","","43","","0.04","19.00","","","","","",""
"2023-06-06","2023157","12:45","7.0","104.9810","12.0","","","3.9","","9.0","97","","43","","0.04","19.00","","","","","",""
"2023-06-06","2023157","12:45","7.0","104.9810","13.0","","","4.0","","9.0","97","","43","","0.05","19.00","","","","","",""
"2023-06-06","2023157","12:45","7.0","104.9810","14.0","","","3.9","","9.0","97","","42","","0.05","18.99","","","","","",""
"2023-06-06","2023157","12:45","7.0","104.9810","15.0","","","4.0","","9.0","97","","41","","0.05","18.99","","","","","",""
"2023-06-06","2023157","12:25","8.0","99.7699","1.0","","","4.8","","9.2","99","","45","2.73","0.07","18.79","","","","","",""
"2023-06-06","2023157","12:25","8.0","99.7699","2.0","","","4.7","","9.1","98","54.0","47","","0.07","18.76","","","","","",""
"2023-06-06","2023157","12:25","8.0","99.7699","3.0","","","4.7","","9.1","98","","50","","0.08","18.73","","","","","",""
"2023-06-06","2023157","12:25","8.0","99.7699","4.0","","","4.7","","9.1","98","","54","","0.08","18.68","","","","","",""
"2023-06-06","2023157","12:25","8.0","99.7699","5.0","","","4.8","","9.2","98","","58","","0.09","18.63","","","","","",""
"2023-06-06","2023157","12:25","8.0","99.7699","6.0","","","4.8","","9.2","98","","62","","0.11","18.54","","","","","",""
"2023-06-06","2023157","12:25","8.0","99.7699","7.0","","","5.0","","9.2","99","","67","","0.12","18.43","","","","","",""
"2023-06-06","2023157","12:25","8.0","99.7699","8.0","","","5.2","","9.2","98","","78","","0.13","18.35","","","","","",""
"2023-06-06","2023157","12:25","8.0","99.7699","9.0","","","5.4","","9.2","99","","89","","0.14","18.31","","","","","",""
"2023-06-06","2023157","12:25","8.0","99.7699","10.0","","","5.4","","9.2","99","","95","","0.14","18.30","","","","","",""
"2023-06-06","2023157","12:25","8.0","99.7699","11.0","","","5.6","","9.2","99","","102","","0.14","18.30","","","","","",""
"2023-06-06","2023157","12:25","8.0","99.7699","12.0","","","5.6","","9.2","99","","105","","0.14","18.30","","","","","",""
"2023-06-06","2023157","12:25","8.0","99.7699","13.0","","","5.7","","9.2","99","","104","","0.14","18.29","","","","","",""
"2023-06-06","2023157","12:25","8.0","99.7699","14.0","","","5.9","","9.2","99","","108","","0.15","18.29","","","","","",""
"2023-06-06","2023157","12:25","8.0","99.7699","15.0","","","6.2","","9.2","99","","147","","0.15","18.29","","","","","",""
"2023-06-06","2023157","12:06","9.0","96.7889","1.0","","","6.0","","9.1","98","","124","9.07","0.30","18.29","","","","","",""
"2023-06-06","2023157","12:06","9.0","96.7889","2.0","6.3","0.54","5.9","","9.2","98","115.2","124","","0.30","18.29","","0.19","7.71","2.43","1.82","204.38"
"2023-06-06","2023157","12:06","9.0","96.7889","3.0","","","5.7","","9.1","98","","128","","0.30","18.29","","","","","",""
"2023-06-06","2023157","12:06","9.0","96.7889","4.0","","","5.6","","9.1","98","","126","","0.29","18.30","","","","","",""
"2023-06-06","2023157","12:06","9.0","96.7889","5.0","","","5.7","","9.1","98","","121","","0.29","18.29","","","","","",""
"2023-06-06","2023157","12:06","9.0","96.7889","6.0","","","5.7","","9.1","98","","123","","0.29","18.29","","","","","",""
"2023-06-06","2023157","12:06","9.0","96.7889","7.0","","","5.7","","9.1","97","","127","","0.30","18.27","","","","","",""
"2023-06-06","2023157","12:06","9.0","96.7889","8.0","","","5.8","","9.1","97","","129","","0.31","18.26","","","","","",""
"2023-06-06","2023157","12:06","9.0","96.7889","9.0","","","5.9","","9.1","97","","141","","0.31","18.25","","","","","",""
"2023-06-06","2023157","12:06","9.0","96.7889","10.0","","","5.8","","9.1","98","","141","","0.31","18.25","","","","","",""
"2023-06-06","2023157","12:06","9.0","96.7889","11.0","","","5.8","","9.1","98","","137","","0.30","18.28","","","","","",""
"2023-06-06","2023157","12:06","9.0","96.7889","12.0","","","5.7","","9.1","97","","129","","0.30","18.28","","","","","",""
"2023-06-06","2023157","12:06","9.0","96.7889","13.0","","","5.7","","9.1","98","","129","","0.31","18.26","","","","","",""
"2023-06-06","2023157","12:06","9.0","96.7889","14.0","","","5.7","","9.1","97","","133","","0.31","18.23","","","","","",""
"2023-06-06","2023157","12:06","9.0","96.7889","15.0","","","5.9","","9.1","98","","141","","0.32","18.23","","","","","",""
"2023-06-06","2023157","12:06","9.0","96.7889","16.0","","","5.8","","9.1","97","","140","","0.32","18.23","","","","","",""
"2023-06-06","2023157","12:06","9.0","96.7889","17.0","","","5.8","","9.1","97","","141","","0.32","18.23","","","","","",""
"2023-06-06","2023157","12:06","9.0","96.7889","18.0","","","6.0","","9.1","98","","142","","0.31","18.23","","","","","",""
"2023-06-06","2023157","12:06","9.0","96.7889","19.0","","","5.9","","9.2","98","","139","","0.31","18.23","","","","","",""
"2023-06-06","2023157","12:06","9.0","96.7889","20.0","","","6.0","","9.1","98","","141","","0.32","18.23","","","","","",""
"2023-06-06","2023157","12:06","9.0","96.7889","21.0","","","6.0","","9.1","97","","144","","0.32","18.22","","","","","",""
"2023-06-06","2023157","12:06","9.0","96.7889","22.0","","","6.0","","9.1","97","","145","","0.32","18.22","","","","","",""
"2023-06-06","2023157","12:06","9.0","96.7889","23.0","","","6.1","","9.1","98","","146","","0.32","18.22","","","","","",""
"2023-06-06","2023157","12:06","9.0","96.7889","24.0","","","6.2","","9.2","98","","144","","0.32","18.22","","","","","",""
"2023-06-06","2023157","11:55","10.0","93.5951","1.0","","","5.2","","9.0","97","","55","5.66","0.38","18.49","","","","","",""
"2023-06-06","2023157","11:55","10.0","93.5951","2.0","","","5.1","","9.0","97","","53","","0.40","18.46","","","","","",""
"2023-06-06","2023157","11:55","10.0","93.5951","3.0","","","5.3","","9.0","97","","59","","0.41","18.45","","","","","",""
"2023-06-06","2023157","11:55","10.0","93.5951","4.0","","","5.5","","9.0","97","","63","","0.45","18.39","","","","","",""
"2023-06-06","2023157","11:55","10.0","93.5951","5.0","","","5.6","","9.0","97","","75","","0.44","18.39","","","","","",""
"2023-06-06","2023157","11:55","10.0","93.5951","6.0","","","5.6","","9.0","97","","81","","0.48","18.34","","","","","",""
"2023-06-06","2023157","11:55","10.0","93.5951","7.0","","","5.7","","9.1","97","","93","","0.48","18.34","","","","","",""
"2023-06-06","2023157","11:55","10.0","93.5951","8.0","","","5.8","","9.1","97","","100","","0.50","18.31","","","","","",""
"2023-06-06","2023157","11:55","10.0","93.5951","9.0","","","5.8","","9.0","97","","113","","0.51","18.30","","","","","",""
"2023-06-06","2023157","11:55","10.0","93.5951","10.0","","","6.2","","9.1","97","","122","","0.54","18.27","","","","","",""
"2023-06-06","2023157","11:55","10.0","93.5951","11.0","","","6.1","","9.1","97","","138","","0.56","18.26","","","","","",""
"2023-06-06","2023157","11:55","10.0","93.5951","12.0","","","6.3","","9.1","97","","152","","0.57","18.25","","","","","",""
"2023-06-06","2023157","11:55","10.0","93.5951","13.0","","","6.3","","9.1","97","","156","","0.57","18.25","","","","","",""
"2023-06-06","2023157","11:55","10.0","93.5951","14.0","","","6.3","","9.1","97","","160","","0.57","18.25","","","","","",""
"2023-06-06","2023157","11:55","10.0","93.5951","15.0","","","6.4","","9.1","97","","160","","0.57","18.25","","","","","",""
"2023-06-06","2023157","11:37","11.0","89.7672","1.0","","","4.4","","8.7","93","","57","4.52","2.61","17.86","0.62","","","","",""
"2023-06-06","2023157","11:37","11.0","89.7672","2.0","","","4.3","","8.7","94","","61","","2.67","17.87","0.66","","","","",""
"2023-06-06","2023157","11:37","11.0","89.7672","3.0","","","4.5","","8.8","94","","83","","2.75","17.87","0.73","","","","",""
"2023-06-06","2023157","11:37","11.0","89.7672","4.0","","","4.7","","8.8","94","","90","","2.79","17.87","0.75","","","","",""
"2023-06-06","2023157","11:37","11.0","89.7672","5.0","","","4.7","","8.8","94","","100","","2.83","17.87","0.79","","","","",""
"2023-06-06","2023157","11:37","11.0","89.7672","6.0","","","4.7","","8.8","94","","112","","2.98","17.86","0.90","","","","",""
"2023-06-06","2023157","11:37","11.0","89.7672","7.0","","","4.9","","8.8","94","","133","","3.02","17.85","0.93","","","","",""
"2023-06-06","2023157","11:37","11.0","89.7672","8.0","","","5.4","","8.8","94","","151","","3.04","17.85","0.95","","","","",""
"2023-06-06","2023157","11:37","11.0","89.7672","9.0","","","5.2","","8.8","94","","154","","3.11","17.84","1.01","","","","",""
"2023-06-06","2023157","11:37","11.0","89.7672","10.0","","","5.4","","8.8","94","","157","","3.15","17.84","1.04","","","","",""
"2023-06-06","2023157","11:37","11.0","89.7672","11.0","","","5.4","","8.7","94","","164","","3.22","17.83","1.09","","","","",""
"2023-06-06","2023157","11:37","11.0","89.7672","12.0","","","5.4","","8.7","94","","167","","3.30","17.82","1.15","","","","",""
"2023-06-06","2023157","11:37","11.0","89.7672","13.0","","","5.7","","8.7","94","","176","","3.34","17.81","1.19","","","","",""
"2023-06-06","2023157","11:37","11.0","89.7672","14.0","","","5.8","","8.7","94","","180","","3.35","17.81","1.19","","","","",""
"2023-06-06","2023157","11:37","11.0","89.7672","15.0","","","5.7","","8.7","94","","182","","3.38","17.80","1.22","","","","",""
"2023-06-06","2023157","11:37","11.0","89.7672","16.0","","","5.9","","8.7","94","","179","","3.40","17.80","1.24","","","","",""
"2023-06-06","2023157","11:37","11.0","89.7672","17.0","","","5.8","","8.7","94","","180","","3.41","17.80","1.24","","","","",""
"2023-06-06","2023157","11:37","11.0","89.7672","18.0","","","5.9","","8.7","94","","181","","3.46","17.80","1.28","","","","",""
"2023-06-06","2023157","11:37","11.0","89.7672","19.0","","","6.0","","8.7","94","","189","","3.47","17.79","1.29","","","","",""
"2023-06-06","2023157","11:24","12.0","84.4458","1.0","","","4.2","","8.7","94","","75","7.33","5.23","17.65","2.66","","","","",""
"2023-06-06","2023157","11:24","12.0","84.4458","2.0","","","4.3","","8.7","94","","90","","5.27","17.65","2.69","","","","",""
"2023-06-06","2023157","11:24","12.0","84.4458","3.0","","","4.5","","8.7","94","","106","","5.30","17.65","2.71","","","","",""
"2023-06-06","2023157","11:24","12.0","84.4458","4.0","","","4.5","","8.7","94","","116","","5.32","17.65","2.73","","","","",""
"2023-06-06","2023157","11:24","12.0","84.4458","5.0","","","4.6","","8.7","94","","128","","5.36","17.65","2.76","","","","",""
"2023-06-06","2023157","11:24","12.0","84.4458","6.0","","","4.8","","8.7","94","","149","","5.41","17.65","2.80","","","","",""
"2023-06-06","2023157","11:24","12.0","84.4458","7.0","","","4.9","","8.7","94","","152","","5.41","17.65","2.80","","","","",""
"2023-06-06","2023157","11:24","12.0","84.4458","8.0","","","5.0","","8.7","94","","155","","5.44","17.65","2.82","","","","",""
"2023-06-06","2023157","11:00","13.0","78.5444","1.0","","","5.5","","8.4","93","","185","","8.56","17.45","5.23","","","","",""
"2023-06-06","2023157","11:00","13.0","78.5444","2.0","5.2","0.38","5.9","","8.4","93","239.5","236","","8.63","17.46","5.29","0.46","9.50","5.28","2.38","158.09"
"2023-06-06","2023157","11:00","13.0","78.5444","3.0","","","6.8","","8.4","93","","322","","8.67","17.46","5.31","","","","",""
"2023-06-06","2023157","11:00","13.0","78.5444","4.0","","","7.3","","8.4","92","","371","","8.70","17.45","5.34","","","","",""
"2023-06-06","2023157","11:00","13.0","78.5444","5.0","","","7.4","","8.4","92","","379","","8.73","17.45","5.36","","","","",""
"2023-06-06","2023157","11:00","13.0","78.5444","6.0","","","7.7","","8.4","92","","397","","8.79","17.45","5.41","","","","",""
"2023-06-06","2023157","11:00","13.0","78.5444","7.0","","","8.0","","8.3","92","","438","","8.89","17.44","5.49","","","","",""
"2023-06-06","2023157","11:00","13.0","78.5444","8.0","","","8.4","","8.3","92","","437","","9.02","17.43","5.59","","","","",""
"2023-06-06","2023157","11:00","13.0","78.5444","9.0","8.5","0.37","8.5","","8.3","92","405.6","453","","9.54","17.38","5.99","","","","",""
"2023-06-06","2023157","10:47","14.0","74.4288","1.0","","","5.0","","8.4","94","","127","","11.39","17.11","7.46","","","","",""
"2023-06-06","2023157","10:47","14.0","74.4288","2.0","","","5.0","","8.4","93","","128","","11.42","17.11","7.48","","","","",""
"2023-06-06","2023157","10:47","14.0","74.4288","3.0","","","4.9","","8.3","93","","121","","11.68","17.09","7.68","","","","",""
"2023-06-06","2023157","10:47","14.0","74.4288","4.0","","","5.2","","8.3","93","","156","","12.00","17.05","7.93","","","","",""
"2023-06-06","2023157","10:47","14.0","74.4288","5.0","","","6.0","","8.3","93","","243","","12.32","17.00","8.18","","","","",""
"2023-06-06","2023157","10:47","14.0","74.4288","6.0","","","6.5","","8.3","93","","282","","12.60","16.95","8.41","","","","",""
"2023-06-06","2023157","10:47","14.0","74.4288","7.0","","","6.6","","8.3","93","","286","","12.96","16.88","8.69","","","","",""
"2023-06-06","2023157","10:47","14.0","74.4288","8.0","","","6.9","","8.3","93","","298","","13.26","16.84","8.93","","","","",""
"2023-06-06","2023157","10:47","14.0","74.4288","9.0","","","7.1","","8.3","93","","335","","13.49","16.80","9.12","","","","",""
"2023-06-06","2023157","10:47","14.0","74.4288","10.0","","","7.2","","8.3","93","","350","","13.63","16.78","9.22","","","","",""
"2023-06-06","2023157","10:47","14.0","74.4288","11.0","","","7.2","","8.3","93","","341","","13.72","16.77","9.30","","","","",""
"2023-06-06","2023157","10:47","14.0","74.4288","12.0","","","7.4","","8.3","93","","337","","13.78","16.76","9.34","","","","",""
"2023-06-06","2023157","10:47","14.0","74.4288","13.0","","","7.6","","8.2","93","","360","","13.84","16.76","9.39","","","","",""
"2023-06-06","2023157","10:47","14.0","74.4288","14.0","","","8.3","","8.2","93","","461","","14.10","16.71","9.60","","","","",""
"2023-06-06","2023157","10:30","15.0","69.9895","1.0","","","4.7","","8.4","94","","91","","13.35","16.77","9.02","","","","",""
"2023-06-06","2023157","10:30","15.0","69.9895","2.0","4.6","0.52","4.7","","8.4","94","108.6","107","","13.43","16.75","9.08","0.47","9.64","4.43","2.05","129.25"
"2023-06-06","2023157","10:30","15.0","69.9895","3.0","","","4.8","","8.4","94","","108","","13.55","16.72","9.18","","","","",""
"2023-06-06","2023157","10:30","15.0","69.9895","4.0","","","5.2","","8.4","94","","149","","13.58","16.68","9.21","","","","",""
"2023-06-06","2023157","10:30","15.0","69.9895","5.0","","","5.8","","8.4","94","","201","","13.60","16.68","9.22","","","","",""
"2023-06-06","2023157","10:30","15.0","69.9895","6.0","","","6.0","","8.4","94","","234","","13.61","16.68","9.23","","","","",""
"2023-06-06","2023157","10:30","15.0","69.9895","7.0","","","6.2","","8.4","94","","253","","13.63","16.67","9.25","","","","",""
"2023-06-06","2023157","10:30","15.0","69.9895","8.0","","","6.2","","8.4","94","","260","","13.68","16.65","9.29","","","","",""
"2023-06-06","2023157","10:30","15.0","69.9895","9.0","","","6.4","","8.4","94","","277","","13.71","16.66","9.31","","","","",""
"2023-06-06","2023157","10:30","15.0","69.9895","10.0","","","6.5","","8.5","95","","306","","13.80","16.62","9.39","","","","",""
"2023-06-06","2023157","10:30","15.0","69.9895","11.0","","","6.3","","8.4","94","","287","","13.90","16.60","9.47","","","","",""
"2023-06-06","2023157","10:30","15.0","69.9895","12.0","","","6.2","","8.3","93","","269","","14.37","16.53","9.84","","","","",""
"2023-06-06","2023157","10:30","15.0","69.9895","13.0","","","6.3","","8.2","92","","282","","15.13","16.49","10.43","","","","",""
"2023-06-06","2023157","10:30","15.0","69.9895","14.0","","","6.5","","8.1","92","","295","","16.18","16.41","11.25","","","","",""
"2023-06-06","2023157","10:30","15.0","69.9895","15.0","","","7.3","","8.1","91","","342","","16.66","16.31","11.63","","","","",""
"2023-06-06","2023157","10:30","15.0","69.9895","16.0","","","8.4","","8.0","91","","512","","17.16","16.22","12.03","","","","",""
"2023-06-06","2023157","10:30","15.0","69.9895","17.0","","","9.7","","7.9","90","","655","","17.92","16.09","12.63","","","","",""
"2023-06-06","2023157","10:30","15.0","69.9895","18.0","","","10.2","","7.9","90","","734","","18.76","15.96","13.30","","","","",""
"2023-06-06","2023157","10:30","15.0","69.9895","19.0","","","10.6","","7.8","89","","775","","19.17","15.88","13.64","","","","",""
"2023-06-06","2023157","10:30","15.0","69.9895","20.0","","","10.5","","7.8","89","","785","","19.33","15.85","13.77","","","","",""
"2023-06-06","2023157","10:30","15.0","69.9895","21.0","","","10.6","","7.8","88","","761","","19.58","15.81","13.96","","","","",""
"2023-06-06","2023157","10:30","15.0","69.9895","22.0","","","10.2","","7.7","88","","721","","20.14","15.71","14.41","","","","",""
"2023-06-06","2023157","10:30","15.0","69.9895","23.0","","","10.4","","7.7","88","","689","","20.89","15.56","15.01","","","","",""
"2023-06-06","2023157","10:11","16.0","63.0794","1.0","","","4.5","","8.3","93","","51","4.22","15.41","16.47","10.65","","","","",""
"2023-06-06","2023157","10:11","16.0","63.0794","2.0","","","5.2","","8.2","93","","88","","16.46","16.30","11.48","","","","",""
"2023-06-06","2023157","10:11","16.0","63.0794","3.0","","","5.6","","8.2","92","","145","","16.82","16.25","11.77","","","","",""
"2023-06-06","2023157","10:11","16.0","63.0794","4.0","","","5.8","","8.1","92","","165","","17.37","16.17","12.20","","","","",""
"2023-06-06","2023157","10:11","16.0","63.0794","5.0","","","6.2","","8.1","92","","195","","17.67","16.12","12.44","","","","",""
"2023-06-06","2023157","10:11","16.0","63.0794","6.0","","","6.5","","8.1","92","","228","","17.85","16.10","12.58","","","","",""
"2023-06-06","2023157","10:11","16.0","63.0794","7.0","","","6.6","","8.1","92","","265","","17.87","16.10","12.60","","","","",""
"2023-06-06","2023157","10:11","16.0","63.0794","8.0","","","6.7","","8.1","92","","272","","17.91","16.09","12.63","","","","",""
"2023-06-06","2023157","10:11","16.0","63.0794","9.0","","","6.7","","8.1","92","","277","","18.09","16.07","12.77","","","","",""
"2023-06-06","2023157","10:11","16.0","63.0794","10.0","","","7.3","","8.1","91","","324","","18.26","16.03","12.91","","","","",""
"2023-06-06","2023157","10:11","16.0","63.0794","11.0","","","7.7","","8.0","91","","392","","18.31","16.02","12.95","","","","",""
"2023-06-06","2023157","9:57","17.0","58.8909","1.0","","","4.2","","8.3","94","","34","3.47","16.94","16.09","11.89","","","","",""
"2023-06-06","2023157","9:57","17.0","58.8909","2.0","4.6","0.61","4.4","","8.1","92","","34","","18.25","15.89","12.93","","","","",""
"2023-06-06","2023157","9:57","17.0","58.8909","3.0","","","4.6","","8.1","92","","45","","19.23","15.76","13.71","","","","",""
"2023-06-06","2023157","9:57","17.0","58.8909","4.0","","","5.0","","8.1","92","","62","","19.70","15.73","14.07","","","","",""
"2023-06-06","2023157","9:57","17.0","58.8909","5.0","","","5.0","","8.0","91","","67","","19.66","15.76","14.04","","","","",""
"2023-06-06","2023157","9:57","17.0","58.8909","6.0","","","5.2","","8.0","91","","80","","19.73","15.78","14.08","","","","",""
"2023-06-06","2023157","9:57","17.0","58.8909","7.0","","","5.4","","7.9","91","","118","","20.06","15.73","14.34","","","","",""
"2023-06-06","2023157","9:57","17.0","58.8909","8.0","","","6.1","","7.9","90","","162","","20.29","15.68","14.53","","","","",""
"2023-06-06","2023157","9:57","17.0","58.8909","9.0","","","6.2","","7.9","90","","183","","20.53","15.63","14.72","","","","",""
"2023-06-06","2023157","9:57","17.0","58.8909","10.0","","","6.6","","7.9","90","","219","","20.68","15.59","14.85","","","","",""
"2023-06-06","2023157","9:39","18.0","54.9481","1.0","","","7.1","","7.9","91","","59","2.07","23.83","14.90","17.40","","","","",""
"2023-06-06","2023157","9:39","18.0","54.9481","2.0","6.8","0.64","6.9","","7.9","91","59.4","60","","23.92","14.88","17.48","0.41","9.78","4.21","1.89","81.18"
"2023-06-06","2023157","9:39","18.0","54.9481","3.0","","","6.8","","7.9","91","","60","","23.94","14.87","17.49","","","","",""
"2023-06-06","2023157","9:39","18.0","54.9481","4.0","","","6.9","","7.9","91","","60","","23.56","14.95","17.18","","","","",""
"2023-06-06","2023157","9:39","18.0","54.9481","5.0","","","7.1","","7.9","91","","60","","22.84","15.09","16.60","","","","",""
"2023-06-06","2023157","9:39","18.0","54.9481","6.0","","","7.4","","7.9","91","","64","","22.73","15.11","16.51","","","","",""
"2023-06-06","2023157","9:39","18.0","54.9481","7.0","","","7.2","","7.9","91","","68","","22.60","15.14","16.41","","","","",""
"2023-06-06","2023157","9:39","18.0","54.9481","8.0","","","7.3","","7.9","90","","68","","22.66","15.13","16.45","","","","",""
"2023-06-06","2023157","9:39","18.0","54.9481","9.0","","","7.2","","7.9","90","","72","","22.86","15.07","16.63","","","","",""
"2023-06-06","2023157","9:39","18.0","54.9481","10.0","","","7.2","","7.8","90","","74","","22.92","15.06","16.67","","","","",""
"2023-06-06","2023157","9:39","18.0","54.9481","11.0","","","7.5","","7.8","90","","76","","23.34","14.97","17.01","","","","",""
"2023-06-06","2023157","9:39","18.0","54.9481","12.0","","","7.9","","7.8","90","","75","","23.66","14.89","17.27","","","","",""
"2023-06-06","2023157","9:39","18.0","54.9481","13.0","","","8.2","","7.9","90","","76","","23.85","14.85","17.42","","","","",""
"2023-06-06","2023157","9:39","18.0","54.9481","14.0","","","7.4","","7.9","90","","59","","23.94","14.83","17.50","","","","",""
"2023-06-06","2023157","9:39","18.0","54.9481","15.0","","","7.3","","7.9","90","","53","","23.92","14.84","17.48","","","","",""
"2023-06-06","2023157","9:39","18.0","54.9481","16.0","","","7.7","","7.9","90","","53","","23.93","14.83","17.49","","","","",""
"2023-06-06","2023157","9:39","18.0","54.9481","17.0","","","7.5","","7.8","90","","54","","23.98","14.82","17.53","","","","",""
"2023-06-06","2023157","9:39","18.0","54.9481","18.0","","","7.7","","7.8","90","","54","","24.00","14.82","17.55","","","","",""
"2023-06-06","2023157","9:39","18.0","54.9481","19.0","","","7.7","","7.8","90","","54","","23.98","14.82","17.53","","","","",""
"2023-06-06","2023157","9:39","18.0","54.9481","20.0","","","7.8","","7.8","90","","53","","24.15","14.78","17.67","","","","",""
"2023-06-06","2023157","9:39","18.0","54.9481","21.0","","","7.8","","7.8","90","","53","","24.37","14.72","17.85","","","","",""
"2023-06-06","2023157","9:39","18.0","54.9481","22.0","","","8.3","","7.8","90","","55","","24.31","14.73","17.80","","","","",""
"2023-06-06","2023157","9:39","18.0","54.9481","23.0","","","8.7","","7.8","90","","57","","24.33","14.73","17.82","","","","",""
"2023-06-06","2023157","9:39","18.0","54.9481","24.0","","","9.4","","7.8","90","","61","","24.32","14.73","17.81","","","","",""
"2023-06-06","2023157","9:39","18.0","54.9481","25.0","","","9.4","","7.8","90","","61","","24.28","14.75","17.77","","","","",""
"2023-06-06","2023157","9:39","18.0","54.9481","26.0","","","8.7","","7.8","90","","61","","24.16","14.78","17.68","","","","",""
"2023-06-06","2023157","9:39","18.0","54.9481","27.0","","","8.2","","7.8","89","","61","","23.79","14.87","17.38","","","","",""
"2023-06-06","2023157","9:39","18.0","54.9481","28.0","","","8.3","","7.8","89","","64","","23.57","14.91","17.20","","","","",""
"2023-06-06","2023157","9:39","18.0","54.9481","29.0","","","8.8","","7.7","89","","72","","24.84","14.61","18.23","","","","",""
"2023-06-06","2023157","9:39","18.0","54.9481","30.0","","","10.3","","7.7","89","","87","","25.38","14.47","18.67","","","","",""
"2023-06-06","2023157","9:39","18.0","54.9481","31.0","","","10.3","","7.8","89","","93","","25.58","14.41","18.84","","","","",""
"2023-06-06","2023157","9:39","18.0","54.9481","32.0","","","10.2","","7.8","89","","92","","25.78","14.37","19.01","","","","",""
"2023-06-06","2023157","9:39","18.0","54.9481","33.0","","","9.7","","7.8","89","","93","","25.82","14.36","19.04","","","","",""
"2023-06-06","2023157","9:39","18.0","54.9481","34.0","","","9.3","","7.8","90","","94","","25.83","14.36","19.04","","","","",""
"2023-06-06","2023157","9:39","18.0","54.9481","35.0","","","9.5","","7.8","90","","93","","25.84","14.36","19.05","","","","",""
"2023-06-06","2023157","9:39","18.0","54.9481","36.0","","","9.7","","7.8","90","","93","","25.84","14.36","19.05","","","","",""
"2023-06-06","2023157","9:39","18.0","54.9481","37.0","","","9.3","","7.8","90","","91","","25.87","14.35","19.08","","","","",""
"2023-06-06","2023157","9:39","18.0","54.9481","38.0","","","9.4","","7.8","90","","87","","25.88","14.35","19.08","","","","",""
"2023-06-06","2023157","9:39","18.0","54.9481","39.0","","","9.1","","7.8","90","","87","","25.93","14.34","19.13","","","","",""
"2023-06-06","2023157","9:39","18.0","54.9481","40.0","","","9.1","","7.8","90","","82","","25.99","14.33","19.17","","","","",""
"2023-06-06","2023157","9:39","18.0","54.9481","41.0","","","8.7","","7.8","90","","80","","25.95","14.34","19.14","","","","",""
"2023-06-06","2023157","9:39","18.0","54.9481","42.0","","","8.7","","7.8","90","","75","","26.22","14.27","19.36","","","","",""
"2023-06-06","2023157","9:39","18.0","54.9481","43.0","","","8.7","","7.8","90","","70","","25.98","14.33","19.17","","","","",""
"2023-06-06","2023157","9:39","18.0","54.9481","44.0","","","9.1","","7.8","90","","76","","26.41","14.22","19.52","","","","",""
"2023-06-06","2023157","9:24","20.0","51.4501","1.0","","","19.9","","8.2","98","","23","1.81","22.20","17.20","15.67","","","","",""
"2023-06-06","2023157","9:24","20.0","51.4501","2.0","19.5","0.87","18.5","","8.2","97","","25","","22.69","16.73","16.15","","","","",""
"2023-06-06","2023157","9:24","20.0","51.4501","3.0","","","18.9","","8.1","96","","26","","22.90","16.56","16.35","","","","",""
"2023-06-06","2023157","9:24","20.0","51.4501","4.0","","","19.1","","8.1","95","","27","","23.03","16.44","16.47","","","","",""
"2023-06-06","2023157","9:24","20.0","51.4501","5.0","","","18.8","","8.1","95","","27","","23.23","16.28","16.66","","","","",""
"2023-06-06","2023157","9:24","20.0","51.4501","6.0","","","18.0","","8.1","95","","28","","23.37","16.16","16.79","","","","",""
"2023-06-06","2023157","9:24","20.0","51.4501","7.0","","","17.2","","8.1","95","","27","","23.41","16.13","16.82","","","","",""
"2023-06-06","2023157","9:24","20.0","51.4501","8.0","","","15.7","","8.1","95","","27","","23.52","16.06","16.92","","","","",""
"2023-06-06","2023157","9:24","20.0","51.4501","9.0","","","15.3","","8.1","95","","27","","23.63","16.02","17.02","","","","",""
"2023-06-06","2023157","9:24","20.0","51.4501","10.0","","","14.4","","8.1","95","","29","","23.64","16.02","17.02","","","","",""
"2023-06-06","2023157","9:24","20.0","51.4501","11.0","","","14.3","","8.1","95","","29","","23.62","16.02","17.01","","","","",""
"2023-06-06","2023157","9:24","20.0","51.4501","12.0","","","13.5","","8.1","95","","30","","23.69","16.01","17.07","","","","",""
"2023-06-06","2023157","9:24","20.0","51.4501","13.0","","","13.1","","8.1","95","","31","","23.68","16.01","17.06","","","","",""
"2023-06-06","2023157","9:24","20.0","51.4501","14.0","","","13.7","","8.1","95","","32","","23.69","16.04","17.06","","","","",""
"2023-06-06","2023157","9:24","20.0","51.4501","15.0","","","13.5","","8.1","95","","33","","23.69","16.03","17.06","","","","",""
"2023-06-06","2023157","9:24","20.0","51.4501","16.0","","","13.5","","8.1","95","","33","","23.70","16.03","17.07","","","","",""
"2023-06-06","2023157","9:24","20.0","51.4501","17.0","","","13.0","","8.1","95","","33","","23.71","16.03","17.08","","","","",""
"2023-06-06","2023157","9:24","20.0","51.4501","18.0","","","13.0","","8.1","95","","33","","23.72","16.03","17.08","","","","",""
"2023-06-06","2023157","9:24","20.0","51.4501","19.0","","","13.1","","8.1","95","","34","","23.72","16.04","17.08","","","","",""
"2023-06-06","2023157","9:24","20.0","51.4501","20.0","","","13.4","","8.1","95","","34","","23.74","16.03","17.10","","","","",""
"2023-06-06","2023157","9:24","20.0","51.4501","21.0","","","13.4","","8.0","94","","34","","23.74","16.03","17.10","","","","",""
"2023-06-06","2023157","9:24","20.0","51.4501","22.0","","","14.0","","8.0","94","","34","","23.74","16.03","17.10","","","","",""
"2023-06-06","2023157","9:24","20.0","51.4501","23.0","","","13.0","","7.9","93","","35","","23.95","15.92","17.29","","","","",""
"2023-06-06","2023157","9:24","20.0","51.4501","24.0","","","13.0","","7.9","93","","37","","24.25","15.76","17.54","","","","",""
"2023-06-06","2023157","9:24","20.0","51.4501","25.0","","","14.5","","7.9","93","","53","","24.31","15.72","17.60","","","","",""
"2023-06-06","2023157","9:24","20.0","51.4501","26.0","","","16.7","","7.9","93","","98","","24.33","15.70","17.62","","","","",""
"2023-06-06","2023157","9:10","21.0","46.6266","1.0","","","17.3","","8.1","98","","29","1.68","21.76","17.68","15.23","","","","",""
"2023-06-06","2023157","9:10","21.0","46.6266","2.0","18.7","0.89","19.5","","8.2","98","","28","","21.80","17.65","15.27","","","","",""
"2023-06-06","2023157","9:10","21.0","46.6266","3.0","","","20.8","","8.1","97","","28","","21.83","17.62","15.30","","","","",""
"2023-06-06","2023157","9:10","21.0","46.6266","4.0","","","19.8","","8.1","97","","29","","21.84","17.61","15.31","","","","",""
"2023-06-06","2023157","9:10","21.0","46.6266","5.0","","","18.9","","8.1","97","","30","","21.96","17.47","15.43","","","","",""
"2023-06-06","2023157","9:10","21.0","46.6266","6.0","","","18.3","","8.1","97","","32","","22.23","17.18","15.70","","","","",""
"2023-06-06","2023157","9:10","21.0","46.6266","7.0","","","17.2","","8.1","97","","37","","22.39","17.00","15.86","","","","",""
"2023-06-06","2023157","9:10","21.0","46.6266","8.0","","","16.6","","8.1","97","","43","","22.49","16.89","15.96","","","","",""
"2023-06-06","2023157","9:10","21.0","46.6266","9.0","","","16.7","","8.1","96","","45","","22.57","16.83","16.03","","","","",""
"2023-06-06","2023157","9:10","21.0","46.6266","10.0","","","16.5","","8.1","96","","46","","22.68","16.75","16.14","","","","",""
"2023-06-06","2023157","9:10","21.0","46.6266","11.0","","","17.1","","8.1","96","","61","","22.70","16.74","16.15","","","","",""
"2023-06-06","2023157","9:10","21.0","46.6266","12.0","","","17.2","","8.1","96","","65","","22.76","16.70","16.21","","","","",""
"2023-06-06","2023157","9:10","21.0","46.6266","13.0","","","17.2","","8.1","95","","71","","22.88","16.61","16.32","","","","",""
"2023-06-06","2023157","9:10","21.0","46.6266","14.0","","","17.4","","8.0","95","","86","","22.96","16.55","16.40","","","","",""
"2023-06-06","2023157","9:10","21.0","46.6266","15.0","","","17.3","","7.9","94","","98","","23.10","16.43","16.53","","","","",""
"2023-06-06","2023157","9:10","21.0","46.6266","16.0","","","16.3","","8.0","94","","104","","23.67","15.98","17.06","","","","",""
"2023-06-06","2023157","8:59","22.0","43.9210","1.0","","","18.8","","8.4","99","","26","1.75","22.48","16.82","15.97","","","","",""
"2023-06-06","2023157","8:59","22.0","43.9210","2.0","17.8","0.88","18.6","","8.4","99","21.9","26","","22.48","16.81","15.97","0.19","2.63","0.93","1.47","50.92"
"2023-06-06","2023157","8:59","22.0","43.9210","3.0","","","18.7","","8.3","99","","27","","22.48","16.81","15.98","","","","",""
"2023-06-06","2023157","8:59","22.0","43.9210","4.0","","","18.0","","8.3","99","","27","","22.49","16.79","15.98","","","","",""
"2023-06-06","2023157","8:59","22.0","43.9210","5.0","","","17.3","","8.4","99","","28","","22.51","16.76","16.01","","","","",""
"2023-06-06","2023157","8:59","22.0","43.9210","6.0","","","16.7","","8.4","99","","30","","22.53","16.72","16.03","","","","",""
"2023-06-06","2023157","8:59","22.0","43.9210","7.0","","","16.5","","8.4","99","","30","","22.55","16.65","16.06","","","","",""
"2023-06-06","2023157","8:59","22.0","43.9210","8.0","","","16.0","","8.4","99","","29","","22.57","16.60","16.08","","","","",""
"2023-06-06","2023157","8:59","22.0","43.9210","9.0","","","16.0","","8.4","99","","28","","22.58","16.56","16.10","","","","",""
"2023-06-06","2023157","8:59","22.0","43.9210","10.0","","","15.6","","8.4","99","","28","","22.59","16.55","16.11","","","","",""
"2023-06-06","2023157","8:59","22.0","43.9210","11.0","","","15.6","","8.4","99","","28","","22.61","16.54","16.13","","","","",""
"2023-06-06","2023157","8:59","22.0","43.9210","12.0","","","15.8","","8.3","98","","28","","22.65","16.52","16.16","","","","",""
"2023-06-06","2023157","8:59","22.0","43.9210","13.0","","","15.7","","8.3","98","","30","","22.75","16.45","16.26","","","","",""
"2023-06-06","2023157","8:59","22.0","43.9210","14.0","","","15.3","","8.3","97","","33","","22.81","16.41","16.31","","","","",""
"2023-06-06","2023157","8:59","22.0","43.9210","15.0","","","15.6","","8.3","97","","39","","22.86","16.38","16.35","","","","",""
"2023-06-06","2023157","8:59","22.0","43.9210","16.0","","","15.8","","8.2","97","","42","","22.89","16.36","16.38","","","","",""
"2023-06-06","2023157","8:59","22.0","43.9210","17.0","","","16.3","","8.2","97","","46","","22.95","16.32","16.43","","","","",""
"2023-06-06","2023157","8:59","22.0","43.9210","18.0","17.3","0.76","17.0","","8.2","97","56.2","51","","22.99","16.29","16.47","","","","",""
"2023-06-06","2023157","8:47","23.0","39.6557","1.0","","","20.3","","8.4","100","","34","2.43","22.27","17.10","15.75","","","","",""
"2023-06-06","2023157","8:47","23.0","39.6557","2.0","","","20.3","","8.4","100","","35","","22.27","17.09","15.76","","","","",""
"2023-06-06","2023157","8:47","23.0","39.6557","3.0","","","21.1","","8.4","100","","35","","22.27","17.09","15.75","","","","",""
"2023-06-06","2023157","8:47","23.0","39.6557","4.0","","","20.7","","8.4","100","","36","","22.27","17.10","15.75","","","","",""
"2023-06-06","2023157","8:47","23.0","39.6557","5.0","","","19.9","","8.4","99","","36","","22.27","17.09","15.75","","","","",""
"2023-06-06","2023157","8:47","23.0","39.6557","6.0","","","19.4","","8.4","99","","39","","22.27","17.09","15.75","","","","",""
"2023-06-06","2023157","8:47","23.0","39.6557","7.0","","","18.2","","8.3","99","","42","","22.27","17.09","15.75","","","","",""
"2023-06-06","2023157","8:47","23.0","39.6557","8.0","","","18.2","","8.3","99","","45","","22.27","17.09","15.75","","","","",""
"2023-06-06","2023157","8:47","23.0","39.6557","9.0","","","17.9","","8.3","99","","47","","22.27","17.09","15.75","","","","",""
"2023-06-06","2023157","8:47","23.0","39.6557","10.0","","","17.9","","8.3","99","","48","","22.27","17.10","15.75","","","","",""
"2023-06-06","2023157","8:47","23.0","39.6557","11.0","","","17.9","","8.3","99","","48","","22.27","17.09","15.75","","","","",""
"2023-06-06","2023157","8:47","23.0","39.6557","12.0","","","18.0","","8.3","99","","58","","22.27","17.10","15.75","","","","",""
"2023-06-06","2023157","8:47","23.0","39.6557","13.0","","","17.9","","8.3","98","","63","","22.27","17.09","15.75","","","","",""
"2023-06-06","2023157","8:47","23.0","39.6557","14.0","","","19.2","","8.3","98","","85","","22.27","17.08","15.75","","","","",""
"2023-06-06","2023157","8:36","24.0","37.0911","1.0","","","19.4","","8.3","99","","38","2.01","22.11","17.39","15.57","","","","",""
"2023-06-06","2023157","8:36","24.0","37.0911","2.0","18.8","0.82","19.3","","8.3","99","38.9","39","","22.11","17.39","15.57","0.06","0.89","","1.45","44.86"
"2023-06-06","2023157","8:36","24.0","37.0911","3.0","","","19.2","","8.3","99","","42","","22.11","17.39","15.57","","","","",""
"2023-06-06","2023157","8:36","24.0","37.0911","4.0","","","18.4","","8.3","99","","42","","22.12","17.38","15.57","","","","",""
"2023-06-06","2023157","8:36","24.0","37.0911","5.0","","","18.2","","8.3","99","","46","","22.14","17.35","15.59","","","","",""
"2023-06-06","2023157","8:36","24.0","37.0911","6.0","","","18.6","","8.3","99","","57","","22.14","17.33","15.60","","","","",""
"2023-06-06","2023157","8:36","24.0","37.0911","7.0","","","18.5","","8.3","99","","63","","22.14","17.33","15.60","","","","",""
"2023-06-06","2023157","8:36","24.0","37.0911","8.0","19.9","0.75","18.8","","8.3","99","80.0","71","","22.15","17.31","15.61","","","","",""
"2023-06-06","2023157","8:26","25.0","32.8382","1.0","","","18.5","","7.6","92","","67","3.82","21.30","18.41","14.72","","","","",""
"2023-06-06","2023157","8:26","25.0","32.8382","2.0","","","19.0","","7.6","92","","67","","21.30","18.40","14.72","","","","",""
"2023-06-06","2023157","8:26","25.0","32.8382","3.0","","","19.8","","7.6","92","","72","","21.31","18.39","14.73","","","","",""
"2023-06-06","2023157","8:26","25.0","32.8382","4.0","","","19.5","","7.6","92","","80","","21.32","18.38","14.74","","","","",""
"2023-06-06","2023157","8:26","25.0","32.8382","5.0","","","18.2","","7.6","92","","106","","21.33","18.38","14.75","","","","",""
"2023-06-06","2023157","8:26","25.0","32.8382","6.0","","","17.7","","7.6","92","","114","","21.34","18.36","14.76","","","","",""
"2023-06-06","2023157","8:15","26.0","28.7560","1.0","","","19.1","","7.4","91","","38","2.24","20.99","18.68","14.42","","","","",""
"2023-06-06","2023157","8:15","26.0","28.7560","2.0","","","19.3","","7.4","90","","48","","21.05","18.64","14.48","","","","",""
"2023-06-06","2023157","8:15","26.0","28.7560","3.0","","","19.9","","7.4","90","","65","","21.04","18.65","14.47","","","","",""
"2023-06-06","2023157","8:15","26.0","28.7560","4.0","","","20.1","","7.4","90","","65","","21.07","18.63","14.49","","","","",""
"2023-06-06","2023157","8:15","26.0","28.7560","5.0","","","20.9","","7.4","90","","69","","21.07","18.63","14.49","","","","",""
"2023-06-06","2023157","8:15","26.0","28.7560","6.0","","","20.9","","7.4","90","","70","","21.07","18.63","14.49","","","","",""
"2023-06-06","2023157","8:15","26.0","28.7560","7.0","","","20.0","","7.4","90","","72","","21.07","18.62","14.50","","","","",""
"2023-06-06","2023157","8:15","26.0","28.7560","8.0","","","18.3","","7.4","90","","75","","21.08","18.62","14.50","","","","",""
"2023-06-06","2023157","8:15","26.0","28.7560","9.0","","","17.3","","7.4","90","","77","","21.09","18.61","14.52","","","","",""
"2023-06-06","2023157","8:07","27.0","26.1872","1.0","","","17.1","","7.5","92","","34","2.15","20.46","19.12","13.92","","","","",""
"2023-06-06","2023157","8:07","27.0","26.1872","2.0","16.6","0.85","16.9","","7.5","92","31.0","34","","20.48","19.11","13.94","0.08","0.46","","3.80","31.33"
"2023-06-06","2023157","8:07","27.0","26.1872","3.0","","","17.7","","7.5","92","","37","","20.51","19.09","13.96","","","","",""
"2023-06-06","2023157","8:07","27.0","26.1872","4.0","","","18.2","","7.5","92","","43","","20.53","19.08","13.98","","","","",""
"2023-06-06","2023157","8:07","27.0","26.1872","5.0","","","18.6","","7.5","91","","50","","20.63","18.97","14.08","","","","",""
"2023-06-06","2023157","8:07","27.0","26.1872","6.0","","","19.6","","7.5","91","","65","","20.70","18.90","14.15","","","","",""
"2023-06-06","2023157","8:07","27.0","26.1872","7.0","","","20.6","","7.5","91","","106","","20.72","18.87","14.17","","","","",""
"2023-06-06","2023157","8:07","27.0","26.1872","8.0","","","22.5","","7.5","91","","182","","20.74","18.85","14.19","","","","",""
"2023-06-06","2023157","8:07","27.0","26.1872","9.0","23.9","0.46","24.3","","7.5","91","","270","","20.74","18.84","14.20","","","","",""
"2023-06-06","2023157","7:52","28.0","23.5695","1.0","","","16.3","","7.5","92","","44","2.47","20.30","19.28","13.76","","","","",""
"2023-06-06","2023157","7:52","28.0","23.5695","2.0","","","17.1","","7.5","92","","46","","20.31","19.28","13.77","","","","",""
"2023-06-06","2023157","7:52","28.0","23.5695","3.0","","","17.6","","7.5","92","","52","","20.33","19.27","13.78","","","","",""
"2023-06-06","2023157","7:52","28.0","23.5695","4.0","","","17.9","","7.5","92","","57","","20.35","19.25","13.80","","","","",""
"2023-06-06","2023157","7:52","28.0","23.5695","5.0","","","18.1","","7.5","92","","65","","20.37","19.22","13.83","","","","",""
"2023-06-06","2023157","7:52","28.0","23.5695","6.0","","","18.2","","7.5","92","","71","","20.39","19.20","13.84","","","","",""
"2023-06-06","2023157","7:52","28.0","23.5695","7.0","","","18.2","","7.6","93","","78","","20.42","19.16","13.88","","","","",""
"2023-06-06","2023157","7:52","28.0","23.5695","8.0","","","19.1","","7.6","93","","83","","20.46","19.12","13.92","","","","",""
"2023-06-06","2023157","7:52","28.0","23.5695","9.0","","","19.8","","7.6","93","","97","","20.48","19.09","13.94","","","","",""
"2023-06-06","2023157","7:52","28.0","23.5695","10.0","","","20.4","","7.6","93","","114","","20.49","19.08","13.95","","","","",""
"2023-06-06","2023157","7:52","28.0","23.5695","11.0","","","20.5","","7.6","93","","144","","20.50","19.07","13.96","","","","",""
"2023-06-06","2023157","7:52","28.0","23.5695","12.0","","","21.8","","7.6","93","","170","","20.50","19.07","13.96","","","","",""
"2023-06-06","2023157","7:42","29.0","20.2526","1.0","","","14.1","","7.3","90","","33","1.64","20.12","19.53","13.56","","","","",""
"2023-06-06","2023157","7:42","29.0","20.2526","2.0","","","13.8","","7.3","90","","35","","20.15","19.47","13.60","","","","",""
"2023-06-06","2023157","7:42","29.0","20.2526","3.0","","","14.6","","7.3","90","","42","","20.18","19.42","13.64","","","","",""
"2023-06-06","2023157","7:42","29.0","20.2526","4.0","","","15.2","","7.3","90","","54","","20.19","19.40","13.65","","","","",""
"2023-06-06","2023157","7:42","29.0","20.2526","5.0","","","15.5","","7.3","90","","62","","20.22","19.38","13.67","","","","",""
"2023-06-06","2023157","7:42","29.0","20.2526","6.0","","","15.7","","7.3","90","","71","","20.24","19.37","13.69","","","","",""
"2023-06-06","2023157","7:42","29.0","20.2526","7.0","","","15.9","","7.4","90","","76","","20.28","19.34","13.73","","","","",""
"2023-06-06","2023157","7:42","29.0","20.2526","8.0","","","16.2","","7.4","91","","91","","20.35","19.28","13.80","","","","",""
"2023-06-06","2023157","7:42","29.0","20.2526","9.0","","","16.9","","7.4","91","","123","","20.37","19.27","13.81","","","","",""
"2023-06-06","2023157","7:42","29.0","20.2526","10.0","","","17.5","","7.4","91","","140","","20.38","19.25","13.83","","","","",""
"2023-06-06","2023157","7:42","29.0","20.2526","11.0","","","17.8","","7.4","91","","169","","20.40","19.24","13.84","","","","",""
"2023-06-06","2023157","7:42","29.0","20.2526","12.0","","","18.2","","7.4","91","","212","","20.40","19.24","13.84","","","","",""
"2023-06-06","2023157","7:42","29.0","20.2526","13.0","","","19.6","","7.4","91","","251","","20.40","19.23","13.84","","","","",""
"2023-06-06","2023157","7:26","30.0","14.7543","1.0","","","10.2","","7.2","89","","69","3.52","19.63","19.65","13.16","","","","",""
"2023-06-06","2023157","7:26","30.0","14.7543","2.0","10.9","0.74","10.8","","7.2","89","64.9","75","","19.73","19.60","13.25","0.19","2.32","1.07","5.21","39.88"
"2023-06-06","2023157","7:26","30.0","14.7543","3.0","","","11.7","","7.2","89","","92","","19.75","19.58","13.27","","","","",""
"2023-06-06","2023157","7:26","30.0","14.7543","4.0","","","12.9","","7.2","89","","94","","19.78","19.57","13.30","","","","",""
"2023-06-06","2023157","7:26","30.0","14.7543","5.0","","","13.9","","7.2","89","","98","","19.82","19.54","13.33","","","","",""
"2023-06-06","2023157","7:26","30.0","14.7543","6.0","","","14.7","","7.3","89","","99","","20.01","19.40","13.51","","","","",""
"2023-06-06","2023157","7:26","30.0","14.7543","7.0","","","13.7","","7.3","89","","96","","20.09","19.34","13.59","","","","",""
"2023-06-06","2023157","7:26","30.0","14.7543","8.0","","","13.7","","7.3","89","","95","","20.14","19.30","13.63","","","","",""
"2023-06-06","2023157","7:26","30.0","14.7543","9.0","13.9","0.67","13.6","","7.3","89","100.7","94","","20.17","19.26","13.67","","","","",""
"2023-06-06","2023157","7:13","31.0","10.6065","1.0","","","4.6","","6.6","82","","66","3.01","18.50","20.26","12.16","","","","",""
"2023-06-06","2023157","7:13","31.0","10.6065","2.0","","","4.4","","6.6","82","","69","","18.57","20.23","12.22","","","","",""
"2023-06-06","2023157","7:13","31.0","10.6065","3.0","","","4.7","","6.6","82","","75","","18.59","20.21","12.24","","","","",""
"2023-06-06","2023157","7:13","31.0","10.6065","4.0","","","5.0","","6.6","82","","87","","18.64","20.17","12.29","","","","",""
"2023-06-06","2023157","7:13","31.0","10.6065","5.0","","","5.3","","6.6","82","","107","","18.67","20.15","12.31","","","","",""
"2023-06-06","2023157","7:13","31.0","10.6065","6.0","","","5.5","","6.6","82","","131","","18.70","20.14","12.34","","","","",""
"2023-06-06","2023157","7:13","31.0","10.6065","7.0","","","5.6","","6.7","82","","158","","18.73","20.13","12.37","","","","",""
"2023-06-06","2023157","7:13","31.0","10.6065","8.0","","","6.0","","6.7","82","","190","","18.83","20.11","12.45","","","","",""
"2023-06-06","2023157","7:13","31.0","10.6065","9.0","","","6.7","","6.7","83","","257","","18.95","20.08","12.55","","","","",""
"2023-06-06","2023157","7:13","31.0","10.6065","10.0","","","7.2","","6.7","83","","323","","19.06","20.05","12.64","","","","",""
"2023-06-06","2023157","7:04","32.0","8.1507","1.0","","","4.4","","6.4","79","","88","3.62","17.97","20.32","11.75","","","","",""
"2023-06-06","2023157","7:04","32.0","8.1507","2.0","3.9","0.46","4.2","","6.3","77","98.4","89","","18.00","20.30","11.77","0.89","15.99","3.78","7.19","60.17"
"2023-06-06","2023157","7:04","32.0","8.1507","3.0","","","5.4","","6.3","77","","105","","18.09","20.21","11.86","","","","",""
"2023-06-06","2023157","7:04","32.0","8.1507","4.0","","","5.5","","6.3","77","","172","","18.10","20.19","11.87","","","","",""
"2023-06-06","2023157","7:04","32.0","8.1507","5.0","","","5.6","","6.3","77","","191","","18.10","20.20","11.87","","","","",""
"2023-06-06","2023157","7:04","32.0","8.1507","6.0","","","5.6","","6.3","77","","197","","18.10","20.19","11.88","","","","",""
"2023-06-06","2023157","7:04","32.0","8.1507","7.0","","","5.5","","6.2","77","","205","","18.10","20.18","11.88","","","","",""
"2023-06-06","2023157","7:04","32.0","8.1507","8.0","5.2","0.29","5.4","","6.3","77","","208","","18.11","20.18","11.89","","","","",""
"2023-06-06","2023157","6:55","33.0","6.8085","1.0","","","4.4","","6.5","80","","115","5.15","17.62","20.49","11.44","","","","",""
"2023-06-06","2023157","6:55","33.0","6.8085","2.0","3.9","0.64","4.4","","6.5","80","","126","","17.69","20.46","11.50","","","","",""
"2023-06-06","2023157","6:55","33.0","6.8085","3.0","","","4.4","","6.4","80","","142","","17.70","20.44","11.52","","","","",""
"2023-06-06","2023157","6:55","33.0","6.8085","4.0","","","4.4","","6.4","79","","155","","17.73","20.40","11.54","","","","",""
"2023-06-06","2023157","6:55","33.0","6.8085","5.0","","","4.5","","6.2","77","","165","","17.76","20.35","11.58","","","","",""
"2023-06-06","2023157","6:55","33.0","6.8085","6.0","","","4.6","","5.9","73","","178","","17.78","20.30","11.61","","","","",""
"2023-06-06","2023157","6:55","33.0","6.8085","7.0","","","5.0","","5.8","71","","192","","17.86","20.14","11.71","","","","",""
"2023-06-06","2023157","6:55","33.0","6.8085","8.0","","","5.4","","5.7","70","","222","","17.92","20.07","11.77","","","","",""
"2023-06-06","2023157","6:55","33.0","6.8085","9.0","","","5.4","","5.6","69","","253","","17.95","20.03","11.80","","","","",""
"2023-06-06","2023157","6:55","33.0","6.8085","10.0","","","5.7","","5.6","68","","278","","18.01","19.97","11.86","","","","",""
"2023-06-06","2023157","6:55","33.0","6.8085","11.0","","","6.4","","5.6","69","","331","","18.03","19.96","11.88","","","","",""
"2023-06-06","2023157","6:45","34.0","3.5290","1.0","","","5.5","","6.2","76","","357","","17.71","20.19","11.58","","","","",""
"2023-06-06","2023157","6:45","34.0","3.5290","2.0","4.7","0.27","5.3","","6.2","76","353.4","354","","17.72","20.19","11.59","1.14","18.56","4.64","7.20","66.58"
"2023-06-06","2023157","6:45","34.0","3.5290","3.0","","","5.3","","6.1","75","","331","","17.82","20.15","11.67","","","","",""
"2023-06-06","2023157","6:45","34.0","3.5290","4.0","","","4.8","","6.1","74","","318","","17.86","20.11","11.72","","","","",""
"2023-06-06","2023157","6:45","34.0","3.5290","5.0","","","4.6","","6.0","74","","311","","17.89","20.08","11.74","","","","",""
"2023-06-06","2023157","6:45","34.0","3.5290","6.0","","","4.7","","5.5","68","","303","","17.89","20.08","11.75","","","","",""
"2023-06-06","2023157","6:45","34.0","3.5290","7.0","","","4.9","","4.8","59","","316","","17.90","19.84","11.81","","","","",""
"2023-06-06","2023157","6:45","34.0","3.5290","8.0","","","6.8","","4.8","58","","440","","17.89","19.52","11.88","","","","",""
"2023-06-06","2023157","6:45","34.0","3.5290","9.0","8.0","0.25","7.4","","4.8","58","","508","","17.89","19.49","11.88","","","","",""
"2023-06-06","2023157","14:15","649.0","132.9388","1.0","","","2.5","","9.2","98","","14","1.36","0.04","18.57","","","","","",""
"2023-06-06","2023157","14:15","649.0","132.9388","2.0","2.6","0.63","2.5","","9.2","98","18.3","14","","0.04","18.55","","0.11","9.85","1.64","1.19","248.17"
"2023-06-06","2023157","14:15","649.0","132.9388","3.0","","","2.6","","9.2","98","","14","","0.04","18.52","","","","","",""
"2023-06-06","2023157","14:15","649.0","132.9388","4.0","","","2.7","","9.2","98","","18","","0.04","18.51","","","","","",""
"2023-06-06","2023157","14:15","649.0","132.9388","5.0","","","2.7","","9.2","98","","19","","0.04","18.51","","","","","",""
"2023-06-06","2023157","14:15","649.0","132.9388","6.0","","","2.8","","9.2","98","","19","","0.04","18.51","","","","","",""
"2023-06-06","2023157","14:15","649.0","132.9388","7.0","","","3.1","","9.2","98","","20","","0.04","18.51","","","","","",""
"2023-06-06","2023157","14:15","649.0","132.9388","8.0","","","2.8","","9.2","98","","21","","0.04","18.51","","","","","",""
"2023-06-06","2023157","14:15","649.0","132.9388","9.0","","","2.8","","9.2","98","","22","","0.04","18.51","","","","","",""
"2023-06-06","2023157","14:15","649.0","132.9388","10.0","","","2.9","","9.2","98","","23","","0.04","18.51","","","","","",""
"2023-06-06","2023157","14:15","649.0","132.9388","11.0","2.7","0.57","2.9","","9.2","98","26.4","23","","0.04","18.51","","","","","",""
"2023-06-06","2023157","14:59","657.0","147.2548","1.0","","","2.5","","8.9","95","","19","1.42","0.04","18.36","","","","","",""
"2023-06-06","2023157","14:59","657.0","147.2548","2.0","2.5","0.55","2.7","","8.9","95","22.4","19","","0.04","18.35","","0.11","8.50","2.00","1.41","216.84"
"2023-06-06","2023157","14:59","657.0","147.2548","3.0","","","2.7","","8.9","95","","19","","0.04","18.32","","","","","",""
"2023-06-06","2023157","14:59","657.0","147.2548","4.0","","","2.8","","8.9","95","","20","","0.04","18.31","","","","","",""
"2023-06-06","2023157","14:59","657.0","147.2548","5.0","","","2.8","","8.9","95","","22","","0.04","18.31","","","","","",""
"2023-06-06","2023157","14:59","657.0","147.2548","6.0","","","2.7","","8.9","95","","23","","0.04","18.32","","","","","",""
"2023-06-06","2023157","14:59","657.0","147.2548","7.0","","","2.7","","8.9","95","","22","","0.04","18.32","","","","","",""
"2023-06-06","2023157","14:59","657.0","147.2548","8.0","","","2.8","","8.9","95","","22","","0.04","18.31","","","","","",""
"2023-06-06","2023157","14:59","657.0","147.2548","9.0","","","2.8","","8.9","95","","23","","0.04","18.31","","","","","",""
"2023-06-06","2023157","14:59","657.0","147.2548","10.0","2.6","0.51","2.7","","8.9","95","20.8","23","","0.04","18.31","","","","","",""
"2023-07-10","2023191","14:52","2.0","127.7053","1.0","","","4.0","","8.9","99","","20","2.16","0.21","20.78","","","","","",""
"2023-07-10","2023191","14:52","2.0","127.7053","2.0","","","5.7","","8.8","99","","19","","0.21","20.76","","","","","",""
"2023-07-10","2023191","14:52","2.0","127.7053","3.0","","","5.8","","8.9","99","","20","","0.21","20.68","","","","","",""
"2023-07-10","2023191","14:52","2.0","127.7053","4.0","","","6.0","","8.9","99","","23","","0.21","20.68","","","","","",""
"2023-07-10","2023191","14:52","2.0","127.7053","5.0","","","6.1","","8.9","99","","23","","0.21","20.68","","","","","",""
"2023-07-10","2023191","14:52","2.0","127.7053","6.0","","","6.3","","8.9","99","","22","","0.21","20.68","","","","","",""
"2023-07-10","2023191","14:52","2.0","127.7053","7.0","","","6.3","","8.9","99","","23","","0.21","20.68","","","","","",""
"2023-07-10","2023191","14:52","2.0","127.7053","8.0","","","6.3","","8.9","99","","22","","0.21","20.68","","","","","",""
"2023-07-10","2023191","14:52","2.0","127.7053","9.0","","","6.4","","8.9","99","","20","","0.22","20.69","","","","","",""
"2023-07-10","2023191","14:52","2.0","127.7053","10.0","","","6.4","","8.9","99","","21","","0.22","20.69","","","","","",""
"2023-07-10","2023191","14:39","3.0","125.3243","1.0","","","6.5","","8.9","99","","38","2.61","0.40","20.33","","","","","",""
"2023-07-10","2023191","14:39","3.0","125.3243","2.0","5.6","0.61","6.5","","8.9","98","32.2","37","","0.40","20.30","","0.14","8.28","1.93","1.86","193.69"
"2023-07-10","2023191","14:39","3.0","125.3243","3.0","","","6.5","","8.8","98","","43","","0.41","20.28","","","","","",""
"2023-07-10","2023191","14:39","3.0","125.3243","4.0","","","6.6","","8.8","98","","46","","0.41","20.27","","","","","",""
"2023-07-10","2023191","14:39","3.0","125.3243","5.0","","","6.9","","8.8","98","","49","","0.42","20.25","","","","","",""
"2023-07-10","2023191","14:39","3.0","125.3243","6.0","","","6.9","","8.9","98","","52","","0.43","20.22","","","","","",""
"2023-07-10","2023191","14:39","3.0","125.3243","7.0","","","7.1","","8.8","98","","60","","0.43","20.22","","","","","",""
"2023-07-10","2023191","14:39","3.0","125.3243","8.0","","","7.2","","8.9","98","","63","","0.44","20.21","","","","","",""
"2023-07-10","2023191","14:39","3.0","125.3243","9.0","","","7.3","","8.9","98","","68","","0.45","20.20","","","","","",""
"2023-07-10","2023191","14:39","3.0","125.3243","10.0","","","7.1","","8.8","98","","69","","0.45","20.20","","","","","",""
"2023-07-10","2023191","14:39","3.0","125.3243","11.0","","","7.1","","8.9","98","","74","","0.45","20.20","","","","","",""
"2023-07-10","2023191","14:39","3.0","125.3243","12.0","6.5","0.51","7.1","","8.9","98","82.9","80","","0.45","20.20","","","","","",""
"2023-07-10","2023191","14:22","4.0","119.8957","1.0","","","5.9","","9.0","100","","12","2.18","0.74","20.22","","","","","",""
"2023-07-10","2023191","14:22","4.0","119.8957","2.0","","","6.8","","9.0","100","","14","","0.76","20.14","","","","","",""
"2023-07-10","2023191","14:22","4.0","119.8957","3.0","","","6.8","","8.9","99","","19","","0.75","20.19","","","","","",""
"2023-07-10","2023191","14:22","4.0","119.8957","4.0","","","6.9","","8.9","99","","18","","0.75","20.15","","","","","",""
"2023-07-10","2023191","14:22","4.0","119.8957","5.0","","","7.0","","8.9","99","","21","","0.77","20.11","","","","","",""
"2023-07-10","2023191","14:22","4.0","119.8957","6.0","","","7.3","","8.9","99","","24","","0.78","20.06","","","","","",""
"2023-07-10","2023191","14:22","4.0","119.8957","7.0","","","7.4","","8.9","99","","28","","0.78","20.06","","","","","",""
"2023-07-10","2023191","14:22","4.0","119.8957","8.0","","","7.5","","8.9","99","","30","","0.78","20.08","","","","","",""
"2023-07-10","2023191","14:22","4.0","119.8957","9.0","","","7.5","","8.9","99","","31","","0.78","20.07","","","","","",""
"2023-07-10","2023191","14:22","4.0","119.8957","10.0","","","7.7","","8.9","99","","33","","0.81","20.00","","","","","",""
"2023-07-10","2023191","14:22","4.0","119.8957","11.0","","","7.7","","8.9","99","","37","","0.79","20.05","","","","","",""
"2023-07-10","2023191","14:22","4.0","119.8957","12.0","","","7.7","","8.9","99","","34","","0.81","20.00","","","","","",""
"2023-07-10","2023191","14:22","4.0","119.8957","13.0","","","7.9","","8.9","99","","40","","0.81","19.97","","","","","",""
"2023-07-10","2023191","14:22","4.0","119.8957","14.0","","","7.8","","8.9","99","","44","","0.82","19.97","","","","","",""
"2023-07-10","2023191","14:22","4.0","119.8957","15.0","","","7.8","","8.9","99","","45","","0.82","19.97","","","","","",""
"2023-07-10","2023191","14:22","4.0","119.8957","16.0","","","7.8","","8.9","98","","46","","0.82","19.97","","","","","",""
"2023-07-10","2023191","14:22","4.0","119.8957","17.0","","","7.8","","8.9","99","","47","","0.82","19.96","","","","","",""
"2023-07-10","2023191","14:07","5.0","115.6252","1.0","","","7.1","","9.0","99","","7","2.12","1.26","19.76","","","","","",""
"2023-07-10","2023191","14:07","5.0","115.6252","2.0","","","8.2","","9.0","99","","9","","1.28","19.74","","","","","",""
"2023-07-10","2023191","14:07","5.0","115.6252","3.0","","","7.5","","9.0","99","","10","","1.33","19.71","","","","","",""
"2023-07-10","2023191","14:07","5.0","115.6252","4.0","","","8.0","","9.0","99","","16","","1.39","19.66","","","","","",""
"2023-07-10","2023191","14:07","5.0","115.6252","5.0","","","8.2","","9.0","99","","17","","1.40","19.66","","","","","",""
"2023-07-10","2023191","14:07","5.0","115.6252","6.0","","","8.6","","9.0","99","","18","","1.42","19.65","","","","","",""
"2023-07-10","2023191","14:07","5.0","115.6252","7.0","","","9.1","","9.0","99","","23","","1.44","19.64","","","","","",""
"2023-07-10","2023191","14:07","5.0","115.6252","8.0","","","9.4","","9.0","99","","29","","1.49","19.64","","","","","",""
"2023-07-10","2023191","14:07","5.0","115.6252","9.0","","","10.0","","9.0","99","","44","","1.52","19.63","","","","","",""
"2023-07-10","2023191","14:07","5.0","115.6252","10.0","","","10.2","","9.0","99","","57","","1.53","19.63","","","","","",""
"2023-07-10","2023191","14:07","5.0","115.6252","11.0","","","9.8","","9.0","99","","64","","1.52","19.63","","","","","",""
"2023-07-10","2023191","13:47","6.0","110.8977","1.0","","","10.2","","9.2","103","","9","2.60","2.51","20.04","0.11","","","","",""
"2023-07-10","2023191","13:47","6.0","110.8977","2.0","11.5","0.80","10.2","","9.2","102","27.1","19","","2.56","19.91","0.17","0.21","5.24","1.71","1.76","174.11"
"2023-07-10","2023191","13:47","6.0","110.8977","3.0","","","10.2","","9.1","102","","28","","2.63","19.78","0.26","","","","",""
"2023-07-10","2023191","13:47","6.0","110.8977","4.0","","","10.4","","9.1","102","","43","","2.65","19.75","0.28","","","","",""
"2023-07-10","2023191","13:47","6.0","110.8977","5.0","","","10.3","","9.1","102","","48","","2.66","19.74","0.28","","","","",""
"2023-07-10","2023191","13:47","6.0","110.8977","6.0","","","10.3","","9.1","102","","51","","2.68","19.72","0.31","","","","",""
"2023-07-10","2023191","13:47","6.0","110.8977","7.0","","","10.3","","9.1","102","","59","","2.68","19.71","0.31","","","","",""
"2023-07-10","2023191","13:47","6.0","110.8977","8.0","","","10.5","","9.1","101","","61","","2.68","19.71","0.31","","","","",""
"2023-07-10","2023191","13:47","6.0","110.8977","9.0","","","10.5","","9.1","101","","61","","2.71","19.67","0.33","","","","",""
"2023-07-10","2023191","13:47","6.0","110.8977","10.0","","","11.1","","9.1","101","","68","","2.72","19.65","0.35","","","","",""
"2023-07-10","2023191","13:47","6.0","110.8977","11.0","11.0","0.63","11.1","","9.1","101","80.4","75","","2.74","19.63","0.37","","","","",""
"2023-07-10","2023191","13:27","7.0","104.9810","1.0","","","4.8","","8.8","99","","18","1.54","5.17","19.33","2.27","","","","",""
"2023-07-10","2023191","13:27","7.0","104.9810","2.0","","","4.9","","8.8","98","24.4","19","","6.02","19.14","2.96","","","","",""
"2023-07-10","2023191","13:27","7.0","104.9810","3.0","","","4.7","","8.7","98","","21","","6.24","19.10","3.13","","","","",""
"2023-07-10","2023191","13:27","7.0","104.9810","4.0","","","4.0","","8.7","98","","23","","6.47","19.07","3.32","","","","",""
"2023-07-10","2023191","13:27","7.0","104.9810","5.0","","","3.8","","8.7","98","","23","","6.54","19.07","3.37","","","","",""
"2023-07-10","2023191","13:27","7.0","104.9810","6.0","","","3.9","","8.6","97","","26","","6.57","19.07","3.39","","","","",""
"2023-07-10","2023191","13:27","7.0","104.9810","7.0","","","4.1","","8.6","97","","28","","6.71","19.07","3.50","","","","",""
"2023-07-10","2023191","13:27","7.0","104.9810","8.0","","","4.1","","8.5","96","","36","","7.08","19.05","3.79","","","","",""
"2023-07-10","2023191","13:27","7.0","104.9810","9.0","","","4.0","","8.5","96","","39","","7.62","19.02","4.20","","","","",""
"2023-07-10","2023191","13:27","7.0","104.9810","10.0","","","3.6","","8.4","96","","39","","8.07","18.99","4.55","","","","",""
"2023-07-10","2023191","13:27","7.0","104.9810","11.0","","","3.4","","8.4","95","","37","","8.20","18.99","4.65","","","","",""
"2023-07-10","2023191","13:27","7.0","104.9810","12.0","","","3.9","","8.4","96","","41","","8.39","18.98","4.79","","","","",""
"2023-07-10","2023191","13:27","7.0","104.9810","13.0","","","4.2","","8.4","95","","51","","8.40","18.98","4.80","","","","",""
"2023-07-10","2023191","13:27","7.0","104.9810","14.0","","","4.0","","8.4","96","","52","","8.39","18.98","4.79","","","","",""
"2023-07-10","2023191","13:08","8.0","99.7699","1.0","","","6.8","","9.2","105","","17","1.57","6.87","19.73","3.48","","","","",""
"2023-07-10","2023191","13:08","8.0","99.7699","2.0","","","7.0","","9.1","104","14.7","17","","6.90","19.65","3.52","","","","",""
"2023-07-10","2023191","13:08","8.0","99.7699","3.0","","","6.6","","9.0","103","","18","","6.95","19.50","3.59","","","","",""
"2023-07-10","2023191","13:08","8.0","99.7699","4.0","","","5.7","","8.8","100","","17","","7.08","19.37","3.72","","","","",""
"2023-07-10","2023191","13:08","8.0","99.7699","5.0","","","4.6","","8.6","98","","16","","7.69","19.10","4.24","","","","",""
"2023-07-10","2023191","13:08","8.0","99.7699","6.0","","","3.4","","8.5","97","","16","","8.35","18.98","4.77","","","","",""
"2023-07-10","2023191","13:08","8.0","99.7699","7.0","","","3.0","","8.4","96","","17","","8.96","18.95","5.23","","","","",""
"2023-07-10","2023191","13:08","8.0","99.7699","8.0","","","2.6","","8.4","96","","18","","9.29","18.92","5.49","","","","",""
"2023-07-10","2023191","13:08","8.0","99.7699","9.0","","","2.4","","8.3","95","","18","","9.91","18.90","5.96","","","","",""
"2023-07-10","2023191","13:08","8.0","99.7699","10.0","","","2.2","","8.3","95","","18","","10.56","18.90","6.46","","","","",""
"2023-07-10","2023191","13:08","8.0","99.7699","11.0","","","2.2","","8.2","95","","18","","11.32","18.91","7.03","","","","",""
"2023-07-10","2023191","13:08","8.0","99.7699","12.0","","","2.2","","8.2","95","","18","","11.74","18.92","7.34","","","","",""
"2023-07-10","2023191","13:08","8.0","99.7699","13.0","","","2.4","","8.2","95","","23","","11.98","18.92","7.53","","","","",""
"2023-07-10","2023191","13:08","8.0","99.7699","14.0","","","2.7","","8.1","95","","35","","12.12","18.93","7.63","","","","",""
"2023-07-10","2023191","13:08","8.0","99.7699","15.0","","","2.9","","8.1","95","","45","","12.28","18.93","7.76","","","","",""
"2023-07-10","2023191","13:08","8.0","99.7699","16.0","","","3.1","","8.1","95","","41","","12.81","18.93","8.16","","","","",""
"2023-07-10","2023191","12:50","9.0","96.7889","1.0","","","5.6","","8.6","99","","15","1.54","9.50","19.25","5.58","","","","",""
"2023-07-10","2023191","12:50","9.0","96.7889","2.0","6.1","0.86","5.8","","8.5","98","13.6","16","","9.68","19.20","5.73","0.48","8.50","3.78","2.19","156.31"
"2023-07-10","2023191","12:50","9.0","96.7889","3.0","","","5.2","","8.4","97","","20","","9.95","19.12","5.95","","","","",""
"2023-07-10","2023191","12:50","9.0","96.7889","4.0","","","4.3","","8.4","97","","25","","10.12","19.07","6.09","","","","",""
"2023-07-10","2023191","12:50","9.0","96.7889","5.0","","","4.0","","8.4","96","","30","","10.15","19.07","6.11","","","","",""
"2023-07-10","2023191","12:50","9.0","96.7889","6.0","","","3.9","","8.4","96","","30","","10.21","19.06","6.15","","","","",""
"2023-07-10","2023191","12:50","9.0","96.7889","7.0","","","3.7","","8.3","96","","29","","10.42","19.05","6.32","","","","",""
"2023-07-10","2023191","12:50","9.0","96.7889","8.0","","","3.7","","8.3","96","","30","","10.50","19.04","6.38","","","","",""
"2023-07-10","2023191","12:50","9.0","96.7889","9.0","","","3.7","","8.3","96","","31","","10.64","19.03","6.49","","","","",""
"2023-07-10","2023191","12:50","9.0","96.7889","10.0","","","3.5","","8.3","96","","33","","10.89","19.02","6.68","","","","",""
"2023-07-10","2023191","12:50","9.0","96.7889","11.0","","","3.6","","8.2","95","","37","","11.66","18.97","7.27","","","","",""
"2023-07-10","2023191","12:50","9.0","96.7889","12.0","","","3.4","","8.1","94","","44","","12.34","18.93","7.80","","","","",""
"2023-07-10","2023191","12:50","9.0","96.7889","13.0","","","3.2","","8.1","94","","47","","12.66","18.92","8.04","","","","",""
"2023-07-10","2023191","12:50","9.0","96.7889","14.0","","","3.3","","8.1","94","","46","","13.39","18.91","8.60","","","","",""
"2023-07-10","2023191","12:50","9.0","96.7889","15.0","","","3.5","","8.0","94","","52","","14.03","18.90","9.09","","","","",""
"2023-07-10","2023191","12:50","9.0","96.7889","16.0","","","3.7","","8.0","94","","57","","14.67","18.89","9.58","","","","",""
"2023-07-10","2023191","12:50","9.0","96.7889","17.0","","","3.9","","8.0","94","","63","","14.86","18.88","9.72","","","","",""
"2023-07-10","2023191","12:50","9.0","96.7889","18.0","","","3.8","","8.0","94","","71","","14.86","18.88","9.72","","","","",""
"2023-07-10","2023191","12:50","9.0","96.7889","19.0","","","4.0","","8.0","94","","73","","14.85","18.88","9.72","","","","",""
"2023-07-10","2023191","12:50","9.0","96.7889","20.0","","","4.3","","8.0","94","","75","","14.87","18.88","9.73","","","","",""
"2023-07-10","2023191","12:50","9.0","96.7889","21.0","","","4.1","","8.0","94","","74","","14.88","18.88","9.74","","","","",""
"2023-07-10","2023191","12:50","9.0","96.7889","22.0","","","4.2","","8.0","94","","75","","14.89","18.88","9.74","","","","",""
"2023-07-10","2023191","12:50","9.0","96.7889","23.0","","","4.3","","8.0","94","","85","","14.91","18.88","9.76","","","","",""
"2023-07-10","2023191","12:50","9.0","96.7889","24.0","","","4.8","","8.0","94","","100","","15.05","18.87","9.87","","","","",""
"2023-07-10","2023191","12:50","9.0","96.7889","25.0","","","5.2","","7.9","94","","120","","15.31","18.85","10.07","","","","",""
"2023-07-10","2023191","12:50","9.0","96.7889","26.0","","","5.5","","7.9","93","","133","","15.87","18.81","10.50","","","","",""
"2023-07-10","2023191","12:50","9.0","96.7889","27.0","","","4.7","","7.9","94","","113","","17.06","18.71","11.43","","","","",""
"2023-07-10","2023191","12:39","10.0","93.5951","1.0","","","4.3","","8.4","97","","14","1.38","9.33","19.15","5.47","","","","",""
"2023-07-10","2023191","12:39","10.0","93.5951","2.0","","","3.8","","8.2","95","","15","","11.05","18.91","6.83","","","","",""
"2023-07-10","2023191","12:39","10.0","93.5951","3.0","","","2.7","","8.1","95","","20","","12.35","18.89","7.82","","","","",""
"2023-07-10","2023191","12:39","10.0","93.5951","4.0","","","2.7","","8.1","94","","21","","13.73","18.87","8.87","","","","",""
"2023-07-10","2023191","12:39","10.0","93.5951","5.0","","","3.1","","8.0","94","","19","","14.29","18.86","9.29","","","","",""
"2023-07-10","2023191","12:39","10.0","93.5951","6.0","","","3.1","","8.0","94","","19","","14.52","18.86","9.47","","","","",""
"2023-07-10","2023191","12:39","10.0","93.5951","7.0","","","3.1","","8.0","94","","21","","14.74","18.85","9.63","","","","",""
"2023-07-10","2023191","12:39","10.0","93.5951","8.0","","","3.6","","8.0","94","","26","","14.81","18.86","9.69","","","","",""
"2023-07-10","2023191","12:39","10.0","93.5951","9.0","","","3.7","","8.0","94","","33","","15.03","18.87","9.86","","","","",""
"2023-07-10","2023191","12:39","10.0","93.5951","10.0","","","4.1","","7.9","94","","40","","15.88","18.81","10.51","","","","",""
"2023-07-10","2023191","12:39","10.0","93.5951","11.0","","","4.7","","7.9","94","","39","","16.61","18.74","11.08","","","","",""
"2023-07-10","2023191","12:39","10.0","93.5951","12.0","","","5.4","","7.9","94","","44","","16.57","18.74","11.05","","","","",""
"2023-07-10","2023191","12:39","10.0","93.5951","13.0","","","5.4","","7.9","94","","44","","17.18","18.67","11.53","","","","",""
"2023-07-10","2023191","12:39","10.0","93.5951","14.0","","","4.8","","7.9","94","","42","","17.53","18.63","11.81","","","","",""
"2023-07-10","2023191","12:39","10.0","93.5951","15.0","","","4.5","","7.9","94","","37","","17.63","18.62","11.89","","","","",""
"2023-07-10","2023191","12:39","10.0","93.5951","16.0","","","4.2","","7.9","94","","31","","17.68","18.61","11.92","","","","",""
"2023-07-10","2023191","12:20","11.0","89.7672","1.0","","","3.8","","8.3","97","","12","1.24","12.89","18.90","8.22","","","","",""
"2023-07-10","2023191","12:20","11.0","89.7672","2.0","","","4.0","","8.2","96","","12","","13.52","18.84","8.72","","","","",""
"2023-07-10","2023191","12:20","11.0","89.7672","3.0","","","3.9","","8.1","95","","14","","14.68","18.76","9.61","","","","",""
"2023-07-10","2023191","12:20","11.0","89.7672","4.0","","","3.9","","8.0","95","","14","","15.27","18.73","10.07","","","","",""
"2023-07-10","2023191","12:20","11.0","89.7672","5.0","","","3.9","","8.0","95","","15","","15.86","18.70","10.52","","","","",""
"2023-07-10","2023191","12:20","11.0","89.7672","6.0","","","4.0","","8.0","94","","17","","16.48","18.65","11.00","","","","",""
"2023-07-10","2023191","12:20","11.0","89.7672","7.0","","","4.3","","7.9","94","","21","","17.00","18.61","11.41","","","","",""
"2023-07-10","2023191","12:20","11.0","89.7672","8.0","","","4.4","","7.9","94","","27","","17.53","18.56","11.82","","","","",""
"2023-07-10","2023191","12:20","11.0","89.7672","9.0","","","4.5","","7.9","94","","31","","17.80","18.54","12.03","","","","",""
"2023-07-10","2023191","12:20","11.0","89.7672","10.0","","","4.3","","7.9","94","","35","","18.07","18.51","12.24","","","","",""
"2023-07-10","2023191","12:20","11.0","89.7672","11.0","","","4.0","","7.8","93","","40","","18.43","18.48","12.52","","","","",""
"2023-07-10","2023191","12:20","11.0","89.7672","12.0","","","3.9","","7.8","93","","42","","19.60","18.33","13.44","","","","",""
"2023-07-10","2023191","12:20","11.0","89.7672","13.0","","","3.9","","7.7","93","","40","","19.95","18.27","13.73","","","","",""
"2023-07-10","2023191","12:20","11.0","89.7672","14.0","","","3.4","","7.7","92","","34","","20.51","18.18","14.17","","","","",""
"2023-07-10","2023191","12:20","11.0","89.7672","15.0","","","3.5","","7.7","92","","31","","20.70","18.14","14.33","","","","",""
"2023-07-10","2023191","12:20","11.0","89.7672","16.0","","","3.8","","7.6","92","","26","","21.00","18.09","14.57","","","","",""
"2023-07-10","2023191","12:20","11.0","89.7672","17.0","","","3.8","","7.6","92","","25","","21.27","18.05","14.78","","","","",""
"2023-07-10","2023191","12:20","11.0","89.7672","18.0","","","3.9","","7.6","91","","23","","21.57","18.00","15.02","","","","",""
"2023-07-10","2023191","12:20","11.0","89.7672","19.0","","","3.4","","7.6","91","","23","","21.60","17.99","15.04","","","","",""
"2023-07-10","2023191","12:20","11.0","89.7672","20.0","","","3.7","","7.6","91","","23","","21.64","17.98","15.08","","","","",""
"2023-07-10","2023191","12:05","12.0","84.4458","1.0","","","6.1","","8.2","98","","14","1.57","14.79","19.36","9.56","","","","",""
"2023-07-10","2023191","12:05","12.0","84.4458","2.0","","","7.1","","8.1","96","","15","","16.22","18.73","10.78","","","","",""
"2023-07-10","2023191","12:05","12.0","84.4458","3.0","","","5.8","","8.0","95","","17","","16.67","18.59","11.16","","","","",""
"2023-07-10","2023191","12:05","12.0","84.4458","4.0","","","6.5","","7.9","94","","19","","18.40","18.45","12.50","","","","",""
"2023-07-10","2023191","12:05","12.0","84.4458","5.0","","","4.6","","7.7","93","","20","","20.19","18.14","13.94","","","","",""
"2023-07-10","2023191","12:05","12.0","84.4458","6.0","","","3.8","","7.6","92","","17","","21.70","17.91","15.14","","","","",""
"2023-07-10","2023191","12:05","12.0","84.4458","7.0","","","3.3","","7.6","91","","14","","22.27","17.82","15.59","","","","",""
"2023-07-10","2023191","12:05","12.0","84.4458","8.0","","","3.0","","7.6","91","","14","","22.82","17.70","16.04","","","","",""
"2023-07-10","2023191","11:45","13.0","78.5444","1.0","","","4.6","","8.5","103","","8","1.15","18.76","18.91","12.67","","","","",""
"2023-07-10","2023191","11:45","13.0","78.5444","2.0","7.7","0.95","7.8","","8.3","100","7.8","8","","19.01","18.73","12.90","0.62","10.42","3.00","2.25","101.12"
"2023-07-10","2023191","11:45","13.0","78.5444","3.0","","","10.1","","8.2","98","","8","","19.70","18.40","13.50","","","","",""
"2023-07-10","2023191","11:45","13.0","78.5444","4.0","","","7.8","","7.9","94","","8","","20.46","18.20","14.13","","","","",""
"2023-07-10","2023191","11:45","13.0","78.5444","5.0","","","5.8","","7.6","92","","8","","21.44","18.03","14.91","","","","",""
"2023-07-10","2023191","11:45","13.0","78.5444","6.0","","","3.3","","7.6","91","","8","","23.01","17.63","16.20","","","","",""
"2023-07-10","2023191","11:45","13.0","78.5444","7.0","","","3.2","","7.6","91","","13","","23.79","17.43","16.83","","","","",""
"2023-07-10","2023191","11:45","13.0","78.5444","8.0","","","4.2","","7.6","91","","33","","23.85","17.42","16.88","","","","",""
"2023-07-10","2023191","11:45","13.0","78.5444","9.0","","","5.1","","7.6","91","","57","","23.90","17.40","16.93","","","","",""
"2023-07-10","2023191","11:45","13.0","78.5444","10.0","5.2","0.66","5.2","","7.6","91","62.2","63","","23.90","17.40","16.93","","","","",""
"2023-07-10","2023191","11:31","14.0","74.4288","1.0","","","9.8","","8.5","102","","8","1.10","20.76","18.27","14.34","","","","",""
"2023-07-10","2023191","11:31","14.0","74.4288","2.0","","","10.7","","8.4","101","","8","","20.82","18.17","14.41","","","","",""
"2023-07-10","2023191","11:31","14.0","74.4288","3.0","","","11.0","","8.2","99","","8","","20.95","18.02","14.54","","","","",""
"2023-07-10","2023191","11:31","14.0","74.4288","4.0","","","9.4","","8.1","97","","8","","21.34","17.98","14.84","","","","",""
"2023-07-10","2023191","11:31","14.0","74.4288","5.0","","","6.2","","7.8","94","","9","","21.57","17.97","15.02","","","","",""
"2023-07-10","2023191","11:31","14.0","74.4288","6.0","","","4.4","","7.6","91","","9","","22.08","17.81","15.45","","","","",""
"2023-07-10","2023191","11:31","14.0","74.4288","7.0","","","3.1","","7.5","91","","9","","24.63","17.17","17.54","","","","",""
"2023-07-10","2023191","11:31","14.0","74.4288","8.0","","","2.8","","7.5","91","","10","","25.14","17.05","17.95","","","","",""
"2023-07-10","2023191","11:31","14.0","74.4288","9.0","","","3.3","","7.5","91","","12","","25.21","17.03","18.01","","","","",""
"2023-07-10","2023191","11:31","14.0","74.4288","10.0","","","3.7","","7.5","91","","14","","25.29","17.01","18.07","","","","",""
"2023-07-10","2023191","11:31","14.0","74.4288","11.0","","","3.6","","7.5","90","","15","","25.39","16.99","18.15","","","","",""
"2023-07-10","2023191","11:31","14.0","74.4288","12.0","","","4.1","","7.4","90","","16","","25.50","16.96","18.25","","","","",""
"2023-07-10","2023191","11:31","14.0","74.4288","13.0","","","4.3","","7.4","90","","20","","25.61","16.94","18.33","","","","",""
"2023-07-10","2023191","11:31","14.0","74.4288","14.0","","","4.8","","7.4","90","","33","","25.65","16.93","18.37","","","","",""
"2023-07-10","2023191","11:31","14.0","74.4288","15.0","","","5.4","","7.4","90","","48","","25.66","16.92","18.38","","","","",""
"2023-07-10","2023191","11:13","15.0","69.9895","1.0","","","9.8","","8.7","104","","8","0.75","21.23","17.78","14.80","","","","",""
"2023-07-10","2023191","11:13","15.0","69.9895","2.0","10.3","0.91","10.6","","8.6","103","7.6","8","","21.24","17.75","14.82","0.66","10.57","3.07","2.41","94.00"
"2023-07-10","2023191","11:13","15.0","69.9895","3.0","","","11.3","","8.6","103","","8","","21.31","17.64","14.90","","","","",""
"2023-07-10","2023191","11:13","15.0","69.9895","4.0","","","11.2","","8.7","104","","8","","21.52","17.64","15.06","","","","",""
"2023-07-10","2023191","11:13","15.0","69.9895","5.0","","","10.0","","8.7","104","","8","","21.62","17.63","15.14","","","","",""
"2023-07-10","2023191","11:13","15.0","69.9895","6.0","","","10.1","","8.6","103","","8","","21.64","17.60","15.16","","","","",""
"2023-07-10","2023191","11:13","15.0","69.9895","7.0","","","9.8","","8.3","99","","7","","21.69","17.59","15.20","","","","",""
"2023-07-10","2023191","11:13","15.0","69.9895","8.0","","","9.2","","7.9","94","","7","","22.65","17.51","15.95","","","","",""
"2023-07-10","2023191","11:13","15.0","69.9895","9.0","","","5.7","","7.7","93","","7","","23.43","17.40","16.57","","","","",""
"2023-07-10","2023191","11:13","15.0","69.9895","10.0","","","3.3","","7.6","92","","7","","23.80","17.34","16.87","","","","",""
"2023-07-10","2023191","11:13","15.0","69.9895","11.0","","","2.8","","7.6","92","","7","","24.87","17.10","17.73","","","","",""
"2023-07-10","2023191","11:13","15.0","69.9895","12.0","","","2.6","","7.6","91","","7","","25.30","17.00","18.09","","","","",""
"2023-07-10","2023191","11:13","15.0","69.9895","13.0","","","2.6","","7.5","91","","7","","25.56","16.92","18.30","","","","",""
"2023-07-10","2023191","11:13","15.0","69.9895","14.0","","","2.6","","7.5","91","","7","","25.71","16.89","18.42","","","","",""
"2023-07-10","2023191","11:13","15.0","69.9895","15.0","","","2.5","","7.5","90","","8","","25.82","16.86","18.51","","","","",""
"2023-07-10","2023191","11:13","15.0","69.9895","16.0","","","2.7","","7.4","90","","9","","25.96","16.82","18.63","","","","",""
"2023-07-10","2023191","11:13","15.0","69.9895","17.0","","","3.0","","7.4","90","","20","","26.06","16.79","18.71","","","","",""
"2023-07-10","2023191","11:13","15.0","69.9895","18.0","","","3.1","","7.4","90","","26","","26.07","16.79","18.72","","","","",""
"2023-07-10","2023191","11:13","15.0","69.9895","19.0","","","3.3","","7.4","90","","28","","26.09","16.78","18.74","","","","",""
"2023-07-10","2023191","11:13","15.0","69.9895","20.0","","","3.6","","7.4","90","","36","","26.15","16.76","18.79","","","","",""
"2023-07-10","2023191","11:13","15.0","69.9895","21.0","","","4.0","","7.4","90","","50","","26.14","16.76","18.78","","","","",""
"2023-07-10","2023191","11:13","15.0","69.9895","22.0","","","4.0","","6.9","84","","48","","26.15","16.76","18.79","","","","",""
"2023-07-10","2023191","11:13","15.0","69.9895","23.0","5.1","0.54","4.4","","6.1","74","","57","","26.18","16.75","18.81","","","","",""
"2023-07-10","2023191","10:53","16.0","63.0794","1.0","","","4.7","","7.8","95","","7","0.90","25.07","17.21","17.86","","","","",""
"2023-07-10","2023191","10:53","16.0","63.0794","2.0","","","6.3","","7.7","93","","7","","25.16","17.16","17.94","","","","",""
"2023-07-10","2023191","10:53","16.0","63.0794","3.0","","","6.0","","7.6","92","","7","","25.54","16.97","18.27","","","","",""
"2023-07-10","2023191","10:53","16.0","63.0794","4.0","","","4.7","","7.5","91","","7","","25.94","16.80","18.62","","","","",""
"2023-07-10","2023191","10:53","16.0","63.0794","5.0","","","4.3","","7.4","89","","6","","26.15","16.70","18.81","","","","",""
"2023-07-10","2023191","10:53","16.0","63.0794","6.0","","","4.2","","7.3","88","","6","","26.88","16.42","19.42","","","","",""
"2023-07-10","2023191","10:53","16.0","63.0794","7.0","","","4.2","","7.2","87","","6","","27.92","15.98","20.32","","","","",""
"2023-07-10","2023191","10:53","16.0","63.0794","8.0","","","4.2","","7.2","86","","7","","28.39","15.74","20.73","","","","",""
"2023-07-10","2023191","10:53","16.0","63.0794","9.0","","","4.2","","7.1","85","","6","","28.62","15.61","20.93","","","","",""
"2023-07-10","2023191","10:53","16.0","63.0794","10.0","","","4.0","","7.1","85","","6","","28.93","15.41","21.21","","","","",""
"2023-07-10","2023191","10:53","16.0","63.0794","11.0","","","4.0","","7.1","85","","8","","28.98","15.38","21.25","","","","",""
"2023-07-10","2023191","10:53","16.0","63.0794","12.0","","","4.0","","7.1","85","","9","","29.01","15.36","21.28","","","","",""
"2023-07-10","2023191","10:36","17.0","58.8909","1.0","","","7.9","","8.0","97","","5","0.71","26.41","16.55","19.04","","","","",""
"2023-07-10","2023191","10:36","17.0","58.8909","2.0","8.8","0.91","8.4","","8.0","97","","5","","26.46","16.55","19.07","","","","",""
"2023-07-10","2023191","10:36","17.0","58.8909","3.0","","","7.9","","8.0","96","","5","","26.57","16.54","19.16","","","","",""
"2023-07-10","2023191","10:36","17.0","58.8909","4.0","","","7.7","","8.0","96","","5","","26.63","16.52","19.21","","","","",""
"2023-07-10","2023191","10:36","17.0","58.8909","5.0","","","7.9","","7.9","95","","5","","26.64","16.52","19.22","","","","",""
"2023-07-10","2023191","10:36","17.0","58.8909","6.0","","","8.0","","7.6","92","","5","","26.89","16.41","19.43","","","","",""
"2023-07-10","2023191","10:36","17.0","58.8909","7.0","","","7.7","","7.5","90","","5","","27.69","16.04","20.12","","","","",""
"2023-07-10","2023191","10:36","17.0","58.8909","8.0","","","6.5","","7.4","89","","6","","27.85","15.95","20.27","","","","",""
"2023-07-10","2023191","10:36","17.0","58.8909","9.0","","","5.9","","7.2","87","","6","","27.99","15.91","20.39","","","","",""
"2023-07-10","2023191","10:36","17.0","58.8909","10.0","","","4.6","","7.0","84","","6","","28.43","15.71","20.76","","","","",""
"2023-07-10","2023191","10:36","17.0","58.8909","11.0","","","3.6","","6.9","83","","6","","29.30","15.19","21.54","","","","",""
"2023-07-10","2023191","10:16","18.0","54.9481","1.0","","","5.8","","7.5","91","","6","0.78","27.63","16.23","20.04","","","","",""
"2023-07-10","2023191","10:16","18.0","54.9481","2.0","6.1","0.89","6.0","","7.5","90","6.4","6","","27.64","16.22","20.04","0.78","11.35","5.35","2.20","58.39"
"2023-07-10","2023191","10:16","18.0","54.9481","3.0","","","5.9","","7.5","90","","6","","27.64","16.22","20.05","","","","",""
"2023-07-10","2023191","10:16","18.0","54.9481","4.0","","","5.6","","7.5","90","","6","","27.65","16.21","20.05","","","","",""
"2023-07-10","2023191","10:16","18.0","54.9481","5.0","","","5.7","","7.5","90","","6","","27.65","16.21","20.06","","","","",""
"2023-07-10","2023191","10:16","18.0","54.9481","6.0","","","5.8","","7.5","90","","6","","27.65","16.20","20.06","","","","",""
"2023-07-10","2023191","10:16","18.0","54.9481","7.0","","","5.8","","7.5","90","","6","","27.66","16.19","20.07","","","","",""
"2023-07-10","2023191","10:16","18.0","54.9481","8.0","","","6.0","","7.5","90","","6","","27.73","16.14","20.13","","","","",""
"2023-07-10","2023191","10:16","18.0","54.9481","9.0","","","5.9","","7.5","90","","6","","27.74","16.13","20.14","","","","",""
"2023-07-10","2023191","10:16","18.0","54.9481","10.0","","","5.8","","7.5","90","","6","","27.72","16.14","20.13","","","","",""
"2023-07-10","2023191","10:16","18.0","54.9481","11.0","","","5.8","","7.5","90","","6","","27.70","16.15","20.11","","","","",""
"2023-07-10","2023191","10:16","18.0","54.9481","12.0","","","5.7","","7.5","90","","6","","27.76","16.12","20.16","","","","",""
"2023-07-10","2023191","10:16","18.0","54.9481","13.0","","","5.7","","7.5","90","","6","","27.78","16.11","20.17","","","","",""
"2023-07-10","2023191","10:16","18.0","54.9481","14.0","","","5.6","","7.5","90","","6","","27.78","16.11","20.18","","","","",""
"2023-07-10","2023191","10:16","18.0","54.9481","15.0","","","5.6","","7.5","90","","6","","27.77","16.12","20.17","","","","",""
"2023-07-10","2023191","10:16","18.0","54.9481","16.0","","","5.4","","7.4","90","","6","","27.78","16.11","20.17","","","","",""
"2023-07-10","2023191","10:16","18.0","54.9481","17.0","","","5.6","","7.4","89","","6","","27.93","16.01","20.31","","","","",""
"2023-07-10","2023191","10:16","18.0","54.9481","18.0","","","5.8","","7.4","89","","6","","28.02","15.95","20.40","","","","",""
"2023-07-10","2023191","10:16","18.0","54.9481","19.0","","","5.7","","7.2","87","","6","","28.30","15.77","20.65","","","","",""
"2023-07-10","2023191","10:16","18.0","54.9481","20.0","","","5.4","","7.2","86","","6","","28.73","15.50","21.04","","","","",""
"2023-07-10","2023191","10:16","18.0","54.9481","21.0","","","5.1","","7.2","86","","7","","28.90","15.39","21.19","","","","",""
"2023-07-10","2023191","10:16","18.0","54.9481","22.0","","","4.8","","7.1","85","","8","","28.98","15.34","21.27","","","","",""
"2023-07-10","2023191","10:16","18.0","54.9481","23.0","","","4.7","","7.1","85","","9","","29.00","15.33","21.28","","","","",""
"2023-07-10","2023191","10:16","18.0","54.9481","24.0","","","4.8","","7.0","84","","9","","29.06","15.29","21.34","","","","",""
"2023-07-10","2023191","10:16","18.0","54.9481","25.0","","","4.7","","6.9","83","","9","","29.30","15.13","21.55","","","","",""
"2023-07-10","2023191","10:16","18.0","54.9481","26.0","","","4.5","","6.8","81","","11","","29.68","14.86","21.90","","","","",""
"2023-07-10","2023191","10:16","18.0","54.9481","27.0","","","4.5","","6.8","80","","15","","29.85","14.73","22.07","","","","",""
"2023-07-10","2023191","10:16","18.0","54.9481","28.0","","","4.6","","6.7","80","","18","","30.09","14.55","22.28","","","","",""
"2023-07-10","2023191","10:16","18.0","54.9481","29.0","","","4.5","","6.7","79","","23","","30.30","14.39","22.48","","","","",""
"2023-07-10","2023191","10:16","18.0","54.9481","30.0","","","4.6","","6.6","78","","30","","30.46","14.26","22.63","","","","",""
"2023-07-10","2023191","10:16","18.0","54.9481","31.0","","","4.6","","6.6","78","","34","","30.54","14.20","22.70","","","","",""
"2023-07-10","2023191","10:16","18.0","54.9481","32.0","","","4.4","","6.6","78","","38","","30.64","14.12","22.79","","","","",""
"2023-07-10","2023191","10:16","18.0","54.9481","33.0","","","4.3","","6.6","78","","38","","30.65","14.11","22.80","","","","",""
"2023-07-10","2023191","10:16","18.0","54.9481","34.0","","","4.3","","6.6","78","","37","","30.65","14.11","22.81","","","","",""
"2023-07-10","2023191","10:16","18.0","54.9481","35.0","","","4.1","","6.6","78","","37","","30.66","14.10","22.82","","","","",""
"2023-07-10","2023191","10:16","18.0","54.9481","36.0","","","4.1","","6.6","78","","36","","30.66","14.10","22.81","","","","",""
"2023-07-10","2023191","10:16","18.0","54.9481","37.0","","","4.0","","6.6","78","","36","","30.66","14.10","22.82","","","","",""
"2023-07-10","2023191","10:16","18.0","54.9481","38.0","4.3","0.45","4.0","","6.5","77","37.3","36","","30.70","14.05","22.86","","","","",""
"2023-07-10","2023191","10:04","20.0","51.4501","1.0","","","5.5","","7.4","90","","7","0.70","27.57","16.34","19.97","","","","",""
"2023-07-10","2023191","10:04","20.0","51.4501","2.0","5.1","0.85","5.4","","7.4","90","","7","","27.62","16.32","20.01","","","","",""
"2023-07-10","2023191","10:04","20.0","51.4501","3.0","","","5.4","","7.4","89","","6","","27.66","16.30","20.04","","","","",""
"2023-07-10","2023191","10:04","20.0","51.4501","4.0","","","5.1","","7.4","89","","6","","27.66","16.30","20.05","","","","",""
"2023-07-10","2023191","10:04","20.0","51.4501","5.0","","","4.7","","7.3","89","","6","","27.72","16.22","20.11","","","","",""
"2023-07-10","2023191","10:04","20.0","51.4501","6.0","","","4.6","","7.3","89","","6","","27.73","16.19","20.12","","","","",""
"2023-07-10","2023191","10:04","20.0","51.4501","7.0","","","4.5","","7.3","88","","7","","27.74","16.19","20.13","","","","",""
"2023-07-10","2023191","10:04","20.0","51.4501","8.0","","","4.4","","7.3","88","","7","","27.76","16.18","20.15","","","","",""
"2023-07-10","2023191","10:04","20.0","51.4501","9.0","","","4.3","","7.3","88","","7","","27.77","16.17","20.16","","","","",""
"2023-07-10","2023191","10:04","20.0","51.4501","10.0","","","4.4","","7.3","88","","7","","27.77","16.17","20.16","","","","",""
"2023-07-10","2023191","10:04","20.0","51.4501","11.0","","","4.3","","7.3","88","","7","","27.79","16.17","20.17","","","","",""
"2023-07-10","2023191","10:04","20.0","51.4501","12.0","","","4.3","","7.2","86","","7","","27.86","16.14","20.23","","","","",""
"2023-07-10","2023191","10:04","20.0","51.4501","13.0","","","4.4","","7.0","85","","7","","28.12","15.96","20.47","","","","",""
"2023-07-10","2023191","10:04","20.0","51.4501","14.0","","","4.3","","7.0","84","","7","","28.88","15.47","21.16","","","","",""
"2023-07-10","2023191","10:04","20.0","51.4501","15.0","","","4.1","","6.9","83","","9","","29.05","15.35","21.31","","","","",""
"2023-07-10","2023191","10:04","20.0","51.4501","16.0","","","4.3","","6.9","83","","10","","29.35","15.16","21.58","","","","",""
"2023-07-10","2023191","10:04","20.0","51.4501","17.0","","","3.8","","6.9","83","","10","","29.42","15.11","21.65","","","","",""
"2023-07-10","2023191","10:04","20.0","51.4501","18.0","","","3.8","","6.9","83","","11","","29.41","15.12","21.65","","","","",""
"2023-07-10","2023191","10:04","20.0","51.4501","19.0","","","3.6","","6.9","83","","11","","29.39","15.13","21.63","","","","",""
"2023-07-10","2023191","10:04","20.0","51.4501","20.0","","","3.6","","6.9","83","","10","","29.37","15.15","21.60","","","","",""
"2023-07-10","2023191","10:04","20.0","51.4501","21.0","","","3.7","","6.9","82","","10","","29.39","15.13","21.62","","","","",""
"2023-07-10","2023191","10:04","20.0","51.4501","22.0","","","3.6","","6.9","82","","10","","29.51","15.05","21.73","","","","",""
"2023-07-10","2023191","10:04","20.0","51.4501","23.0","","","3.6","","6.9","82","","12","","29.54","15.03","21.76","","","","",""
"2023-07-10","2023191","10:04","20.0","51.4501","24.0","","","3.5","","6.9","82","","13","","29.56","15.02","21.78","","","","",""
"2023-07-10","2023191","10:04","20.0","51.4501","25.0","","","3.7","","6.9","82","","14","","29.57","15.01","21.79","","","","",""
"2023-07-10","2023191","9:50","21.0","46.6266","1.0","","","7.4","","7.6","92","","10","0.79","27.25","16.70","19.65","","","","",""
"2023-07-10","2023191","9:50","21.0","46.6266","2.0","6.8","0.88","7.0","","7.5","92","","10","","27.26","16.68","19.66","","","","",""
"2023-07-10","2023191","9:50","21.0","46.6266","3.0","","","6.8","","7.6","92","","10","","27.27","16.64","19.68","","","","",""
"2023-07-10","2023191","9:50","21.0","46.6266","4.0","","","6.6","","7.6","92","","10","","27.28","16.59","19.69","","","","",""
"2023-07-10","2023191","9:50","21.0","46.6266","5.0","","","6.7","","7.6","92","","10","","27.28","16.56","19.70","","","","",""
"2023-07-10","2023191","9:50","21.0","46.6266","6.0","","","6.6","","7.6","92","","10","","27.29","16.54","19.71","","","","",""
"2023-07-10","2023191","9:50","21.0","46.6266","7.0","","","6.8","","7.6","92","","10","","27.29","16.51","19.72","","","","",""
"2023-07-10","2023191","9:50","21.0","46.6266","8.0","","","7.1","","7.6","93","","10","","27.31","16.46","19.74","","","","",""
"2023-07-10","2023191","9:50","21.0","46.6266","9.0","","","7.4","","7.7","93","","10","","27.32","16.43","19.75","","","","",""
"2023-07-10","2023191","9:50","21.0","46.6266","10.0","","","7.5","","7.6","92","","10","","27.35","16.37","19.80","","","","",""
"2023-07-10","2023191","9:50","21.0","46.6266","11.0","","","7.2","","7.5","90","","10","","27.40","16.38","19.83","","","","",""
"2023-07-10","2023191","9:50","21.0","46.6266","12.0","","","6.1","","7.3","89","","10","","27.53","16.32","19.94","","","","",""
"2023-07-10","2023191","9:50","21.0","46.6266","13.0","","","5.2","","7.3","88","","10","","27.81","16.18","20.19","","","","",""
"2023-07-10","2023191","9:50","21.0","46.6266","14.0","","","5.1","","7.3","88","","10","","27.96","16.09","20.32","","","","",""
"2023-07-10","2023191","9:50","21.0","46.6266","15.0","","","5.1","","7.2","87","","11","","28.02","16.06","20.37","","","","",""
"2023-07-10","2023191","9:50","21.0","46.6266","16.0","","","5.0","","7.2","87","","11","","28.12","15.99","20.46","","","","",""
"2023-07-10","2023191","9:50","21.0","46.6266","17.0","","","4.9","","7.2","87","","12","","28.14","15.97","20.49","","","","",""
"2023-07-10","2023191","9:40","22.0","43.9210","1.0","","","6.3","","7.5","91","","10","0.71","27.12","16.66","19.55","","","","",""
"2023-07-10","2023191","9:40","22.0","43.9210","2.0","5.8","0.88","6.0","","7.5","90","6.4","10","","27.14","16.64","19.57","0.81","5.88","7.35","2.52","61.60"
"2023-07-10","2023191","9:40","22.0","43.9210","3.0","","","5.4","","7.4","90","","10","","27.19","16.60","19.62","","","","",""
"2023-07-10","2023191","9:40","22.0","43.9210","4.0","","","5.2","","7.4","90","","10","","27.22","16.56","19.65","","","","",""
"2023-07-10","2023191","9:40","22.0","43.9210","5.0","","","5.1","","7.5","90","","10","","27.26","16.53","19.69","","","","",""
"2023-07-10","2023191","9:40","22.0","43.9210","6.0","","","5.1","","7.4","90","","10","","27.29","16.49","19.72","","","","",""
"2023-07-10","2023191","9:40","22.0","43.9210","7.0","","","4.9","","7.4","90","","10","","27.31","16.47","19.74","","","","",""
"2023-07-10","2023191","9:40","22.0","43.9210","8.0","","","4.8","","7.5","90","","10","","27.37","16.42","19.79","","","","",""
"2023-07-10","2023191","9:40","22.0","43.9210","9.0","","","4.9","","7.4","90","","10","","27.40","16.39","19.83","","","","",""
"2023-07-10","2023191","9:40","22.0","43.9210","10.0","","","4.8","","7.4","89","","10","","27.45","16.38","19.87","","","","",""
"2023-07-10","2023191","9:40","22.0","43.9210","11.0","","","4.6","","7.4","89","","10","","27.56","16.36","19.96","","","","",""
"2023-07-10","2023191","9:40","22.0","43.9210","12.0","","","4.6","","7.3","89","","11","","27.60","16.35","19.99","","","","",""
"2023-07-10","2023191","9:40","22.0","43.9210","13.0","","","4.5","","7.3","89","","12","","27.61","16.34","20.00","","","","",""
"2023-07-10","2023191","9:40","22.0","43.9210","14.0","","","4.4","","7.3","89","","12","","27.63","16.33","20.01","","","","",""
"2023-07-10","2023191","9:40","22.0","43.9210","15.0","","","4.6","","7.3","89","","13","","27.64","16.33","20.02","","","","",""
"2023-07-10","2023191","9:40","22.0","43.9210","16.0","","","4.5","","7.3","88","","13","","27.64","16.33","20.02","","","","",""
"2023-07-10","2023191","9:40","22.0","43.9210","17.0","","","4.5","","7.3","88","","14","","27.67","16.32","20.05","","","","",""
"2023-07-10","2023191","9:40","22.0","43.9210","18.0","","","4.6","","7.3","88","","16","","27.68","16.31","20.05","","","","",""
"2023-07-10","2023191","9:40","22.0","43.9210","19.0","4.8","0.67","4.6","","7.3","88","23.5","16","","27.67","16.32","20.05","","","","",""
"2023-07-10","2023191","9:27","23.0","39.6557","1.0","","","7.0","","7.7","93","","10","0.76","26.63","16.92","19.12","","","","",""
"2023-07-10","2023191","9:27","23.0","39.6557","2.0","","","6.8","","7.6","93","","10","","26.68","16.91","19.16","","","","",""
"2023-07-10","2023191","9:27","23.0","39.6557","3.0","","","6.2","","7.6","93","","10","","26.72","16.91","19.19","","","","",""
"2023-07-10","2023191","9:27","23.0","39.6557","4.0","","","6.0","","7.6","92","","10","","26.74","16.90","19.21","","","","",""
"2023-07-10","2023191","9:27","23.0","39.6557","5.0","","","6.1","","7.6","92","","10","","26.77","16.89","19.24","","","","",""
"2023-07-10","2023191","9:27","23.0","39.6557","6.0","","","5.8","","7.5","92","","11","","26.83","16.87","19.29","","","","",""
"2023-07-10","2023191","9:27","23.0","39.6557","7.0","","","5.3","","7.5","91","","11","","26.88","16.84","19.33","","","","",""
"2023-07-10","2023191","9:27","23.0","39.6557","8.0","","","4.9","","7.5","91","","11","","26.95","16.80","19.39","","","","",""
"2023-07-10","2023191","9:27","23.0","39.6557","9.0","","","4.7","","7.4","90","","11","","27.05","16.75","19.48","","","","",""
"2023-07-10","2023191","9:27","23.0","39.6557","10.0","","","4.8","","7.4","90","","11","","27.15","16.70","19.57","","","","",""
"2023-07-10","2023191","9:27","23.0","39.6557","11.0","","","4.7","","7.4","90","","12","","27.19","16.67","19.61","","","","",""
"2023-07-10","2023191","9:27","23.0","39.6557","12.0","","","4.9","","7.4","90","","13","","27.23","16.64","19.64","","","","",""
"2023-07-10","2023191","9:27","23.0","39.6557","13.0","","","5.2","","7.4","90","","14","","27.26","16.63","19.67","","","","",""
"2023-07-10","2023191","9:27","23.0","39.6557","14.0","","","5.4","","7.4","90","","16","","27.28","16.61","19.68","","","","",""
"2023-07-10","2023191","9:27","23.0","39.6557","15.0","","","5.7","","7.4","90","","18","","27.28","16.61","19.68","","","","",""
"2023-07-10","2023191","9:16","24.0","37.0911","1.0","","","7.9","","7.8","96","","10","0.82","26.32","17.07","18.85","","","","",""
"2023-07-10","2023191","9:16","24.0","37.0911","2.0","8.0","0.90","8.0","","7.7","94","7.5","10","","26.33","17.07","18.85","0.80","5.88","5.21","2.87","66.23"
"2023-07-10","2023191","9:16","24.0","37.0911","3.0","","","7.1","","7.5","92","","10","","26.41","17.07","18.92","","","","",""
"2023-07-10","2023191","9:16","24.0","37.0911","4.0","","","5.4","","7.5","91","","10","","26.69","16.98","19.16","","","","",""
"2023-07-10","2023191","9:16","24.0","37.0911","5.0","","","5.0","","7.4","91","","11","","26.95","16.83","19.38","","","","",""
"2023-07-10","2023191","9:16","24.0","37.0911","6.0","","","5.1","","7.4","91","","12","","27.03","16.78","19.45","","","","",""
"2023-07-10","2023191","9:16","24.0","37.0911","7.0","","","5.0","","7.4","91","","13","","27.04","16.78","19.46","","","","",""
"2023-07-10","2023191","9:16","24.0","37.0911","8.0","","","5.0","","7.4","90","","13","","27.04","16.77","19.47","","","","",""
"2023-07-10","2023191","9:16","24.0","37.0911","9.0","","","5.1","","7.4","90","","14","","27.06","16.77","19.48","","","","",""
"2023-07-10","2023191","9:16","24.0","37.0911","10.0","5.0","0.73","5.1","","7.4","90","25.2","15","","27.06","16.76","19.49","","","","",""
"2023-07-10","2023191","9:06","25.0","32.8382","1.0","","","7.3","","7.8","95","","11","0.89","26.02","17.22","18.58","","","","",""
"2023-07-10","2023191","9:06","25.0","32.8382","2.0","","","7.1","","7.8","95","","11","","26.06","17.23","18.62","","","","",""
"2023-07-10","2023191","9:06","25.0","32.8382","3.0","","","7.0","","7.7","94","","11","","26.10","17.23","18.65","","","","",""
"2023-07-10","2023191","9:06","25.0","32.8382","4.0","","","6.8","","7.6","93","","11","","26.15","17.22","18.68","","","","",""
"2023-07-10","2023191","9:06","25.0","32.8382","5.0","","","6.0","","7.5","92","","11","","26.24","17.18","18.76","","","","",""
"2023-07-10","2023191","9:06","25.0","32.8382","6.0","","","5.6","","7.5","92","","12","","26.42","17.11","18.91","","","","",""
"2023-07-10","2023191","9:06","25.0","32.8382","7.0","","","5.5","","7.5","91","","12","","26.49","17.08","18.98","","","","",""
"2023-07-10","2023191","9:06","25.0","32.8382","8.0","","","5.6","","7.5","91","","13","","26.53","17.06","19.01","","","","",""
"2023-07-10","2023191","9:06","25.0","32.8382","9.0","","","5.8","","7.5","91","","13","","26.56","17.05","19.04","","","","",""
"2023-07-10","2023191","8:53","26.0","28.7560","1.0","","","8.3","","7.7","95","","12","1.01","24.48","18.28","17.17","","","","",""
"2023-07-10","2023191","8:53","26.0","28.7560","2.0","","","8.2","","7.6","94","","12","","24.48","18.28","17.17","","","","",""
"2023-07-10","2023191","8:53","26.0","28.7560","3.0","","","8.2","","7.5","93","","12","","24.54","18.27","17.22","","","","",""
"2023-07-10","2023191","8:53","26.0","28.7560","4.0","","","6.9","","7.6","94","","12","","25.21","18.00","17.79","","","","",""
"2023-07-10","2023191","8:53","26.0","28.7560","5.0","","","6.5","","7.6","94","","12","","25.44","17.82","18.01","","","","",""
"2023-07-10","2023191","8:53","26.0","28.7560","6.0","","","6.6","","7.6","94","","12","","25.47","17.80","18.04","","","","",""
"2023-07-10","2023191","8:53","26.0","28.7560","7.0","","","6.9","","7.6","94","","12","","25.49","17.79","18.05","","","","",""
"2023-07-10","2023191","8:53","26.0","28.7560","8.0","","","7.0","","7.6","93","","12","","25.58","17.74","18.13","","","","",""
"2023-07-10","2023191","8:53","26.0","28.7560","9.0","","","7.0","","7.6","93","","12","","25.73","17.66","18.26","","","","",""
"2023-07-10","2023191","8:53","26.0","28.7560","10.0","","","7.1","","7.6","93","","12","","26.00","17.46","18.52","","","","",""
"2023-07-10","2023191","8:41","27.0","26.1872","1.0","","","8.2","","7.6","94","","12","1.00","24.12","18.50","16.84","","","","",""
"2023-07-10","2023191","8:41","27.0","26.1872","2.0","8.1","0.94","8.0","","7.6","94","9.2","12","","24.13","18.49","16.85","0.64","4.98","3.86","4.12","75.48"
"2023-07-10","2023191","8:41","27.0","26.1872","3.0","","","8.1","","7.6","93","","12","","24.13","18.49","16.86","","","","",""
"2023-07-10","2023191","8:41","27.0","26.1872","4.0","","","8.0","","7.5","93","","12","","24.21","18.45","16.92","","","","",""
"2023-07-10","2023191","8:41","27.0","26.1872","5.0","","","7.1","","7.5","93","","12","","24.29","18.38","17.00","","","","",""
"2023-07-10","2023191","8:41","27.0","26.1872","6.0","","","6.7","","7.5","92","","12","","24.49","18.28","17.17","","","","",""
"2023-07-10","2023191","8:41","27.0","26.1872","7.0","","","6.6","","7.5","92","","13","","25.00","18.18","17.59","","","","",""
"2023-07-10","2023191","8:41","27.0","26.1872","8.0","","","7.0","","7.5","92","","15","","25.25","18.05","17.81","","","","",""
"2023-07-10","2023191","8:41","27.0","26.1872","9.0","","","7.1","","7.5","92","","15","","25.27","18.04","17.83","","","","",""
"2023-07-10","2023191","8:41","27.0","26.1872","10.0","","","6.8","","7.5","92","","15","","25.27","18.03","17.83","","","","",""
"2023-07-10","2023191","8:41","27.0","26.1872","11.0","6.6","0.83","6.9","","7.5","92","19.5","16","","25.28","18.03","17.84","","","","",""
"2023-07-10","2023191","8:31","28.0","23.5695","1.0","","","7.0","","7.5","92","","12","1.11","23.76","18.68","16.53","","","","",""
"2023-07-10","2023191","8:31","28.0","23.5695","2.0","","","7.0","","7.4","92","","12","","23.79","18.66","16.56","","","","",""
"2023-07-10","2023191","8:31","28.0","23.5695","3.0","","","6.2","","7.4","92","","13","","23.85","18.60","16.62","","","","",""
"2023-07-10","2023191","8:31","28.0","23.5695","4.0","","","5.7","","7.4","92","","13","","23.89","18.55","16.66","","","","",""
"2023-07-10","2023191","8:31","28.0","23.5695","5.0","","","5.4","","7.4","92","","13","","23.91","18.52","16.68","","","","",""
"2023-07-10","2023191","8:31","28.0","23.5695","6.0","","","5.3","","7.4","92","","13","","23.94","18.49","16.71","","","","",""
"2023-07-10","2023191","8:31","28.0","23.5695","7.0","","","5.3","","7.4","92","","13","","23.96","18.47","16.73","","","","",""
"2023-07-10","2023191","8:31","28.0","23.5695","8.0","","","5.3","","7.4","92","","13","","24.01","18.49","16.77","","","","",""
"2023-07-10","2023191","8:31","28.0","23.5695","9.0","","","5.8","","7.4","92","","13","","24.13","18.48","16.86","","","","",""
"2023-07-10","2023191","8:31","28.0","23.5695","10.0","","","6.2","","7.4","92","","14","","24.23","18.47","16.93","","","","",""
"2023-07-10","2023191","8:31","28.0","23.5695","11.0","","","6.3","","7.4","92","","14","","24.64","18.33","17.28","","","","",""
"2023-07-10","2023191","8:31","28.0","23.5695","12.0","","","6.6","","7.5","92","","15","","24.98","18.21","17.57","","","","",""
"2023-07-10","2023191","8:31","28.0","23.5695","13.0","","","6.9","","7.5","92","","16","","25.17","18.15","17.72","","","","",""
"2023-07-10","2023191","8:31","28.0","23.5695","14.0","","","6.9","","7.5","92","","20","","25.18","18.14","17.73","","","","",""
"2023-07-10","2023191","8:19","29.0","20.2526","1.0","","","6.7","","7.4","92","","13","1.11","23.46","18.92","16.25","","","","",""
"2023-07-10","2023191","8:19","29.0","20.2526","2.0","","","6.7","","7.4","92","","13","","23.47","18.93","16.25","","","","",""
"2023-07-10","2023191","8:19","29.0","20.2526","3.0","","","6.6","","7.4","91","","13","","23.47","18.93","16.25","","","","",""
"2023-07-10","2023191","8:19","29.0","20.2526","4.0","","","6.4","","7.3","91","","14","","23.49","18.94","16.26","","","","",""
"2023-07-10","2023191","8:19","29.0","20.2526","5.0","","","6.3","","7.3","90","","13","","23.50","18.95","16.27","","","","",""
"2023-07-10","2023191","8:19","29.0","20.2526","6.0","","","6.3","","7.2","90","","14","","23.52","18.97","16.28","","","","",""
"2023-07-10","2023191","8:19","29.0","20.2526","7.0","","","6.4","","7.2","90","","14","","23.53","18.97","16.29","","","","",""
"2023-07-10","2023191","8:19","29.0","20.2526","8.0","","","6.4","","7.3","90","","14","","23.60","18.95","16.34","","","","",""
"2023-07-10","2023191","8:19","29.0","20.2526","9.0","","","6.6","","7.3","90","","14","","23.72","18.90","16.44","","","","",""
"2023-07-10","2023191","8:19","29.0","20.2526","10.0","","","6.6","","7.3","91","","14","","23.76","18.88","16.48","","","","",""
"2023-07-10","2023191","8:19","29.0","20.2526","11.0","","","6.7","","7.3","91","","14","","23.80","18.87","16.51","","","","",""
"2023-07-10","2023191","8:19","29.0","20.2526","12.0","","","6.7","","7.4","91","","14","","24.00","18.76","16.69","","","","",""
"2023-07-10","2023191","8:19","29.0","20.2526","13.0","","","6.7","","7.4","92","","14","","24.21","18.64","16.88","","","","",""
"2023-07-10","2023191","8:19","29.0","20.2526","14.0","","","6.7","","7.4","92","","15","","24.46","18.54","17.09","","","","",""
"2023-07-10","2023191","8:02","30.0","14.7543","1.0","","","5.3","","7.3","90","","16","1.28","22.94","19.15","15.80","","","","",""
"2023-07-10","2023191","8:02","30.0","14.7543","2.0","5.2","0.88","5.3","","7.3","90","11.9","16","","22.95","19.17","15.80","0.75","6.29","4.64","5.40","74.06"
"2023-07-10","2023191","8:02","30.0","14.7543","3.0","","","5.2","","7.2","90","","17","","22.96","19.17","15.80","","","","",""
"2023-07-10","2023191","8:02","30.0","14.7543","4.0","","","5.2","","7.2","90","","18","","22.96","19.19","15.80","","","","",""
"2023-07-10","2023191","8:02","30.0","14.7543","5.0","","","5.3","","7.2","90","","19","","23.02","19.21","15.84","","","","",""
"2023-07-10","2023191","8:02","30.0","14.7543","6.0","","","5.3","","7.2","90","","19","","23.04","19.19","15.86","","","","",""
"2023-07-10","2023191","8:02","30.0","14.7543","7.0","","","5.3","","7.2","90","","19","","23.05","19.17","15.88","","","","",""
"2023-07-10","2023191","8:02","30.0","14.7543","8.0","","","5.3","","7.2","90","","19","","23.07","19.18","15.89","","","","",""
"2023-07-10","2023191","8:02","30.0","14.7543","9.0","","","5.4","","7.2","90","","20","","23.11","19.20","15.91","","","","",""
"2023-07-10","2023191","8:02","30.0","14.7543","10.0","","","5.4","","7.2","90","","19","","23.14","19.20","15.93","","","","",""
"2023-07-10","2023191","8:02","30.0","14.7543","11.0","5.5","0.83","5.4","","7.2","89","22.8","19","","23.17","19.20","15.96","","","","",""
"2023-07-10","2023191","7:49","31.0","10.6065","1.0","","","5.1","","7.2","90","","20","1.13","22.47","19.38","15.38","","","","",""
"2023-07-10","2023191","7:49","31.0","10.6065","2.0","","","5.1","","7.2","90","","20","","22.47","19.38","15.38","","","","",""
"2023-07-10","2023191","7:49","31.0","10.6065","3.0","","","5.1","","7.2","90","","20","","22.47","19.39","15.38","","","","",""
"2023-07-10","2023191","7:49","31.0","10.6065","4.0","","","5.0","","7.2","90","","20","","22.47","19.39","15.38","","","","",""
"2023-07-10","2023191","7:49","31.0","10.6065","5.0","","","5.0","","7.2","89","","20","","22.48","19.40","15.39","","","","",""
"2023-07-10","2023191","7:49","31.0","10.6065","6.0","","","5.0","","7.2","89","","20","","22.48","19.40","15.39","","","","",""
"2023-07-10","2023191","7:49","31.0","10.6065","7.0","","","5.0","","7.1","89","","20","","22.51","19.41","15.40","","","","",""
"2023-07-10","2023191","7:49","31.0","10.6065","8.0","","","5.1","","7.1","89","","20","","22.61","19.49","15.46","","","","",""
"2023-07-10","2023191","7:49","31.0","10.6065","9.0","","","5.2","","7.1","88","","21","","22.62","19.51","15.47","","","","",""
"2023-07-10","2023191","7:49","31.0","10.6065","10.0","","","5.2","","7.1","88","","22","","22.63","19.51","15.47","","","","",""
"2023-07-10","2023191","7:49","31.0","10.6065","11.0","","","5.2","","7.1","88","","22","","22.63","19.51","15.47","","","","",""
"2023-07-10","2023191","7:49","31.0","10.6065","12.0","","","5.2","","7.1","88","","23","","22.64","19.51","15.48","","","","",""
"2023-07-10","2023191","7:39","32.0","8.1507","1.0","","","5.2","","7.0","87","","22","1.43","22.25","19.58","15.17","","","","",""
"2023-07-10","2023191","7:39","32.0","8.1507","2.0","5.0","0.87","5.2","","6.9","87","14.8","22","","22.25","19.58","15.17","0.95","8.00","5.28","6.33","76.55"
"2023-07-10","2023191","7:39","32.0","8.1507","3.0","","","5.1","","6.9","86","","22","","22.26","19.61","15.17","","","","",""
"2023-07-10","2023191","7:39","32.0","8.1507","4.0","","","5.2","","6.9","86","","22","","22.28","19.63","15.18","","","","",""
"2023-07-10","2023191","7:39","32.0","8.1507","5.0","","","5.2","","6.9","86","","23","","22.31","19.68","15.19","","","","",""
"2023-07-10","2023191","7:39","32.0","8.1507","6.0","","","5.3","","6.9","86","","24","","22.36","19.72","15.21","","","","",""
"2023-07-10","2023191","7:39","32.0","8.1507","7.0","","","5.3","","6.9","86","","25","","22.41","19.74","15.25","","","","",""
"2023-07-10","2023191","7:39","32.0","8.1507","8.0","","","5.4","","6.9","87","","26","","22.41","19.71","15.26","","","","",""
"2023-07-10","2023191","7:39","32.0","8.1507","9.0","","","5.4","","6.9","86","","26","","22.41","19.70","15.26","","","","",""
"2023-07-10","2023191","7:39","32.0","8.1507","10.0","","","5.4","","6.9","86","","27","","22.43","19.71","15.27","","","","",""
"2023-07-10","2023191","7:39","32.0","8.1507","11.0","5.5","0.78","5.4","","6.9","86","","29","","22.44","19.71","15.28","","","","",""
"2023-07-10","2023191","7:31","33.0","6.8085","1.0","","","5.4","","7.1","89","","24","1.67","22.08","19.52","15.05","","","","",""
"2023-07-10","2023191","7:31","33.0","6.8085","2.0","","","5.4","","7.1","89","18.9","25","","22.08","19.52","15.05","","","","",""
"2023-07-10","2023191","7:31","33.0","6.8085","3.0","","","5.3","","7.1","89","","24","","22.10","19.54","15.06","","","","",""
"2023-07-10","2023191","7:31","33.0","6.8085","4.0","","","5.3","","7.1","89","","25","","22.12","19.56","15.07","","","","",""
"2023-07-10","2023191","7:31","33.0","6.8085","5.0","","","5.3","","7.1","89","","26","","22.13","19.57","15.08","","","","",""
"2023-07-10","2023191","7:31","33.0","6.8085","6.0","","","5.4","","7.1","89","","26","","22.13","19.57","15.08","","","","",""
"2023-07-10","2023191","7:31","33.0","6.8085","7.0","","","5.4","","7.1","89","","27","","22.14","19.57","15.08","","","","",""
"2023-07-10","2023191","7:31","33.0","6.8085","8.0","","","5.4","","7.1","89","","27","","22.14","19.58","15.09","","","","",""
"2023-07-10","2023191","7:31","33.0","6.8085","9.0","","","5.4","","7.1","88","","27","","22.15","19.59","15.09","","","","",""
"2023-07-10","2023191","7:31","33.0","6.8085","10.0","","","5.4","","7.1","88","","27","","22.16","19.59","15.10","","","","",""
"2023-07-10","2023191","7:31","33.0","6.8085","11.0","","","5.3","","7.0","88","","27","","22.18","19.61","15.11","","","","",""
"2023-07-10","2023191","7:31","33.0","6.8085","12.0","","","5.3","","7.0","87","","27","","22.20","19.62","15.12","","","","",""
"2023-07-10","2023191","7:31","33.0","6.8085","13.0","","","5.3","","7.0","88","","27","","22.24","19.65","15.14","","","","",""
"2023-07-10","2023191","7:21","34.0","3.5290","1.0","","","5.0","","6.9","85","","31","2.60","21.85","19.59","14.86","","","","",""
"2023-07-10","2023191","7:21","34.0","3.5290","2.0","4.5","0.79","5.0","","6.9","86","30.1","33","","21.86","19.60","14.87","","","","",""
"2023-07-10","2023191","7:21","34.0","3.5290","3.0","","","5.0","","6.9","86","","34","","21.87","19.60","14.87","","","","",""
"2023-07-10","2023191","7:21","34.0","3.5290","4.0","","","5.1","","6.9","86","","35","","21.89","19.59","14.89","","","","",""
"2023-07-10","2023191","7:21","34.0","3.5290","5.0","","","5.1","","6.9","86","","35","","21.90","19.58","14.91","","","","",""
"2023-07-10","2023191","7:21","34.0","3.5290","6.0","","","5.1","","6.9","86","","34","","21.90","19.58","14.91","","","","",""
"2023-07-10","2023191","7:21","34.0","3.5290","7.0","","","5.1","","6.9","86","","34","","21.91","19.58","14.91","","","","",""
"2023-07-10","2023191","7:21","34.0","3.5290","8.0","4.6","0.56","5.1","","6.9","86","","34","","21.91","19.58","14.91","","","","",""
"2023-07-10","2023191","7:10","35.0","1.6576","1.0","","","5.0","","6.9","86","","36","2.73","21.62","19.64","14.67","","","","",""
"2023-07-10","2023191","7:10","35.0","1.6576","2.0","4.9","0.76","5.0","","6.9","86","40.4","36","","21.62","19.64","14.68","","","","",""
"2023-07-10","2023191","7:10","35.0","1.6576","3.0","","","5.0","","6.9","86","","35","","21.62","19.63","14.68","","","","",""
"2023-07-10","2023191","7:10","35.0","1.6576","4.0","","","5.0","","6.9","86","","35","","21.62","19.63","14.68","","","","",""
"2023-07-10","2023191","7:10","35.0","1.6576","5.0","","","5.0","","6.9","85","","34","","21.62","19.63","14.68","","","","",""
"2023-07-10","2023191","7:10","35.0","1.6576","6.0","","","5.1","","6.9","85","","34","","21.62","19.64","14.68","","","","",""
"2023-07-10","2023191","7:10","35.0","1.6576","7.0","","","5.1","","6.9","86","","35","","21.63","19.65","14.68","","","","",""
"2023-07-10","2023191","7:00","36.0","0.0000","1.0","","","5.0","","6.8","84","","37","3.33","21.18","19.58","14.36","","","","",""
"2023-07-10","2023191","7:00","36.0","0.0000","2.0","5.2","0.69","5.0","","6.8","84","","38","","21.22","19.61","14.38","1.66","12.78","7.07","7.51","85.10"
"2023-07-10","2023191","7:00","36.0","0.0000","3.0","","","5.0","","6.8","84","","39","","21.23","19.62","14.38","","","","",""
"2023-07-10","2023191","7:00","36.0","0.0000","4.0","","","5.1","","6.7","84","","41","","21.27","19.63","14.41","","","","",""
"2023-07-10","2023191","7:00","36.0","0.0000","5.0","","","5.3","","6.7","84","","61","","21.27","19.65","14.40","","","","",""
"2023-07-10","2023191","7:00","36.0","0.0000","6.0","5.2","0.56","5.3","","6.7","84","","79","","21.26","19.65","14.40","","","","",""
"2023-07-10","2023191","15:10","649.0","132.9388","1.0","","","3.9","","8.8","99","","31","1.99","0.07","20.72","","","","","",""
"2023-07-10","2023191","15:10","649.0","132.9388","2.0","4.1","0.65","4.1","","8.8","99","26.3","34","","0.07","20.67","","0.12","9.50","1.14","1.47","226.10"
"2023-07-10","2023191","15:10","649.0","132.9388","3.0","","","4.0","","8.8","99","","37","","0.07","20.62","","","","","",""
"2023-07-10","2023191","15:10","649.0","132.9388","4.0","","","4.0","","8.8","99","","39","","0.07","20.61","","","","","",""
"2023-07-10","2023191","15:10","649.0","132.9388","5.0","","","4.1","","8.8","99","","40","","0.07","20.60","","","","","",""
"2023-07-10","2023191","15:10","649.0","132.9388","6.0","","","4.1","","8.8","99","","40","","0.07","20.60","","","","","",""
"2023-07-10","2023191","15:10","649.0","132.9388","7.0","","","4.3","","8.8","99","","41","","0.07","20.59","","","","","",""
"2023-07-10","2023191","15:10","649.0","132.9388","8.0","","","4.3","","8.8","99","","40","","0.07","20.58","","","","","",""
"2023-07-10","2023191","15:10","649.0","132.9388","9.0","","","4.4","","8.8","99","","40","","0.07","20.58","","","","","",""
"2023-07-10","2023191","15:10","649.0","132.9388","10.0","","","4.5","","8.8","99","","43","","0.07","20.57","","","","","",""
"2023-07-10","2023191","15:10","649.0","132.9388","11.0","4.3","0.58","4.5","","8.9","99","35.7","45","","0.07","20.58","","","","","",""
"2023-07-10","2023191","15:56","657.0","147.2548","1.0","","","1.7","","8.7","98","","11","1.27","0.05","21.15","","","","","",""
"2023-07-10","2023191","15:56","657.0","147.2548","2.0","2.0","0.52","2.1","","8.7","98","12.5","12","","0.05","21.15","","0.11","8.71","1.78","1.17","236.42"
"2023-07-10","2023191","15:56","657.0","147.2548","3.0","","","2.1","","8.7","98","","12","","0.05","21.15","","","","","",""
"2023-07-10","2023191","15:56","657.0","147.2548","4.0","","","2.0","","8.7","98","","11","","0.05","21.15","","","","","",""
"2023-07-10","2023191","15:56","657.0","147.2548","5.0","","","2.0","","8.7","98","","11","","0.05","21.15","","","","","",""
"2023-07-10","2023191","15:56","657.0","147.2548","6.0","","","2.0","","8.7","98","","12","","0.05","21.15","","","","","",""
"2023-07-10","2023191","15:56","657.0","147.2548","7.0","","","2.0","","8.7","98","","12","","0.05","21.15","","","","","",""
"2023-07-10","2023191","15:56","657.0","147.2548","8.0","","","2.1","","8.7","98","","11","","0.05","21.15","","","","","",""
"2023-07-10","2023191","15:56","657.0","147.2548","9.0","2.1","0.49","2.1","","8.7","98","15.2","11","","0.05","21.15","","","","","",""
"2023-08-09","2023221","6:22","18.0","54.9481","1.0","","","8.8","","","","","2","0.63","30.49","15.97","22.29","","","","",""
"2023-08-09","2023221","6:22","18.0","54.9481","2.0","8.7","0.91","8.9","","","","2.2","3","","30.51","15.93","22.31","0.46","7.21","2.21","2.11","56.26"
"2023-08-09","2023221","6:22","18.0","54.9481","3.0","","","8.6","","","","","3","","30.52","15.93","22.32","","","","",""
"2023-08-09","2023221","6:22","18.0","54.9481","4.0","","","8.4","","","","","3","","30.51","15.94","22.31","","","","",""
"2023-08-09","2023221","6:22","18.0","54.9481","5.0","","","8.5","","","","","3","","30.56","15.88","22.36","","","","",""
"2023-08-09","2023221","6:22","18.0","54.9481","6.0","","","8.7","","","","","3","","30.61","15.82","22.42","","","","",""
"2023-08-09","2023221","6:22","18.0","54.9481","7.0","","","8.7","","","","","3","","30.61","15.82","22.42","","","","",""
"2023-08-09","2023221","6:22","18.0","54.9481","8.0","","","8.6","","","","","2","","30.61","15.82","22.42","","","","",""
"2023-08-09","2023221","6:22","18.0","54.9481","9.0","","","8.6","","","","","3","","30.63","15.80","22.43","","","","",""
"2023-08-09","2023221","6:22","18.0","54.9481","10.0","","","8.5","","","","","2","","30.66","15.78","22.46","","","","",""
"2023-08-09","2023221","6:22","18.0","54.9481","11.0","","","8.4","","","","","2","","30.66","15.76","22.47","","","","",""
"2023-08-09","2023221","6:22","18.0","54.9481","12.0","","","8.5","","","","","2","","30.67","15.76","22.47","","","","",""
"2023-08-09","2023221","6:22","18.0","54.9481","13.0","","","8.4","","","","","2","","30.69","15.74","22.49","","","","",""
"2023-08-09","2023221","6:22","18.0","54.9481","14.0","","","8.5","","","","","2","","30.71","15.71","22.52","","","","",""
"2023-08-09","2023221","6:22","18.0","54.9481","15.0","","","8.5","","","","","2","","30.86","15.56","22.66","","","","",""
"2023-08-09","2023221","6:22","18.0","54.9481","16.0","","","8.6","","","","","2","","30.94","15.46","22.74","","","","",""
"2023-08-09","2023221","6:22","18.0","54.9481","17.0","","","8.7","","","","","2","","30.97","15.42","22.78","","","","",""
"2023-08-09","2023221","6:22","18.0","54.9481","18.0","","","8.7","","","","","2","","30.96","15.44","22.77","","","","",""
"2023-08-09","2023221","6:22","18.0","54.9481","19.0","","","8.8","","","","","2","","30.98","15.42","22.78","","","","",""
"2023-08-09","2023221","6:22","18.0","54.9481","20.0","","","8.7","","","","","2","","30.99","15.40","22.80","","","","",""
"2023-08-09","2023221","6:22","18.0","54.9481","21.0","","","8.9","","","","","3","","31.11","15.29","22.91","","","","",""
"2023-08-09","2023221","6:22","18.0","54.9481","22.0","","","8.8","","","","","3","","31.20","15.18","23.00","","","","",""
"2023-08-09","2023221","6:22","18.0","54.9481","23.0","","","9.3","","","","","2","","31.23","15.15","23.04","","","","",""
"2023-08-09","2023221","6:22","18.0","54.9481","24.0","","","9.0","","","","","2","","31.25","15.12","23.06","","","","",""
"2023-08-09","2023221","6:22","18.0","54.9481","25.0","","","9.2","","","","","2","","31.25","15.12","23.06","","","","",""
"2023-08-09","2023221","6:22","18.0","54.9481","26.0","","","9.0","","","","","2","","31.30","15.07","23.11","","","","",""
"2023-08-09","2023221","6:22","18.0","54.9481","27.0","","","9.1","","","","","2","","31.37","14.99","23.17","","","","",""
"2023-08-09","2023221","6:22","18.0","54.9481","28.0","","","9.0","","","","","2","","31.38","14.97","23.19","","","","",""
"2023-08-09","2023221","6:22","18.0","54.9481","29.0","","","9.2","","","","","3","","31.36","15.00","23.17","","","","",""
"2023-08-09","2023221","6:22","18.0","54.9481","30.0","","","9.0","","","","","3","","31.33","15.03","23.14","","","","",""
"2023-08-09","2023221","6:22","18.0","54.9481","31.0","","","9.2","","","","","2","","31.33","15.03","23.14","","","","",""
"2023-08-09","2023221","6:22","18.0","54.9481","32.0","","","9.3","","","","","2","","31.30","15.06","23.11","","","","",""
"2023-08-09","2023221","6:22","18.0","54.9481","33.0","","","9.1","","","","","2","","31.31","15.06","23.12","","","","",""
"2023-08-09","2023221","6:22","18.0","54.9481","34.0","","","9.1","","","","","3","","31.33","15.04","23.14","","","","",""
"2023-08-09","2023221","6:22","18.0","54.9481","35.0","","","9.2","","","","","3","","31.47","14.89","23.28","","","","",""
"2023-08-09","2023221","6:22","18.0","54.9481","36.0","","","9.4","","","","","3","","31.56","14.78","23.37","","","","",""
"2023-08-09","2023221","6:22","18.0","54.9481","37.0","","","9.6","","","","","3","","31.57","14.77","23.37","","","","",""
"2023-08-09","2023221","6:22","18.0","54.9481","38.0","","","9.2","","","","","3","","31.57","14.77","23.38","","","","",""
"2023-08-09","2023221","6:22","18.0","54.9481","39.0","","","9.4","","","","","3","","31.57","14.76","23.38","","","","",""
"2023-08-09","2023221","6:22","18.0","54.9481","40.0","","","9.3","","","","","3","","31.57","14.76","23.38","","","","",""
"2023-08-09","2023221","6:22","18.0","54.9481","41.0","","","9.2","","","","","4","","31.57","14.76","23.38","","","","",""
"2023-08-09","2023221","6:22","18.0","54.9481","42.0","","","9.2","","","","","4","","31.57","14.76","23.38","","","","",""
"2023-08-09","2023221","6:22","18.0","54.9481","43.0","9.1","0.88","9.3","","","","4.0","4","","31.58","14.76","23.39","","","","",""
"2023-08-09","2023221","6:39","20.0","51.4501","1.0","","","9.5","","","","","2","0.63","30.29","16.19","22.08","","","","",""
"2023-08-09","2023221","6:39","20.0","51.4501","2.0","9.3","0.95","9.1","","","","","2","","30.33","16.15","22.12","","","","",""
"2023-08-09","2023221","6:39","20.0","51.4501","3.0","","","8.9","","","","","2","","30.36","16.11","22.15","","","","",""
"2023-08-09","2023221","6:39","20.0","51.4501","4.0","","","8.7","","","","","2","","30.36","16.10","22.16","","","","",""
"2023-08-09","2023221","6:39","20.0","51.4501","5.0","","","8.7","","","","","2","","30.45","16.02","22.24","","","","",""
"2023-08-09","2023221","6:39","20.0","51.4501","6.0","","","8.5","","","","","2","","30.70","15.75","22.50","","","","",""
"2023-08-09","2023221","6:39","20.0","51.4501","7.0","","","8.6","","","","","2","","30.87","15.55","22.67","","","","",""
"2023-08-09","2023221","6:39","20.0","51.4501","8.0","","","8.4","","","","","2","","30.99","15.42","22.79","","","","",""
"2023-08-09","2023221","6:39","20.0","51.4501","9.0","","","8.4","","","","","2","","31.05","15.36","22.85","","","","",""
"2023-08-09","2023221","6:39","20.0","51.4501","10.0","","","8.5","","","","","3","","31.20","15.21","23.00","","","","",""
"2023-08-09","2023221","6:39","20.0","51.4501","11.0","","","8.5","","","","","2","","31.30","15.10","23.10","","","","",""
"2023-08-09","2023221","6:39","20.0","51.4501","12.0","","","8.6","","","","","3","","31.32","15.07","23.12","","","","",""
"2023-08-09","2023221","6:39","20.0","51.4501","13.0","","","8.6","","","","","3","","31.34","15.05","23.14","","","","",""
"2023-08-09","2023221","6:39","20.0","51.4501","14.0","","","8.5","","","","","3","","31.36","15.03","23.16","","","","",""
"2023-08-09","2023221","6:39","20.0","51.4501","15.0","","","8.4","","","","","3","","31.36","15.02","23.17","","","","",""
"2023-08-09","2023221","6:39","20.0","51.4501","16.0","","","8.5","","","","","4","","31.37","15.01","23.17","","","","",""
"2023-08-09","2023221","6:39","20.0","51.4501","17.0","","","8.7","","","","","3","","31.37","15.02","23.17","","","","",""
"2023-08-09","2023221","6:39","20.0","51.4501","18.0","","","8.6","","","","","3","","31.37","15.01","23.17","","","","",""
"2023-08-09","2023221","6:39","20.0","51.4501","19.0","","","8.4","","","","","4","","31.38","15.01","23.18","","","","",""
"2023-08-09","2023221","6:39","20.0","51.4501","20.0","","","8.5","","","","","3","","31.39","14.99","23.19","","","","",""
"2023-08-09","2023221","6:39","20.0","51.4501","21.0","","","8.5","","","","","3","","31.39","14.99","23.19","","","","",""
"2023-08-09","2023221","6:39","20.0","51.4501","22.0","","","8.6","","","","","3","","31.39","14.99","23.19","","","","",""
"2023-08-09","2023221","6:39","20.0","51.4501","23.0","","","9.0","","","","","4","","31.39","14.99","23.19","","","","",""
"2023-08-09","2023221","6:39","20.0","51.4501","24.0","","","8.8","","","","","4","","31.40","14.99","23.20","","","","",""
"2023-08-09","2023221","6:39","20.0","51.4501","25.0","","","8.7","","","","","4","","31.41","14.98","23.21","","","","",""
"2023-08-09","2023221","6:39","20.0","51.4501","26.0","","","8.7","","","","","5","","31.42","14.97","23.22","","","","",""
"2023-08-09","2023221","6:54","21.0","46.6266","1.0","","","18.0","","","","","5","0.85","29.09","18.10","20.73","","","","",""
"2023-08-09","2023221","6:54","21.0","46.6266","2.0","16.0","0.92","15.9","","","","","5","","29.25","17.96","20.88","","","","",""
"2023-08-09","2023221","6:54","21.0","46.6266","3.0","","","12.8","","","","","5","","29.49","17.65","21.14","","","","",""
"2023-08-09","2023221","6:54","21.0","46.6266","4.0","","","10.3","","","","","6","","29.59","17.49","21.25","","","","",""
"2023-08-09","2023221","6:54","21.0","46.6266","5.0","","","9.6","","","","","6","","29.65","17.39","21.32","","","","",""
"2023-08-09","2023221","6:54","21.0","46.6266","6.0","","","9.4","","","","","6","","29.72","17.26","21.41","","","","",""
"2023-08-09","2023221","6:54","21.0","46.6266","7.0","","","9.4","","","","","6","","29.83","17.07","21.53","","","","",""
"2023-08-09","2023221","6:54","21.0","46.6266","8.0","","","8.9","","","","","6","","29.90","16.90","21.63","","","","",""
"2023-08-09","2023221","6:54","21.0","46.6266","9.0","","","9.0","","","","","5","","30.07","16.59","21.83","","","","",""
"2023-08-09","2023221","6:54","21.0","46.6266","10.0","","","9.1","","","","","5","","30.34","16.17","22.13","","","","",""
"2023-08-09","2023221","6:54","21.0","46.6266","11.0","","","8.4","","","","","5","","30.50","15.94","22.30","","","","",""
"2023-08-09","2023221","6:54","21.0","46.6266","12.0","","","8.0","","","","","5","","30.51","15.91","22.32","","","","",""
"2023-08-09","2023221","6:54","21.0","46.6266","13.0","","","8.0","","","","","5","","30.52","15.90","22.32","","","","",""
"2023-08-09","2023221","6:54","21.0","46.6266","14.0","","","8.1","","","","","5","","30.52","15.90","22.32","","","","",""
"2023-08-09","2023221","6:54","21.0","46.6266","15.0","","","8.3","","","","","5","","30.52","15.89","22.33","","","","",""
"2023-08-09","2023221","7:03","22.0","43.9210","1.0","","","10.1","","","","","3","0.68","29.76","16.61","21.59","","","","",""
"2023-08-09","2023221","7:03","22.0","43.9210","2.0","8.9","0.91","9.2","","","","4.7","3","","29.77","16.60","21.59","0.49","8.42","2.36","2.22","60.17"
"2023-08-09","2023221","7:03","22.0","43.9210","3.0","","","9.2","","","","","3","","29.78","16.60","21.60","","","","",""
"2023-08-09","2023221","7:03","22.0","43.9210","4.0","","","9.2","","","","","3","","29.80","16.60","21.62","","","","",""
"2023-08-09","2023221","7:03","22.0","43.9210","5.0","","","9.0","","","","","3","","29.83","16.61","21.64","","","","",""
"2023-08-09","2023221","7:03","22.0","43.9210","6.0","","","8.5","","","","","3","","29.86","16.61","21.66","","","","",""
"2023-08-09","2023221","7:03","22.0","43.9210","7.0","","","8.3","","","","","3","","29.88","16.61","21.68","","","","",""
"2023-08-09","2023221","7:03","22.0","43.9210","8.0","","","8.1","","","","","3","","29.89","16.60","21.69","","","","",""
"2023-08-09","2023221","7:03","22.0","43.9210","9.0","","","8.0","","","","","4","","29.89","16.58","21.70","","","","",""
"2023-08-09","2023221","7:03","22.0","43.9210","10.0","","","8.0","","","","","4","","29.90","16.57","21.71","","","","",""
"2023-08-09","2023221","7:03","22.0","43.9210","11.0","","","8.2","","","","","4","","29.90","16.56","21.71","","","","",""
"2023-08-09","2023221","7:03","22.0","43.9210","12.0","","","7.8","","","","","4","","29.91","16.54","21.72","","","","",""
"2023-08-09","2023221","7:03","22.0","43.9210","13.0","","","7.9","","","","","4","","29.91","16.54","21.72","","","","",""
"2023-08-09","2023221","7:03","22.0","43.9210","14.0","","","7.9","","","","","4","","29.91","16.53","21.72","","","","",""
"2023-08-09","2023221","7:03","22.0","43.9210","15.0","","","7.9","","","","","4","","29.91","16.53","21.72","","","","",""
"2023-08-09","2023221","7:03","22.0","43.9210","16.0","","","7.9","","","","","4","","29.92","16.52","21.72","","","","",""
"2023-08-09","2023221","7:03","22.0","43.9210","17.0","","","7.8","","","","","4","","29.92","16.51","21.73","","","","",""
"2023-08-09","2023221","7:03","22.0","43.9210","18.0","","","8.0","","","","","4","","29.92","16.51","21.73","","","","",""
"2023-08-09","2023221","7:03","22.0","43.9210","19.0","8.6","0.89","8.3","","","","5.0","4","","29.92","16.52","21.73","","","","",""
"2023-08-09","2023221","7:18","23.0","39.6557","1.0","","","10.8","","","","","3","0.67","29.09","17.98","20.75","","","","",""
"2023-08-09","2023221","7:18","23.0","39.6557","2.0","","","10.8","","","","","3","","29.14","17.89","20.82","","","","",""
"2023-08-09","2023221","7:18","23.0","39.6557","3.0","","","10.8","","","","","3","","29.25","17.77","20.93","","","","",""
"2023-08-09","2023221","7:18","23.0","39.6557","4.0","","","10.9","","","","","3","","29.36","17.69","21.03","","","","",""
"2023-08-09","2023221","7:18","23.0","39.6557","5.0","","","10.0","","","","","3","","29.46","17.55","21.14","","","","",""
"2023-08-09","2023221","7:18","23.0","39.6557","6.0","","","8.7","","","","","3","","29.53","17.45","21.21","","","","",""
"2023-08-09","2023221","7:18","23.0","39.6557","7.0","","","7.8","","","","","3","","29.60","17.33","21.30","","","","",""
"2023-08-09","2023221","7:18","23.0","39.6557","8.0","","","7.6","","","","","3","","29.63","17.28","21.33","","","","",""
"2023-08-09","2023221","7:18","23.0","39.6557","9.0","","","7.5","","","","","3","","29.64","17.24","21.35","","","","",""
"2023-08-09","2023221","7:18","23.0","39.6557","10.0","","","7.5","","","","","3","","29.66","17.22","21.37","","","","",""
"2023-08-09","2023221","7:18","23.0","39.6557","11.0","","","7.6","","","","","4","","29.66","17.21","21.37","","","","",""
"2023-08-09","2023221","7:18","23.0","39.6557","12.0","","","7.6","","","","","4","","29.67","17.20","21.38","","","","",""
"2023-08-09","2023221","7:18","23.0","39.6557","13.0","","","7.6","","","","","5","","29.67","17.20","21.38","","","","",""
"2023-08-09","2023221","7:18","23.0","39.6557","15.0","","","7.7","","","","","5","","29.67","17.20","21.38","","","","",""
"2023-08-09","2023221","7:29","24.0","37.0911","1.0","","","12.2","","","","","4","0.61","28.79","18.56","20.39","","","","",""
"2023-08-09","2023221","7:29","24.0","37.0911","2.0","12.6","0.92","12.3","","","","4.8","4","","28.81","18.55","20.40","0.62","7.07","3.78","3.11","68.36"
"2023-08-09","2023221","7:29","24.0","37.0911","3.0","","","11.4","","","","","4","","29.00","18.28","20.62","","","","",""
"2023-08-09","2023221","7:29","24.0","37.0911","4.0","","","8.0","","","","","4","","29.13","18.08","20.76","","","","",""
"2023-08-09","2023221","7:29","24.0","37.0911","5.0","","","5.4","","","","","5","","29.17","18.01","20.81","","","","",""
"2023-08-09","2023221","7:29","24.0","37.0911","6.0","","","4.9","","","","","5","","29.22","17.93","20.86","","","","",""
"2023-08-09","2023221","7:29","24.0","37.0911","7.0","","","4.5","","","","","5","","29.23","17.91","20.88","","","","",""
"2023-08-09","2023221","7:29","24.0","37.0911","8.0","","","4.4","","","","","5","","29.23","17.90","20.88","","","","",""
"2023-08-09","2023221","7:29","24.0","37.0911","9.0","","","4.3","","","","","5","","29.24","17.88","20.89","","","","",""
"2023-08-09","2023221","7:29","24.0","37.0911","10.0","5.7","0.88","4.7","","","","5.8","6","","29.24","17.87","20.90","","","","",""
"2023-08-09","2023221","7:41","25.0","32.8382","1.0","","","6.1","","","","","5","0.86","28.61","18.84","20.18","","","","",""
"2023-08-09","2023221","7:41","25.0","32.8382","2.0","","","9.1","","","","","5","","28.65","18.86","20.21","","","","",""
"2023-08-09","2023221","7:41","25.0","32.8382","3.0","","","8.2","","","","","5","","28.69","18.81","20.26","","","","",""
"2023-08-09","2023221","7:41","25.0","32.8382","5.0","","","4.9","","","","","5","","28.76","18.72","20.33","","","","",""
"2023-08-09","2023221","7:41","25.0","32.8382","7.0","","","3.8","","","","","6","","28.79","18.68","20.36","","","","",""
"2023-08-09","2023221","7:41","25.0","32.8382","8.0","","","3.7","","","","","6","","28.79","18.67","20.36","","","","",""
"2023-08-09","2023221","7:50","26.0","28.7560","1.0","","","7.6","","","","","6","0.89","28.11","19.59","19.62","","","","",""
"2023-08-09","2023221","7:50","26.0","28.7560","2.0","","","7.6","","","","","6","","28.13","19.59","19.63","","","","",""
"2023-08-09","2023221","7:50","26.0","28.7560","3.0","","","8.4","","","","","6","","28.14","19.60","19.64","","","","",""
"2023-08-09","2023221","7:50","26.0","28.7560","4.0","","","7.6","","","","","7","","28.16","19.60","19.66","","","","",""
"2023-08-09","2023221","7:50","26.0","28.7560","5.0","","","7.4","","","","","7","","28.22","19.55","19.71","","","","",""
"2023-08-09","2023221","7:50","26.0","28.7560","6.0","","","6.2","","","","","7","","28.31","19.40","19.82","","","","",""
"2023-08-09","2023221","7:50","26.0","28.7560","7.0","","","5.5","","","","","7","","28.36","19.31","19.88","","","","",""
"2023-08-09","2023221","7:50","26.0","28.7560","8.0","","","5.0","","","","","6","","28.40","19.24","19.93","","","","",""
"2023-08-09","2023221","7:50","26.0","28.7560","9.0","","","4.8","","","","","6","","28.43","19.17","19.97","","","","",""
"2023-08-09","2023221","7:50","26.0","28.7560","10.0","","","5.0","","","","","6","","28.44","19.15","19.98","","","","",""
"2023-08-09","2023221","7:59","27.0","26.1872","1.0","","","5.9","","","","","12","1.22","27.69","20.04","19.18","","","","",""
"2023-08-09","2023221","7:59","27.0","26.1872","2.0","6.8","0.86","7.2","","","","10.8","12","","27.69","20.04","19.18","0.81","6.90","4.36","4.38","80.11"
"2023-08-09","2023221","7:59","27.0","26.1872","3.0","","","6.9","","","","","12","","27.71","20.03","19.20","","","","",""
"2023-08-09","2023221","7:59","27.0","26.1872","4.0","","","6.1","","","","","11","","27.73","20.01","19.23","","","","",""
"2023-08-09","2023221","7:59","27.0","26.1872","5.0","","","5.3","","","","","10","","27.74","20.00","19.24","","","","",""
"2023-08-09","2023221","7:59","27.0","26.1872","6.0","","","5.1","","","","","10","","27.75","19.99","19.25","","","","",""
"2023-08-09","2023221","7:59","27.0","26.1872","7.0","","","5.1","","","","","10","","27.79","19.97","19.28","","","","",""
"2023-08-09","2023221","7:59","27.0","26.1872","8.0","","","5.3","","","","","10","","27.81","19.95","19.30","","","","",""
"2023-08-09","2023221","7:59","27.0","26.1872","9.0","","","5.5","","","","","10","","27.82","19.95","19.31","","","","",""
"2023-08-09","2023221","7:59","27.0","26.1872","10.0","","","5.2","","","","","10","","27.83","19.95","19.32","","","","",""
"2023-08-09","2023221","7:59","27.0","26.1872","11.0","5.5","0.84","5.4","","","","7.9","10","","27.84","19.94","19.33","","","","",""
"2023-08-09","2023221","8:09","28.0","23.5695","1.0","","","7.9","","","","","10","1.19","27.34","20.43","18.82","","","","",""
"2023-08-09","2023221","8:09","28.0","23.5695","2.0","","","6.6","","","","","12","","27.35","20.41","18.83","","","","",""
"2023-08-09","2023221","8:09","28.0","23.5695","3.0","","","6.2","","","","","13","","27.36","20.40","18.85","","","","",""
"2023-08-09","2023221","8:09","28.0","23.5695","4.0","","","6.1","","","","","13","","27.37","20.39","18.86","","","","",""
"2023-08-09","2023221","8:09","28.0","23.5695","5.0","","","5.8","","","","","13","","27.39","20.38","18.87","","","","",""
"2023-08-09","2023221","8:09","28.0","23.5695","6.0","","","5.6","","","","","13","","27.44","20.36","18.92","","","","",""
"2023-08-09","2023221","8:09","28.0","23.5695","7.0","","","5.4","","","","","14","","27.53","20.29","19.00","","","","",""
"2023-08-09","2023221","8:09","28.0","23.5695","8.0","","","5.0","","","","","16","","27.55","20.27","19.02","","","","",""
"2023-08-09","2023221","8:09","28.0","23.5695","9.0","","","5.0","","","","","18","","27.59","20.24","19.06","","","","",""
"2023-08-09","2023221","8:09","28.0","23.5695","10.0","","","4.7","","","","","19","","27.62","20.21","19.09","","","","",""
"2023-08-09","2023221","8:09","28.0","23.5695","11.0","","","4.7","","","","","23","","27.62","20.21","19.09","","","","",""
"2023-08-09","2023221","8:09","28.0","23.5695","12.0","","","4.6","","","","","25","","27.62","20.21","19.09","","","","",""
"2023-08-09","2023221","8:23","29.0","20.2526","1.0","","","9.4","","","","","10","1.17","27.00","20.85","18.45","","","","",""
"2023-08-09","2023221","8:23","29.0","20.2526","2.0","","","9.4","","","","","10","","27.06","20.76","18.52","","","","",""
"2023-08-09","2023221","8:23","29.0","20.2526","3.0","","","8.0","","","","","10","","27.11","20.72","18.57","","","","",""
"2023-08-09","2023221","8:23","29.0","20.2526","4.0","","","6.4","","","","","10","","27.12","20.71","18.58","","","","",""
"2023-08-09","2023221","8:23","29.0","20.2526","5.0","","","5.7","","","","","10","","27.13","20.70","18.59","","","","",""
"2023-08-09","2023221","8:23","29.0","20.2526","6.0","","","5.3","","","","","10","","27.13","20.70","18.59","","","","",""
"2023-08-09","2023221","8:23","29.0","20.2526","7.0","","","5.2","","","","","11","","27.17","20.70","18.62","","","","",""
"2023-08-09","2023221","8:23","29.0","20.2526","8.0","","","5.3","","","","","10","","27.26","20.67","18.70","","","","",""
"2023-08-09","2023221","8:23","29.0","20.2526","9.0","","","5.5","","","","","10","","27.30","20.67","18.73","","","","",""
"2023-08-09","2023221","8:23","29.0","20.2526","10.0","","","6.0","","","","","10","","27.31","20.68","18.73","","","","",""
"2023-08-09","2023221","8:23","29.0","20.2526","11.0","","","6.2","","","","","10","","27.30","20.67","18.73","","","","",""
"2023-08-09","2023221","8:23","29.0","20.2526","12.0","","","6.2","","","","","10","","27.31","20.65","18.74","","","","",""
"2023-08-09","2023221","8:23","29.0","20.2526","13.0","","","5.9","","","","","10","","27.33","20.60","18.77","","","","",""
"2023-08-09","2023221","8:23","29.0","20.2526","14.0","","","5.8","","","","","10","","27.35","20.57","18.79","","","","",""
"2023-08-09","2023221","8:34","30.0","14.7543","1.0","","","6.6","","","","","9","1.15","26.53","21.21","18.01","","","","",""
"2023-08-09","2023221","8:34","30.0","14.7543","2.0","8.8","0.92","8.7","","","","","9","","26.57","21.12","18.06","1.16","8.92","5.57","6.02","96.14"
"2023-08-09","2023221","8:34","30.0","14.7543","3.0","","","8.0","","","","","9","","26.62","21.09","18.10","","","","",""
"2023-08-09","2023221","8:34","30.0","14.7543","4.0","","","5.4","","","","","10","","26.64","21.07","18.13","","","","",""
"2023-08-09","2023221","8:34","30.0","14.7543","5.0","","","4.7","","","","","10","","26.66","21.06","18.14","","","","",""
"2023-08-09","2023221","8:34","30.0","14.7543","6.0","","","4.4","","","","","10","","26.67","21.06","18.15","","","","",""
"2023-08-09","2023221","8:34","30.0","14.7543","7.0","","","4.2","","","","","11","","26.68","21.05","18.16","","","","",""
"2023-08-09","2023221","8:34","30.0","14.7543","8.0","","","4.1","","","","","11","","26.69","21.05","18.17","","","","",""
"2023-08-09","2023221","8:34","30.0","14.7543","9.0","","","4.2","","","","","11","","26.69","21.05","18.17","","","","",""
"2023-08-09","2023221","8:34","30.0","14.7543","10.0","","","4.3","","","","","12","","26.72","21.05","18.19","","","","",""
"2023-08-09","2023221","8:34","30.0","14.7543","11.0","","","4.3","","","","","13","","26.74","21.04","18.21","","","","",""
"2023-08-09","2023221","8:34","30.0","14.7543","12.0","4.2","0.79","4.3","","","","","14","","26.74","21.03","18.21","","","","",""
"2023-08-09","2023221","8:45","31.0","10.6065","1.0","","","7.4","","","","","7","1.09","26.06","21.76","17.50","","","","",""
"2023-08-09","2023221","8:45","31.0","10.6065","2.0","","","7.0","","","","","8","","26.03","21.68","17.50","","","","",""
"2023-08-09","2023221","8:45","31.0","10.6065","3.0","","","8.0","","","","","8","","26.05","21.58","17.54","","","","",""
"2023-08-09","2023221","8:45","31.0","10.6065","4.0","","","7.5","","","","","9","","26.07","21.54","17.57","","","","",""
"2023-08-09","2023221","8:45","31.0","10.6065","5.0","","","4.8","","","","","9","","26.09","21.53","17.59","","","","",""
"2023-08-09","2023221","8:45","31.0","10.6065","6.0","","","4.0","","","","","10","","26.14","21.53","17.63","","","","",""
"2023-08-09","2023221","8:45","31.0","10.6065","7.0","","","3.6","","","","","11","","26.19","21.52","17.67","","","","",""
"2023-08-09","2023221","8:45","31.0","10.6065","8.0","","","3.5","","","","","11","","26.19","21.51","17.67","","","","",""
"2023-08-09","2023221","8:45","31.0","10.6065","9.0","","","3.5","","","","","13","","26.21","21.50","17.69","","","","",""
"2023-08-09","2023221","8:45","31.0","10.6065","10.0","","","3.6","","","","","13","","26.22","21.51","17.69","","","","",""
"2023-08-09","2023221","8:54","32.0","8.1507","1.0","","","6.3","","","","","9","1.30","25.74","22.20","17.15","","","","",""
"2023-08-09","2023221","8:54","32.0","8.1507","2.0","6.5","0.90","6.6","","","","10.8","12","","25.79","22.09","17.22","1.70","13.71","5.64","7.16","95.07"
"2023-08-09","2023221","8:54","32.0","8.1507","3.0","","","6.6","","","","","12","","25.83","22.02","17.26","","","","",""
"2023-08-09","2023221","8:54","32.0","8.1507","4.0","","","6.1","","","","","12","","25.90","21.94","17.33","","","","",""
"2023-08-09","2023221","8:54","32.0","8.1507","5.0","","","5.8","","","","","12","","26.01","21.87","17.43","","","","",""
"2023-08-09","2023221","8:54","32.0","8.1507","6.0","","","5.5","","","","","12","","26.10","21.84","17.51","","","","",""
"2023-08-09","2023221","8:54","32.0","8.1507","7.0","","","5.5","","","","","14","","26.14","21.86","17.53","","","","",""
"2023-08-09","2023221","8:54","32.0","8.1507","8.0","","","5.3","","","","","15","","26.17","21.89","17.55","","","","",""
"2023-08-09","2023221","8:54","32.0","8.1507","9.0","4.2","0.79","5.3","","","","18.5","16","","26.20","21.90","17.57","","","","",""
"2023-08-09","2023221","9:04","33.0","6.8085","1.0","","","6.4","","","","","14","1.48","25.46","22.43","16.87","","","","",""
"2023-08-09","2023221","9:04","33.0","6.8085","2.0","","","6.4","","","","","14","","25.49","22.34","16.92","","","","",""
"2023-08-09","2023221","9:04","33.0","6.8085","3.0","","","6.4","","","","","14","","25.54","22.25","16.98","","","","",""
"2023-08-09","2023221","9:04","33.0","6.8085","4.0","","","6.2","","","","","13","","25.58","22.17","17.04","","","","",""
"2023-08-09","2023221","9:04","33.0","6.8085","5.0","","","6.1","","","","","12","","25.64","22.10","17.09","","","","",""
"2023-08-09","2023221","9:04","33.0","6.8085","6.0","","","6.2","","","","","11","","25.71","22.05","17.16","","","","",""
"2023-08-09","2023221","9:04","33.0","6.8085","7.0","","","6.1","","","","","12","","25.75","22.02","17.20","","","","",""
"2023-08-09","2023221","9:04","33.0","6.8085","8.0","","","6.2","","","","","12","","25.77","22.02","17.22","","","","",""
"2023-08-09","2023221","9:04","33.0","6.8085","9.0","","","6.4","","","","","13","","25.79","22.03","17.23","","","","",""
"2023-08-09","2023221","9:04","33.0","6.8085","10.0","","","6.5","","","","","13","","25.83","22.03","17.26","","","","",""
"2023-08-09","2023221","9:04","33.0","6.8085","11.0","","","6.8","","","","","14","","25.88","22.05","17.29","","","","",""
"2023-08-09","2023221","9:11","34.0","3.5290","1.0","","","4.9","","","","","14","1.92","25.20","22.50","16.65","","","","",""
"2023-08-09","2023221","9:11","34.0","3.5290","2.0","5.0","0.86","4.9","","","","","21","","25.21","22.48","16.67","","","","",""
"2023-08-09","2023221","9:11","34.0","3.5290","3.0","","","4.4","","","","","23","","25.23","22.43","16.70","","","","",""
"2023-08-09","2023221","9:11","34.0","3.5290","4.0","","","3.9","","","","","23","","25.27","22.36","16.75","","","","",""
"2023-08-09","2023221","9:11","34.0","3.5290","5.0","","","3.8","","","","","21","","25.29","22.34","16.77","","","","",""
"2023-08-09","2023221","9:11","34.0","3.5290","6.0","","","3.8","","","","","23","","25.30","22.33","16.78","","","","",""
"2023-08-09","2023221","9:11","34.0","3.5290","7.0","2.8","0.66","3.8","","","","","24","","25.32","22.32","16.80","","","","",""
"2023-08-09","2023221","9:21","35.0","1.6576","1.0","","","3.2","","","","","19","2.06","24.46","22.74","16.03","","","","",""
"2023-08-09","2023221","9:21","35.0","1.6576","2.0","4.8","0.87","3.8","","","","","23","","24.46","22.68","16.05","","","","",""
"2023-08-09","2023221","9:21","35.0","1.6576","3.0","","","3.4","","","","","23","","24.83","22.51","16.38","","","","",""
"2023-08-09","2023221","9:21","35.0","1.6576","4.0","","","2.9","","","","","25","","24.99","22.48","16.50","","","","",""
"2023-08-09","2023221","9:21","35.0","1.6576","5.0","","","3.2","","","","","26","","25.05","22.44","16.56","","","","",""
"2023-08-09","2023221","9:21","35.0","1.6576","6.0","","","3.5","","","","","26","","25.07","22.43","16.57","","","","",""
"2023-08-09","2023221","9:21","35.0","1.6576","7.0","","","3.6","","","","","27","","25.07","22.43","16.58","","","","",""
"2023-08-09","2023221","9:21","35.0","1.6576","8.0","","","3.8","","","","","30","","25.07","22.43","16.58","","","","",""
"2023-08-09","2023221","9:27","36.0","0.0000","1.0","","","2.9","","","","","22","2.12","24.66","22.53","16.24","","","","",""
"2023-08-09","2023221","9:27","36.0","0.0000","2.0","3.3","0.77","3.0","","","","19.3","22","","24.66","22.53","16.24","2.79","17.42","9.57","9.18","113.94"
"2023-08-09","2023221","9:27","36.0","0.0000","3.0","","","2.8","","","","","25","","24.71","22.50","16.28","","","","",""
"2023-08-09","2023221","9:27","36.0","0.0000","4.0","","","2.6","","","","","26","","24.77","22.48","16.34","","","","",""
"2023-08-09","2023221","9:27","36.0","0.0000","5.0","2.3","0.65","2.6","","","","28.6","26","","24.81","22.47","16.37","","","","",""
"2023-08-30","2023242","7:38","18.0","54.9481","1.0","","","4.9","","","","","27","2.52","30.37","18.60","21.59","","","","",""
"2023-08-30","2023242","7:38","18.0","54.9481","2.0","5.7","0.70","5.5","","","","32.9","30","","30.37","18.59","21.59","0.57","5.55","4.14","2.01","46.64"
"2023-08-30","2023242","7:38","18.0","54.9481","3.0","","","4.9","","","","","43","","30.38","18.59","21.59","","","","",""
"2023-08-30","2023242","7:38","18.0","54.9481","4.0","","","4.8","","","","","53","","30.39","18.59","21.60","","","","",""
"2023-08-30","2023242","7:38","18.0","54.9481","5.0","","","4.7","","","","","54","","30.45","18.54","21.66","","","","",""
"2023-08-30","2023242","7:38","18.0","54.9481","6.0","","","4.9","","","","","54","","30.51","18.50","21.71","","","","",""
"2023-08-30","2023242","7:38","18.0","54.9481","7.0","","","4.7","","","","","58","","30.53","18.48","21.73","","","","",""
"2023-08-30","2023242","7:38","18.0","54.9481","8.0","","","4.7","","","","","58","","30.53","18.47","21.74","","","","",""
"2023-08-30","2023242","7:38","18.0","54.9481","9.0","","","4.6","","","","","58","","30.54","18.47","21.74","","","","",""
"2023-08-30","2023242","7:38","18.0","54.9481","10.0","","","4.6","","","","","57","","30.56","18.45","21.77","","","","",""
"2023-08-30","2023242","7:38","18.0","54.9481","11.0","","","4.7","","","","","59","","30.56","18.45","21.77","","","","",""
"2023-08-30","2023242","7:38","18.0","54.9481","12.0","","","4.7","","","","","61","","30.55","18.45","21.76","","","","",""
"2023-08-30","2023242","7:38","18.0","54.9481","13.0","","","4.7","","","","","57","","30.55","18.45","21.76","","","","",""
"2023-08-30","2023242","7:38","18.0","54.9481","14.0","","","4.6","","","","","57","","30.55","18.46","21.75","","","","",""
"2023-08-30","2023242","7:38","18.0","54.9481","15.0","","","4.6","","","","","53","","30.55","18.46","21.75","","","","",""
"2023-08-30","2023242","7:38","18.0","54.9481","16.0","","","4.5","","","","","47","","30.56","18.45","21.77","","","","",""
"2023-08-30","2023242","7:38","18.0","54.9481","17.0","","","4.6","","","","","50","","30.56","18.45","21.76","","","","",""
"2023-08-30","2023242","7:38","18.0","54.9481","18.0","","","4.6","","","","","51","","30.57","18.44","21.78","","","","",""
"2023-08-30","2023242","7:38","18.0","54.9481","19.0","","","4.7","","","","","54","","30.61","18.42","21.81","","","","",""
"2023-08-30","2023242","7:38","18.0","54.9481","20.0","","","4.6","","","","","64","","30.65","18.39","21.85","","","","",""
"2023-08-30","2023242","7:38","18.0","54.9481","21.0","","","4.5","","","","","70","","30.66","18.38","21.86","","","","",""
"2023-08-30","2023242","7:38","18.0","54.9481","22.0","","","4.7","","","","","77","","30.65","18.38","21.85","","","","",""
"2023-08-30","2023242","7:38","18.0","54.9481","23.0","","","4.7","","","","","76","","30.66","18.38","21.86","","","","",""
"2023-08-30","2023242","7:38","18.0","54.9481","24.0","","","4.7","","","","","80","","30.67","18.37","21.87","","","","",""
"2023-08-30","2023242","7:38","18.0","54.9481","25.0","","","4.5","","","","","82","","30.68","18.37","21.88","","","","",""
"2023-08-30","2023242","7:38","18.0","54.9481","26.0","","","4.6","","","","","79","","30.71","18.34","21.91","","","","",""
"2023-08-30","2023242","7:38","18.0","54.9481","27.0","","","4.9","","","","","80","","30.73","18.32","21.93","","","","",""
"2023-08-30","2023242","7:38","18.0","54.9481","28.0","","","5.2","","","","","88","","30.75","18.31","21.95","","","","",""
"2023-08-30","2023242","7:38","18.0","54.9481","29.0","","","4.5","","","","","87","","30.77","18.29","21.96","","","","",""
"2023-08-30","2023242","7:38","18.0","54.9481","30.0","","","4.6","","","","","80","","30.78","18.28","21.98","","","","",""
"2023-08-30","2023242","7:38","18.0","54.9481","31.0","","","4.9","","","","","76","","30.80","18.26","22.00","","","","",""
"2023-08-30","2023242","7:38","18.0","54.9481","32.0","","","4.8","","","","","76","","30.82","18.24","22.02","","","","",""
"2023-08-30","2023242","7:38","18.0","54.9481","33.0","","","4.7","","","","","70","","30.82","18.24","22.02","","","","",""
"2023-08-30","2023242","7:38","18.0","54.9481","34.0","","","5.0","","","","","69","","30.83","18.24","22.02","","","","",""
"2023-08-30","2023242","7:38","18.0","54.9481","35.0","","","4.7","","","","","69","","30.86","18.21","22.06","","","","",""
"2023-08-30","2023242","7:38","18.0","54.9481","36.0","","","4.8","","","","","67","","30.89","18.18","22.09","","","","",""
"2023-08-30","2023242","7:38","18.0","54.9481","37.0","","","4.9","","","","","63","","30.90","18.17","22.09","","","","",""
"2023-08-30","2023242","7:38","18.0","54.9481","38.0","","","4.9","","","","","62","","30.90","18.17","22.10","","","","",""
"2023-08-30","2023242","7:38","18.0","54.9481","39.0","","","4.7","","","","","63","","30.91","18.16","22.10","","","","",""
"2023-08-30","2023242","7:38","18.0","54.9481","40.0","","","4.9","","","","","72","","30.92","18.15","22.12","","","","",""
"2023-08-30","2023242","7:38","18.0","54.9481","41.0","","","5.4","","","","","80","","30.93","18.14","22.12","","","","",""
"2023-08-30","2023242","7:38","18.0","54.9481","42.0","","","5.4","","","","","84","","30.93","18.14","22.12","","","","",""
"2023-08-30","2023242","7:38","18.0","54.9481","43.0","","","4.9","","","","","77","","30.93","18.14","22.12","","","","",""
"2023-08-30","2023242","7:38","18.0","54.9481","44.0","5.7","0.51","5.7","","","","69.4","77","","30.93","18.14","22.13","","","","",""
"2023-08-30","2023242","7:52","20.0","51.4501","1.0","","","8.3","","","","","7","1.06","29.50","20.39","20.47","","","","",""
"2023-08-30","2023242","7:52","20.0","51.4501","2.0","8.1","0.87","7.8","","","","","7","","29.56","20.27","20.55","","","","",""
"2023-08-30","2023242","7:52","20.0","51.4501","3.0","","","6.4","","","","","8","","29.59","20.23","20.58","","","","",""
"2023-08-30","2023242","7:52","20.0","51.4501","4.0","","","5.9","","","","","8","","29.63","20.16","20.63","","","","",""
"2023-08-30","2023242","7:52","20.0","51.4501","5.0","","","5.7","","","","","8","","29.67","20.12","20.67","","","","",""
"2023-08-30","2023242","7:52","20.0","51.4501","6.0","","","5.6","","","","","8","","29.69","20.10","20.69","","","","",""
"2023-08-30","2023242","7:52","20.0","51.4501","7.0","","","5.8","","","","","8","","29.71","20.08","20.71","","","","",""
"2023-08-30","2023242","7:52","20.0","51.4501","8.0","","","5.9","","","","","8","","29.73","20.06","20.73","","","","",""
"2023-08-30","2023242","7:52","20.0","51.4501","9.0","","","5.8","","","","","8","","29.74","20.06","20.74","","","","",""
"2023-08-30","2023242","7:52","20.0","51.4501","10.0","","","5.9","","","","","9","","29.74","20.05","20.74","","","","",""
"2023-08-30","2023242","7:52","20.0","51.4501","11.0","","","5.9","","","","","9","","29.75","20.05","20.75","","","","",""
"2023-08-30","2023242","7:52","20.0","51.4501","12.0","","","6.0","","","","","9","","29.76","20.04","20.76","","","","",""
"2023-08-30","2023242","7:52","20.0","51.4501","13.0","","","6.0","","","","","9","","29.79","19.99","20.80","","","","",""
"2023-08-30","2023242","7:52","20.0","51.4501","15.0","","","5.9","","","","","9","","29.81","19.97","20.81","","","","",""
"2023-08-30","2023242","7:52","20.0","51.4501","16.0","","","6.0","","","","","9","","29.83","19.95","20.83","","","","",""
"2023-08-30","2023242","7:52","20.0","51.4501","17.0","","","5.8","","","","","9","","29.84","19.92","20.86","","","","",""
"2023-08-30","2023242","7:52","20.0","51.4501","18.0","","","5.8","","","","","10","","29.88","19.86","20.90","","","","",""
"2023-08-30","2023242","7:52","20.0","51.4501","19.0","","","5.7","","","","","10","","29.89","19.82","20.92","","","","",""
"2023-08-30","2023242","7:52","20.0","51.4501","20.0","","","5.6","","","","","10","","29.96","19.71","21.00","","","","",""
"2023-08-30","2023242","7:52","20.0","51.4501","21.0","","","5.4","","","","","14","","30.07","19.55","21.12","","","","",""
"2023-08-30","2023242","7:52","20.0","51.4501","22.0","","","5.2","","","","","26","","30.13","19.48","21.18","","","","",""
"2023-08-30","2023242","7:52","20.0","51.4501","23.0","","","5.2","","","","","44","","30.15","19.46","21.21","","","","",""
"2023-08-30","2023242","7:52","20.0","51.4501","24.0","","","5.2","","","","","67","","30.16","19.44","21.22","","","","",""
"2023-08-30","2023242","7:52","20.0","51.4501","25.0","","","5.3","","","","","98","","30.17","19.43","21.23","","","","",""
"2023-08-30","2023242","7:52","20.0","51.4501","26.0","","","6.2","","","","","145","","30.17","19.43","21.23","","","","",""
"2023-08-30","2023242","8:06","21.0","46.6266","1.0","","","7.7","","","","","7","1.09","28.60","21.88","19.39","","","","",""
"2023-08-30","2023242","8:06","21.0","46.6266","2.0","6.8","0.87","7.2","","","","","7","","28.95","21.50","19.76","","","","",""
"2023-08-30","2023242","8:06","21.0","46.6266","3.0","","","6.4","","","","","8","","29.01","21.39","19.84","","","","",""
"2023-08-30","2023242","8:06","21.0","46.6266","4.0","","","6.0","","","","","9","","29.05","21.32","19.89","","","","",""
"2023-08-30","2023242","8:06","21.0","46.6266","5.0","","","5.9","","","","","9","","29.07","21.29","19.91","","","","",""
"2023-08-30","2023242","8:06","21.0","46.6266","6.0","","","5.9","","","","","10","","29.09","21.27","19.93","","","","",""
"2023-08-30","2023242","8:06","21.0","46.6266","7.0","","","5.9","","","","","10","","29.11","21.25","19.95","","","","",""
"2023-08-30","2023242","8:06","21.0","46.6266","8.0","","","6.1","","","","","10","","29.13","21.22","19.98","","","","",""
"2023-08-30","2023242","8:06","21.0","46.6266","9.0","","","6.6","","","","","10","","29.15","21.19","20.00","","","","",""
"2023-08-30","2023242","8:06","21.0","46.6266","10.0","","","6.9","","","","","12","","29.17","21.15","20.03","","","","",""
"2023-08-30","2023242","8:06","21.0","46.6266","11.0","","","7.0","","","","","19","","29.18","21.13","20.04","","","","",""
"2023-08-30","2023242","8:06","21.0","46.6266","12.0","","","6.9","","","","","27","","29.19","21.10","20.05","","","","",""
"2023-08-30","2023242","8:06","21.0","46.6266","13.0","","","7.1","","","","","46","","29.21","21.07","20.07","","","","",""
"2023-08-30","2023242","8:06","21.0","46.6266","14.0","","","6.9","","","","","85","","29.21","21.07","20.07","","","","",""
"2023-08-30","2023242","8:06","21.0","46.6266","15.0","","","7.8","","","","","184","","29.21","21.05","20.08","","","","",""
"2023-08-30","2023242","8:14","22.0","43.9210","1.0","","","5.3","","","","","7","1.07","28.57","21.74","19.41","","","","",""
"2023-08-30","2023242","8:14","22.0","43.9210","2.0","5.6","0.83","5.8","","","","7.5","8","","28.70","21.63","19.54","0.89","7.50","4.64","5.47","91.86"
"2023-08-30","2023242","8:14","22.0","43.9210","3.0","","","5.8","","","","","9","","28.83","21.50","19.67","","","","",""
"2023-08-30","2023242","8:14","22.0","43.9210","4.0","","","5.3","","","","","9","","28.92","21.37","19.77","","","","",""
"2023-08-30","2023242","8:14","22.0","43.9210","5.0","","","5.4","","","","","9","","29.09","21.09","19.98","","","","",""
"2023-08-30","2023242","8:14","22.0","43.9210","6.0","","","5.3","","","","","10","","29.17","20.94","20.08","","","","",""
"2023-08-30","2023242","8:14","22.0","43.9210","7.0","","","5.4","","","","","11","","29.20","20.87","20.12","","","","",""
"2023-08-30","2023242","8:14","22.0","43.9210","8.0","","","5.4","","","","","11","","29.26","20.75","20.20","","","","",""
"2023-08-30","2023242","8:14","22.0","43.9210","9.0","","","5.4","","","","","11","","29.33","20.63","20.28","","","","",""
"2023-08-30","2023242","8:14","22.0","43.9210","10.0","","","5.2","","","","","11","","29.37","20.53","20.34","","","","",""
"2023-08-30","2023242","8:14","22.0","43.9210","11.0","","","5.0","","","","","11","","29.42","20.44","20.40","","","","",""
"2023-08-30","2023242","8:14","22.0","43.9210","12.0","","","4.9","","","","","16","","29.46","20.36","20.45","","","","",""
"2023-08-30","2023242","8:14","22.0","43.9210","13.0","","","4.9","","","","","29","","29.48","20.34","20.47","","","","",""
"2023-08-30","2023242","8:14","22.0","43.9210","14.0","","","4.9","","","","","38","","29.48","20.33","20.47","","","","",""
"2023-08-30","2023242","8:14","22.0","43.9210","15.0","","","4.9","","","","","46","","29.48","20.32","20.48","","","","",""
"2023-08-30","2023242","8:14","22.0","43.9210","16.0","","","5.0","","","","","61","","29.49","20.32","20.48","","","","",""
"2023-08-30","2023242","8:14","22.0","43.9210","17.0","","","5.1","","","","","73","","29.49","20.32","20.48","","","","",""
"2023-08-30","2023242","8:14","22.0","43.9210","18.0","5.8","0.41","5.8","","","","133.4","132","","29.48","20.32","20.47","","","","",""
"2023-08-30","2023242","8:26","23.0","39.6557","1.0","","","4.8","","","","","7","1.06","28.44","21.65","19.34","","","","",""
"2023-08-30","2023242","8:26","23.0","39.6557","2.0","","","4.8","","","","","7","","28.59","21.61","19.46","","","","",""
"2023-08-30","2023242","8:26","23.0","39.6557","3.0","","","5.0","","","","","7","","28.68","21.53","19.55","","","","",""
"2023-08-30","2023242","8:26","23.0","39.6557","4.0","","","4.9","","","","","8","","28.85","21.24","19.76","","","","",""
"2023-08-30","2023242","8:26","23.0","39.6557","5.0","","","5.1","","","","","10","","28.95","21.13","19.86","","","","",""
"2023-08-30","2023242","8:26","23.0","39.6557","6.0","","","5.4","","","","","13","","29.03","21.05","19.94","","","","",""
"2023-08-30","2023242","8:26","23.0","39.6557","7.0","","","5.7","","","","","13","","29.05","21.02","19.96","","","","",""
"2023-08-30","2023242","8:26","23.0","39.6557","8.0","","","5.6","","","","","14","","29.07","21.00","19.99","","","","",""
"2023-08-30","2023242","8:26","23.0","39.6557","9.0","","","5.8","","","","","15","","29.09","20.99","20.00","","","","",""
"2023-08-30","2023242","8:26","23.0","39.6557","10.0","","","5.7","","","","","15","","29.12","20.96","20.03","","","","",""
"2023-08-30","2023242","8:26","23.0","39.6557","11.0","","","5.5","","","","","19","","29.17","20.88","20.09","","","","",""
"2023-08-30","2023242","8:26","23.0","39.6557","12.0","","","5.5","","","","","25","","29.22","20.80","20.15","","","","",""
"2023-08-30","2023242","8:26","23.0","39.6557","13.0","","","5.8","","","","","98","","29.22","20.79","20.16","","","","",""
"2023-08-30","2023242","8:26","23.0","39.6557","14.0","","","5.9","","","","","142","","29.22","20.79","20.16","","","","",""
"2023-08-30","2023242","8:35","24.0","37.0911","1.0","","","5.5","","","","","17","1.91","28.96","21.05","19.89","","","","",""
"2023-08-30","2023242","8:35","24.0","37.0911","2.0","","","5.5","","","","38.0","32","","29.01","21.01","19.94","0.79","8.78","2.57","4.78","85.10"
"2023-08-30","2023242","8:35","24.0","37.0911","3.0","","","5.5","","","","","33","","29.06","20.97","19.99","","","","",""
"2023-08-30","2023242","8:35","24.0","37.0911","4.0","","","5.4","","","","","35","","29.07","20.96","19.99","","","","",""
"2023-08-30","2023242","8:35","24.0","37.0911","5.0","","","5.3","","","","","43","","29.08","20.95","20.00","","","","",""
"2023-08-30","2023242","8:35","24.0","37.0911","6.0","","","5.4","","","","","63","","29.08","20.95","20.01","","","","",""
"2023-08-30","2023242","8:35","24.0","37.0911","7.0","","","5.4","","","","","70","","29.08","20.95","20.01","","","","",""
"2023-08-30","2023242","8:35","24.0","37.0911","8.0","","","5.4","","","","90.8","89","","29.08","20.96","20.00","","","","",""
"2023-08-30","2023242","8:48","25.0","32.8382","1.0","","","5.4","","","","","13","1.43","28.48","21.41","19.43","","","","",""
"2023-08-30","2023242","8:48","25.0","32.8382","2.0","","","5.4","","","","","18","","28.49","21.40","19.44","","","","",""
"2023-08-30","2023242","8:48","25.0","32.8382","3.0","","","5.3","","","","","21","","28.50","21.38","19.45","","","","",""
"2023-08-30","2023242","8:48","25.0","32.8382","4.0","","","5.3","","","","","29","","28.51","21.37","19.47","","","","",""
"2023-08-30","2023242","8:48","25.0","32.8382","5.0","","","5.3","","","","","41","","28.52","21.36","19.47","","","","",""
"2023-08-30","2023242","8:48","25.0","32.8382","6.0","","","5.3","","","","","65","","28.52","21.36","19.47","","","","",""
"2023-08-30","2023242","8:48","25.0","32.8382","7.0","","","5.3","","","","","82","","28.52","21.36","19.47","","","","",""
"2023-08-30","2023242","8:57","26.0","28.7560","1.0","","","5.1","","","","","12","1.42","27.96","21.85","18.92","","","","",""
"2023-08-30","2023242","8:57","26.0","28.7560","2.0","","","5.1","","","","","15","","27.93","21.95","18.87","","","","",""
"2023-08-30","2023242","8:57","26.0","28.7560","3.0","","","5.2","","","","","17","","27.96","21.93","18.89","","","","",""
"2023-08-30","2023242","8:57","26.0","28.7560","4.0","","","5.2","","","","","18","","28.04","21.86","18.98","","","","",""
"2023-08-30","2023242","8:57","26.0","28.7560","5.0","","","5.2","","","","","25","","28.11","21.79","19.05","","","","",""
"2023-08-30","2023242","8:57","26.0","28.7560","6.0","","","5.2","","","","","46","","28.14","21.75","19.08","","","","",""
"2023-08-30","2023242","8:57","26.0","28.7560","7.0","","","5.2","","","","","74","","28.15","21.74","19.09","","","","",""
"2023-08-30","2023242","8:57","26.0","28.7560","8.0","","","5.2","","","","","90","","28.15","21.74","19.09","","","","",""
"2023-08-30","2023242","9:05","27.0","26.1872","1.0","","","5.3","","","","","11","1.58","27.79","22.10","18.72","","","","",""
"2023-08-30","2023242","9:05","27.0","26.1872","2.0","5.7","0.73","5.6","","","","13.5","14","","27.79","22.07","18.73","0.92","9.21","4.78","7.52","97.56"
"2023-08-30","2023242","9:05","27.0","26.1872","3.0","","","5.2","","","","","18","","27.80","22.05","18.74","","","","",""
"2023-08-30","2023242","9:05","27.0","26.1872","4.0","","","5.2","","","","","20","","27.80","22.04","18.75","","","","",""
"2023-08-30","2023242","9:05","27.0","26.1872","5.0","","","5.2","","","","","22","","27.82","22.03","18.76","","","","",""
"2023-08-30","2023242","9:05","27.0","26.1872","6.0","","","5.2","","","","","27","","27.84","21.99","18.79","","","","",""
"2023-08-30","2023242","9:05","27.0","26.1872","7.0","","","5.2","","","","","34","","27.89","21.93","18.84","","","","",""
"2023-08-30","2023242","9:05","27.0","26.1872","8.0","","","5.2","","","","","35","","27.95","21.87","18.91","","","","",""
"2023-08-30","2023242","9:05","27.0","26.1872","9.0","","","5.2","","","","","72","","28.00","21.81","18.96","","","","",""
"2023-08-30","2023242","9:05","27.0","26.1872","10.0","","","5.1","","","","","172","","28.00","21.80","18.96","","","","",""
"2023-08-30","2023242","9:05","27.0","26.1872","11.0","4.2","0.18","4.9","","","","302.8","305","","28.00","21.82","18.94","","","","",""
"2023-08-30","2023242","9:15","28.0","23.5695","1.0","","","5.2","","","","","11","1.65","27.69","22.16","18.63","","","","",""
"2023-08-30","2023242","9:15","28.0","23.5695","2.0","","","5.3","","","","","15","","27.72","22.13","18.66","","","","",""
"2023-08-30","2023242","9:15","28.0","23.5695","3.0","","","5.2","","","","","16","","27.74","22.11","18.69","","","","",""
"2023-08-30","2023242","9:15","28.0","23.5695","4.0","","","5.2","","","","","17","","27.77","22.06","18.72","","","","",""
"2023-08-30","2023242","9:15","28.0","23.5695","5.0","","","5.1","","","","","18","","27.79","22.04","18.74","","","","",""
"2023-08-30","2023242","9:15","28.0","23.5695","6.0","","","5.1","","","","","19","","27.91","21.90","18.86","","","","",""
"2023-08-30","2023242","9:15","28.0","23.5695","7.0","","","5.2","","","","","23","","28.00","21.77","18.97","","","","",""
"2023-08-30","2023242","9:15","28.0","23.5695","8.0","","","5.2","","","","","29","","28.10","21.65","19.08","","","","",""
"2023-08-30","2023242","9:15","28.0","23.5695","9.0","","","5.2","","","","","41","","28.16","21.55","19.15","","","","",""
"2023-08-30","2023242","9:15","28.0","23.5695","10.0","","","5.2","","","","","68","","28.19","21.50","19.18","","","","",""
"2023-08-30","2023242","9:15","28.0","23.5695","11.0","","","5.2","","","","","89","","28.19","21.48","19.19","","","","",""
"2023-08-30","2023242","9:15","28.0","23.5695","12.0","","","5.2","","","","","104","","28.21","21.44","19.21","","","","",""
"2023-08-30","2023242","9:24","29.0","20.2526","1.0","","","5.1","","","","","15","1.43","27.55","22.30","18.48","","","","",""
"2023-08-30","2023242","9:24","29.0","20.2526","2.0","","","5.3","","","","","14","","27.66","22.21","18.60","","","","",""
"2023-08-30","2023242","9:24","29.0","20.2526","3.0","","","5.2","","","","","15","","27.72","22.15","18.66","","","","",""
"2023-08-30","2023242","9:24","29.0","20.2526","4.0","","","5.1","","","","","15","","27.82","22.08","18.75","","","","",""
"2023-08-30","2023242","9:24","29.0","20.2526","5.0","","","5.1","","","","","15","","27.88","21.97","18.82","","","","",""
"2023-08-30","2023242","9:24","29.0","20.2526","6.0","","","5.1","","","","","15","","27.91","21.85","18.88","","","","",""
"2023-08-30","2023242","9:24","29.0","20.2526","7.0","","","5.1","","","","","16","","27.92","21.81","18.90","","","","",""
"2023-08-30","2023242","9:24","29.0","20.2526","8.0","","","5.1","","","","","16","","27.93","21.77","18.91","","","","",""
"2023-08-30","2023242","9:24","29.0","20.2526","9.0","","","5.1","","","","","31","","27.94","21.76","18.93","","","","",""
"2023-08-30","2023242","9:24","29.0","20.2526","10.0","","","5.1","","","","","49","","27.96","21.75","18.94","","","","",""
"2023-08-30","2023242","9:24","29.0","20.2526","11.0","","","5.1","","","","","81","","27.98","21.77","18.96","","","","",""
"2023-08-30","2023242","9:24","29.0","20.2526","12.0","","","5.5","","","","","203","","27.98","21.78","18.95","","","","",""
"2023-08-30","2023242","9:24","29.0","20.2526","13.0","","","5.1","","","","","333","","27.98","21.79","18.95","","","","",""
"2023-08-30","2023242","9:36","30.0","14.7543","1.0","","","6.5","","","","","14","1.24","27.21","22.49","18.18","","","","",""
"2023-08-30","2023242","9:36","30.0","14.7543","2.0","6.8","0.84","7.4","","","","14.3","15","","27.27","22.43","18.24","1.13","12.28","5.00","12.72","117.85"
"2023-08-30","2023242","9:36","30.0","14.7543","3.0","","","5.2","","","","","16","","27.35","22.34","18.32","","","","",""
"2023-08-30","2023242","9:36","30.0","14.7543","4.0","","","5.1","","","","","16","","27.41","22.24","18.40","","","","",""
"2023-08-30","2023242","9:36","30.0","14.7543","5.0","","","5.1","","","","","16","","27.43","22.22","18.42","","","","",""
"2023-08-30","2023242","9:36","30.0","14.7543","6.0","","","5.1","","","","","16","","27.49","22.18","18.47","","","","",""
"2023-08-30","2023242","9:36","30.0","14.7543","7.0","","","5.1","","","","","41","","27.54","22.10","18.54","","","","",""
"2023-08-30","2023242","9:36","30.0","14.7543","8.0","","","5.1","","","","","102","","27.55","22.08","18.55","","","","",""
"2023-08-30","2023242","9:36","30.0","14.7543","9.0","","","5.2","","","","","186","","27.54","22.08","18.54","","","","",""
"2023-08-30","2023242","9:36","30.0","14.7543","10.0","","","5.2","","","","","270","","27.53","22.09","18.53","","","","",""
"2023-08-30","2023242","9:36","30.0","14.7543","11.0","5.4","0.28","5.2","","","","344.5","347","","27.53","22.09","18.53","","","","",""
"2023-08-30","2023242","9:48","31.0","10.6065","1.0","","","5.3","","","","","16","1.91","26.91","22.56","17.93","","","","",""
"2023-08-30","2023242","9:48","31.0","10.6065","2.0","","","5.1","","","","","23","","27.02","22.48","18.04","","","","",""
"2023-08-30","2023242","9:48","31.0","10.6065","3.0","","","5.1","","","","","40","","27.11","22.43","18.12","","","","",""
"2023-08-30","2023242","9:48","31.0","10.6065","4.0","","","5.1","","","","","69","","27.13","22.41","18.14","","","","",""
"2023-08-30","2023242","9:48","31.0","10.6065","5.0","","","5.1","","","","","107","","27.14","22.41","18.15","","","","",""
"2023-08-30","2023242","9:48","31.0","10.6065","6.0","","","5.1","","","","","140","","27.15","22.41","18.16","","","","",""
"2023-08-30","2023242","9:48","31.0","10.6065","7.0","","","5.1","","","","","197","","27.16","22.41","18.16","","","","",""
"2023-08-30","2023242","9:48","31.0","10.6065","8.0","","","5.2","","","","","234","","27.16","22.42","18.16","","","","",""
"2023-08-30","2023242","9:48","31.0","10.6065","9.0","","","5.6","","","","","266","","27.15","22.42","18.15","","","","",""
"2023-08-30","2023242","9:48","31.0","10.6065","10.0","","","5.5","","","","","289","","27.15","22.42","18.15","","","","",""
"2023-08-30","2023242","9:48","31.0","10.6065","11.0","","","5.9","","","","","306","","27.13","22.44","18.13","","","","",""
"2023-08-30","2023242","9:56","32.0","8.1507","1.0","","","4.9","","","","","16","1.81","26.46","22.68","17.56","","","","",""
"2023-08-30","2023242","9:56","32.0","8.1507","2.0","4.6","0.60","4.9","","","","18.5","19","","26.73","22.52","17.81","1.78","20.63","6.28","9.92","127.82"
"2023-08-30","2023242","9:56","32.0","8.1507","3.0","","","5.0","","","","","40","","26.81","22.48","17.88","","","","",""
"2023-08-30","2023242","9:56","32.0","8.1507","4.0","","","5.1","","","","","107","","26.81","22.49","17.88","","","","",""
"2023-08-30","2023242","9:56","32.0","8.1507","5.0","","","5.1","","","","","158","","26.80","22.49","17.87","","","","",""
"2023-08-30","2023242","9:56","32.0","8.1507","6.0","","","5.1","","","","","178","","26.79","22.49","17.86","","","","",""
"2023-08-30","2023242","9:56","32.0","8.1507","7.0","","","5.1","","","","","231","","26.78","22.49","17.85","","","","",""
"2023-08-30","2023242","9:56","32.0","8.1507","8.0","","","5.1","","","","","277","","26.77","22.49","17.85","","","","",""
"2023-08-30","2023242","9:56","32.0","8.1507","9.0","","","5.1","","","","407.9","398","","26.76","22.49","17.84","","","","",""
"2023-08-30","2023242","10:04","33.0","6.8085","1.0","","","5.3","","","","","14","1.60","26.20","23.03","17.27","","","","",""
"2023-08-30","2023242","10:04","33.0","6.8085","2.0","","","5.2","","","","","18","","26.29","22.71","17.42","","","","",""
"2023-08-30","2023242","10:04","33.0","6.8085","3.0","","","5.1","","","","","19","","26.40","22.63","17.53","","","","",""
"2023-08-30","2023242","10:04","33.0","6.8085","4.0","","","5.1","","","","","21","","26.55","22.57","17.66","","","","",""
"2023-08-30","2023242","10:04","33.0","6.8085","5.0","","","5.0","","","","","42","","26.63","22.55","17.72","","","","",""
"2023-08-30","2023242","10:04","33.0","6.8085","6.0","","","5.1","","","","","80","","26.66","22.54","17.75","","","","",""
"2023-08-30","2023242","10:04","33.0","6.8085","7.0","","","5.1","","","","","116","","26.69","22.53","17.77","","","","",""
"2023-08-30","2023242","10:04","33.0","6.8085","8.0","","","5.1","","","","","143","","26.70","22.53","17.78","","","","",""
"2023-08-30","2023242","10:04","33.0","6.8085","9.0","","","5.1","","","","","169","","26.71","22.52","17.79","","","","",""
"2023-08-30","2023242","10:04","33.0","6.8085","10.0","","","5.2","","","","","200","","26.71","22.51","17.79","","","","",""
"2023-08-30","2023242","10:04","33.0","6.8085","11.0","","","5.2","","","","","232","","26.70","22.50","17.79","","","","",""
"2023-08-30","2023242","10:04","33.0","6.8085","12.0","","","5.2","","","","","285","","26.70","22.49","17.79","","","","",""
"2023-08-30","2023242","10:04","33.0","6.8085","13.0","","","5.2","","","","","397","","26.67","22.48","17.77","","","","",""
"2023-08-30","2023242","10:12","34.0","3.5290","1.0","6.8","0.86","5.1","","","","","15","2.55","24.57","22.80","16.10","","","","",""
"2023-08-30","2023242","10:12","34.0","3.5290","2.0","","","5.2","","","","","42","","24.92","22.73","16.38","","","","",""
"2023-08-30","2023242","10:12","34.0","3.5290","3.0","","","5.2","","","","","47","","25.37","22.66","16.74","","","","",""
"2023-08-30","2023242","10:12","34.0","3.5290","4.0","","","5.2","","","","","66","","25.94","22.57","17.19","","","","",""
"2023-08-30","2023242","10:12","34.0","3.5290","5.0","7.8","0.19","5.2","","","","","178","","26.03","22.54","17.27","","","","",""
"2023-08-30","2023242","10:20","35.0","1.6576","1.0","","","5.3","","","","","204","3.32","25.15","22.84","16.53","","","","",""
"2023-08-30","2023242","10:20","35.0","1.6576","2.0","6.2","0.41","5.6","","","","216.2","218","","25.15","22.81","16.54","","","","",""
"2023-08-30","2023242","10:20","35.0","1.6576","3.0","","","5.6","","","","","247","","25.15","22.78","16.54","","","","",""
"2023-08-30","2023242","10:20","35.0","1.6576","4.0","","","5.3","","","","","263","","25.16","22.75","16.55","","","","",""
"2023-08-30","2023242","10:20","35.0","1.6576","5.0","","","5.3","","","","","515","","25.17","22.71","16.58","","","","",""
"2023-08-30","2023242","10:26","36.0","0.0000","1.0","","","5.4","","","","","221","3.57","24.90","22.76","16.36","","","","",""
"2023-08-30","2023242","10:26","36.0","0.0000","2.0","6.6","0.34","6.3","","","","388.3","393","","25.01","22.69","16.46","3.75","42.77","8.78","11.94","160.58"
"2023-08-30","2023242","10:26","36.0","0.0000","3.0","","","6.2","","","","","422","","24.98","22.68","16.44","","","","",""
"2023-08-30","2023242","10:26","36.0","0.0000","4.0","6.7","0.29","6.3","","","","568.9","521","","24.98","22.66","16.45","","","","",""
"2023-08-31","2023243","11:33","2.0","127.7053","1.0","","","2.6","","","","","10","1.75","0.60","22.83","","","","","",""
"2023-08-31","2023243","11:33","2.0","127.7053","2.0","","","2.6","","","","","10","","0.63","22.87","","","","","",""
"2023-08-31","2023243","11:33","2.0","127.7053","3.0","","","2.6","","","","","18","","0.69","22.88","","","","","",""
"2023-08-31","2023243","11:33","2.0","127.7053","4.0","","","2.6","","","","","20","","0.71","22.88","","","","","",""
"2023-08-31","2023243","11:33","2.0","127.7053","5.0","","","2.7","","","","","20","","0.84","22.90","","","","","",""
"2023-08-31","2023243","11:33","2.0","127.7053","6.0","","","2.7","","","","","21","","0.89","22.93","","","","","",""
"2023-08-31","2023243","11:33","2.0","127.7053","7.0","","","2.9","","","","","25","","0.91","22.94","","","","","",""
"2023-08-31","2023243","11:33","2.0","127.7053","8.0","","","2.9","","","","","26","","0.93","22.95","","","","","",""
"2023-08-31","2023243","11:33","2.0","127.7053","9.0","","","2.9","","","","","26","","1.10","22.95","","","","","",""
"2023-08-31","2023243","11:33","2.0","127.7053","10.0","","","2.9","","","","","33","","1.16","22.96","","","","","",""
"2023-08-31","2023243","11:33","2.0","127.7053","11.0","","","3.0","","","","","43","","1.18","22.96","","","","","",""
"2023-08-31","2023243","11:20","3.0","125.3243","1.0","","","2.6","","","","","22","2.03","1.05","22.78","","","","","",""
"2023-08-31","2023243","11:20","3.0","125.3243","2.0","2.0","0.56","2.6","","","","18.7","22","","1.12","22.80","","0.17","7.35","1.29","2.53","237.13"
"2023-08-31","2023243","11:20","3.0","125.3243","3.0","","","2.6","","","","","24","","1.14","22.80","","","","","",""
"2023-08-31","2023243","11:20","3.0","125.3243","4.0","","","2.5","","","","","24","","1.16","22.79","","","","","",""
"2023-08-31","2023243","11:20","3.0","125.3243","5.0","","","2.4","","","","","24","","1.16","22.80","","","","","",""
"2023-08-31","2023243","11:20","3.0","125.3243","6.0","","","2.5","","","","","24","","1.16","22.80","","","","","",""
"2023-08-31","2023243","11:20","3.0","125.3243","7.0","","","2.4","","","","","25","","1.16","22.80","","","","","",""
"2023-08-31","2023243","11:20","3.0","125.3243","8.0","","","2.4","","","","","25","","1.16","22.80","","","","","",""
"2023-08-31","2023243","11:20","3.0","125.3243","9.0","","","2.4","","","","","24","","1.17","22.80","","","","","",""
"2023-08-31","2023243","11:20","3.0","125.3243","10.0","","","2.4","","","","","25","","1.19","22.80","","","","","",""
"2023-08-31","2023243","11:20","3.0","125.3243","11.0","","","2.4","","","","","25","","1.20","22.81","","","","","",""
"2023-08-31","2023243","11:20","3.0","125.3243","12.0","2.1","0.50","2.4","","","","25.6","26","","1.20","22.81","","","","","",""
"2023-08-31","2023243","11:04","4.0","119.8957","1.0","","","2.4","","","","","27","2.09","2.10","22.68","","","","","",""
"2023-08-31","2023243","11:04","4.0","119.8957","2.0","","","2.4","","","","","27","","2.06","22.75","","","","","",""
"2023-08-31","2023243","11:04","4.0","119.8957","3.0","","","2.4","","","","","27","","2.10","22.74","","","","","",""
"2023-08-31","2023243","11:04","4.0","119.8957","4.0","","","2.3","","","","","28","","2.11","22.72","","","","","",""
"2023-08-31","2023243","11:04","4.0","119.8957","5.0","","","2.3","","","","","30","","2.11","22.71","","","","","",""
"2023-08-31","2023243","11:04","4.0","119.8957","6.0","","","2.4","","","","","29","","2.13","22.71","","","","","",""
"2023-08-31","2023243","11:04","4.0","119.8957","7.0","","","2.3","","","","","30","","2.15","22.71","","","","","",""
"2023-08-31","2023243","11:04","4.0","119.8957","8.0","","","2.4","","","","","31","","2.15","22.71","","","","","",""
"2023-08-31","2023243","11:04","4.0","119.8957","9.0","","","2.4","","","","","30","","2.14","22.71","","","","","",""
"2023-08-31","2023243","11:04","4.0","119.8957","10.0","","","2.4","","","","","31","","2.13","22.71","","","","","",""
"2023-08-31","2023243","11:04","4.0","119.8957","11.0","","","2.4","","","","","30","","2.12","22.71","","","","","",""
"2023-08-31","2023243","11:04","4.0","119.8957","12.0","","","2.3","","","","","30","","2.14","22.71","","","","","",""
"2023-08-31","2023243","11:04","4.0","119.8957","13.0","","","2.3","","","","","30","","2.12","22.71","","","","","",""
"2023-08-31","2023243","11:04","4.0","119.8957","14.0","","","2.3","","","","","31","","2.14","22.71","","","","","",""
"2023-08-31","2023243","11:04","4.0","119.8957","15.0","","","2.4","","","","","31","","2.21","22.71","","","","","",""
"2023-08-31","2023243","11:04","4.0","119.8957","16.0","","","2.3","","","","","31","","2.22","22.70","","","","","",""
"2023-08-31","2023243","10:51","5.0","115.6252","1.0","","","2.1","","","","","21","2.02","3.29","22.62","0.12","","","","",""
"2023-08-31","2023243","10:51","5.0","115.6252","2.0","","","2.1","","","","","21","","3.30","22.67","0.11","","","","",""
"2023-08-31","2023243","10:51","5.0","115.6252","3.0","","","2.2","","","","","26","","3.30","22.67","0.12","","","","",""
"2023-08-31","2023243","10:51","5.0","115.6252","4.0","","","2.3","","","","","27","","3.31","22.67","0.12","","","","",""
"2023-08-31","2023243","10:51","5.0","115.6252","5.0","","","2.3","","","","","27","","3.32","22.66","0.13","","","","",""
"2023-08-31","2023243","10:51","5.0","115.6252","6.0","","","2.3","","","","","28","","3.32","22.66","0.14","","","","",""
"2023-08-31","2023243","10:51","5.0","115.6252","7.0","","","2.3","","","","","28","","3.34","22.66","0.15","","","","",""
"2023-08-31","2023243","10:51","5.0","115.6252","8.0","","","2.3","","","","","28","","3.36","22.66","0.17","","","","",""
"2023-08-31","2023243","10:51","5.0","115.6252","9.0","","","2.3","","","","","30","","3.36","22.65","0.17","","","","",""
"2023-08-31","2023243","10:32","6.0","110.8977","1.0","","","2.7","","","","","40","2.38","5.34","22.56","1.68","","","","",""
"2023-08-31","2023243","10:32","6.0","110.8977","2.0","3.1","0.59","2.8","","","","32.7","39","","5.36","22.55","1.70","0.32","5.90","2.43","1.90","178.74"
"2023-08-31","2023243","10:32","6.0","110.8977","3.0","","","2.7","","","","","40","","5.46","22.54","1.77","","","","",""
"2023-08-31","2023243","10:32","6.0","110.8977","4.0","","","2.8","","","","","44","","5.56","22.52","1.85","","","","",""
"2023-08-31","2023243","10:32","6.0","110.8977","5.0","","","2.8","","","","","47","","5.62","22.51","1.90","","","","",""
"2023-08-31","2023243","10:32","6.0","110.8977","6.0","","","2.8","","","","","48","","5.80","22.49","2.04","","","","",""
"2023-08-31","2023243","10:32","6.0","110.8977","7.0","","","2.9","","","","","48","","5.92","22.45","2.14","","","","",""
"2023-08-31","2023243","10:32","6.0","110.8977","8.0","","","3.0","","","","","48","","6.28","22.39","2.42","","","","",""
"2023-08-31","2023243","10:32","6.0","110.8977","9.0","3.4","0.61","3.0","","","","38.3","46","","6.43","22.34","2.56","","","","",""
"2023-08-31","2023243","10:17","7.0","104.9810","1.0","","","3.8","","","","","42","2.45","8.58","22.08","4.24","","","","",""
"2023-08-31","2023243","10:17","7.0","104.9810","2.0","4.7","0.72","3.9","","","","","46","","8.56","22.20","4.19","","","","",""
"2023-08-31","2023243","10:17","7.0","104.9810","3.0","","","3.3","","","","","46","","8.58","22.21","4.20","","","","",""
"2023-08-31","2023243","10:17","7.0","104.9810","4.0","","","3.3","","","","","45","","8.67","22.20","4.28","","","","",""
"2023-08-31","2023243","10:17","7.0","104.9810","5.0","","","3.3","","","","","48","","8.81","22.18","4.38","","","","",""
"2023-08-31","2023243","10:17","7.0","104.9810","6.0","","","3.3","","","","","50","","8.92","22.15","4.47","","","","",""
"2023-08-31","2023243","10:17","7.0","104.9810","7.0","","","3.5","","","","","56","","8.99","22.13","4.53","","","","",""
"2023-08-31","2023243","10:17","7.0","104.9810","8.0","","","3.4","","","","","62","","9.07","22.11","4.60","","","","",""
"2023-08-31","2023243","10:17","7.0","104.9810","9.0","","","3.4","","","","","66","","9.11","22.10","4.63","","","","",""
"2023-08-31","2023243","10:17","7.0","104.9810","10.0","","","3.6","","","","","73","","9.16","22.09","4.67","","","","",""
"2023-08-31","2023243","10:17","7.0","104.9810","11.0","","","3.5","","","","","72","","9.21","22.08","4.71","","","","",""
"2023-08-31","2023243","10:17","7.0","104.9810","12.0","","","3.5","","","","","72","","9.26","22.07","4.75","","","","",""
"2023-08-31","2023243","10:17","7.0","104.9810","13.0","","","3.6","","","","","78","","9.27","22.07","4.76","","","","",""
"2023-08-31","2023243","10:17","7.0","104.9810","14.0","","","3.5","","","","","79","","9.28","22.07","4.76","","","","",""
"2023-08-31","2023243","10:04","8.0","99.7699","1.0","","","4.3","","","","","62","2.82","9.69","21.90","5.12","","","","",""
"2023-08-31","2023243","10:04","8.0","99.7699","2.0","","","4.7","","","","","114","","10.02","21.90","5.37","","","","",""
"2023-08-31","2023243","10:04","8.0","99.7699","3.0","","","4.1","","","","","111","","10.25","21.89","5.54","","","","",""
"2023-08-31","2023243","10:04","8.0","99.7699","4.0","","","3.9","","","","","117","","10.40","21.89","5.65","","","","",""
"2023-08-31","2023243","10:04","8.0","99.7699","5.0","","","3.8","","","","","112","","10.57","21.91","5.78","","","","",""
"2023-08-31","2023243","10:04","8.0","99.7699","6.0","","","3.7","","","","","98","","10.69","21.93","5.86","","","","",""
"2023-08-31","2023243","10:04","8.0","99.7699","7.0","","","3.5","","","","","82","","10.86","21.95","5.99","","","","",""
"2023-08-31","2023243","10:04","8.0","99.7699","8.0","","","3.6","","","","","74","","11.09","21.94","6.16","","","","",""
"2023-08-31","2023243","10:04","8.0","99.7699","9.0","","","3.6","","","","","75","","11.21","21.92","6.25","","","","",""
"2023-08-31","2023243","10:04","8.0","99.7699","10.0","","","3.6","","","","","76","","11.32","21.91","6.34","","","","",""
"2023-08-31","2023243","10:04","8.0","99.7699","11.0","","","3.6","","","","","78","","11.37","21.90","6.38","","","","",""
"2023-08-31","2023243","10:04","8.0","99.7699","12.0","","","3.6","","","","","81","","11.37","21.90","6.38","","","","",""
"2023-08-31","2023243","10:04","8.0","99.7699","13.0","","","3.6","","","","","82","","11.38","21.89","6.39","","","","",""
"2023-08-31","2023243","10:04","8.0","99.7699","14.0","","","3.7","","","","","83","","11.44","21.89","6.43","","","","",""
"2023-08-31","2023243","10:04","8.0","99.7699","15.0","","","3.7","","","","","86","","11.45","21.89","6.45","","","","",""
"2023-08-31","2023243","9:51","9.0","96.7889","1.0","","","4.0","","","","","38","2.40","11.81","21.67","6.77","","","","",""
"2023-08-31","2023243","9:51","9.0","96.7889","2.0","5.3","0.71","4.8","","","","46.8","45","","11.80","21.74","6.74","0.59","5.39","3.78","2.24","144.20"
"2023-08-31","2023243","9:51","9.0","96.7889","3.0","","","3.9","","","","","64","","11.95","21.75","6.85","","","","",""
"2023-08-31","2023243","9:51","9.0","96.7889","4.0","","","3.7","","","","","64","","11.98","21.75","6.87","","","","",""
"2023-08-31","2023243","9:51","9.0","96.7889","5.0","","","3.8","","","","","67","","12.11","21.76","6.97","","","","",""
"2023-08-31","2023243","9:51","9.0","96.7889","6.0","","","3.7","","","","","68","","12.23","21.76","7.06","","","","",""
"2023-08-31","2023243","9:51","9.0","96.7889","7.0","","","3.8","","","","","76","","12.24","21.76","7.07","","","","",""
"2023-08-31","2023243","9:51","9.0","96.7889","8.0","","","3.8","","","","","81","","12.46","21.76","7.24","","","","",""
"2023-08-31","2023243","9:51","9.0","96.7889","9.0","","","3.7","","","","","84","","12.54","21.76","7.30","","","","",""
"2023-08-31","2023243","9:51","9.0","96.7889","10.0","","","3.9","","","","","102","","12.55","21.76","7.30","","","","",""
"2023-08-31","2023243","9:51","9.0","96.7889","11.0","","","4.0","","","","","108","","12.54","21.76","7.30","","","","",""
"2023-08-31","2023243","9:51","9.0","96.7889","12.0","","","3.9","","","","","106","","12.57","21.76","7.32","","","","",""
"2023-08-31","2023243","9:51","9.0","96.7889","13.0","","","3.9","","","","","106","","12.56","21.76","7.32","","","","",""
"2023-08-31","2023243","9:51","9.0","96.7889","14.0","","","3.8","","","","","104","","12.55","21.76","7.31","","","","",""
"2023-08-31","2023243","9:51","9.0","96.7889","15.0","","","3.9","","","","","104","","12.56","21.76","7.31","","","","",""
"2023-08-31","2023243","9:51","9.0","96.7889","16.0","","","3.8","","","","","102","","12.57","21.76","7.32","","","","",""
"2023-08-31","2023243","9:51","9.0","96.7889","17.0","","","3.8","","","","","103","","12.64","21.76","7.38","","","","",""
"2023-08-31","2023243","9:51","9.0","96.7889","18.0","","","3.9","","","","","103","","12.58","21.76","7.33","","","","",""
"2023-08-31","2023243","9:51","9.0","96.7889","19.0","","","3.9","","","","","106","","12.58","21.76","7.33","","","","",""
"2023-08-31","2023243","9:51","9.0","96.7889","20.0","","","3.9","","","","","107","","12.58","21.76","7.33","","","","",""
"2023-08-31","2023243","9:51","9.0","96.7889","21.0","","","3.9","","","","","109","","12.58","21.76","7.33","","","","",""
"2023-08-31","2023243","9:51","9.0","96.7889","22.0","","","4.1","","","","","108","","12.63","21.76","7.37","","","","",""
"2023-08-31","2023243","9:51","9.0","96.7889","23.0","","","4.1","","","","","107","","12.64","21.76","7.37","","","","",""
"2023-08-31","2023243","9:51","9.0","96.7889","24.0","","","3.9","","","","","108","","12.64","21.76","7.37","","","","",""
"2023-08-31","2023243","9:51","9.0","96.7889","25.0","","","4.0","","","","","113","","12.66","21.76","7.38","","","","",""
"2023-08-31","2023243","9:29","11.0","89.7672","1.0","","","3.6","","","","","59","2.79","16.51","21.54","10.35","","","","",""
"2023-08-31","2023243","9:29","11.0","89.7672","2.0","","","3.6","","","","","59","","16.80","21.59","10.55","","","","",""
"2023-08-31","2023243","9:29","11.0","89.7672","3.0","","","3.6","","","","","66","","16.97","21.58","10.69","","","","",""
"2023-08-31","2023243","9:29","11.0","89.7672","4.0","","","3.6","","","","","71","","17.09","21.58","10.77","","","","",""
"2023-08-31","2023243","9:29","11.0","89.7672","5.0","","","3.5","","","","","76","","17.19","21.58","10.85","","","","",""
"2023-08-31","2023243","9:29","11.0","89.7672","6.0","","","3.4","","","","","76","","17.33","21.56","10.96","","","","",""
"2023-08-31","2023243","9:29","11.0","89.7672","7.0","","","3.4","","","","","76","","17.34","21.56","10.96","","","","",""
"2023-08-31","2023243","9:29","11.0","89.7672","8.0","","","3.4","","","","","76","","17.37","21.56","10.99","","","","",""
"2023-08-31","2023243","9:29","11.0","89.7672","9.0","","","3.4","","","","","75","","17.39","21.56","11.01","","","","",""
"2023-08-31","2023243","9:29","11.0","89.7672","10.0","","","3.4","","","","","75","","17.51","21.56","11.10","","","","",""
"2023-08-31","2023243","9:29","11.0","89.7672","11.0","","","3.4","","","","","73","","17.51","21.56","11.10","","","","",""
"2023-08-31","2023243","9:29","11.0","89.7672","12.0","","","3.3","","","","","75","","17.66","21.55","11.21","","","","",""
"2023-08-31","2023243","9:29","11.0","89.7672","13.0","","","3.4","","","","","76","","17.79","21.55","11.31","","","","",""
"2023-08-31","2023243","9:29","11.0","89.7672","14.0","","","3.4","","","","","77","","17.73","21.55","11.27","","","","",""
"2023-08-31","2023243","9:29","11.0","89.7672","15.0","","","3.4","","","","","78","","17.73","21.55","11.26","","","","",""
"2023-08-31","2023243","9:29","11.0","89.7672","16.0","","","3.4","","","","","78","","17.77","21.55","11.29","","","","",""
"2023-08-31","2023243","9:29","11.0","89.7672","17.0","","","3.4","","","","","79","","17.87","21.54","11.37","","","","",""
"2023-08-31","2023243","9:29","11.0","89.7672","18.0","","","3.5","","","","","82","","17.92","21.54","11.41","","","","",""
"2023-08-31","2023243","9:16","12.0","84.4458","1.0","","","3.3","","","","","47","2.15","19.88","21.52","12.89","","","","",""
"2023-08-31","2023243","9:16","12.0","84.4458","2.0","","","4.2","","","","","74","","19.91","21.52","12.92","","","","",""
"2023-08-31","2023243","9:16","12.0","84.4458","3.0","","","3.5","","","","","70","","19.98","21.52","12.97","","","","",""
"2023-08-31","2023243","9:16","12.0","84.4458","4.0","","","3.6","","","","","81","","19.97","21.52","12.96","","","","",""
"2023-08-31","2023243","9:16","12.0","84.4458","5.0","","","3.7","","","","","82","","19.98","21.52","12.97","","","","",""
"2023-08-31","2023243","9:16","12.0","84.4458","6.0","","","3.6","","","","","82","","20.00","21.52","12.99","","","","",""
"2023-08-31","2023243","9:16","12.0","84.4458","7.0","","","3.8","","","","","86","","20.01","21.52","12.99","","","","",""
"2023-08-31","2023243","9:16","12.0","84.4458","8.0","","","3.7","","","","","87","","20.03","21.52","13.00","","","","",""
"2023-08-31","2023243","8:58","13.0","78.5444","1.0","","","4.1","","","","","73","2.95","22.26","21.31","14.75","","","","",""
"2023-08-31","2023243","8:58","13.0","78.5444","2.0","4.2","0.62","3.9","","","","87.3","87","","22.27","21.32","14.75","0.93","8.21","3.86","2.63","89.01"
"2023-08-31","2023243","8:58","13.0","78.5444","3.0","","","3.8","","","","","85","","22.32","21.32","14.79","","","","",""
"2023-08-31","2023243","8:58","13.0","78.5444","4.0","","","3.8","","","","","83","","22.35","21.31","14.82","","","","",""
"2023-08-31","2023243","8:58","13.0","78.5444","5.0","","","3.7","","","","","82","","22.35","21.31","14.82","","","","",""
"2023-08-31","2023243","8:58","13.0","78.5444","6.0","","","3.7","","","","","83","","22.36","21.31","14.82","","","","",""
"2023-08-31","2023243","8:58","13.0","78.5444","7.0","","","3.7","","","","","84","","22.37","21.31","14.83","","","","",""
"2023-08-31","2023243","8:58","13.0","78.5444","8.0","4.2","0.60","3.8","","","","90.8","85","","22.38","21.30","14.84","","","","",""
"2023-08-31","2023243","8:44","14.0","74.4288","1.0","","","4.3","","","","","87","3.44","24.38","20.84","16.47","","","","",""
"2023-08-31","2023243","8:44","14.0","74.4288","2.0","","","4.3","","","","","90","","24.39","20.91","16.46","","","","",""
"2023-08-31","2023243","8:44","14.0","74.4288","3.0","","","4.1","","","","","88","","24.41","20.91","16.48","","","","",""
"2023-08-31","2023243","8:44","14.0","74.4288","4.0","","","4.2","","","","","88","","24.41","20.90","16.48","","","","",""
"2023-08-31","2023243","8:44","14.0","74.4288","5.0","","","3.9","","","","","85","","24.43","20.91","16.49","","","","",""
"2023-08-31","2023243","8:44","14.0","74.4288","6.0","","","4.0","","","","","81","","24.51","20.90","16.56","","","","",""
"2023-08-31","2023243","8:44","14.0","74.4288","7.0","","","4.0","","","","","77","","24.55","20.89","16.59","","","","",""
"2023-08-31","2023243","8:44","14.0","74.4288","8.0","","","3.8","","","","","67","","24.57","20.88","16.61","","","","",""
"2023-08-31","2023243","8:44","14.0","74.4288","9.0","","","3.9","","","","","68","","24.61","20.87","16.64","","","","",""
"2023-08-31","2023243","8:44","14.0","74.4288","10.0","","","4.0","","","","","70","","24.64","20.86","16.67","","","","",""
"2023-08-31","2023243","8:44","14.0","74.4288","11.0","","","3.9","","","","","71","","24.68","20.86","16.70","","","","",""
"2023-08-31","2023243","8:44","14.0","74.4288","12.0","","","4.0","","","","","78","","24.70","20.85","16.71","","","","",""
"2023-08-31","2023243","8:44","14.0","74.4288","13.0","","","3.9","","","","","78","","24.73","20.85","16.73","","","","",""
"2023-08-31","2023243","8:44","14.0","74.4288","14.0","","","4.1","","","","","88","","24.75","20.85","16.75","","","","",""
"2023-08-31","2023243","8:44","14.0","74.4288","15.0","","","4.0","","","","","94","","24.77","20.84","16.77","","","","",""
"2023-08-31","2023243","8:25","15.0","69.9895","1.0","","","5.5","","","","","56","2.52","22.88","21.37","15.19","","","","",""
"2023-08-31","2023243","8:25","15.0","69.9895","2.0","5.7","0.76","5.5","","","","47.9","56","","22.84","21.46","15.15","0.59","7.12","3.00","2.74","92.57"
"2023-08-31","2023243","8:25","15.0","69.9895","3.0","","","5.5","","","","","57","","23.24","21.50","15.44","","","","",""
"2023-08-31","2023243","8:25","15.0","69.9895","4.0","","","5.6","","","","","67","","23.90","21.24","16.01","","","","",""
"2023-08-31","2023243","8:25","15.0","69.9895","5.0","","","5.6","","","","","134","","24.06","21.07","16.17","","","","",""
"2023-08-31","2023243","8:25","15.0","69.9895","6.0","","","5.7","","","","","268","","24.18","20.99","16.28","","","","",""
"2023-08-31","2023243","8:25","15.0","69.9895","7.0","","","5.6","","","","","276","","24.43","20.93","16.49","","","","",""
"2023-08-31","2023243","8:25","15.0","69.9895","8.0","","","4.9","","","","","270","","24.84","20.81","16.83","","","","",""
"2023-08-31","2023243","8:25","15.0","69.9895","9.0","","","4.9","","","","","209","","25.34","20.70","17.24","","","","",""
"2023-08-31","2023243","8:25","15.0","69.9895","10.0","","","4.6","","","","","140","","26.08","20.53","17.84","","","","",""
"2023-08-31","2023243","8:25","15.0","69.9895","11.0","","","4.2","","","","","69","","26.28","20.46","18.01","","","","",""
"2023-08-31","2023243","8:25","15.0","69.9895","12.0","","","4.0","","","","","69","","26.38","20.43","18.10","","","","",""
"2023-08-31","2023243","8:25","15.0","69.9895","13.0","","","4.2","","","","","88","","26.52","20.40","18.21","","","","",""
"2023-08-31","2023243","8:25","15.0","69.9895","14.0","","","4.3","","","","","100","","26.83","20.36","18.45","","","","",""
"2023-08-31","2023243","8:25","15.0","69.9895","15.0","","","4.7","","","","","142","","26.99","20.33","18.58","","","","",""
"2023-08-31","2023243","8:25","15.0","69.9895","16.0","","","5.0","","","","","209","","27.01","20.32","18.60","","","","",""
"2023-08-31","2023243","8:25","15.0","69.9895","17.0","","","5.4","","","","","279","","27.03","20.31","18.62","","","","",""
"2023-08-31","2023243","8:25","15.0","69.9895","18.0","","","5.5","","","","","313","","27.03","20.31","18.62","","","","",""
"2023-08-31","2023243","8:25","15.0","69.9895","19.0","","","5.6","","","","","343","","27.04","20.31","18.63","","","","",""
"2023-08-31","2023243","8:25","15.0","69.9895","20.0","","","5.7","","","","","355","","27.07","20.30","18.64","","","","",""
"2023-08-31","2023243","8:25","15.0","69.9895","21.0","","","5.9","","","","","393","","27.10","20.29","18.68","","","","",""
"2023-08-31","2023243","8:25","15.0","69.9895","22.0","6.2","0.34","6.0","","","","440.9","443","","27.13","20.28","18.70","","","","",""
"2023-08-31","2023243","8:07","16.0","63.0794","1.0","","","4.6","","","","","25","2.05","23.77","20.81","16.02","","","","",""
"2023-08-31","2023243","8:07","16.0","63.0794","2.0","","","4.2","","","","","35","","24.53","20.76","16.60","","","","",""
"2023-08-31","2023243","8:07","16.0","63.0794","3.0","","","4.1","","","","","39","","24.76","20.73","16.78","","","","",""
"2023-08-31","2023243","8:07","16.0","63.0794","4.0","","","4.1","","","","","45","","25.32","20.64","17.23","","","","",""
"2023-08-31","2023243","8:07","16.0","63.0794","5.0","","","4.1","","","","","51","","25.65","20.57","17.50","","","","",""
"2023-08-31","2023243","8:07","16.0","63.0794","6.0","","","4.0","","","","","52","","25.85","20.53","17.67","","","","",""
"2023-08-31","2023243","8:07","16.0","63.0794","7.0","","","4.2","","","","","54","","26.11","20.48","17.88","","","","",""
"2023-08-31","2023243","8:07","16.0","63.0794","8.0","","","4.2","","","","","54","","26.19","20.46","17.94","","","","",""
"2023-08-31","2023243","8:07","16.0","63.0794","9.0","","","4.3","","","","","61","","26.27","20.44","18.01","","","","",""
"2023-08-31","2023243","8:07","16.0","63.0794","10.0","","","4.3","","","","","66","","26.37","20.42","18.09","","","","",""
"2023-08-31","2023243","8:07","16.0","63.0794","11.0","","","4.5","","","","","77","","26.43","20.40","18.14","","","","",""
"2023-08-31","2023243","8:07","16.0","63.0794","12.0","","","4.6","","","","","87","","26.51","20.38","18.20","","","","",""
"2023-08-31","2023243","8:07","16.0","63.0794","13.0","","","5.4","","","","","129","","26.54","20.37","18.23","","","","",""
"2023-08-31","2023243","7:52","17.0","58.8909","1.0","","","5.3","","","","","35","2.41","28.23","19.67","19.69","","","","",""
"2023-08-31","2023243","7:52","17.0","58.8909","2.0","4.2","0.69","4.8","","","","","39","","28.22","19.67","19.68","","","","",""
"2023-08-31","2023243","7:52","17.0","58.8909","3.0","","","5.1","","","","","40","","28.34","19.68","19.77","","","","",""
"2023-08-31","2023243","7:52","17.0","58.8909","4.0","","","5.2","","","","","41","","28.48","19.66","19.88","","","","",""
"2023-08-31","2023243","7:52","17.0","58.8909","5.0","","","5.2","","","","","36","","28.71","19.54","20.09","","","","",""
"2023-08-31","2023243","7:52","17.0","58.8909","6.0","","","5.6","","","","","39","","28.74","19.53","20.11","","","","",""
"2023-08-31","2023243","7:52","17.0","58.8909","7.0","","","5.7","","","","","40","","28.82","19.49","20.18","","","","",""
"2023-08-31","2023243","7:52","17.0","58.8909","8.0","","","5.3","","","","","39","","28.85","19.48","20.21","","","","",""
"2023-08-31","2023243","7:52","17.0","58.8909","9.0","","","5.3","","","","","44","","28.92","19.45","20.27","","","","",""
"2023-08-31","2023243","7:52","17.0","58.8909","10.0","","","5.3","","","","","42","","29.05","19.39","20.39","","","","",""
"2023-08-31","2023243","7:52","17.0","58.8909","11.0","","","6.1","","","","","50","","29.09","19.34","20.43","","","","",""
"2023-08-31","2023243","7:29","18.0","54.9481","1.0","","","3.2","","","","","18","2.02","30.90","17.99","22.13","","","","",""
"2023-08-31","2023243","7:29","18.0","54.9481","2.0","5.0","0.62","5.5","","","","23.1","18","","30.90","17.99","22.14","0.55","6.25","4.36","1.99","41.66"
"2023-08-31","2023243","7:29","18.0","54.9481","3.0","","","6.0","","","","","18","","30.90","17.99","22.14","","","","",""
"2023-08-31","2023243","7:29","18.0","54.9481","4.0","","","6.1","","","","","19","","30.90","17.99","22.14","","","","",""
"2023-08-31","2023243","7:29","18.0","54.9481","5.0","","","5.9","","","","","19","","30.91","17.98","22.14","","","","",""
"2023-08-31","2023243","7:29","18.0","54.9481","6.0","","","5.8","","","","","21","","30.91","17.99","22.14","","","","",""
"2023-08-31","2023243","7:29","18.0","54.9481","7.0","","","5.8","","","","","21","","30.92","17.97","22.16","","","","",""
"2023-08-31","2023243","7:29","18.0","54.9481","8.0","","","6.1","","","","","22","","30.92","17.98","22.16","","","","",""
"2023-08-31","2023243","7:29","18.0","54.9481","9.0","","","5.8","","","","","21","","30.92","17.99","22.15","","","","",""
"2023-08-31","2023243","7:29","18.0","54.9481","10.0","","","6.2","","","","","33","","30.92","17.99","22.15","","","","",""
"2023-08-31","2023243","7:29","18.0","54.9481","11.0","","","6.0","","","","","33","","30.92","17.99","22.15","","","","",""
"2023-08-31","2023243","7:29","18.0","54.9481","12.0","","","6.0","","","","","26","","30.93","17.97","22.16","","","","",""
"2023-08-31","2023243","7:29","18.0","54.9481","13.0","","","6.1","","","","","28","","30.94","17.96","22.17","","","","",""
"2023-08-31","2023243","7:29","18.0","54.9481","14.0","","","5.7","","","","","32","","30.94","17.94","22.18","","","","",""
"2023-08-31","2023243","7:29","18.0","54.9481","15.0","","","6.2","","","","","41","","30.95","17.94","22.19","","","","",""
"2023-08-31","2023243","7:29","18.0","54.9481","16.0","","","5.8","","","","","40","","30.95","17.93","22.19","","","","",""
"2023-08-31","2023243","7:29","18.0","54.9481","17.0","","","6.0","","","","","26","","30.96","17.92","22.20","","","","",""
"2023-08-31","2023243","7:29","18.0","54.9481","18.0","","","5.9","","","","","29","","30.96","17.93","22.20","","","","",""
"2023-08-31","2023243","7:29","18.0","54.9481","19.0","","","6.0","","","","","31","","30.96","17.93","22.20","","","","",""
"2023-08-31","2023243","7:29","18.0","54.9481","20.0","","","5.9","","","","","33","","30.96","17.93","22.20","","","","",""
"2023-08-31","2023243","7:29","18.0","54.9481","21.0","","","5.8","","","","","36","","30.96","17.93","22.20","","","","",""
"2023-08-31","2023243","7:29","18.0","54.9481","22.0","","","5.9","","","","","43","","30.97","17.92","22.21","","","","",""
"2023-08-31","2023243","7:29","18.0","54.9481","23.0","","","5.9","","","","","47","","30.97","17.92","22.21","","","","",""
"2023-08-31","2023243","7:29","18.0","54.9481","24.0","","","5.9","","","","","44","","30.96","17.94","22.20","","","","",""
"2023-08-31","2023243","7:29","18.0","54.9481","25.0","","","5.9","","","","","41","","30.96","17.95","22.19","","","","",""
"2023-08-31","2023243","7:29","18.0","54.9481","26.0","","","6.0","","","","","49","","30.96","17.95","22.19","","","","",""
"2023-08-31","2023243","7:29","18.0","54.9481","27.0","","","6.1","","","","","53","","30.97","17.95","22.20","","","","",""
"2023-08-31","2023243","7:29","18.0","54.9481","28.0","","","6.2","","","","","66","","30.97","17.95","22.20","","","","",""
"2023-08-31","2023243","7:29","18.0","54.9481","29.0","","","6.3","","","","","91","","30.96","17.97","22.19","","","","",""
"2023-08-31","2023243","7:29","18.0","54.9481","30.0","","","6.7","","","","","107","","30.96","17.97","22.19","","","","",""
"2023-08-31","2023243","7:29","18.0","54.9481","31.0","","","6.6","","","","","109","","30.96","17.98","22.19","","","","",""
"2023-08-31","2023243","7:29","18.0","54.9481","32.0","","","6.6","","","","","122","","30.95","18.00","22.17","","","","",""
"2023-08-31","2023243","7:29","18.0","54.9481","33.0","","","6.5","","","","","123","","30.95","17.99","22.18","","","","",""
"2023-08-31","2023243","7:29","18.0","54.9481","34.0","","","6.5","","","","","123","","30.95","18.00","22.18","","","","",""
"2023-08-31","2023243","7:29","18.0","54.9481","35.0","6.0","0.47","6.5","","","","133.8","123","","30.94","18.01","22.16","","","","",""
"2023-08-31","2023243","11:44","649.0","132.9388","1.0","","","3.1","","","","","15","1.45","0.08","22.72","","","","","",""
"2023-08-31","2023243","11:44","649.0","132.9388","2.0","3.4","0.74","3.1","","","","15.6","15","","0.08","22.78","","0.12","10.57","0.64","1.62","267.40"
"2023-08-31","2023243","11:44","649.0","132.9388","3.0","","","3.1","","","","","15","","0.08","22.73","","","","","",""
"2023-08-31","2023243","11:44","649.0","132.9388","4.0","","","3.1","","","","","17","","0.08","22.72","","","","","",""
"2023-08-31","2023243","11:44","649.0","132.9388","5.0","","","3.2","","","","","19","","0.08","22.71","","","","","",""
"2023-08-31","2023243","11:44","649.0","132.9388","6.0","","","3.1","","","","","19","","0.08","22.71","","","","","",""
"2023-08-31","2023243","11:44","649.0","132.9388","7.0","","","3.1","","","","","20","","0.08","22.71","","","","","",""
"2023-08-31","2023243","11:44","649.0","132.9388","8.0","","","3.1","","","","","20","","0.08","22.71","","","","","",""
"2023-08-31","2023243","11:44","649.0","132.9388","9.0","","","3.1","","","","","20","","0.08","22.71","","","","","",""
"2023-08-31","2023243","11:44","649.0","132.9388","10.0","3.4","0.60","3.2","","","","22.4","21","","0.08","22.70","","","","","",""
"2023-08-31","2023243","12:16","657.0","147.2548","1.0","","","2.0","","","","","9","1.13","0.07","22.50","","","","","",""
"2023-08-31","2023243","12:16","657.0","147.2548","2.0","1.9","0.53","2.2","","","","10.5","9","","0.07","22.37","","0.12","9.42","1.43","1.60","277.01"
"2023-08-31","2023243","12:16","657.0","147.2548","3.0","","","2.3","","","","","9","","0.07","22.36","","","","","",""
"2023-08-31","2023243","12:16","657.0","147.2548","4.0","","","2.2","","","","","10","","0.07","22.36","","","","","",""
"2023-08-31","2023243","12:16","657.0","147.2548","5.0","","","2.1","","","","","10","","0.07","22.36","","","","","",""
"2023-08-31","2023243","12:16","657.0","147.2548","6.0","","","2.0","","","","","9","","0.07","22.36","","","","","",""
"2023-08-31","2023243","12:16","657.0","147.2548","7.0","","","2.1","","","","","10","","0.07","22.36","","","","","",""
"2023-08-31","2023243","12:16","657.0","147.2548","8.0","","","2.2","","","","","9","","0.07","22.36","","","","","",""
"2023-08-31","2023243","12:16","657.0","147.2548","9.0","1.7","0.50","2.1","","","","11.8","10","","0.07","22.36","","","","","",""
"2023-09-20","2023263","15:20","2.0","127.7053","1.0","","","3.5","","8.9","100","","16","1.88","0.49","20.40","","","","","",""
"2023-09-20","2023263","15:20","2.0","127.7053","2.0","","","3.4","","8.9","99","","16","","0.51","20.36","","","","","",""
"2023-09-20","2023263","15:20","2.0","127.7053","3.0","","","3.2","","8.9","99","","16","","0.52","20.34","","","","","",""
"2023-09-20","2023263","15:20","2.0","127.7053","4.0","","","3.1","","8.8","98","","16","","0.52","20.34","","","","","",""
"2023-09-20","2023263","15:20","2.0","127.7053","5.0","","","3.2","","8.8","98","","16","","0.55","20.33","","","","","",""
"2023-09-20","2023263","15:20","2.0","127.7053","6.0","","","3.2","","8.8","99","","18","","0.59","20.31","","","","","",""
"2023-09-20","2023263","15:20","2.0","127.7053","7.0","","","3.2","","8.9","99","","20","","0.60","20.31","","","","","",""
"2023-09-20","2023263","15:20","2.0","127.7053","8.0","","","3.2","","8.8","99","","20","","0.60","20.31","","","","","",""
"2023-09-20","2023263","15:20","2.0","127.7053","9.0","","","3.1","","8.8","98","","20","","0.61","20.30","","","","","",""
"2023-09-20","2023263","15:20","2.0","127.7053","10.0","","","3.4","","8.7","97","","23","","0.61","20.30","","","","","",""
"2023-09-20","2023263","15:09","3.0","125.3243","1.0","","","3.5","","8.7","97","","17","2.08","0.75","20.49","","","","","",""
"2023-09-20","2023263","15:09","3.0","125.3243","2.0","3.5","0.71","3.5","","8.6","96","20.0","18","","0.77","20.39","","0.16","11.64","2.28","2.09","220.40"
"2023-09-20","2023263","15:09","3.0","125.3243","3.0","","","3.4","","8.6","96","","19","","0.80","20.34","","","","","",""
"2023-09-20","2023263","15:09","3.0","125.3243","4.0","","","3.5","","8.6","96","","19","","0.81","20.34","","","","","",""
"2023-09-20","2023263","15:09","3.0","125.3243","5.0","","","3.6","","8.6","96","","19","","0.81","20.34","","","","","",""
"2023-09-20","2023263","15:09","3.0","125.3243","6.0","","","3.6","","8.5","96","","19","","0.82","20.34","","","","","",""
"2023-09-20","2023263","15:09","3.0","125.3243","7.0","","","3.6","","8.5","96","","19","","0.83","20.34","","","","","",""
"2023-09-20","2023263","15:09","3.0","125.3243","8.0","","","3.4","","8.5","96","","20","","0.89","20.32","","","","","",""
"2023-09-20","2023263","15:09","3.0","125.3243","9.0","","","3.2","","8.5","96","","19","","0.97","20.26","","","","","",""
"2023-09-20","2023263","15:09","3.0","125.3243","10.0","","","3.2","","8.5","96","","20","","1.09","20.19","","","","","",""
"2023-09-20","2023263","15:09","3.0","125.3243","11.0","","","3.2","","8.5","96","","21","","1.11","20.17","","","","","",""
"2023-09-20","2023263","15:09","3.0","125.3243","12.0","3.3","0.67","3.2","","8.5","96","26.5","22","","1.11","20.17","","","","","",""
"2023-09-20","2023263","14:54","4.0","119.8957","1.0","","","3.7","","8.8","98","","19","2.49","1.39","20.32","","","","","",""
"2023-09-20","2023263","14:54","4.0","119.8957","2.0","","","3.6","","8.8","98","","20","","1.58","20.18","","","","","",""
"2023-09-20","2023263","14:54","4.0","119.8957","3.0","","","3.4","","8.8","98","","21","","1.65","20.17","","","","","",""
"2023-09-20","2023263","14:54","4.0","119.8957","4.0","","","3.4","","8.8","98","","22","","1.69","20.15","","","","","",""
"2023-09-20","2023263","14:54","4.0","119.8957","5.0","","","3.4","","8.7","98","","23","","1.72","20.13","","","","","",""
"2023-09-20","2023263","14:54","4.0","119.8957","6.0","","","3.4","","8.7","98","","24","","1.74","20.13","","","","","",""
"2023-09-20","2023263","14:54","4.0","119.8957","7.0","","","3.4","","8.5","96","","25","","1.75","20.12","","","","","",""
"2023-09-20","2023263","14:54","4.0","119.8957","8.0","","","3.6","","8.6","96","","27","","1.78","20.11","","","","","",""
"2023-09-20","2023263","14:54","4.0","119.8957","9.0","","","3.7","","8.5","96","","28","","1.82","20.11","","","","","",""
"2023-09-20","2023263","14:54","4.0","119.8957","10.0","","","4.0","","8.6","96","","31","","1.90","20.11","","","","","",""
"2023-09-20","2023263","14:54","4.0","119.8957","11.0","","","4.4","","8.5","96","","37","","1.96","20.14","","","","","",""
"2023-09-20","2023263","14:54","4.0","119.8957","12.0","","","4.6","","8.5","96","","40","","1.98","20.15","","","","","",""
"2023-09-20","2023263","14:54","4.0","119.8957","13.0","","","4.8","","8.5","96","","42","","2.01","20.17","","","","","",""
"2023-09-20","2023263","14:54","4.0","119.8957","14.0","","","4.8","","8.5","96","","43","","2.05","20.16","","","","","",""
"2023-09-20","2023263","14:54","4.0","119.8957","15.0","","","4.8","","8.5","96","","44","","2.08","20.16","","","","","",""
"2023-09-20","2023263","14:54","4.0","119.8957","16.0","","","4.8","","8.5","96","","47","","2.10","20.16","","","","","",""
"2023-09-20","2023263","14:54","4.0","119.8957","17.0","","","5.4","","8.5","96","","53","","2.19","20.18","","","","","",""
"2023-09-20","2023263","14:40","5.0","115.6252","1.0","","","3.9","","8.8","99","","18","2.23","2.55","20.33","0.08","","","","",""
"2023-09-20","2023263","14:40","5.0","115.6252","2.0","","","3.7","","8.7","98","","18","","2.68","20.24","0.20","","","","",""
"2023-09-20","2023263","14:40","5.0","115.6252","3.0","","","3.6","","8.7","98","","18","","2.82","20.22","0.30","","","","",""
"2023-09-20","2023263","14:40","5.0","115.6252","4.0","","","3.5","","8.7","98","","19","","2.88","20.22","0.35","","","","",""
"2023-09-20","2023263","14:40","5.0","115.6252","5.0","","","3.4","","8.7","98","","20","","3.00","20.23","0.44","","","","",""
"2023-09-20","2023263","14:40","5.0","115.6252","6.0","","","3.5","","8.7","98","","21","","3.38","20.23","0.72","","","","",""
"2023-09-20","2023263","14:40","5.0","115.6252","7.0","","","3.2","","8.6","98","","22","","3.66","20.28","0.93","","","","",""
"2023-09-20","2023263","14:40","5.0","115.6252","8.0","","","2.8","","8.6","98","","20","","3.78","20.31","1.02","","","","",""
"2023-09-20","2023263","14:40","5.0","115.6252","9.0","","","2.6","","8.6","97","","16","","3.84","20.31","1.06","","","","",""
"2023-09-20","2023263","14:40","5.0","115.6252","10.0","","","2.8","","8.6","97","","17","","4.12","20.28","1.28","","","","",""
"2023-09-20","2023263","14:40","5.0","115.6252","11.0","","","3.2","","8.6","97","","24","","4.25","20.26","1.38","","","","",""
"2023-09-20","2023263","14:40","5.0","115.6252","12.0","","","3.3","","8.6","97","","26","","4.33","20.25","1.44","","","","",""
"2023-09-20","2023263","14:26","6.0","110.8977","1.0","","","3.2","","8.7","100","","14","1.96","4.21","20.45","1.31","","","","",""
"2023-09-20","2023263","14:26","6.0","110.8977","2.0","3.3","0.81","3.4","","8.7","99","17.0","14","","4.24","20.41","1.35","0.43","7.43","4.00","2.35","200.82"
"2023-09-20","2023263","14:26","6.0","110.8977","3.0","","","3.1","","8.6","99","","14","","4.53","20.28","1.59","","","","",""
"2023-09-20","2023263","14:26","6.0","110.8977","4.0","","","2.9","","8.6","99","","15","","4.71","20.22","1.74","","","","",""
"2023-09-20","2023263","14:26","6.0","110.8977","5.0","","","3.0","","8.6","98","","16","","4.79","20.19","1.81","","","","",""
"2023-09-20","2023263","14:26","6.0","110.8977","6.0","","","2.8","","8.4","97","","16","","5.70","20.22","2.49","","","","",""
"2023-09-20","2023263","14:26","6.0","110.8977","7.0","","","2.4","","8.4","96","","15","","6.28","20.21","2.93","","","","",""
"2023-09-20","2023263","14:26","6.0","110.8977","8.0","","","2.2","","8.4","96","","13","","6.51","20.20","3.11","","","","",""
"2023-09-20","2023263","14:26","6.0","110.8977","9.0","","","2.3","","8.3","96","","16","","6.87","20.22","3.38","","","","",""
"2023-09-20","2023263","14:26","6.0","110.8977","10.0","","","2.8","","8.2","95","","22","","7.61","20.22","3.93","","","","",""
"2023-09-20","2023263","14:26","6.0","110.8977","11.0","3.1","0.40","2.8","","8.0","94","","66","","9.15","20.17","5.11","","","","",""
"2023-09-20","2023263","14:07","7.0","104.9810","1.0","","","3.5","","8.4","98","","11","1.47","8.14","20.40","4.29","","","","",""
"2023-09-20","2023263","14:07","7.0","104.9810","2.0","3.4","0.82","3.4","","8.4","98","12.9","11","","8.37","20.30","4.49","","","","",""
"2023-09-20","2023263","14:07","7.0","104.9810","3.0","","","3.1","","8.2","95","","12","","9.23","20.11","5.19","","","","",""
"2023-09-20","2023263","14:07","7.0","104.9810","4.0","","","2.5","","8.0","94","","12","","10.98","20.05","6.52","","","","",""
"2023-09-20","2023263","14:07","7.0","104.9810","5.0","","","2.4","","7.9","94","","12","","11.75","20.06","7.10","","","","",""
"2023-09-20","2023263","14:07","7.0","104.9810","6.0","","","2.5","","7.9","94","","14","","12.24","20.07","7.47","","","","",""
"2023-09-20","2023263","14:07","7.0","104.9810","7.0","","","2.8","","7.9","93","","18","","12.71","20.06","7.83","","","","",""
"2023-09-20","2023263","14:07","7.0","104.9810","8.0","","","3.1","","7.8","93","","20","","12.94","20.05","8.01","","","","",""
"2023-09-20","2023263","14:07","7.0","104.9810","9.0","","","3.1","","7.7","92","","19","","13.63","20.03","8.53","","","","",""
"2023-09-20","2023263","14:07","7.0","104.9810","10.0","","","3.5","","7.6","92","","24","","15.35","19.96","9.85","","","","",""
"2023-09-20","2023263","14:07","7.0","104.9810","11.0","","","4.0","","7.6","92","","37","","15.59","19.95","10.03","","","","",""
"2023-09-20","2023263","14:07","7.0","104.9810","12.0","","","4.2","","7.6","92","","40","","15.63","19.95","10.06","","","","",""
"2023-09-20","2023263","14:07","7.0","104.9810","13.0","","","4.4","","7.6","92","","42","","15.65","19.95","10.08","","","","",""
"2023-09-20","2023263","14:07","7.0","104.9810","14.0","","","4.6","","7.6","92","","46","","15.66","19.95","10.08","","","","",""
"2023-09-20","2023263","14:07","7.0","104.9810","15.0","","","4.8","","7.6","92","","48","","15.64","19.95","10.07","","","","",""
"2023-09-20","2023263","13:49","8.0","99.7699","1.0","","","3.4","","8.3","98","","10","1.27","10.35","20.39","5.97","","","","",""
"2023-09-20","2023263","13:49","8.0","99.7699","2.0","","","3.1","","7.7","91","12.2","10","","10.69","20.20","6.27","","","","",""
"2023-09-20","2023263","13:49","8.0","99.7699","3.0","","","2.7","","7.9","93","","10","","11.19","20.04","6.68","","","","",""
"2023-09-20","2023263","13:49","8.0","99.7699","4.0","","","2.5","","7.8","92","","10","","11.38","20.02","6.83","","","","",""
"2023-09-20","2023263","13:49","8.0","99.7699","5.0","","","2.5","","7.8","92","","10","","11.87","20.02","7.20","","","","",""
"2023-09-20","2023263","13:49","8.0","99.7699","6.0","","","2.5","","7.8","92","","11","","12.69","20.01","7.82","","","","",""
"2023-09-20","2023263","13:49","8.0","99.7699","7.0","","","2.6","","7.8","93","","11","","13.84","20.00","8.70","","","","",""
"2023-09-20","2023263","13:49","8.0","99.7699","8.0","","","2.4","","7.7","92","","10","","14.07","20.00","8.87","","","","",""
"2023-09-20","2023263","13:49","8.0","99.7699","9.0","","","2.4","","7.5","92","","10","","14.46","19.99","9.17","","","","",""
"2023-09-20","2023263","13:49","8.0","99.7699","10.0","","","2.3","","7.5","92","","10","","14.71","19.98","9.36","","","","",""
"2023-09-20","2023263","13:49","8.0","99.7699","11.0","","","2.5","","7.5","92","","11","","15.00","19.91","9.59","","","","",""
"2023-09-20","2023263","13:49","8.0","99.7699","12.0","","","2.8","","7.5","92","","12","","18.11","19.83","11.97","","","","",""
"2023-09-20","2023263","13:49","8.0","99.7699","13.0","","","3.0","","7.5","92","","14","","18.52","19.81","12.28","","","","",""
"2023-09-20","2023263","13:49","8.0","99.7699","14.0","","","3.5","","7.5","92","","21","","18.70","19.80","12.42","","","","",""
"2023-09-20","2023263","13:49","8.0","99.7699","15.0","","","4.2","","7.5","92","","28","","18.71","19.80","12.43","","","","",""
"2023-09-20","2023263","13:49","8.0","99.7699","16.0","","","4.1","","7.5","92","","30","","18.71","19.80","12.43","","","","",""
"2023-09-20","2023263","13:33","9.0","96.7889","1.0","","","4.3","","8.3","99","","9","0.95","12.51","20.28","7.63","","","","",""
"2023-09-20","2023263","13:33","9.0","96.7889","2.0","4.2","0.86","4.2","","8.2","97","10.1","9","","12.78","20.20","7.85","0.82","7.43","5.28","2.69","160.23"
"2023-09-20","2023263","13:33","9.0","96.7889","3.0","","","3.0","","8.0","95","","9","","12.85","20.14","7.92","","","","",""
"2023-09-20","2023263","13:33","9.0","96.7889","4.0","","","2.4","","7.9","95","","10","","13.42","20.04","8.37","","","","",""
"2023-09-20","2023263","13:33","9.0","96.7889","5.0","","","2.4","","7.9","94","","11","","13.61","20.05","8.51","","","","",""
"2023-09-20","2023263","13:33","9.0","96.7889","6.0","","","2.4","","7.8","94","","11","","14.13","20.00","8.92","","","","",""
"2023-09-20","2023263","13:33","9.0","96.7889","7.0","","","2.3","","7.8","93","","11","","14.33","19.98","9.08","","","","",""
"2023-09-20","2023263","13:33","9.0","96.7889","8.0","","","2.3","","7.7","93","","11","","15.12","19.95","9.68","","","","",""
"2023-09-20","2023263","13:33","9.0","96.7889","9.0","","","2.3","","7.6","92","","12","","16.18","19.91","10.49","","","","",""
"2023-09-20","2023263","13:33","9.0","96.7889","10.0","","","2.3","","7.6","92","","12","","16.56","19.89","10.78","","","","",""
"2023-09-20","2023263","13:33","9.0","96.7889","11.0","","","2.4","","7.6","92","","11","","17.56","19.84","11.55","","","","",""
"2023-09-20","2023263","13:33","9.0","96.7889","12.0","","","2.5","","7.5","92","","11","","18.16","19.81","12.01","","","","",""
"2023-09-20","2023263","13:33","9.0","96.7889","13.0","","","2.5","","7.5","92","","11","","18.36","19.80","12.16","","","","",""
"2023-09-20","2023263","13:33","9.0","96.7889","14.0","","","2.5","","7.5","92","","11","","18.73","19.79","12.45","","","","",""
"2023-09-20","2023263","13:33","9.0","96.7889","15.0","","","2.7","","7.5","92","","11","","18.87","19.79","12.55","","","","",""
"2023-09-20","2023263","13:33","9.0","96.7889","16.0","","","2.9","","7.5","92","","11","","18.98","19.79","12.64","","","","",""
"2023-09-20","2023263","13:33","9.0","96.7889","17.0","","","2.8","","7.5","92","","11","","19.12","19.78","12.74","","","","",""
"2023-09-20","2023263","13:33","9.0","96.7889","18.0","","","3.0","","7.5","92","","12","","19.19","19.78","12.80","","","","",""
"2023-09-20","2023263","13:33","9.0","96.7889","19.0","","","3.0","","7.5","92","","13","","19.24","19.78","12.83","","","","",""
"2023-09-20","2023263","13:33","9.0","96.7889","20.0","","","3.0","","7.5","92","","13","","19.23","19.78","12.83","","","","",""
"2023-09-20","2023263","13:33","9.0","96.7889","21.0","","","3.1","","7.5","92","","13","","19.23","19.78","12.83","","","","",""
"2023-09-20","2023263","13:33","9.0","96.7889","22.0","","","2.9","","7.5","92","","13","","19.22","19.78","12.82","","","","",""
"2023-09-20","2023263","13:33","9.0","96.7889","23.0","","","3.1","","7.5","92","","13","","19.24","19.78","12.84","","","","",""
"2023-09-20","2023263","13:33","9.0","96.7889","24.0","","","2.9","","7.5","92","","13","","19.24","19.78","12.83","","","","",""
"2023-09-20","2023263","13:33","9.0","96.7889","25.0","","","2.9","","7.5","92","","13","","19.24","19.78","12.83","","","","",""
"2023-09-20","2023263","13:33","9.0","96.7889","26.0","","","3.3","","7.5","92","","14","","19.26","19.78","12.85","","","","",""
"2023-09-20","2023263","13:22","10.0","93.5951","1.0","","","3.5","","7.9","95","","10","1.35","13.46","20.21","8.36","","","","",""
"2023-09-20","2023263","13:22","10.0","93.5951","2.0","","","3.3","","8.2","98","","10","","13.47","20.22","8.37","","","","",""
"2023-09-20","2023263","13:22","10.0","93.5951","3.0","","","3.4","","8.0","95","","10","","13.47","20.21","8.37","","","","",""
"2023-09-20","2023263","13:22","10.0","93.5951","4.0","","","3.0","","7.8","94","","10","","14.02","20.05","8.83","","","","",""
"2023-09-20","2023263","13:22","10.0","93.5951","5.0","","","2.3","","7.7","93","","10","","14.66","19.95","9.33","","","","",""
"2023-09-20","2023263","13:22","10.0","93.5951","6.0","","","2.3","","7.7","93","","10","","15.25","19.92","9.78","","","","",""
"2023-09-20","2023263","13:22","10.0","93.5951","7.0","","","2.3","","7.6","93","","11","","16.15","19.90","10.47","","","","",""
"2023-09-20","2023263","13:22","10.0","93.5951","8.0","","","2.5","","7.6","92","","11","","16.43","19.89","10.68","","","","",""
"2023-09-20","2023263","13:22","10.0","93.5951","9.0","","","2.5","","7.6","92","","11","","16.82","19.88","10.98","","","","",""
"2023-09-20","2023263","13:22","10.0","93.5951","10.0","","","2.4","","7.6","92","","10","","17.22","19.85","11.29","","","","",""
"2023-09-20","2023263","13:22","10.0","93.5951","11.0","","","2.3","","7.6","92","","10","","17.90","19.81","11.81","","","","",""
"2023-09-20","2023263","13:22","10.0","93.5951","12.0","","","2.4","","7.5","92","","10","","18.10","19.80","11.97","","","","",""
"2023-09-20","2023263","13:22","10.0","93.5951","13.0","","","2.4","","7.5","92","","10","","18.15","19.80","12.01","","","","",""
"2023-09-20","2023263","13:22","10.0","93.5951","14.0","","","2.6","","7.5","92","","10","","18.38","19.79","12.18","","","","",""
"2023-09-20","2023263","13:22","10.0","93.5951","15.0","","","2.6","","7.4","91","","11","","19.22","19.77","12.82","","","","",""
"2023-09-20","2023263","13:22","10.0","93.5951","16.0","","","3.0","","7.4","91","","17","","20.01","19.75","13.43","","","","",""
"2023-09-20","2023263","12:59","11.0","89.7672","1.0","","","2.1","","8.0","96","","10","1.21","14.38","20.11","9.08","","","","",""
"2023-09-20","2023263","12:59","11.0","89.7672","2.0","","","2.9","","7.6","93","","9","","16.67","19.82","10.88","","","","",""
"2023-09-20","2023263","12:59","11.0","89.7672","3.0","","","2.6","","7.6","92","","9","","18.35","19.75","12.17","","","","",""
"2023-09-20","2023263","12:59","11.0","89.7672","4.0","","","2.5","","7.5","93","","9","","18.97","19.72","12.65","","","","",""
"2023-09-20","2023263","12:59","11.0","89.7672","5.0","","","2.4","","7.5","93","","9","","19.10","19.70","12.75","","","","",""
"2023-09-20","2023263","12:59","11.0","89.7672","6.0","","","2.6","","7.5","92","","9","","19.19","19.69","12.82","","","","",""
"2023-09-20","2023263","12:59","11.0","89.7672","7.0","","","2.7","","7.4","92","","9","","19.63","19.67","13.16","","","","",""
"2023-09-20","2023263","12:59","11.0","89.7672","8.0","","","2.8","","7.4","91","","9","","20.92","19.63","14.14","","","","",""
"2023-09-20","2023263","12:59","11.0","89.7672","9.0","","","3.2","","7.3","91","","8","","21.47","19.62","14.56","","","","",""
"2023-09-20","2023263","12:59","11.0","89.7672","10.0","","","3.2","","7.3","91","","8","","21.77","19.63","14.79","","","","",""
"2023-09-20","2023263","12:59","11.0","89.7672","11.0","","","3.1","","7.3","91","","9","","22.06","19.63","15.01","","","","",""
"2023-09-20","2023263","12:59","11.0","89.7672","12.0","","","2.8","","7.3","91","","9","","22.48","19.58","15.34","","","","",""
"2023-09-20","2023263","12:59","11.0","89.7672","13.0","","","2.5","","7.2","91","","8","","22.87","19.53","15.65","","","","",""
"2023-09-20","2023263","12:59","11.0","89.7672","14.0","","","2.5","","7.2","90","","9","","23.20","19.52","15.90","","","","",""
"2023-09-20","2023263","12:59","11.0","89.7672","15.0","","","2.6","","7.2","90","","11","","23.60","19.49","16.21","","","","",""
"2023-09-20","2023263","12:59","11.0","89.7672","16.0","","","2.8","","7.1","90","","15","","24.28","19.45","16.74","","","","",""
"2023-09-20","2023263","12:59","11.0","89.7672","17.0","","","2.8","","7.1","90","","18","","24.56","19.43","16.96","","","","",""
"2023-09-20","2023263","12:59","11.0","89.7672","18.0","","","3.2","","7.1","90","","19","","24.59","19.43","16.98","","","","",""
"2023-09-20","2023263","12:59","11.0","89.7672","19.0","","","3.1","","7.1","90","","19","","24.61","19.42","17.00","","","","",""
"2023-09-20","2023263","12:59","11.0","89.7672","20.0","","","3.2","","7.1","90","","20","","24.62","19.42","17.01","","","","",""
"2023-09-20","2023263","12:40","12.0","84.4458","1.0","","","2.8","","7.5","92","","8","1.10","17.92","19.76","11.84","","","","",""
"2023-09-20","2023263","12:40","12.0","84.4458","2.0","","","2.8","","7.5","92","","8","","19.68","19.61","13.21","","","","",""
"2023-09-20","2023263","12:40","12.0","84.4458","3.0","","","3.2","","7.5","92","","8","","20.56","19.53","13.90","","","","",""
"2023-09-20","2023263","12:40","12.0","84.4458","4.0","","","2.9","","7.4","92","","8","","21.41","19.47","14.55","","","","",""
"2023-09-20","2023263","12:40","12.0","84.4458","5.0","","","2.8","","7.4","91","","8","","22.11","19.36","15.12","","","","",""
"2023-09-20","2023263","12:40","12.0","84.4458","6.0","","","2.6","","7.2","90","","8","","23.62","19.39","16.25","","","","",""
"2023-09-20","2023263","12:40","12.0","84.4458","7.0","","","2.4","","7.0","88","","8","","23.97","19.44","16.51","","","","",""
"2023-09-20","2023263","12:24","13.0","78.5444","1.0","","","5.2","","7.6","95","","6","0.83","23.29","19.54","15.97","","","","",""
"2023-09-20","2023263","12:24","13.0","78.5444","2.0","6.6","0.93","6.5","","7.6","95","5.9","6","","23.31","19.51","15.99","0.85","7.43","4.36","2.70","89.73"
"2023-09-20","2023263","12:24","13.0","78.5444","3.0","","","4.9","","7.3","91","","6","","23.87","19.26","16.48","","","","",""
"2023-09-20","2023263","12:24","13.0","78.5444","4.0","","","2.9","","7.3","91","","6","","24.99","19.23","17.33","","","","",""
"2023-09-20","2023263","12:24","13.0","78.5444","5.0","","","2.3","","7.1","90","","6","","25.78","19.15","17.96","","","","",""
"2023-09-20","2023263","12:24","13.0","78.5444","6.0","","","2.0","","7.0","88","","7","","26.05","19.12","18.16","","","","",""
"2023-09-20","2023263","12:24","13.0","78.5444","7.0","","","2.0","","7.0","88","","10","","26.34","19.08","18.40","","","","",""
"2023-09-20","2023263","12:24","13.0","78.5444","8.0","","","2.0","","6.9","88","","12","","26.36","19.08","18.41","","","","",""
"2023-09-20","2023263","12:24","13.0","78.5444","9.0","","","2.2","","6.9","88","","14","","26.38","19.08","18.43","","","","",""
"2023-09-20","2023263","12:24","13.0","78.5444","10.0","2.5","0.66","2.5","","6.9","87","27.6","19","","26.39","19.08","18.44","","","","",""
"2023-09-20","2023263","12:11","14.0","74.4288","1.0","","","7.5","","7.7","97","","6","0.76","24.92","19.20","17.29","","","","",""
"2023-09-20","2023263","12:11","14.0","74.4288","2.0","","","8.1","","7.6","96","","6","","25.43","18.99","17.73","","","","",""
"2023-09-20","2023263","12:11","14.0","74.4288","3.0","","","7.5","","7.4","94","","6","","25.53","19.00","17.80","","","","",""
"2023-09-20","2023263","12:11","14.0","74.4288","4.0","","","5.1","","7.4","93","","6","","25.90","18.98","18.09","","","","",""
"2023-09-20","2023263","12:11","14.0","74.4288","5.0","","","3.4","","7.3","92","","6","","26.12","18.99","18.25","","","","",""
"2023-09-20","2023263","12:11","14.0","74.4288","6.0","","","3.0","","7.1","90","","6","","26.17","19.01","18.29","","","","",""
"2023-09-20","2023263","12:11","14.0","74.4288","7.0","","","2.3","","7.1","89","","6","","26.53","19.00","18.56","","","","",""
"2023-09-20","2023263","12:11","14.0","74.4288","8.0","","","2.3","","7.1","90","","8","","26.71","18.97","18.71","","","","",""
"2023-09-20","2023263","12:11","14.0","74.4288","9.0","","","2.3","","7.1","90","","8","","26.76","18.97","18.74","","","","",""
"2023-09-20","2023263","12:11","14.0","74.4288","10.0","","","2.7","","7.1","90","","9","","26.78","18.97","18.76","","","","",""
"2023-09-20","2023263","12:11","14.0","74.4288","11.0","","","2.8","","7.1","90","","11","","26.81","18.96","18.78","","","","",""
"2023-09-20","2023263","12:11","14.0","74.4288","12.0","","","3.3","","7.1","90","","14","","26.81","18.96","18.79","","","","",""
"2023-09-20","2023263","12:11","14.0","74.4288","13.0","","","3.3","","7.1","90","","16","","26.81","18.96","18.79","","","","",""
"2023-09-20","2023263","12:11","14.0","74.4288","14.0","","","3.3","","7.1","90","","18","","26.81","18.97","18.78","","","","",""
"2023-09-20","2023263","11:56","15.0","69.9895","1.0","","","4.8","","7.4","94","","8","0.92","25.33","19.34","17.56","","","","",""
"2023-09-20","2023263","11:56","15.0","69.9895","2.0","6.6","0.90","4.8","","7.3","92","10.9","8","","25.77","19.07","17.97","0.84","6.33","6.78","2.71","79.40"
"2023-09-20","2023263","11:56","15.0","69.9895","3.0","","","2.3","","7.3","92","","7","","26.13","18.95","18.27","","","","",""
"2023-09-20","2023263","11:56","15.0","69.9895","4.0","","","1.3","","7.2","91","","6","","26.29","18.93","18.40","","","","",""
"2023-09-20","2023263","11:56","15.0","69.9895","5.0","","","1.2","","7.2","91","","6","","26.66","18.89","18.69","","","","",""
"2023-09-20","2023263","11:56","15.0","69.9895","6.0","","","1.3","","7.2","91","","6","","26.96","18.85","18.92","","","","",""
"2023-09-20","2023263","11:56","15.0","69.9895","7.0","","","1.3","","7.2","91","","6","","27.16","18.83","19.08","","","","",""
"2023-09-20","2023263","11:56","15.0","69.9895","8.0","","","1.5","","7.1","90","","6","","27.17","18.83","19.09","","","","",""
"2023-09-20","2023263","11:56","15.0","69.9895","9.0","","","1.3","","7.1","90","","6","","27.17","18.83","19.09","","","","",""
"2023-09-20","2023263","11:56","15.0","69.9895","10.0","","","1.3","","7.1","90","","6","","27.18","18.83","19.10","","","","",""
"2023-09-20","2023263","11:56","15.0","69.9895","11.0","","","1.2","","7.1","90","","7","","27.23","18.80","19.15","","","","",""
"2023-09-20","2023263","11:56","15.0","69.9895","12.0","","","1.5","","7.1","90","","7","","27.41","18.75","19.29","","","","",""
"2023-09-20","2023263","11:56","15.0","69.9895","13.0","","","1.7","","7.1","90","","6","","27.69","18.67","19.53","","","","",""
"2023-09-20","2023263","11:56","15.0","69.9895","14.0","","","2.0","","7.1","90","","6","","27.79","18.62","19.61","","","","",""
"2023-09-20","2023263","11:56","15.0","69.9895","15.0","","","2.2","","7.1","90","","6","","27.91","18.59","19.71","","","","",""
"2023-09-20","2023263","11:56","15.0","69.9895","16.0","","","2.6","","7.1","90","","6","","28.18","18.50","19.94","","","","",""
"2023-09-20","2023263","11:56","15.0","69.9895","17.0","","","2.7","","7.1","90","","6","","28.36","18.44","20.09","","","","",""
"2023-09-20","2023263","11:56","15.0","69.9895","18.0","","","3.0","","7.1","90","","6","","28.52","18.40","20.22","","","","",""
"2023-09-20","2023263","11:56","15.0","69.9895","19.0","","","2.8","","7.1","90","","7","","28.97","18.24","20.60","","","","",""
"2023-09-20","2023263","11:56","15.0","69.9895","20.0","","","2.9","","7.1","90","","15","","29.08","18.19","20.70","","","","",""
"2023-09-20","2023263","11:56","15.0","69.9895","21.0","","","3.6","","7.1","90","","20","","29.08","18.19","20.70","","","","",""
"2023-09-20","2023263","11:56","15.0","69.9895","22.0","","","4.0","","7.1","90","","27","","29.08","18.19","20.70","","","","",""
"2023-09-20","2023263","11:56","15.0","69.9895","23.0","","","4.2","","7.1","90","","28","","29.08","18.19","20.70","","","","",""
"2023-09-20","2023263","11:56","15.0","69.9895","24.0","4.6","0.53","4.8","","7.1","90","","32","","29.08","18.19","20.70","","","","",""
"2023-09-20","2023263","11:39","16.0","63.0794","1.0","","","4.3","","7.8","98","","6","0.77","25.54","18.98","17.82","","","","",""
"2023-09-20","2023263","11:39","16.0","63.0794","2.0","","","6.5","","7.5","95","","6","","25.59","18.94","17.86","","","","",""
"2023-09-20","2023263","11:39","16.0","63.0794","3.0","","","7.3","","7.3","93","","6","","26.75","18.75","18.79","","","","",""
"2023-09-20","2023263","11:39","16.0","63.0794","4.0","","","5.0","","7.3","92","","6","","27.63","18.58","19.50","","","","",""
"2023-09-20","2023263","11:39","16.0","63.0794","5.0","","","4.7","","7.2","91","","5","","27.80","18.52","19.65","","","","",""
"2023-09-20","2023263","11:39","16.0","63.0794","6.0","","","4.8","","7.2","92","","5","","28.09","18.43","19.89","","","","",""
"2023-09-20","2023263","11:39","16.0","63.0794","7.0","","","4.1","","7.2","91","","5","","28.40","18.36","20.14","","","","",""
"2023-09-20","2023263","11:39","16.0","63.0794","8.0","","","3.2","","7.2","91","","6","","28.56","18.30","20.28","","","","",""
"2023-09-20","2023263","11:39","16.0","63.0794","9.0","","","2.0","","7.2","90","","6","","28.89","18.21","20.55","","","","",""
"2023-09-20","2023263","11:39","16.0","63.0794","10.0","","","2.0","","7.2","91","","6","","29.16","18.09","20.78","","","","",""
"2023-09-20","2023263","11:39","16.0","63.0794","11.0","","","2.0","","7.2","91","","6","","29.77","17.92","21.29","","","","",""
"2023-09-20","2023263","11:25","17.0","58.8909","1.0","","","8.8","","7.9","99","","6","0.69","26.93","18.64","18.95","","","","",""
"2023-09-20","2023263","11:25","17.0","58.8909","2.0","11.5","0.91","11.1","","7.6","96","","5","","27.27","18.45","19.26","","","","",""
"2023-09-20","2023263","11:25","17.0","58.8909","3.0","","","12.1","","7.4","93","","5","","28.48","18.17","20.24","","","","",""
"2023-09-20","2023263","11:25","17.0","58.8909","4.0","","","8.8","","7.3","92","","5","","29.18","18.02","20.82","","","","",""
"2023-09-20","2023263","11:25","17.0","58.8909","5.0","","","5.8","","7.3","92","","5","","29.47","17.97","21.05","","","","",""
"2023-09-20","2023263","11:25","17.0","58.8909","6.0","","","5.0","","7.2","92","","5","","29.65","17.94","21.19","","","","",""
"2023-09-20","2023263","11:25","17.0","58.8909","7.0","","","4.9","","7.2","91","","5","","29.72","17.92","21.25","","","","",""
"2023-09-20","2023263","11:25","17.0","58.8909","8.0","","","5.3","","7.2","91","","5","","29.92","17.88","21.42","","","","",""
"2023-09-20","2023263","11:25","17.0","58.8909","9.0","","","4.7","","7.2","91","","5","","30.42","17.61","21.86","","","","",""
"2023-09-20","2023263","11:25","17.0","58.8909","10.0","","","4.0","","7.3","91","","5","","30.97","17.22","22.37","","","","",""
"2023-09-20","2023263","11:03","18.0","54.9481","1.0","","","7.4","","7.4","94","","5","0.54","29.69","18.15","21.17","","","","",""
"2023-09-20","2023263","11:03","18.0","54.9481","2.0","8.0","0.88","8.5","","7.4","93","4.2","5","","29.69","18.15","21.18","0.89","6.26","6.00","2.39","48.78"
"2023-09-20","2023263","11:03","18.0","54.9481","3.0","","","8.5","","7.3","93","","5","","29.69","18.14","21.18","","","","",""
"2023-09-20","2023263","11:03","18.0","54.9481","4.0","","","8.3","","7.3","92","","5","","29.70","18.11","21.19","","","","",""
"2023-09-20","2023263","11:03","18.0","54.9481","5.0","","","8.4","","7.2","92","","5","","29.71","18.09","21.20","","","","",""
"2023-09-20","2023263","11:03","18.0","54.9481","6.0","","","8.2","","7.2","92","","5","","29.72","18.06","21.22","","","","",""
"2023-09-20","2023263","11:03","18.0","54.9481","7.0","","","8.2","","7.2","92","","5","","29.72","18.06","21.22","","","","",""
"2023-09-20","2023263","11:03","18.0","54.9481","8.0","","","7.7","","7.2","92","","5","","29.73","18.05","21.23","","","","",""
"2023-09-20","2023263","11:03","18.0","54.9481","9.0","","","7.6","","7.2","91","","5","","29.74","18.04","21.24","","","","",""
"2023-09-20","2023263","11:03","18.0","54.9481","10.0","","","7.4","","7.2","91","","5","","29.81","18.01","21.30","","","","",""
"2023-09-20","2023263","11:03","18.0","54.9481","11.0","","","6.1","","7.2","91","","5","","29.84","18.00","21.33","","","","",""
"2023-09-20","2023263","11:03","18.0","54.9481","12.0","","","6.5","","7.2","91","","5","","29.96","17.93","21.44","","","","",""
"2023-09-20","2023263","11:03","18.0","54.9481","13.0","","","6.0","","7.2","91","","5","","30.06","17.88","21.52","","","","",""
"2023-09-20","2023263","11:03","18.0","54.9481","14.0","","","6.0","","7.2","91","","5","","30.13","17.80","21.59","","","","",""
"2023-09-20","2023263","11:03","18.0","54.9481","15.0","","","7.0","","7.2","91","","5","","30.15","17.75","21.62","","","","",""
"2023-09-20","2023263","11:03","18.0","54.9481","16.0","","","6.2","","7.2","91","","5","","30.26","17.68","21.72","","","","",""
"2023-09-20","2023263","11:03","18.0","54.9481","17.0","","","6.5","","7.2","91","","5","","30.34","17.63","21.79","","","","",""
"2023-09-20","2023263","11:03","18.0","54.9481","18.0","","","6.4","","7.2","91","","5","","30.43","17.57","21.88","","","","",""
"2023-09-20","2023263","11:03","18.0","54.9481","19.0","","","6.2","","7.3","91","","5","","30.60","17.46","22.03","","","","",""
"2023-09-20","2023263","11:03","18.0","54.9481","20.0","","","6.4","","7.2","91","","5","","30.70","17.40","22.12","","","","",""
"2023-09-20","2023263","11:03","18.0","54.9481","21.0","","","6.3","","6.9","87","","5","","30.76","17.35","22.18","","","","",""
"2023-09-20","2023263","11:03","18.0","54.9481","22.0","","","6.0","","6.7","84","","5","","30.81","17.31","22.23","","","","",""
"2023-09-20","2023263","11:03","18.0","54.9481","23.0","","","6.0","","6.7","84","","5","","30.85","17.30","22.27","","","","",""
"2023-09-20","2023263","11:03","18.0","54.9481","24.0","","","6.3","","6.7","84","","5","","30.90","17.25","22.32","","","","",""
"2023-09-20","2023263","11:03","18.0","54.9481","25.0","","","6.4","","6.7","84","","5","","30.95","17.22","22.35","","","","",""
"2023-09-20","2023263","11:03","18.0","54.9481","26.0","","","6.9","","6.7","84","","5","","30.97","17.20","22.38","","","","",""
"2023-09-20","2023263","11:03","18.0","54.9481","27.0","","","6.3","","6.7","84","","5","","31.00","17.17","22.41","","","","",""
"2023-09-20","2023263","11:03","18.0","54.9481","28.0","","","6.0","","6.7","84","","5","","31.03","17.15","22.43","","","","",""
"2023-09-20","2023263","11:03","18.0","54.9481","29.0","","","7.2","","6.7","84","","5","","31.04","17.15","22.44","","","","",""
"2023-09-20","2023263","11:03","18.0","54.9481","30.0","","","5.9","","6.7","84","","5","","31.04","17.14","22.45","","","","",""
"2023-09-20","2023263","11:03","18.0","54.9481","31.0","","","6.3","","6.7","84","","5","","31.06","17.14","22.46","","","","",""
"2023-09-20","2023263","11:03","18.0","54.9481","32.0","","","6.9","","6.7","84","","5","","31.07","17.13","22.47","","","","",""
"2023-09-20","2023263","11:03","18.0","54.9481","33.0","","","6.3","","6.7","84","","5","","31.09","17.12","22.48","","","","",""
"2023-09-20","2023263","11:03","18.0","54.9481","34.0","7.3","0.89","7.3","","6.7","84","4.1","5","","31.11","17.11","22.50","","","","",""
"2023-09-20","2023263","11:03","18.0","54.9481","35.0","","","6.2","","6.7","84","","5","","31.13","17.08","22.53","","","","",""
"2023-09-20","2023263","11:03","18.0","54.9481","36.0","","","6.4","","6.7","84","","5","","31.15","17.07","22.55","","","","",""
"2023-09-20","2023263","11:03","18.0","54.9481","37.0","","","5.9","","6.7","84","","5","","31.17","17.06","22.57","","","","",""
"2023-09-20","2023263","11:03","18.0","54.9481","38.0","","","5.4","","6.7","84","","5","","31.18","17.06","22.57","","","","",""
"2023-09-20","2023263","11:03","18.0","54.9481","39.0","","","5.4","","6.7","84","","5","","31.19","17.04","22.58","","","","",""
"2023-09-20","2023263","11:03","18.0","54.9481","40.0","","","4.9","","6.7","84","","6","","31.24","16.99","22.64","","","","",""
"2023-09-20","2023263","11:03","18.0","54.9481","41.0","","","5.1","","6.7","84","","6","","31.26","16.98","22.65","","","","",""
"2023-09-20","2023263","11:03","18.0","54.9481","42.0","","","4.8","","6.7","84","","7","","31.30","16.95","22.69","","","","",""
"2023-09-20","2023263","11:03","18.0","54.9481","43.0","","","4.8","","6.7","84","","8","","31.30","16.95","22.69","","","","",""
"2023-09-20","2023263","11:03","18.0","54.9481","44.0","","","4.7","","6.7","84","","8","","31.29","16.95","22.68","","","","",""
"2023-09-20","2023263","10:44","20.0","51.4501","1.0","","","5.7","","7.2","91","","5","0.66","29.48","18.42","20.95","","","","",""
"2023-09-20","2023263","10:44","20.0","51.4501","2.0","7.1","0.92","6.5","","7.2","91","","5","","29.50","18.40","20.97","","","","",""
"2023-09-20","2023263","10:44","20.0","51.4501","3.0","","","7.4","","7.2","91","","5","","29.51","18.37","20.99","","","","",""
"2023-09-20","2023263","10:44","20.0","51.4501","4.0","","","6.7","","7.2","91","","5","","29.54","18.30","21.03","","","","",""
"2023-09-20","2023263","10:44","20.0","51.4501","5.0","","","6.2","","7.2","91","","5","","29.57","18.27","21.06","","","","",""
"2023-09-20","2023263","10:44","20.0","51.4501","6.0","","","4.8","","7.2","91","","5","","29.62","18.22","21.11","","","","",""
"2023-09-20","2023263","10:44","20.0","51.4501","7.0","","","4.4","","7.1","90","","5","","29.70","18.17","21.18","","","","",""
"2023-09-20","2023263","10:44","20.0","51.4501","8.0","","","3.9","","7.1","90","","5","","29.74","18.15","21.22","","","","",""
"2023-09-20","2023263","10:44","20.0","51.4501","9.0","","","3.8","","7.1","90","","6","","29.78","18.12","21.25","","","","",""
"2023-09-20","2023263","10:44","20.0","51.4501","10.0","","","3.8","","7.1","90","","6","","29.81","18.10","21.28","","","","",""
"2023-09-20","2023263","10:44","20.0","51.4501","11.0","","","4.5","","7.1","90","","6","","29.83","18.08","21.30","","","","",""
"2023-09-20","2023263","10:44","20.0","51.4501","12.0","","","4.4","","7.1","90","","6","","29.85","18.07","21.31","","","","",""
"2023-09-20","2023263","10:44","20.0","51.4501","13.0","","","4.8","","7.1","90","","6","","29.86","18.07","21.32","","","","",""
"2023-09-20","2023263","10:44","20.0","51.4501","14.0","","","4.9","","7.1","90","","7","","29.88","18.05","21.34","","","","",""
"2023-09-20","2023263","10:44","20.0","51.4501","15.0","","","5.5","","7.1","90","","7","","29.90","18.03","21.36","","","","",""
"2023-09-20","2023263","10:44","20.0","51.4501","16.0","","","5.7","","7.1","90","","7","","29.92","18.01","21.39","","","","",""
"2023-09-20","2023263","10:44","20.0","51.4501","17.0","","","5.6","","7.1","90","","7","","29.95","17.99","21.41","","","","",""
"2023-09-20","2023263","10:44","20.0","51.4501","18.0","","","6.4","","7.1","90","","6","","29.97","17.97","21.43","","","","",""
"2023-09-20","2023263","10:44","20.0","51.4501","19.0","","","5.6","","7.1","90","","6","","30.03","17.93","21.48","","","","",""
"2023-09-20","2023263","10:44","20.0","51.4501","20.0","","","5.5","","7.1","90","","6","","30.14","17.86","21.59","","","","",""
"2023-09-20","2023263","10:44","20.0","51.4501","21.0","","","4.7","","7.1","90","","6","","30.23","17.79","21.67","","","","",""
"2023-09-20","2023263","10:44","20.0","51.4501","22.0","","","4.6","","7.1","90","","7","","30.33","17.73","21.76","","","","",""
"2023-09-20","2023263","10:44","20.0","51.4501","23.0","","","4.0","","7.1","90","","8","","30.50","17.61","21.92","","","","",""
"2023-09-20","2023263","10:44","20.0","51.4501","24.0","","","3.7","","7.2","91","","9","","30.77","17.41","22.18","","","","",""
"2023-09-20","2023263","10:44","20.0","51.4501","25.0","","","4.4","","7.2","91","","12","","30.86","17.33","22.26","","","","",""
"2023-09-20","2023263","10:44","20.0","51.4501","26.0","","","3.8","","7.2","91","","16","","30.87","17.33","22.27","","","","",""
"2023-09-20","2023263","10:19","21.0","46.6266","1.0","","","5.4","","7.1","93","","5","0.71","29.66","19.37","20.85","","","","",""
"2023-09-20","2023263","10:19","21.0","46.6266","2.0","6.2","0.88","6.8","","7.1","92","","5","","29.66","19.31","20.87","","","","",""
"2023-09-20","2023263","10:19","21.0","46.6266","3.0","","","7.8","","7.1","91","","5","","29.66","19.26","20.88","","","","",""
"2023-09-20","2023263","10:19","21.0","46.6266","4.0","","","7.7","","7.0","90","","5","","29.66","19.20","20.90","","","","",""
"2023-09-20","2023263","10:19","21.0","46.6266","5.0","","","5.9","","7.0","90","","6","","29.67","19.11","20.92","","","","",""
"2023-09-20","2023263","10:19","21.0","46.6266","6.0","","","5.1","","7.0","90","","6","","29.66","19.02","20.94","","","","",""
"2023-09-20","2023263","10:19","21.0","46.6266","7.0","","","4.6","","7.0","90","","6","","29.65","18.92","20.96","","","","",""
"2023-09-20","2023263","10:19","21.0","46.6266","8.0","","","4.4","","7.0","90","","6","","29.65","18.86","20.97","","","","",""
"2023-09-20","2023263","10:19","21.0","46.6266","9.0","","","4.2","","7.0","90","","6","","29.65","18.80","20.99","","","","",""
"2023-09-20","2023263","10:19","21.0","46.6266","10.0","","","4.4","","7.0","90","","6","","29.66","18.74","21.01","","","","",""
"2023-09-20","2023263","10:19","21.0","46.6266","11.0","","","4.4","","7.0","90","","6","","29.67","18.72","21.02","","","","",""
"2023-09-20","2023263","10:19","21.0","46.6266","12.0","","","3.9","","7.0","89","","6","","29.68","18.72","21.03","","","","",""
"2023-09-20","2023263","10:19","21.0","46.6266","13.0","","","4.1","","7.0","89","","6","","29.69","18.71","21.04","","","","",""
"2023-09-20","2023263","10:19","21.0","46.6266","14.0","","","4.3","","7.0","89","","6","","29.69","18.71","21.04","","","","",""
"2023-09-20","2023263","10:19","21.0","46.6266","15.0","","","3.8","","7.0","89","","6","","29.70","18.69","21.05","","","","",""
"2023-09-20","2023263","10:19","21.0","46.6266","16.0","","","3.8","","7.0","89","","6","","29.72","18.65","21.08","","","","",""
"2023-09-20","2023263","10:19","21.0","46.6266","17.0","","","4.1","","7.0","89","","7","","29.75","18.53","21.13","","","","",""
"2023-09-20","2023263","10:08","22.0","43.9210","1.0","","","3.7","","7.1","93","","5","0.72","29.64","19.15","20.90","","","","",""
"2023-09-20","2023263","10:08","22.0","43.9210","2.0","4.9","0.87","4.8","","7.1","92","5.1","5","","29.65","19.13","20.91","1.09","7.50","6.57","3.15","61.24"
"2023-09-20","2023263","10:08","22.0","43.9210","3.0","","","4.6","","7.1","91","","5","","29.65","19.08","20.92","","","","",""
"2023-09-20","2023263","10:08","22.0","43.9210","4.0","","","4.6","","7.0","90","","5","","29.65","19.07","20.92","","","","",""
"2023-09-20","2023263","10:08","22.0","43.9210","5.0","","","4.5","","7.0","90","","5","","29.65","19.07","20.92","","","","",""
"2023-09-20","2023263","10:08","22.0","43.9210","6.0","","","4.4","","7.0","90","","5","","29.66","19.05","20.94","","","","",""
"2023-09-20","2023263","10:08","22.0","43.9210","7.0","","","4.0","","7.0","90","","6","","29.68","19.00","20.96","","","","",""
"2023-09-20","2023263","10:08","22.0","43.9210","8.0","","","4.0","","7.0","90","","6","","29.64","18.99","20.94","","","","",""
"2023-09-20","2023263","10:08","22.0","43.9210","9.0","","","3.6","","7.0","90","","6","","29.64","18.98","20.94","","","","",""
"2023-09-20","2023263","10:08","22.0","43.9210","10.0","","","3.2","","7.0","90","","6","","29.65","18.95","20.95","","","","",""
"2023-09-20","2023263","10:08","22.0","43.9210","11.0","","","3.8","","7.0","90","","6","","29.67","18.91","20.97","","","","",""
"2023-09-20","2023263","10:08","22.0","43.9210","12.0","","","3.8","","7.0","90","","6","","29.66","18.90","20.97","","","","",""
"2023-09-20","2023263","10:08","22.0","43.9210","13.0","","","3.6","","7.0","90","","6","","29.64","18.84","20.97","","","","",""
"2023-09-20","2023263","10:08","22.0","43.9210","14.0","","","4.3","","7.0","90","","6","","29.63","18.82","20.97","","","","",""
"2023-09-20","2023263","10:08","22.0","43.9210","15.0","","","4.1","","7.0","90","","6","","29.65","18.81","20.98","","","","",""
"2023-09-20","2023263","10:08","22.0","43.9210","16.0","","","4.2","","7.0","90","","6","","29.64","18.80","20.98","","","","",""
"2023-09-20","2023263","10:08","22.0","43.9210","17.0","","","4.1","","7.0","90","","6","","29.65","18.78","20.99","","","","",""
"2023-09-20","2023263","10:08","22.0","43.9210","18.0","","","4.0","","6.9","89","","6","","29.64","18.77","20.99","","","","",""
"2023-09-20","2023263","10:08","22.0","43.9210","19.0","4.2","0.81","4.2","","6.9","89","9.0","7","","29.64","18.77","20.99","","","","",""
"2023-09-20","2023263","9:54","23.0","39.6557","1.0","","","4.4","","6.8","90","","7","0.84","29.62","20.20","20.61","","","","",""
"2023-09-20","2023263","9:54","23.0","39.6557","2.0","","","4.3","","6.8","90","","7","","29.64","20.14","20.64","","","","",""
"2023-09-20","2023263","9:54","23.0","39.6557","3.0","","","3.2","","6.8","90","","7","","29.64","20.12","20.65","","","","",""
"2023-09-20","2023263","9:54","23.0","39.6557","4.0","","","2.7","","6.7","89","","7","","29.64","20.11","20.65","","","","",""
"2023-09-20","2023263","9:54","23.0","39.6557","5.0","","","2.6","","6.7","89","","8","","29.65","20.09","20.66","","","","",""
"2023-09-20","2023263","9:54","23.0","39.6557","6.0","","","2.6","","6.7","89","","8","","29.65","20.07","20.67","","","","",""
"2023-09-20","2023263","9:54","23.0","39.6557","7.0","","","2.9","","6.7","89","","8","","29.65","20.05","20.67","","","","",""
"2023-09-20","2023263","9:54","23.0","39.6557","8.0","","","3.4","","6.7","89","","8","","29.65","20.04","20.68","","","","",""
"2023-09-20","2023263","9:54","23.0","39.6557","9.0","","","3.8","","6.7","89","","8","","29.65","20.03","20.68","","","","",""
"2023-09-20","2023263","9:54","23.0","39.6557","10.0","","","3.9","","6.7","89","","8","","29.65","20.02","20.68","","","","",""
"2023-09-20","2023263","9:54","23.0","39.6557","11.0","","","4.4","","6.7","89","","8","","29.65","20.01","20.68","","","","",""
"2023-09-20","2023263","9:54","23.0","39.6557","12.0","","","4.2","","6.7","89","","8","","29.65","20.01","20.69","","","","",""
"2023-09-20","2023263","9:54","23.0","39.6557","13.0","","","4.2","","6.7","89","","9","","29.65","20.00","20.69","","","","",""
"2023-09-20","2023263","9:54","23.0","39.6557","14.0","","","4.1","","6.7","89","","9","","29.66","19.98","20.70","","","","",""
"2023-09-20","2023263","9:54","23.0","39.6557","15.0","","","4.2","","6.7","89","","9","","29.66","19.94","20.71","","","","",""
"2023-09-20","2023263","9:42","24.0","37.0911","1.0","","","4.6","","6.6","87","","7","0.97","29.45","20.32","20.45","","","","",""
"2023-09-20","2023263","9:42","24.0","37.0911","2.0","4.1","0.83","4.1","","6.6","87","8.6","8","","29.57","20.28","20.55","1.24","9.78","7.78","4.93","81.18"
"2023-09-20","2023263","9:42","24.0","37.0911","3.0","","","3.0","","6.6","87","","8","","29.60","20.26","20.58","","","","",""
"2023-09-20","2023263","9:42","24.0","37.0911","4.0","","","2.6","","6.6","87","","8","","29.61","20.25","20.59","","","","",""
"2023-09-20","2023263","9:42","24.0","37.0911","5.0","","","2.5","","6.6","87","","8","","29.62","20.24","20.60","","","","",""
"2023-09-20","2023263","9:42","24.0","37.0911","6.0","","","2.4","","6.6","87","","8","","29.62","20.24","20.60","","","","",""
"2023-09-20","2023263","9:42","24.0","37.0911","7.0","","","2.6","","6.6","87","","8","","29.62","20.24","20.60","","","","",""
"2023-09-20","2023263","9:42","24.0","37.0911","8.0","","","2.7","","6.6","87","","8","","29.62","20.24","20.60","","","","",""
"2023-09-20","2023263","9:42","24.0","37.0911","9.0","","","2.7","","6.6","87","","8","","29.62","20.24","20.60","","","","",""
"2023-09-20","2023263","9:42","24.0","37.0911","10.0","2.8","0.73","2.7","","6.5","86","10.3","8","","29.62","20.24","20.60","","","","",""
"2023-09-20","2023263","9:30","25.0","32.8382","1.0","","","3.4","","6.7","89","","8","1.01","29.14","20.56","20.16","","","","",""
"2023-09-20","2023263","9:30","25.0","32.8382","2.0","","","2.8","","6.7","89","","8","","29.18","20.55","20.19","","","","",""
"2023-09-20","2023263","9:30","25.0","32.8382","3.0","","","2.3","","6.7","89","","9","","29.19","20.55","20.19","","","","",""
"2023-09-20","2023263","9:30","25.0","32.8382","4.0","","","2.1","","6.7","89","","9","","29.21","20.53","20.22","","","","",""
"2023-09-20","2023263","9:30","25.0","32.8382","5.0","","","2.0","","6.7","89","","9","","29.34","20.46","20.33","","","","",""
"2023-09-20","2023263","9:30","25.0","32.8382","6.0","","","2.0","","6.7","89","","9","","29.39","20.43","20.38","","","","",""
"2023-09-20","2023263","9:30","25.0","32.8382","7.0","","","2.0","","6.7","89","","9","","29.40","20.43","20.39","","","","",""
"2023-09-20","2023263","9:30","25.0","32.8382","8.0","","","2.0","","6.6","88","","10","","29.41","20.43","20.39","","","","",""
"2023-09-20","2023263","8:50","26.0","28.7560","1.0","","","2.4","","6.5","87","","8","0.95","29.09","20.63","20.10","","","","",""
"2023-09-20","2023263","8:50","26.0","28.7560","2.0","","","2.5","","6.5","87","","7","","29.08","20.63","20.09","","","","",""
"2023-09-20","2023263","8:50","26.0","28.7560","3.0","","","2.6","","6.5","87","","7","","29.08","20.63","20.09","","","","",""
"2023-09-20","2023263","8:50","26.0","28.7560","4.0","","","2.5","","6.5","87","","8","","29.08","20.63","20.09","","","","",""
"2023-09-20","2023263","8:50","26.0","28.7560","5.0","","","2.4","","6.5","87","","8","","29.08","20.63","20.09","","","","",""
"2023-09-20","2023263","8:50","26.0","28.7560","6.0","","","2.3","","6.5","87","","8","","29.09","20.63","20.09","","","","",""
"2023-09-20","2023263","8:50","26.0","28.7560","7.0","","","2.2","","6.6","87","","8","","29.09","20.64","20.09","","","","",""
"2023-09-20","2023263","8:50","26.0","28.7560","8.0","","","2.1","","6.6","87","","8","","29.10","20.64","20.10","","","","",""
"2023-09-20","2023263","8:50","26.0","28.7560","9.0","","","2.0","","6.4","86","","8","","29.14","20.63","20.13","","","","",""
"2023-09-20","2023263","8:50","26.0","28.7560","10.0","","","1.9","","6.4","86","","9","","29.20","20.60","20.19","","","","",""
"2023-09-20","2023263","8:37","27.0","26.1872","1.0","","","2.4","","6.5","87","","10","1.09","28.85","20.80","19.87","","","","",""
"2023-09-20","2023263","8:37","27.0","26.1872","2.0","3.5","0.79","2.8","","6.5","87","13.4","10","","28.85","20.80","19.87","1.33","11.21","8.71","7.72","112.16"
"2023-09-20","2023263","8:37","27.0","26.1872","3.0","","","2.4","","6.5","87","","10","","28.85","20.80","19.87","","","","",""
"2023-09-20","2023263","8:37","27.0","26.1872","4.0","","","2.2","","6.5","87","","10","","28.85","20.80","19.87","","","","",""
"2023-09-20","2023263","8:37","27.0","26.1872","5.0","","","2.2","","6.5","87","","10","","28.86","20.81","19.87","","","","",""
"2023-09-20","2023263","8:37","27.0","26.1872","6.0","","","2.4","","6.5","87","","10","","28.94","20.82","19.93","","","","",""
"2023-09-20","2023263","8:37","27.0","26.1872","7.0","","","3.1","","6.5","87","","14","","28.96","20.81","19.96","","","","",""
"2023-09-20","2023263","8:37","27.0","26.1872","8.0","","","3.4","","6.5","87","","18","","28.97","20.80","19.96","","","","",""
"2023-09-20","2023263","8:37","27.0","26.1872","9.0","","","3.2","","6.5","87","","26","","28.96","20.78","19.96","","","","",""
"2023-09-20","2023263","8:37","27.0","26.1872","10.0","3.7","0.42","3.6","","6.5","87","","46","","28.94","20.75","19.95","","","","",""
"2023-09-20","2023263","8:27","28.0","23.5695","1.0","","","2.9","","6.6","88","","9","0.99","28.80","20.94","19.80","","","","",""
"2023-09-20","2023263","8:27","28.0","23.5695","2.0","","","3.0","","6.6","88","","9","","28.80","20.94","19.80","","","","",""
"2023-09-20","2023263","8:27","28.0","23.5695","3.0","","","2.9","","6.6","88","","9","","28.80","20.95","19.80","","","","",""
"2023-09-20","2023263","8:27","28.0","23.5695","4.0","","","2.6","","6.6","88","","9","","28.81","20.95","19.80","","","","",""
"2023-09-20","2023263","8:27","28.0","23.5695","5.0","","","2.6","","6.6","88","","9","","28.81","20.96","19.80","","","","",""
"2023-09-20","2023263","8:27","28.0","23.5695","6.0","","","2.5","","6.6","88","","9","","28.81","20.96","19.80","","","","",""
"2023-09-20","2023263","8:27","28.0","23.5695","7.0","","","2.6","","6.6","88","","9","","28.83","20.98","19.81","","","","",""
"2023-09-20","2023263","8:27","28.0","23.5695","8.0","","","2.8","","6.6","88","","11","","28.88","21.01","19.84","","","","",""
"2023-09-20","2023263","8:27","28.0","23.5695","9.0","","","3.1","","6.6","88","","14","","28.90","21.01","19.86","","","","",""
"2023-09-20","2023263","8:27","28.0","23.5695","10.0","","","3.4","","6.6","88","","18","","28.92","21.01","19.87","","","","",""
"2023-09-20","2023263","8:27","28.0","23.5695","11.0","","","3.7","","6.6","88","","23","","28.93","21.00","19.88","","","","",""
"2023-09-20","2023263","8:27","28.0","23.5695","12.0","","","4.0","","6.6","88","","30","","28.94","21.00","19.89","","","","",""
"2023-09-20","2023263","8:27","28.0","23.5695","13.0","","","4.5","","6.6","88","","39","","28.95","20.99","19.89","","","","",""
"2023-09-20","2023263","8:16","29.0","20.2526","1.0","","","3.1","","6.5","87","","10","1.00","28.60","21.10","19.61","","","","",""
"2023-09-20","2023263","8:16","29.0","20.2526","2.0","","","3.0","","6.5","87","","10","","28.61","21.11","19.61","","","","",""
"2023-09-20","2023263","8:16","29.0","20.2526","3.0","","","2.9","","6.5","87","","10","","28.62","21.11","19.62","","","","",""
"2023-09-20","2023263","8:16","29.0","20.2526","4.0","","","2.9","","6.5","87","","10","","28.63","21.11","19.62","","","","",""
"2023-09-20","2023263","8:16","29.0","20.2526","5.0","","","2.8","","6.5","87","","10","","28.64","21.11","19.63","","","","",""
"2023-09-20","2023263","8:16","29.0","20.2526","6.0","","","2.7","","6.5","87","","10","","28.67","21.09","19.66","","","","",""
"2023-09-20","2023263","8:16","29.0","20.2526","7.0","","","2.6","","6.6","87","","10","","28.69","21.07","19.68","","","","",""
"2023-09-20","2023263","8:16","29.0","20.2526","8.0","","","2.5","","6.6","87","","11","","28.73","21.05","19.72","","","","",""
"2023-09-20","2023263","8:16","29.0","20.2526","9.0","","","2.6","","6.5","87","","12","","28.73","21.05","19.72","","","","",""
"2023-09-20","2023263","8:16","29.0","20.2526","10.0","","","2.6","","6.5","87","","12","","28.74","21.05","19.72","","","","",""
"2023-09-20","2023263","8:16","29.0","20.2526","11.0","","","2.7","","6.5","87","","14","","28.75","21.04","19.73","","","","",""
"2023-09-20","2023263","8:16","29.0","20.2526","12.0","","","2.7","","6.5","87","","14","","28.75","21.04","19.73","","","","",""
"2023-09-20","2023263","8:16","29.0","20.2526","13.0","","","2.8","","6.5","87","","15","","28.75","21.04","19.73","","","","",""
"2023-09-20","2023263","8:01","30.0","14.7543","1.0","","","3.7","","6.5","86","","14","1.35","28.40","21.28","19.40","","","","",""
"2023-09-20","2023263","8:01","30.0","14.7543","2.0","4.5","0.80","3.8","","6.5","86","15.8","14","","28.40","21.28","19.41","1.64","12.85","9.64","9.01","113.58"
"2023-09-20","2023263","8:01","30.0","14.7543","3.0","","","3.4","","6.5","86","","14","","28.40","21.29","19.40","","","","",""
"2023-09-20","2023263","8:01","30.0","14.7543","4.0","","","3.3","","6.5","86","","14","","28.41","21.30","19.40","","","","",""
"2023-09-20","2023263","8:01","30.0","14.7543","5.0","","","3.2","","6.4","86","","15","","28.41","21.31","19.41","","","","",""
"2023-09-20","2023263","8:01","30.0","14.7543","6.0","","","3.3","","6.4","86","","15","","28.42","21.31","19.41","","","","",""
"2023-09-20","2023263","8:01","30.0","14.7543","7.0","","","3.4","","6.5","86","","15","","28.44","21.31","19.43","","","","",""
"2023-09-20","2023263","8:01","30.0","14.7543","8.0","","","3.3","","6.5","87","","16","","28.47","21.29","19.45","","","","",""
"2023-09-20","2023263","8:01","30.0","14.7543","9.0","","","3.4","","6.5","87","","19","","28.54","21.26","19.51","","","","",""
"2023-09-20","2023263","8:01","30.0","14.7543","10.0","4.0","0.71","3.8","","6.5","87","27.0","27","","28.55","21.25","19.52","","","","",""
"2023-09-20","2023263","7:48","31.0","10.6065","1.0","","","4.2","","6.5","86","","20","1.45","28.24","21.49","19.23","","","","",""
"2023-09-20","2023263","7:48","31.0","10.6065","2.0","","","4.0","","6.4","86","","20","","28.24","21.49","19.23","","","","",""
"2023-09-20","2023263","7:48","31.0","10.6065","3.0","","","3.9","","6.4","86","","20","","28.25","21.49","19.23","","","","",""
"2023-09-20","2023263","7:48","31.0","10.6065","4.0","","","3.9","","6.4","86","","20","","28.25","21.49","19.23","","","","",""
"2023-09-20","2023263","7:48","31.0","10.6065","5.0","","","3.8","","6.4","86","","20","","28.25","21.50","19.24","","","","",""
"2023-09-20","2023263","7:48","31.0","10.6065","6.0","","","4.1","","6.4","86","","22","","28.28","21.52","19.25","","","","",""
"2023-09-20","2023263","7:48","31.0","10.6065","7.0","","","4.3","","6.4","86","","28","","28.30","21.53","19.26","","","","",""
"2023-09-20","2023263","7:48","31.0","10.6065","8.0","","","4.4","","6.4","86","","31","","28.31","21.54","19.27","","","","",""
"2023-09-20","2023263","7:48","31.0","10.6065","9.0","","","4.5","","6.4","86","","33","","28.31","21.54","19.27","","","","",""
"2023-09-20","2023263","7:48","31.0","10.6065","10.0","","","4.6","","6.4","86","","33","","28.31","21.54","19.27","","","","",""
"2023-09-20","2023263","7:48","31.0","10.6065","11.0","","","5.1","","6.4","86","","35","","28.34","21.54","19.29","","","","",""
"2023-09-20","2023263","7:39","32.0","8.1507","1.0","","","4.0","","6.4","85","","21","1.53","27.89","21.49","18.96","","","","",""
"2023-09-20","2023263","7:39","32.0","8.1507","2.0","4.2","0.82","4.2","","6.4","85","16.7","22","","27.95","21.49","19.01","2.13","16.92","11.28","10.04","144.56"
"2023-09-20","2023263","7:39","32.0","8.1507","3.0","","","4.3","","6.4","85","","24","","27.99","21.49","19.04","","","","",""
"2023-09-20","2023263","7:39","32.0","8.1507","4.0","","","4.4","","6.4","85","","24","","28.02","21.50","19.06","","","","",""
"2023-09-20","2023263","7:39","32.0","8.1507","5.0","","","4.5","","6.4","85","","27","","28.06","21.51","19.08","","","","",""
"2023-09-20","2023263","7:39","32.0","8.1507","6.0","","","4.7","","6.4","85","","29","","28.09","21.51","19.11","","","","",""
"2023-09-20","2023263","7:39","32.0","8.1507","7.0","","","4.6","","6.4","85","","32","","28.11","21.52","19.12","","","","",""
"2023-09-20","2023263","7:39","32.0","8.1507","8.0","","","4.6","","6.4","85","","33","","28.11","21.52","19.12","","","","",""
"2023-09-20","2023263","7:39","32.0","8.1507","9.0","4.9","0.67","4.9","","6.4","85","","34","","28.11","21.52","19.12","","","","",""
"2023-09-20","2023263","7:31","33.0","6.8085","1.0","","","3.8","","6.3","84","","25","1.81","27.69","21.35","18.84","","","","",""
"2023-09-20","2023263","7:31","33.0","6.8085","2.0","","","3.4","","6.3","85","22.3","25","","27.74","21.42","18.87","","","","",""
"2023-09-20","2023263","7:31","33.0","6.8085","3.0","","","3.6","","6.3","85","","27","","27.80","21.47","18.90","","","","",""
"2023-09-20","2023263","7:31","33.0","6.8085","4.0","","","3.8","","6.4","85","","27","","27.80","21.47","18.90","","","","",""
"2023-09-20","2023263","7:31","33.0","6.8085","5.0","","","3.8","","6.4","85","","26","","27.81","21.47","18.91","","","","",""
"2023-09-20","2023263","7:31","33.0","6.8085","6.0","","","3.8","","6.4","85","","26","","27.82","21.46","18.91","","","","",""
"2023-09-20","2023263","7:31","33.0","6.8085","7.0","","","3.8","","6.4","85","","25","","27.83","21.47","18.92","","","","",""
"2023-09-20","2023263","7:31","33.0","6.8085","8.0","","","3.8","","6.4","85","","25","","27.88","21.50","18.95","","","","",""
"2023-09-20","2023263","7:31","33.0","6.8085","9.0","","","4.0","","6.3","85","","27","","27.95","21.55","18.99","","","","",""
"2023-09-20","2023263","7:31","33.0","6.8085","10.0","","","4.3","","6.3","85","","39","","27.98","21.55","19.01","","","","",""
"2023-09-20","2023263","7:31","33.0","6.8085","11.0","","","4.7","","6.4","85","","57","","28.00","21.55","19.03","","","","",""
"2023-09-20","2023263","7:21","34.0","3.5290","1.0","","","3.7","","6.2","82","","44","3.44","27.31","21.19","18.60","","","","",""
"2023-09-20","2023263","7:21","34.0","3.5290","2.0","3.4","0.62","3.7","","6.2","82","51.4","45","","27.40","21.27","18.65","","","","",""
"2023-09-20","2023263","7:21","34.0","3.5290","3.0","","","3.9","","6.2","82","","44","","27.41","21.27","18.66","","","","",""
"2023-09-20","2023263","7:21","34.0","3.5290","4.0","","","3.8","","6.2","83","","42","","27.42","21.27","18.67","","","","",""
"2023-09-20","2023263","7:21","34.0","3.5290","5.0","","","3.7","","6.2","83","","42","","27.45","21.28","18.68","","","","",""
"2023-09-20","2023263","7:21","34.0","3.5290","6.0","","","3.8","","6.2","83","","41","","27.49","21.32","18.71","","","","",""
"2023-09-20","2023263","7:21","34.0","3.5290","7.0","","","4.0","","6.2","83","","42","","27.56","21.39","18.74","","","","",""
"2023-09-20","2023263","7:21","34.0","3.5290","8.0","5.0","0.36","4.9","","6.2","83","","44","","27.64","21.47","18.78","","","","",""
"2023-09-20","2023263","7:11","35.0","1.6576","1.0","","","4.4","","6.4","85","","28","2.00","27.49","21.62","18.62","","","","",""
"2023-09-20","2023263","7:11","35.0","1.6576","2.0","3.7","0.77","4.1","","6.4","85","23.5","28","","27.51","21.63","18.64","","","","",""
"2023-09-20","2023263","7:11","35.0","1.6576","3.0","","","4.0","","6.4","85","","29","","27.51","21.64","18.64","","","","",""
"2023-09-20","2023263","7:11","35.0","1.6576","4.0","","","4.1","","6.3","85","","29","","27.52","21.64","18.64","","","","",""
"2023-09-20","2023263","7:11","35.0","1.6576","5.0","","","3.9","","6.3","85","","30","","27.53","21.63","18.65","","","","",""
"2023-09-20","2023263","7:11","35.0","1.6576","6.0","","","3.7","","6.3","85","","29","","27.56","21.63","18.68","","","","",""
"2023-09-20","2023263","7:11","35.0","1.6576","7.0","","","3.6","","6.3","85","","31","","27.58","21.63","18.69","","","","",""
"2023-09-20","2023263","7:11","35.0","1.6576","8.0","","","4.0","","6.3","85","","34","","27.58","21.63","18.69","","","","",""
"2023-09-20","2023263","7:03","36.0","0.0000","1.0","","","3.6","","6.3","84","","28","","27.09","21.52","18.35","","","","",""
"2023-09-20","2023263","7:03","36.0","0.0000","2.0","3.4","0.73","3.6","","6.3","84","27.3","29","","27.10","21.53","18.35","2.88","25.70","11.28","10.91","155.24"
"2023-09-20","2023263","7:03","36.0","0.0000","3.0","","","3.7","","6.3","84","","29","","27.11","21.53","18.36","","","","",""
"2023-09-20","2023263","7:03","36.0","0.0000","4.0","","","3.6","","6.3","84","","29","","27.16","21.55","18.39","","","","",""
"2023-09-20","2023263","7:03","36.0","0.0000","5.0","3.6","0.71","3.9","","6.3","84","31.0","30","","27.22","21.58","18.43","","","","",""
"2023-09-20","2023263","15:35","649.0","132.9388","1.0","","","3.3","","8.9","99","","16","1.48","0.11","20.27","","","","","",""
"2023-09-20","2023263","15:35","649.0","132.9388","2.0","3.2","0.73","3.3","","8.9","99","14.6","16","","0.11","20.25","","0.22","11.57","2.93","1.80","136.37"
"2023-09-20","2023263","15:35","649.0","132.9388","3.0","","","3.2","","8.5","94","","16","","0.12","20.21","","","","","",""
"2023-09-20","2023263","15:35","649.0","132.9388","4.0","","","3.0","","8.6","95","","17","","0.12","20.21","","","","","",""
"2023-09-20","2023263","15:35","649.0","132.9388","5.0","","","2.9","","8.6","95","","17","","0.12","20.21","","","","","",""
"2023-09-20","2023263","15:35","649.0","132.9388","6.0","","","3.0","","8.6","95","","17","","0.12","20.21","","","","","",""
"2023-09-20","2023263","15:35","649.0","132.9388","7.0","","","2.9","","8.5","94","","17","","0.14","20.21","","","","","",""
"2023-09-20","2023263","15:35","649.0","132.9388","8.0","","","2.9","","8.5","94","","17","","0.15","20.21","","","","","",""
"2023-09-20","2023263","15:35","649.0","132.9388","9.0","","","2.8","","8.5","94","","17","","0.16","20.21","","","","","",""
"2023-09-20","2023263","15:35","649.0","132.9388","10.0","","","2.8","","8.5","94","","17","","0.17","20.22","","","","","",""
"2023-09-20","2023263","15:35","649.0","132.9388","11.0","2.6","0.65","3.0","","8.5","94","15.3","19","","0.17","20.22","","","","","",""
"2023-09-20","2023263","16:19","657.0","147.2548","1.0","","","1.4","","8.8","97","","14","0.91","0.06","20.28","","","","","",""
"2023-09-20","2023263","16:19","657.0","147.2548","2.0","1.7","0.65","1.6","","8.7","97","6.2","14","","0.06","20.28","","0.10","11.78","1.21","1.18","257.43"
"2023-09-20","2023263","16:19","657.0","147.2548","3.0","","","1.6","","8.7","96","","14","","0.06","20.27","","","","","",""
"2023-09-20","2023263","16:19","657.0","147.2548","4.0","","","1.6","","8.7","96","","14","","0.06","20.26","","","","","",""
"2023-09-20","2023263","16:19","657.0","147.2548","5.0","","","1.5","","8.3","92","","14","","0.06","20.26","","","","","",""
"2023-09-20","2023263","16:19","657.0","147.2548","6.0","","","1.4","","8.3","92","","14","","0.06","20.26","","","","","",""
"2023-09-20","2023263","16:19","657.0","147.2548","7.0","","","1.4","","8.3","92","","14","","0.06","20.26","","","","","",""
"2023-09-20","2023263","16:19","657.0","147.2548","8.0","","","1.4","","8.3","92","","14","","0.06","20.26","","","","","",""
"2023-09-20","2023263","16:19","657.0","147.2548","9.0","1.8","0.62","1.5","","8.3","92","6.3","14","","0.06","20.26","","","","","",""
"2023-10-06","2023279","10:27","18.0","54.9481","1.0","","","7.6","","7.9","99","","5","0.47","29.24","17.92","20.88","","","","",""
"2023-10-06","2023279","10:27","18.0","54.9481","2.0","7.8","0.95","7.6","","7.9","99","4.0","5","","30.66","17.01","22.18","0.75","6.24","3.57","2.23","47.71"
"2023-10-06","2023279","10:27","18.0","54.9481","3.0","","","6.7","","7.7","98","","5","","30.99","16.73","22.50","","","","",""
"2023-10-06","2023279","10:27","18.0","54.9481","4.0","","","6.3","","7.7","98","","6","","30.98","16.71","22.49","","","","",""
"2023-10-06","2023279","10:27","18.0","54.9481","5.0","","","6.2","","7.6","97","","5","","31.00","16.67","22.52","","","","",""
"2023-10-06","2023279","10:27","18.0","54.9481","6.0","","","6.5","","7.3","92","","5","","31.02","16.64","22.55","","","","",""
"2023-10-06","2023279","10:27","18.0","54.9481","7.0","","","6.2","","7.1","91","","5","","31.11","16.58","22.62","","","","",""
"2023-10-06","2023279","10:27","18.0","54.9481","8.0","","","6.1","","7.1","91","","5","","31.12","16.57","22.64","","","","",""
"2023-10-06","2023279","10:27","18.0","54.9481","9.0","","","6.3","","7.1","91","","5","","31.14","16.54","22.66","","","","",""
"2023-10-06","2023279","10:27","18.0","54.9481","10.0","","","5.7","","7.1","90","","5","","31.15","16.53","22.67","","","","",""
"2023-10-06","2023279","10:27","18.0","54.9481","11.0","","","5.5","","7.1","90","","5","","31.15","16.52","22.67","","","","",""
"2023-10-06","2023279","10:27","18.0","54.9481","12.0","","","5.7","","7.1","90","","5","","31.16","16.52","22.68","","","","",""
"2023-10-06","2023279","10:27","18.0","54.9481","13.0","","","5.5","","7.1","90","","5","","31.18","16.50","22.70","","","","",""
"2023-10-06","2023279","10:27","18.0","54.9481","14.0","","","5.5","","7.1","90","","5","","31.19","16.50","22.71","","","","",""
"2023-10-06","2023279","10:27","18.0","54.9481","15.0","","","5.5","","7.1","90","","5","","31.18","16.50","22.70","","","","",""
"2023-10-06","2023279","10:27","18.0","54.9481","16.0","","","5.0","","7.1","90","","5","","31.18","16.50","22.70","","","","",""
"2023-10-06","2023279","10:27","18.0","54.9481","17.0","","","5.0","","7.1","90","","5","","31.18","16.50","22.70","","","","",""
"2023-10-06","2023279","10:27","18.0","54.9481","18.0","","","5.2","","7.1","90","","5","","31.18","16.50","22.70","","","","",""
"2023-10-06","2023279","10:27","18.0","54.9481","19.0","","","5.3","","7.1","90","","5","","31.18","16.50","22.70","","","","",""
"2023-10-06","2023279","10:27","18.0","54.9481","20.0","","","5.2","","7.1","90","","5","","31.18","16.50","22.70","","","","",""
"2023-10-06","2023279","10:27","18.0","54.9481","21.0","","","5.2","","7.1","90","","5","","31.18","16.50","22.70","","","","",""
"2023-10-06","2023279","10:27","18.0","54.9481","22.0","","","5.4","","7.1","90","","5","","31.18","16.51","22.70","","","","",""
"2023-10-06","2023279","10:27","18.0","54.9481","23.0","","","5.8","","7.1","90","","5","","31.17","16.51","22.69","","","","",""
"2023-10-06","2023279","10:27","18.0","54.9481","24.0","","","5.7","","7.1","90","","5","","31.17","16.52","22.68","","","","",""
"2023-10-06","2023279","10:27","18.0","54.9481","25.0","","","5.6","","7.1","90","","5","","31.17","16.52","22.69","","","","",""
"2023-10-06","2023279","10:27","18.0","54.9481","26.0","","","5.9","","7.0","87","","5","","31.17","16.52","22.69","","","","",""
"2023-10-06","2023279","10:27","18.0","54.9481","27.0","","","5.8","","7.0","87","","5","","31.17","16.52","22.69","","","","",""
"2023-10-06","2023279","10:27","18.0","54.9481","28.0","","","5.5","","7.0","87","","5","","31.17","16.52","22.69","","","","",""
"2023-10-06","2023279","10:27","18.0","54.9481","29.0","","","5.4","","7.0","87","","5","","31.17","16.52","22.69","","","","",""
"2023-10-06","2023279","10:27","18.0","54.9481","30.0","","","5.7","","7.0","86","","5","","31.19","16.50","22.71","","","","",""
"2023-10-06","2023279","10:27","18.0","54.9481","31.0","","","5.2","","7.0","86","","5","","31.23","16.46","22.75","","","","",""
"2023-10-06","2023279","10:27","18.0","54.9481","32.0","","","5.5","","7.0","86","","5","","31.25","16.44","22.77","","","","",""
"2023-10-06","2023279","10:27","18.0","54.9481","33.0","","","5.4","","7.0","86","","5","","31.28","16.41","22.79","","","","",""
"2023-10-06","2023279","10:27","18.0","54.9481","34.0","","","5.2","","7.0","86","","5","","31.32","16.37","22.83","","","","",""
"2023-10-06","2023279","10:27","18.0","54.9481","35.0","","","5.4","","7.0","87","","5","","31.32","16.37","22.84","","","","",""
"2023-10-06","2023279","10:27","18.0","54.9481","36.0","","","5.1","","7.0","87","","5","","31.32","16.36","22.84","","","","",""
"2023-10-06","2023279","10:27","18.0","54.9481","37.0","","","5.3","","7.0","87","","5","","31.33","16.36","22.84","","","","",""
"2023-10-06","2023279","10:27","18.0","54.9481","38.0","","","5.3","","7.0","86","","5","","31.33","16.36","22.85","","","","",""
"2023-10-06","2023279","10:27","18.0","54.9481","39.0","","","5.3","","7.0","86","","5","","31.34","16.36","22.85","","","","",""
"2023-10-06","2023279","10:27","18.0","54.9481","40.0","","","5.1","","7.0","86","","5","","31.32","16.36","22.84","","","","",""
"2023-10-06","2023279","10:27","18.0","54.9481","41.0","","","5.1","","7.0","86","","5","","31.32","16.36","22.84","","","","",""
"2023-10-06","2023279","10:27","18.0","54.9481","42.0","","","5.4","","7.0","86","","5","","31.32","16.36","22.84","","","","",""
"2023-10-06","2023279","10:27","18.0","54.9481","43.0","5.3","0.86","5.4","","7.0","86","4.3","5","","31.32","16.36","22.84","","","","",""
"2023-10-06","2023279","10:14","20.0","51.4501","1.0","","","10.5","","7.9","99","","5","0.70","28.77","18.33","20.43","","","","",""
"2023-10-06","2023279","10:14","20.0","51.4501","2.0","10.0","0.95","10.5","","7.9","99","","5","","28.92","18.23","20.57","","","","",""
"2023-10-06","2023279","10:14","20.0","51.4501","3.0","","","10.3","","7.7","98","","5","","29.04","18.08","20.70","","","","",""
"2023-10-06","2023279","10:14","20.0","51.4501","4.0","","","9.5","","7.7","98","","5","","29.18","17.99","20.82","","","","",""
"2023-10-06","2023279","10:14","20.0","51.4501","5.0","","","8.2","","7.6","97","","5","","29.40","17.78","21.04","","","","",""
"2023-10-06","2023279","10:14","20.0","51.4501","6.0","","","7.4","","7.3","92","","5","","29.63","17.54","21.27","","","","",""
"2023-10-06","2023279","10:14","20.0","51.4501","7.0","","","6.3","","7.1","91","","5","","29.96","17.29","21.58","","","","",""
"2023-10-06","2023279","10:14","20.0","51.4501","8.0","","","6.0","","7.1","91","","5","","30.04","17.26","21.65","","","","",""
"2023-10-06","2023279","10:14","20.0","51.4501","9.0","","","5.9","","7.1","91","","5","","30.22","17.15","21.82","","","","",""
"2023-10-06","2023279","10:14","20.0","51.4501","10.0","","","5.6","","7.1","90","","5","","30.57","17.04","22.11","","","","",""
"2023-10-06","2023279","10:14","20.0","51.4501","11.0","","","5.5","","7.1","90","","5","","30.72","16.96","22.24","","","","",""
"2023-10-06","2023279","10:14","20.0","51.4501","12.0","","","5.4","","7.1","90","","5","","30.80","16.90","22.32","","","","",""
"2023-10-06","2023279","10:14","20.0","51.4501","13.0","","","5.1","","7.1","90","","5","","30.88","16.89","22.38","","","","",""
"2023-10-06","2023279","10:14","20.0","51.4501","14.0","","","5.4","","7.1","90","","5","","30.86","16.89","22.36","","","","",""
"2023-10-06","2023279","10:14","20.0","51.4501","15.0","","","5.1","","7.1","90","","5","","30.83","16.88","22.34","","","","",""
"2023-10-06","2023279","10:14","20.0","51.4501","16.0","","","5.0","","7.1","90","","5","","30.85","16.85","22.37","","","","",""
"2023-10-06","2023279","10:14","20.0","51.4501","17.0","","","5.4","","7.1","90","","5","","30.86","16.83","22.38","","","","",""
"2023-10-06","2023279","10:14","20.0","51.4501","18.0","","","5.2","","7.1","90","","5","","30.86","16.83","22.38","","","","",""
"2023-10-06","2023279","10:14","20.0","51.4501","19.0","","","6.1","","7.1","90","","5","","30.88","16.81","22.40","","","","",""
"2023-10-06","2023279","10:14","20.0","51.4501","20.0","","","5.8","","7.1","90","","6","","30.90","16.79","22.42","","","","",""
"2023-10-06","2023279","10:14","20.0","51.4501","21.0","","","5.4","","7.1","90","","5","","30.93","16.76","22.45","","","","",""
"2023-10-06","2023279","10:14","20.0","51.4501","22.0","","","5.4","","7.1","90","","5","","30.98","16.74","22.49","","","","",""
"2023-10-06","2023279","10:14","20.0","51.4501","23.0","","","5.4","","7.1","90","","5","","31.03","16.71","22.54","","","","",""
"2023-10-06","2023279","10:14","20.0","51.4501","24.0","","","5.6","","7.1","90","","5","","31.03","16.71","22.54","","","","",""
"2023-10-06","2023279","10:14","20.0","51.4501","25.0","","","5.2","","7.1","90","","6","","31.01","16.68","22.53","","","","",""
"2023-10-06","2023279","9:59","21.0","46.6266","1.0","","","14.8","","7.5","96","","6","0.61","28.96","18.53","20.53","","","","",""
"2023-10-06","2023279","9:59","21.0","46.6266","2.0","12.1","0.93","12.0","","7.3","92","","6","","29.09","18.40","20.65","","","","",""
"2023-10-06","2023279","9:59","21.0","46.6266","3.0","","","9.9","","7.1","91","","5","","29.14","18.33","20.71","","","","",""
"2023-10-06","2023279","9:59","21.0","46.6266","4.0","","","8.9","","7.1","91","","5","","29.20","18.27","20.77","","","","",""
"2023-10-06","2023279","9:59","21.0","46.6266","5.0","","","8.3","","7.1","91","","5","","29.30","18.18","20.87","","","","",""
"2023-10-06","2023279","9:59","21.0","46.6266","6.0","","","7.3","","7.1","90","","5","","29.49","18.03","21.05","","","","",""
"2023-10-06","2023279","9:59","21.0","46.6266","7.0","","","6.6","","7.1","90","","5","","29.63","17.93","21.18","","","","",""
"2023-10-06","2023279","9:59","21.0","46.6266","8.0","","","6.4","","7.1","90","","5","","29.71","17.86","21.26","","","","",""
"2023-10-06","2023279","9:59","21.0","46.6266","9.0","","","6.0","","7.1","90","","6","","29.80","17.80","21.34","","","","",""
"2023-10-06","2023279","9:59","21.0","46.6266","10.0","","","6.3","","6.9","87","","6","","29.90","17.75","21.43","","","","",""
"2023-10-06","2023279","9:59","21.0","46.6266","11.0","","","6.1","","6.8","85","","6","","29.96","17.70","21.49","","","","",""
"2023-10-06","2023279","9:59","21.0","46.6266","12.0","","","6.2","","6.8","85","","5","","30.02","17.66","21.54","","","","",""
"2023-10-06","2023279","9:59","21.0","46.6266","13.0","","","6.2","","6.8","85","","5","","30.03","17.65","21.55","","","","",""
"2023-10-06","2023279","9:59","21.0","46.6266","14.0","","","6.1","","6.8","85","","5","","30.06","17.63","21.58","","","","",""
"2023-10-06","2023279","9:59","21.0","46.6266","15.0","","","6.2","","6.8","85","","5","","30.11","17.60","21.63","","","","",""
"2023-10-06","2023279","9:59","21.0","46.6266","16.0","","","5.9","","6.8","85","","5","","30.13","17.58","21.64","","","","",""
"2023-10-06","2023279","9:59","21.0","46.6266","17.0","","","6.0","","6.8","85","","6","","30.25","17.46","21.76","","","","",""
"2023-10-06","2023279","9:59","21.0","46.6266","18.0","","","5.6","","6.8","85","","6","","30.49","17.24","22.00","","","","",""
"2023-10-06","2023279","9:49","22.0","43.9210","1.0","","","10.3","","7.3","92","","5","0.51","29.05","18.12","20.69","","","","",""
"2023-10-06","2023279","9:49","22.0","43.9210","2.0","8.5","0.91","7.8","","7.2","91","3.6","5","","29.24","18.07","20.85","0.83","6.88","3.93","2.35","50.56"
"2023-10-06","2023279","9:49","22.0","43.9210","3.0","","","6.8","","7.2","91","","5","","29.31","18.07","20.90","","","","",""
"2023-10-06","2023279","9:49","22.0","43.9210","4.0","","","6.9","","7.2","91","","5","","29.34","18.10","20.92","","","","",""
"2023-10-06","2023279","9:49","22.0","43.9210","5.0","","","6.9","","7.1","90","","6","","29.39","18.08","20.96","","","","",""
"2023-10-06","2023279","9:49","22.0","43.9210","6.0","","","6.6","","7.0","89","","6","","29.41","18.08","20.98","","","","",""
"2023-10-06","2023279","9:49","22.0","43.9210","7.0","","","6.4","","7.1","90","","6","","29.45","18.06","21.01","","","","",""
"2023-10-06","2023279","9:49","22.0","43.9210","8.0","","","6.5","","7.1","89","","6","","29.57","17.97","21.13","","","","",""
"2023-10-06","2023279","9:49","22.0","43.9210","9.0","","","6.2","","7.1","89","","5","","29.61","17.95","21.16","","","","",""
"2023-10-06","2023279","9:49","22.0","43.9210","10.0","","","5.8","","7.1","89","","5","","29.64","17.93","21.19","","","","",""
"2023-10-06","2023279","9:49","22.0","43.9210","11.0","","","5.9","","7.1","89","","6","","29.67","17.91","21.21","","","","",""
"2023-10-06","2023279","9:49","22.0","43.9210","12.0","","","5.8","","7.1","89","","6","","29.69","17.88","21.24","","","","",""
"2023-10-06","2023279","9:49","22.0","43.9210","13.0","","","6.0","","7.1","89","","6","","29.70","17.88","21.25","","","","",""
"2023-10-06","2023279","9:49","22.0","43.9210","14.0","","","6.1","","7.1","89","","6","","29.70","17.88","21.25","","","","",""
"2023-10-06","2023279","9:49","22.0","43.9210","15.0","","","6.1","","7.0","89","","6","","29.71","17.88","21.25","","","","",""
"2023-10-06","2023279","9:49","22.0","43.9210","16.0","","","6.0","","7.0","89","","6","","29.71","17.87","21.26","","","","",""
"2023-10-06","2023279","9:49","22.0","43.9210","17.0","","","6.4","","7.0","88","","6","","29.74","17.85","21.28","","","","",""
"2023-10-06","2023279","9:49","22.0","43.9210","18.0","","","6.2","","7.0","88","","6","","29.76","17.85","21.30","","","","",""
"2023-10-06","2023279","9:49","22.0","43.9210","19.0","","","5.8","","7.0","88","","6","","29.76","17.85","21.30","","","","",""
"2023-10-06","2023279","9:49","22.0","43.9210","20.0","5.4","0.85","5.8","","7.0","88","6.6","6","","29.76","17.85","21.30","","","","",""
"2023-10-06","2023279","9:36","23.0","39.6557","1.0","","","10.8","","7.3","93","","5","0.63","29.29","18.61","20.76","","","","",""
"2023-10-06","2023279","9:36","23.0","39.6557","2.0","","","11.3","","7.3","93","","5","","29.25","18.61","20.73","","","","",""
"2023-10-06","2023279","9:36","23.0","39.6557","3.0","","","10.2","","7.3","93","","5","","29.27","18.58","20.75","","","","",""
"2023-10-06","2023279","9:36","23.0","39.6557","4.0","","","8.9","","7.2","92","","5","","29.32","18.53","20.80","","","","",""
"2023-10-06","2023279","9:36","23.0","39.6557","5.0","","","8.5","","7.2","92","","5","","29.41","18.51","20.88","","","","",""
"2023-10-06","2023279","9:36","23.0","39.6557","6.0","","","7.8","","7.1","91","","5","","29.46","18.50","20.92","","","","",""
"2023-10-06","2023279","9:36","23.0","39.6557","7.0","","","7.2","","7.1","91","","5","","29.48","18.50","20.93","","","","",""
"2023-10-06","2023279","9:36","23.0","39.6557","8.0","","","6.8","","7.1","91","","5","","29.49","18.50","20.94","","","","",""
"2023-10-06","2023279","9:36","23.0","39.6557","9.0","","","6.7","","7.1","90","","5","","29.49","18.49","20.94","","","","",""
"2023-10-06","2023279","9:36","23.0","39.6557","10.0","","","6.7","","7.1","90","","5","","29.49","18.49","20.94","","","","",""
"2023-10-06","2023279","9:36","23.0","39.6557","11.0","","","6.9","","7.0","90","","6","","29.50","18.48","20.95","","","","",""
"2023-10-06","2023279","9:36","23.0","39.6557","12.0","","","6.8","","7.0","89","","6","","29.52","18.48","20.96","","","","",""
"2023-10-06","2023279","9:36","23.0","39.6557","13.0","","","7.0","","7.0","89","","6","","29.53","18.48","20.97","","","","",""
"2023-10-06","2023279","9:36","23.0","39.6557","14.0","","","7.0","","7.0","89","","6","","29.53","18.48","20.97","","","","",""
"2023-10-06","2023279","9:23","24.0","37.0911","1.0","","","11.1","","7.3","93","","5","0.67","29.07","18.44","20.63","","","","",""
"2023-10-06","2023279","9:23","24.0","37.0911","2.0","11.1","0.93","11.1","","7.3","93","3.6","5","","29.07","18.44","20.63","0.89","7.14","4.07","2.70","56.61"
"2023-10-06","2023279","9:23","24.0","37.0911","3.0","","","10.1","","7.3","93","","5","","28.92","18.51","20.50","","","","",""
"2023-10-06","2023279","9:23","24.0","37.0911","4.0","","","9.0","","7.2","92","","5","","28.85","18.56","20.43","","","","",""
"2023-10-06","2023279","9:23","24.0","37.0911","5.0","","","8.4","","7.2","92","","5","","28.98","18.60","20.53","","","","",""
"2023-10-06","2023279","9:23","24.0","37.0911","6.0","","","7.8","","7.1","91","","5","","29.07","18.63","20.58","","","","",""
"2023-10-06","2023279","9:23","24.0","37.0911","7.0","","","7.2","","7.1","91","","5","","29.17","18.66","20.66","","","","",""
"2023-10-06","2023279","9:23","24.0","37.0911","8.0","","","7.1","","7.1","91","","5","","29.29","18.69","20.74","","","","",""
"2023-10-06","2023279","9:23","24.0","37.0911","9.0","6.1","0.89","6.2","","7.1","91","5.0","5","","29.36","18.75","20.78","","","","",""
"2023-10-06","2023279","9:11","25.0","32.8382","1.0","","","6.6","","7.1","93","","6","0.90","29.57","19.70","20.70","","","","",""
"2023-10-06","2023279","9:11","25.0","32.8382","2.0","","","6.3","","7.1","93","","6","","29.57","19.69","20.70","","","","",""
"2023-10-06","2023279","9:11","25.0","32.8382","3.0","","","6.2","","7.1","93","","6","","29.58","19.68","20.71","","","","",""
"2023-10-06","2023279","9:11","25.0","32.8382","4.0","","","6.0","","7.1","93","","6","","29.59","19.67","20.72","","","","",""
"2023-10-06","2023279","9:11","25.0","32.8382","5.0","","","5.6","","7.1","93","","6","","29.58","19.66","20.72","","","","",""
"2023-10-06","2023279","9:11","25.0","32.8382","6.0","","","5.5","","7.1","92","","6","","29.57","19.67","20.71","","","","",""
"2023-10-06","2023279","9:11","25.0","32.8382","7.0","","","5.5","","7.1","92","","6","","29.58","19.67","20.72","","","","",""
"2023-10-06","2023279","9:11","25.0","32.8382","8.0","","","5.6","","7.0","91","","6","","29.57","19.66","20.71","","","","",""
"2023-10-06","2023279","9:00","26.0","28.7560","1.0","","","6.6","","7.1","93","","6","0.92","29.43","20.05","20.50","","","","",""
"2023-10-06","2023279","9:00","26.0","28.7560","2.0","","","5.6","","6.9","90","","7","","29.43","20.03","20.51","","","","",""
"2023-10-06","2023279","9:00","26.0","28.7560","3.0","","","5.3","","6.7","88","","7","","29.43","20.02","20.51","","","","",""
"2023-10-06","2023279","9:00","26.0","28.7560","4.0","","","4.8","","6.7","88","","7","","29.43","20.01","20.52","","","","",""
"2023-10-06","2023279","9:00","26.0","28.7560","5.0","","","4.7","","6.7","88","","7","","29.44","20.00","20.52","","","","",""
"2023-10-06","2023279","9:00","26.0","28.7560","6.0","","","4.5","","6.7","88","","7","","29.44","19.98","20.53","","","","",""
"2023-10-06","2023279","9:00","26.0","28.7560","7.0","","","4.6","","6.7","88","","7","","29.43","19.96","20.53","","","","",""
"2023-10-06","2023279","9:00","26.0","28.7560","8.0","","","4.8","","6.7","88","","7","","29.43","19.95","20.53","","","","",""
"2023-10-06","2023279","9:00","26.0","28.7560","9.0","","","4.7","","6.7","88","","7","","29.42","19.94","20.53","","","","",""
"2023-10-06","2023279","9:00","26.0","28.7560","10.0","","","4.7","","6.7","88","","7","","29.42","19.93","20.53","","","","",""
"2023-10-06","2023279","9:00","26.0","28.7560","11.0","","","4.8","","6.7","88","","7","","29.42","19.93","20.53","","","","",""
"2023-10-06","2023279","8:48","27.0","26.1872","1.0","","","6.5","","7.1","93","","7","1.09","29.30","20.06","20.41","","","","",""
"2023-10-06","2023279","8:48","27.0","26.1872","2.0","6.1","0.88","6.0","","7.1","93","7.8","7","","29.35","20.04","20.45","1.54","14.56","6.78","7.03","95.07"
"2023-10-06","2023279","8:48","27.0","26.1872","3.0","","","5.2","","7.1","93","","7","","29.35","20.02","20.45","","","","",""
"2023-10-06","2023279","8:48","27.0","26.1872","4.0","","","5.0","","7.1","92","","7","","29.36","20.02","20.46","","","","",""
"2023-10-06","2023279","8:48","27.0","26.1872","5.0","","","4.7","","7.1","93","","7","","29.36","20.01","20.46","","","","",""
"2023-10-06","2023279","8:48","27.0","26.1872","6.0","","","4.6","","7.1","93","","7","","29.37","19.99","20.48","","","","",""
"2023-10-06","2023279","8:48","27.0","26.1872","7.0","","","4.5","","7.0","92","","7","","29.38","19.97","20.49","","","","",""
"2023-10-06","2023279","8:48","27.0","26.1872","8.0","","","4.8","","7.0","92","","7","","29.40","19.95","20.51","","","","",""
"2023-10-06","2023279","8:48","27.0","26.1872","9.0","","","4.8","","7.0","92","","8","","29.40","19.95","20.51","","","","",""
"2023-10-06","2023279","8:48","27.0","26.1872","10.0","","","4.9","","7.0","92","","8","","29.40","19.93","20.51","","","","",""
"2023-10-06","2023279","8:48","27.0","26.1872","11.0","","","5.0","","6.9","90","","8","","29.38","19.92","20.50","","","","",""
"2023-10-06","2023279","8:48","27.0","26.1872","12.0","5.8","0.84","5.8","","6.8","89","13.2","9","","29.38","19.92","20.50","","","","",""
"2023-10-06","2023279","8:39","28.0","23.5695","1.0","","","6.2","","7.1","93","","7","1.01","29.28","20.11","20.38","","","","",""
"2023-10-06","2023279","8:39","28.0","23.5695","2.0","","","5.9","","7.1","93","","7","","29.28","20.11","20.37","","","","",""
"2023-10-06","2023279","8:39","28.0","23.5695","3.0","","","5.9","","7.1","93","","7","","29.28","20.11","20.37","","","","",""
"2023-10-06","2023279","8:39","28.0","23.5695","4.0","","","5.6","","7.1","92","","8","","29.28","20.12","20.37","","","","",""
"2023-10-06","2023279","8:39","28.0","23.5695","5.0","","","5.4","","7.1","93","","9","","29.29","20.10","20.39","","","","",""
"2023-10-06","2023279","8:39","28.0","23.5695","6.0","","","5.6","","7.1","93","","9","","29.32","20.07","20.42","","","","",""
"2023-10-06","2023279","8:39","28.0","23.5695","7.0","","","5.7","","7.0","92","","9","","29.32","20.06","20.42","","","","",""
"2023-10-06","2023279","8:39","28.0","23.5695","8.0","","","5.7","","7.0","92","","9","","29.33","20.05","20.43","","","","",""
"2023-10-06","2023279","8:39","28.0","23.5695","9.0","","","5.8","","7.0","92","","10","","29.34","20.04","20.44","","","","",""
"2023-10-06","2023279","8:39","28.0","23.5695","10.0","","","5.7","","7.0","92","","9","","29.35","20.04","20.45","","","","",""
"2023-10-06","2023279","8:39","28.0","23.5695","11.0","","","5.8","","7.0","92","","9","","29.35","20.03","20.45","","","","",""
"2023-10-06","2023279","8:39","28.0","23.5695","12.0","","","5.9","","7.0","92","","9","","29.36","20.03","20.46","","","","",""
"2023-10-06","2023279","8:27","29.0","20.2526","1.0","","","6.7","","7.1","93","","7","1.12","29.18","20.21","20.28","","","","",""
"2023-10-06","2023279","8:27","29.0","20.2526","2.0","","","6.2","","7.0","92","","7","","29.19","20.21","20.28","","","","",""
"2023-10-06","2023279","8:27","29.0","20.2526","3.0","","","6.1","","7.0","92","","7","","29.20","20.21","20.29","","","","",""
"2023-10-06","2023279","8:27","29.0","20.2526","4.0","","","5.7","","7.0","92","","7","","29.22","20.20","20.31","","","","",""
"2023-10-06","2023279","8:27","29.0","20.2526","5.0","","","5.8","","6.9","91","","7","","29.23","20.20","20.31","","","","",""
"2023-10-06","2023279","8:27","29.0","20.2526","6.0","","","6.0","","7.0","91","","7","","29.23","20.20","20.31","","","","",""
"2023-10-06","2023279","8:27","29.0","20.2526","7.0","","","6.0","","6.9","91","","7","","29.23","20.20","20.31","","","","",""
"2023-10-06","2023279","8:27","29.0","20.2526","8.0","","","5.9","","6.6","87","","7","","29.24","20.20","20.32","","","","",""
"2023-10-06","2023279","8:27","29.0","20.2526","9.0","","","5.9","","6.6","87","","7","","29.24","20.20","20.32","","","","",""
"2023-10-06","2023279","8:27","29.0","20.2526","10.0","","","5.9","","6.6","87","","8","","29.23","20.21","20.32","","","","",""
"2023-10-06","2023279","8:27","29.0","20.2526","11.0","","","5.8","","6.6","87","","7","","29.24","20.21","20.32","","","","",""
"2023-10-06","2023279","8:27","29.0","20.2526","12.0","","","5.8","","6.6","87","","8","","29.24","20.21","20.32","","","","",""
"2023-10-06","2023279","8:27","29.0","20.2526","13.0","","","5.7","","6.6","87","","7","","29.25","20.21","20.33","","","","",""
"2023-10-06","2023279","8:27","29.0","20.2526","14.0","","","5.6","","6.6","87","","7","","29.25","20.21","20.33","","","","",""
"2023-10-06","2023279","8:17","29.5","17.5640","1.0","","","6.0","","6.9","91","","7","1.00","29.14","20.30","20.22","","","","",""
"2023-10-06","2023279","8:17","29.5","17.5640","2.0","","","5.8","","6.9","90","","7","","29.15","20.29","20.23","","","","",""
"2023-10-06","2023279","8:17","29.5","17.5640","3.0","","","5.7","","6.9","91","","7","","29.17","20.27","20.25","","","","",""
"2023-10-06","2023279","8:17","29.5","17.5640","4.0","","","5.2","","6.9","91","","7","","29.18","20.26","20.27","","","","",""
"2023-10-06","2023279","8:17","29.5","17.5640","5.0","","","5.1","","6.9","91","","7","","29.20","20.24","20.29","","","","",""
"2023-10-06","2023279","8:17","29.5","17.5640","6.0","","","5.1","","6.9","91","","7","","29.21","20.24","20.29","","","","",""
"2023-10-06","2023279","8:17","29.5","17.5640","7.0","","","5.1","","6.9","91","","7","","29.21","20.24","20.29","","","","",""
"2023-10-06","2023279","8:17","29.5","17.5640","8.0","","","5.3","","6.9","91","","7","","29.21","20.24","20.29","","","","",""
"2023-10-06","2023279","8:17","29.5","17.5640","9.0","","","5.3","","6.9","91","","7","","29.22","20.24","20.30","","","","",""
"2023-10-06","2023279","8:17","29.5","17.5640","10.0","","","5.2","","6.9","91","","7","","29.23","20.24","20.30","","","","",""
"2023-10-06","2023279","8:17","29.5","17.5640","11.0","","","5.4","","6.8","90","","7","","29.23","20.25","20.30","","","","",""
"2023-10-06","2023279","8:17","29.5","17.5640","12.0","","","5.3","","6.6","86","","7","","29.23","20.25","20.30","","","","",""
"2023-10-06","2023279","8:17","29.5","17.5640","13.0","","","5.4","","6.6","86","","7","","29.23","20.24","20.30","","","","",""
"2023-10-06","2023279","8:07","30.0","14.7543","1.0","","","6.7","","6.7","89","","7","1.13","29.06","20.34","20.15","","","","",""
"2023-10-06","2023279","8:07","30.0","14.7543","2.0","6.0","0.86","5.5","","6.7","89","7.9","7","","29.08","20.33","20.17","1.67","13.99","8.42","7.91","114.65"
"2023-10-06","2023279","8:07","30.0","14.7543","3.0","","","5.2","","6.7","89","","8","","29.11","20.29","20.20","","","","",""
"2023-10-06","2023279","8:07","30.0","14.7543","4.0","","","5.1","","6.7","89","","8","","29.12","20.29","20.21","","","","",""
"2023-10-06","2023279","8:07","30.0","14.7543","5.0","","","5.2","","6.7","89","","8","","29.12","20.28","20.21","","","","",""
"2023-10-06","2023279","8:07","30.0","14.7543","6.0","","","5.5","","6.7","89","","9","","29.12","20.28","20.21","","","","",""
"2023-10-06","2023279","8:07","30.0","14.7543","7.0","","","5.4","","6.7","89","","9","","29.12","20.28","20.21","","","","",""
"2023-10-06","2023279","8:07","30.0","14.7543","8.0","","","5.5","","6.7","89","","9","","29.12","20.28","20.21","","","","",""
"2023-10-06","2023279","8:07","30.0","14.7543","9.0","","","5.5","","6.7","89","","10","","29.12","20.28","20.21","","","","",""
"2023-10-06","2023279","8:07","30.0","14.7543","10.0","5.3","0.75","5.5","","6.7","89","","11","","29.12","20.28","20.21","","","","",""
"2023-10-06","2023279","7:54","31.0","10.6065","1.0","","","6.9","","6.7","89","","7","1.21","28.79","20.58","19.89","","","","",""
"2023-10-06","2023279","7:54","31.0","10.6065","2.0","","","6.1","","6.7","89","","7","","28.81","20.56","19.90","","","","",""
"2023-10-06","2023279","7:54","31.0","10.6065","3.0","","","5.5","","6.7","89","","8","","28.83","20.52","19.93","","","","",""
"2023-10-06","2023279","7:54","31.0","10.6065","4.0","","","5.5","","6.7","89","","8","","28.85","20.50","19.95","","","","",""
"2023-10-06","2023279","7:54","31.0","10.6065","5.0","","","5.6","","6.6","88","","9","","28.87","20.47","19.97","","","","",""
"2023-10-06","2023279","7:54","31.0","10.6065","6.0","","","5.9","","6.6","88","","9","","28.90","20.45","20.00","","","","",""
"2023-10-06","2023279","7:54","31.0","10.6065","7.0","","","6.0","","6.6","88","","9","","28.93","20.43","20.03","","","","",""
"2023-10-06","2023279","7:54","31.0","10.6065","8.0","","","5.9","","6.6","87","","9","","28.94","20.41","20.04","","","","",""
"2023-10-06","2023279","7:54","31.0","10.6065","9.0","","","6.1","","6.6","87","","9","","28.95","20.40","20.05","","","","",""
"2023-10-06","2023279","7:54","31.0","10.6065","10.0","","","5.9","","6.6","87","","10","","28.96","20.40","20.06","","","","",""
"2023-10-06","2023279","7:54","31.0","10.6065","11.0","","","6.1","","6.6","87","","10","","28.96","20.39","20.06","","","","",""
"2023-10-06","2023279","7:54","31.0","10.6065","12.0","","","6.0","","6.6","87","","11","","28.97","20.38","20.07","","","","",""
"2023-10-06","2023279","7:44","32.0","8.1507","1.0","","","6.6","","6.7","88","","9","1.41","28.78","20.58","19.87","","","","",""
"2023-10-06","2023279","7:44","32.0","8.1507","2.0","5.6","0.88","6.0","","6.6","88","12.6","10","","28.79","20.58","19.88","1.94","18.42","9.14","8.56","125.33"
"2023-10-06","2023279","7:44","32.0","8.1507","3.0","","","6.0","","6.6","88","","10","","28.80","20.59","19.89","","","","",""
"2023-10-06","2023279","7:44","32.0","8.1507","4.0","","","6.1","","6.6","88","","11","","28.81","20.59","19.89","","","","",""
"2023-10-06","2023279","7:44","32.0","8.1507","5.0","","","6.3","","6.6","87","","11","","28.81","20.59","19.90","","","","",""
"2023-10-06","2023279","7:44","32.0","8.1507","6.0","","","6.2","","6.6","87","","12","","28.83","20.58","19.91","","","","",""
"2023-10-06","2023279","7:44","32.0","8.1507","7.0","","","6.1","","6.6","87","","13","","28.84","20.56","19.93","","","","",""
"2023-10-06","2023279","7:44","32.0","8.1507","8.0","","","5.9","","6.6","87","","13","","28.86","20.53","19.95","","","","",""
"2023-10-06","2023279","7:44","32.0","8.1507","9.0","","","6.0","","6.6","86","","15","","28.86","20.52","19.96","","","","",""
"2023-10-06","2023279","7:44","32.0","8.1507","10.0","5.9","0.71","5.9","","6.3","83","","15","","28.87","20.51","19.96","","","","",""
"2023-10-06","2023279","7:36","33.0","6.8085","1.0","","","5.2","","6.7","89","","10","1.09","28.49","20.85","19.58","","","","",""
"2023-10-06","2023279","7:36","33.0","6.8085","2.0","","","4.8","","6.7","89","8.6","10","","28.50","20.84","19.60","","","","",""
"2023-10-06","2023279","7:36","33.0","6.8085","3.0","","","4.9","","6.7","89","","10","","28.53","20.79","19.63","","","","",""
"2023-10-06","2023279","7:36","33.0","6.8085","4.0","","","4.8","","6.7","89","","9","","28.54","20.79","19.64","","","","",""
"2023-10-06","2023279","7:36","33.0","6.8085","5.0","","","4.8","","6.6","88","","9","","28.53","20.80","19.63","","","","",""
"2023-10-06","2023279","7:36","33.0","6.8085","6.0","","","4.7","","6.6","88","","9","","28.56","20.76","19.66","","","","",""
"2023-10-06","2023279","7:36","33.0","6.8085","7.0","","","4.7","","6.6","88","","9","","28.57","20.77","19.67","","","","",""
"2023-10-06","2023279","7:36","33.0","6.8085","8.0","","","4.8","","6.5","87","","9","","28.56","20.84","19.64","","","","",""
"2023-10-06","2023279","7:36","33.0","6.8085","9.0","","","5.0","","6.5","87","","12","","28.62","20.90","19.67","","","","",""
"2023-10-06","2023279","7:36","33.0","6.8085","10.0","","","4.8","","6.5","87","","12","","28.69","20.88","19.73","","","","",""
"2023-10-06","2023279","7:36","33.0","6.8085","11.0","","","4.8","","6.5","87","","11","","28.71","20.90","19.74","","","","",""
"2023-10-06","2023279","7:25","34.0","3.5290","1.0","","","4.9","","6.5","87","","14","1.66","28.23","21.16","19.30","","","","",""
"2023-10-06","2023279","7:25","34.0","3.5290","2.0","5.0","0.86","4.9","","6.5","87","13.4","15","","28.27","21.16","19.34","","","","",""
"2023-10-06","2023279","7:25","34.0","3.5290","3.0","","","5.0","","6.5","87","","15","","28.32","21.16","19.37","","","","",""
"2023-10-06","2023279","7:25","34.0","3.5290","4.0","","","5.0","","6.5","87","","15","","28.33","21.17","19.38","","","","",""
"2023-10-06","2023279","7:25","34.0","3.5290","5.0","","","5.0","","6.5","87","","16","","28.36","21.17","19.40","","","","",""
"2023-10-06","2023279","7:25","34.0","3.5290","6.0","5.0","0.63","5.1","","6.5","87","","16","","28.37","21.17","19.41","","","","",""
"2023-10-06","2023279","7:13","35.0","1.6576","1.0","","","4.7","","6.5","87","","16","1.83","27.79","21.36","18.92","","","","",""
"2023-10-06","2023279","7:13","35.0","1.6576","2.0","4.3","0.81","4.4","","6.5","87","17.5","18","","27.84","21.39","18.95","","","","",""
"2023-10-06","2023279","7:13","35.0","1.6576","3.0","","","4.3","","6.5","87","","19","","27.86","21.39","18.96","","","","",""
"2023-10-06","2023279","7:13","35.0","1.6576","4.0","","","4.2","","6.5","87","","19","","27.88","21.40","18.98","","","","",""
"2023-10-06","2023279","7:13","35.0","1.6576","5.0","","","4.2","","6.4","85","","19","","27.88","21.40","18.98","","","","",""
"2023-10-06","2023279","7:13","35.0","1.6576","6.0","","","4.3","","6.4","86","","20","","27.88","21.40","18.98","","","","",""
"2023-10-06","2023279","7:13","35.0","1.6576","7.0","","","4.2","","6.4","86","","21","","27.88","21.40","18.98","","","","",""
"2023-10-06","2023279","7:13","35.0","1.6576","8.0","","","4.6","","6.4","86","","21","","27.87","21.40","18.97","","","","",""
"2023-10-06","2023279","7:04","36.0","0.0000","1.0","","","4.4","","6.3","84","","16","1.80","27.38","21.50","18.57","","","","",""
"2023-10-06","2023279","7:04","36.0","0.0000","2.0","4.4","0.78","4.4","","6.3","84","17.9","18","","27.44","21.52","18.62","3.19","34.84","11.78","10.92","144.56"
"2023-10-06","2023279","7:04","36.0","0.0000","3.0","","","4.5","","6.3","84","","19","","27.46","21.52","18.63","","","","",""
"2023-10-06","2023279","7:04","36.0","0.0000","4.0","","","4.5","","6.3","84","","20","","27.47","21.53","18.63","","","","",""
"2023-10-06","2023279","7:04","36.0","0.0000","5.0","","","4.5","","6.3","84","","21","","27.48","21.53","18.64","","","","",""
"2023-10-06","2023279","7:04","36.0","0.0000","6.0","4.6","0.70","4.5","","6.3","84","","23","","27.48","21.53","18.64","","","","",""
"2023-10-17","2023290","14:38","2.0","127.7053","1.0","","","2.2","","8.3","91","","15","1.31","1.45","19.52","","","","","",""
"2023-10-17","2023290","14:38","2.0","127.7053","2.0","","","2.0","","8.2","90","","15","","1.47","19.51","","","","","",""
"2023-10-17","2023290","14:38","2.0","127.7053","3.0","","","1.9","","8.2","90","","15","","1.72","19.38","","","","","",""
"2023-10-17","2023290","14:38","2.0","127.7053","4.0","","","1.9","","8.2","90","","23","","1.97","19.27","","","","","",""
"2023-10-17","2023290","14:38","2.0","127.7053","5.0","","","2.1","","8.2","90","","32","","1.99","19.27","","","","","",""
"2023-10-17","2023290","14:38","2.0","127.7053","6.0","","","2.1","","8.2","90","","36","","2.06","19.25","","","","","",""
"2023-10-17","2023290","14:38","2.0","127.7053","7.0","","","2.2","","8.2","90","","42","","2.06","19.25","","","","","",""
"2023-10-17","2023290","14:38","2.0","127.7053","8.0","","","2.1","","8.2","90","","43","","2.07","19.25","","","","","",""
"2023-10-17","2023290","14:38","2.0","127.7053","9.0","","","2.2","","8.2","90","","48","","2.10","19.25","","","","","",""
"2023-10-17","2023290","14:27","3.0","125.3243","1.0","","","2.1","","8.2","91","","12","1.42","2.06","19.66","","","","","",""
"2023-10-17","2023290","14:27","3.0","125.3243","2.0","2.7","0.79","2.2","","8.2","91","10.9","13","","2.12","19.40","","0.24","8.50","2.93","1.76","162.36"
"2023-10-17","2023290","14:27","3.0","125.3243","3.0","","","2.1","","8.2","90","","13","","2.12","19.36","","","","","",""
"2023-10-17","2023290","14:27","3.0","125.3243","4.0","","","1.8","","8.2","90","","14","","2.17","19.28","0.01","","","","",""
"2023-10-17","2023290","14:27","3.0","125.3243","5.0","","","1.4","","8.2","90","","14","","2.22","19.25","0.05","","","","",""
"2023-10-17","2023290","14:27","3.0","125.3243","6.0","","","1.4","","8.2","90","","14","","2.30","19.22","0.12","","","","",""
"2023-10-17","2023290","14:27","3.0","125.3243","7.0","","","1.5","","8.2","90","","14","","2.55","19.20","0.31","","","","",""
"2023-10-17","2023290","14:27","3.0","125.3243","8.0","","","1.5","","8.1","90","","15","","3.01","19.19","0.66","","","","",""
"2023-10-17","2023290","14:27","3.0","125.3243","9.0","","","1.7","","8.1","90","","20","","3.40","19.19","0.96","","","","",""
"2023-10-17","2023290","14:27","3.0","125.3243","10.0","","","1.8","","8.1","90","","29","","3.45","19.19","1.00","","","","",""
"2023-10-17","2023290","14:27","3.0","125.3243","11.0","1.4","0.33","1.9","","8.1","90","","30","","3.48","19.19","1.02","","","","",""
"2023-10-17","2023290","14:13","4.0","119.8957","1.0","","","2.1","","8.1","90","","11","1.02","3.11","19.56","0.67","","","","",""
"2023-10-17","2023290","14:13","4.0","119.8957","2.0","","","2.0","","8.1","90","","11","","3.35","19.40","0.88","","","","",""
"2023-10-17","2023290","14:13","4.0","119.8957","3.0","","","1.4","","8.1","90","","11","","3.63","19.24","1.12","","","","",""
"2023-10-17","2023290","14:13","4.0","119.8957","4.0","","","1.2","","8.1","90","","12","","3.79","19.23","1.25","","","","",""
"2023-10-17","2023290","14:13","4.0","119.8957","5.0","","","1.2","","8.1","90","","12","","4.00","19.21","1.42","","","","",""
"2023-10-17","2023290","14:13","4.0","119.8957","6.0","","","1.3","","8.1","90","","12","","4.15","19.22","1.53","","","","",""
"2023-10-17","2023290","14:13","4.0","119.8957","7.0","","","1.5","","8.1","90","","12","","4.22","19.23","1.57","","","","",""
"2023-10-17","2023290","14:13","4.0","119.8957","8.0","","","1.5","","8.1","90","","12","","4.36","19.22","1.68","","","","",""
"2023-10-17","2023290","14:13","4.0","119.8957","9.0","","","1.5","","8.1","90","","11","","4.63","19.20","1.90","","","","",""
"2023-10-17","2023290","14:13","4.0","119.8957","10.0","","","1.6","","8.1","90","","17","","4.92","19.22","2.11","","","","",""
"2023-10-17","2023290","14:13","4.0","119.8957","11.0","","","1.9","","8.0","90","","24","","5.19","19.23","2.31","","","","",""
"2023-10-17","2023290","14:13","4.0","119.8957","12.0","","","2.0","","8.0","90","","26","","5.23","19.23","2.34","","","","",""
"2023-10-17","2023290","14:13","4.0","119.8957","13.0","","","2.1","","8.0","90","","26","","5.57","19.21","2.61","","","","",""
"2023-10-17","2023290","14:13","4.0","119.8957","14.0","","","2.2","","8.0","90","","27","","5.63","19.21","2.65","","","","",""
"2023-10-17","2023290","14:13","4.0","119.8957","15.0","","","2.3","","8.0","90","","26","","5.66","19.21","2.68","","","","",""
"2023-10-17","2023290","14:13","4.0","119.8957","16.0","","","2.3","","8.0","90","","25","","5.67","19.21","2.68","","","","",""
"2023-10-17","2023290","13:59","5.0","115.6252","1.0","","","2.1","","8.2","92","","12","1.40","4.66","19.39","1.88","","","","",""
"2023-10-17","2023290","13:59","5.0","115.6252","2.0","","","2.2","","8.1","91","","12","","4.82","19.32","2.02","","","","",""
"2023-10-17","2023290","13:59","5.0","115.6252","3.0","","","1.8","","8.0","90","","12","","5.51","19.26","2.55","","","","",""
"2023-10-17","2023290","13:59","5.0","115.6252","4.0","","","1.6","","7.9","89","","12","","6.36","19.20","3.20","","","","",""
"2023-10-17","2023290","13:59","5.0","115.6252","5.0","","","2.0","","7.9","89","","15","","7.37","19.18","3.98","","","","",""
"2023-10-17","2023290","13:59","5.0","115.6252","6.0","","","2.5","","7.9","89","","22","","7.74","19.18","4.25","","","","",""
"2023-10-17","2023290","13:59","5.0","115.6252","7.0","","","2.6","","7.9","89","","26","","7.81","19.18","4.31","","","","",""
"2023-10-17","2023290","13:59","5.0","115.6252","8.0","","","2.8","","7.8","89","","29","","7.87","19.18","4.35","","","","",""
"2023-10-17","2023290","13:59","5.0","115.6252","9.0","","","2.8","","7.9","89","","30","","7.88","19.18","4.37","","","","",""
"2023-10-17","2023290","13:59","5.0","115.6252","10.0","","","2.8","","7.9","90","","30","","7.88","19.18","4.36","","","","",""
"2023-10-17","2023290","13:45","6.0","110.8977","1.0","","","3.4","","8.0","91","","6","1.10","7.02","19.43","3.66","","","","",""
"2023-10-17","2023290","13:45","6.0","110.8977","2.0","2.8","0.85","3.0","","7.9","90","9.9","8","","7.81","19.33","4.28","0.57","10.78","4.93","2.25","191.56"
"2023-10-17","2023290","13:45","6.0","110.8977","3.0","","","2.6","","7.9","90","","9","","8.51","19.24","4.83","","","","",""
"2023-10-17","2023290","13:45","6.0","110.8977","4.0","","","2.2","","7.8","90","","10","","9.18","19.23","5.34","","","","",""
"2023-10-17","2023290","13:45","6.0","110.8977","5.0","","","1.9","","7.8","90","","9","","9.53","19.22","5.60","","","","",""
"2023-10-17","2023290","13:45","6.0","110.8977","6.0","","","1.8","","7.8","89","","9","","9.83","19.20","5.84","","","","",""
"2023-10-17","2023290","13:45","6.0","110.8977","7.0","","","1.8","","7.7","89","","11","","10.51","19.15","6.37","","","","",""
"2023-10-17","2023290","13:45","6.0","110.8977","8.0","","","2.1","","7.7","89","","22","","10.96","19.14","6.71","","","","",""
"2023-10-17","2023290","13:45","6.0","110.8977","9.0","","","2.5","","7.7","88","","29","","11.05","19.14","6.78","","","","",""
"2023-10-17","2023290","13:45","6.0","110.8977","10.0","2.6","0.57","2.5","","7.7","89","","37","","11.16","19.14","6.86","","","","",""
"2023-10-17","2023290","13:26","7.0","104.9810","1.0","","","4.4","","7.7","90","","4","1.67","12.38","19.30","7.75","","","","",""
"2023-10-17","2023290","13:26","7.0","104.9810","2.0","4.2","0.88","4.5","","7.6","89","11.7","8","","12.99","19.23","8.22","","","","",""
"2023-10-17","2023290","13:26","7.0","104.9810","3.0","","","3.9","","7.5","88","","8","","13.40","19.19","8.55","","","","",""
"2023-10-17","2023290","13:26","7.0","104.9810","4.0","","","3.9","","7.4","88","","13","","14.08","19.12","9.08","","","","",""
"2023-10-17","2023290","13:26","7.0","104.9810","5.0","","","3.9","","7.4","87","","21","","14.31","19.10","9.26","","","","",""
"2023-10-17","2023290","13:26","7.0","104.9810","6.0","","","3.7","","7.4","87","","26","","14.64","19.07","9.51","","","","",""
"2023-10-17","2023290","13:26","7.0","104.9810","7.0","","","3.5","","7.4","87","","29","","14.68","19.07","9.55","","","","",""
"2023-10-17","2023290","13:26","7.0","104.9810","8.0","","","3.5","","7.4","87","","32","","14.83","19.06","9.66","","","","",""
"2023-10-17","2023290","13:26","7.0","104.9810","9.0","","","3.4","","7.3","86","","31","","15.01","19.06","9.80","","","","",""
"2023-10-17","2023290","13:26","7.0","104.9810","10.0","","","3.3","","7.3","86","","30","","15.35","19.05","10.06","","","","",""
"2023-10-17","2023290","13:26","7.0","104.9810","11.0","","","3.4","","7.3","86","","29","","15.40","19.05","10.09","","","","",""
"2023-10-17","2023290","13:26","7.0","104.9810","12.0","","","3.4","","7.3","86","","30","","15.38","19.05","10.08","","","","",""
"2023-10-17","2023290","13:26","7.0","104.9810","13.0","","","3.2","","7.3","86","","30","","15.51","19.04","10.18","","","","",""
"2023-10-17","2023290","13:26","7.0","104.9810","14.0","","","3.1","","7.3","86","","31","","15.68","19.04","10.31","","","","",""
"2023-10-17","2023290","13:09","8.0","99.7699","1.0","","","4.0","","7.4","88","","13","0.96","14.19","19.07","9.17","","","","",""
"2023-10-17","2023290","13:09","8.0","99.7699","2.0","3.9","0.88","3.6","","7.4","87","10.3","14","","14.41","19.06","9.34","","","","",""
"2023-10-17","2023290","13:09","8.0","99.7699","3.0","","","2.4","","7.3","86","","15","","15.23","19.04","9.96","","","","",""
"2023-10-17","2023290","13:09","8.0","99.7699","4.0","","","1.9","","7.2","86","","16","","16.03","19.01","10.58","","","","",""
"2023-10-17","2023290","13:09","8.0","99.7699","5.0","","","1.7","","7.2","86","","16","","16.16","19.01","10.68","","","","",""
"2023-10-17","2023290","13:09","8.0","99.7699","6.0","","","1.7","","7.2","85","","16","","16.59","18.99","11.01","","","","",""
"2023-10-17","2023290","13:09","8.0","99.7699","7.0","","","1.9","","7.1","85","","19","","17.26","18.96","11.53","","","","",""
"2023-10-17","2023290","13:09","8.0","99.7699","8.0","","","2.7","","7.1","85","","31","","17.73","18.94","11.89","","","","",""
"2023-10-17","2023290","13:09","8.0","99.7699","9.0","","","2.9","","7.0","85","","41","","18.26","18.92","12.29","","","","",""
"2023-10-17","2023290","13:09","8.0","99.7699","10.0","","","3.3","","7.0","84","","45","","18.92","18.89","12.80","","","","",""
"2023-10-17","2023290","13:09","8.0","99.7699","11.0","","","3.7","","7.0","84","","51","","19.31","18.87","13.10","","","","",""
"2023-10-17","2023290","13:09","8.0","99.7699","12.0","","","4.0","","7.0","84","","60","","19.35","18.87","13.13","","","","",""
"2023-10-17","2023290","13:09","8.0","99.7699","13.0","","","4.8","","6.9","84","","67","","19.37","18.87","13.15","","","","",""
"2023-10-17","2023290","13:09","8.0","99.7699","14.0","","","4.9","","6.9","84","","79","","19.38","18.87","13.16","","","","",""
"2023-10-17","2023290","12:54","9.0","96.7889","1.0","","","3.1","","7.3","86","","14","0.90","15.99","19.12","10.52","","","","",""
"2023-10-17","2023290","12:54","9.0","96.7889","2.0","3.0","0.84","2.9","","7.2","86","13.3","15","","16.53","19.01","10.96","0.87","10.71","5.35","2.67","144.20"
"2023-10-17","2023290","12:54","9.0","96.7889","3.0","","","1.9","","7.1","85","","15","","17.01","18.97","11.34","","","","",""
"2023-10-17","2023290","12:54","9.0","96.7889","4.0","","","1.7","","7.1","85","","14","","17.71","18.92","11.88","","","","",""
"2023-10-17","2023290","12:54","9.0","96.7889","5.0","","","2.0","","7.0","84","","16","","18.58","18.88","12.55","","","","",""
"2023-10-17","2023290","12:54","9.0","96.7889","6.0","","","2.2","","7.0","84","","24","","19.28","18.84","13.08","","","","",""
"2023-10-17","2023290","12:54","9.0","96.7889","7.0","","","2.4","","7.0","84","","28","","19.39","18.83","13.17","","","","",""
"2023-10-17","2023290","12:54","9.0","96.7889","8.0","","","2.7","","6.9","84","","32","","19.91","18.81","13.57","","","","",""
"2023-10-17","2023290","12:54","9.0","96.7889","9.0","","","2.7","","6.9","84","","37","","19.93","18.81","13.59","","","","",""
"2023-10-17","2023290","12:54","9.0","96.7889","10.0","","","2.9","","6.9","84","","36","","19.93","18.81","13.59","","","","",""
"2023-10-17","2023290","12:54","9.0","96.7889","11.0","","","2.8","","6.9","84","","36","","19.93","18.81","13.59","","","","",""
"2023-10-17","2023290","12:54","9.0","96.7889","12.0","","","2.8","","6.9","84","","35","","19.93","18.81","13.59","","","","",""
"2023-10-17","2023290","12:54","9.0","96.7889","13.0","","","2.8","","6.9","84","","35","","19.95","18.81","13.60","","","","",""
"2023-10-17","2023290","12:54","9.0","96.7889","14.0","","","2.8","","6.9","84","","35","","19.94","18.81","13.60","","","","",""
"2023-10-17","2023290","12:54","9.0","96.7889","15.0","","","2.8","","6.9","84","","34","","19.96","18.81","13.61","","","","",""
"2023-10-17","2023290","12:54","9.0","96.7889","16.0","","","2.8","","6.9","84","","34","","19.98","18.81","13.63","","","","",""
"2023-10-17","2023290","12:54","9.0","96.7889","17.0","","","2.7","","6.9","84","","34","","19.99","18.81","13.63","","","","",""
"2023-10-17","2023290","12:54","9.0","96.7889","18.0","","","2.8","","6.9","84","","34","","20.04","18.80","13.67","","","","",""
"2023-10-17","2023290","12:54","9.0","96.7889","19.0","","","2.7","","6.9","84","","36","","20.25","18.79","13.84","","","","",""
"2023-10-17","2023290","12:54","9.0","96.7889","20.0","","","2.7","","6.9","84","","38","","20.27","18.79","13.85","","","","",""
"2023-10-17","2023290","12:54","9.0","96.7889","21.0","","","3.0","","6.9","84","","39","","20.28","18.79","13.86","","","","",""
"2023-10-17","2023290","12:54","9.0","96.7889","22.0","","","2.9","","6.9","84","","40","","20.28","18.79","13.86","","","","",""
"2023-10-17","2023290","12:54","9.0","96.7889","23.0","","","3.2","","6.9","84","","39","","20.28","18.79","13.86","","","","",""
"2023-10-17","2023290","12:54","9.0","96.7889","24.0","","","3.0","","6.9","84","","39","","20.29","18.79","13.86","","","","",""
"2023-10-17","2023290","12:54","9.0","96.7889","25.0","","","3.0","","6.9","84","","40","","20.30","18.79","13.87","","","","",""
"2023-10-17","2023290","12:54","9.0","96.7889","26.0","","","3.4","","6.9","84","","41","","20.30","18.79","13.87","","","","",""
"2023-10-17","2023290","12:44","10.0","93.5951","1.0","","","2.5","","7.5","89","","12","1.17","15.22","19.42","9.88","","","","",""
"2023-10-17","2023290","12:44","10.0","93.5951","2.0","3.2","0.91","3.2","","7.4","88","","12","","15.51","19.34","10.11","","","","",""
"2023-10-17","2023290","12:44","10.0","93.5951","3.0","","","3.3","","7.3","87","","12","","16.01","19.18","10.53","","","","",""
"2023-10-17","2023290","12:44","10.0","93.5951","4.0","","","2.7","","7.3","87","","13","","16.30","19.11","10.76","","","","",""
"2023-10-17","2023290","12:44","10.0","93.5951","5.0","","","2.4","","7.2","86","","13","","16.80","19.02","11.16","","","","",""
"2023-10-17","2023290","12:44","10.0","93.5951","6.0","","","2.0","","7.1","86","","13","","17.17","19.01","11.44","","","","",""
"2023-10-17","2023290","12:44","10.0","93.5951","7.0","","","1.6","","7.1","86","","14","","18.16","18.93","12.21","","","","",""
"2023-10-17","2023290","12:44","10.0","93.5951","8.0","","","1.5","","7.1","85","","15","","18.41","18.90","12.41","","","","",""
"2023-10-17","2023290","12:44","10.0","93.5951","9.0","","","1.5","","7.0","85","","15","","18.91","18.88","12.80","","","","",""
"2023-10-17","2023290","12:44","10.0","93.5951","10.0","","","1.4","","7.0","85","","16","","19.19","18.86","13.01","","","","",""
"2023-10-17","2023290","12:44","10.0","93.5951","11.0","","","1.4","","7.0","85","","16","","19.33","18.85","13.12","","","","",""
"2023-10-17","2023290","12:44","10.0","93.5951","12.0","","","1.4","","7.0","84","","16","","19.50","18.84","13.26","","","","",""
"2023-10-17","2023290","12:44","10.0","93.5951","13.0","","","1.4","","6.9","84","","16","","19.83","18.82","13.51","","","","",""
"2023-10-17","2023290","12:44","10.0","93.5951","14.0","","","1.4","","6.9","84","","17","","19.98","18.81","13.63","","","","",""
"2023-10-17","2023290","12:44","10.0","93.5951","15.0","","","1.6","","6.9","84","","19","","20.35","18.78","13.92","","","","",""
"2023-10-17","2023290","12:44","10.0","93.5951","16.0","","","1.7","","6.9","84","","24","","20.38","18.78","13.94","","","","",""
"2023-10-17","2023290","12:44","10.0","93.5951","17.0","","","1.7","","6.9","84","","28","","20.63","18.76","14.13","","","","",""
"2023-10-17","2023290","12:44","10.0","93.5951","18.0","","","1.8","","6.9","84","","31","","20.64","18.76","14.14","","","","",""
"2023-10-17","2023290","12:44","10.0","93.5951","19.0","","","2.0","","6.9","84","","34","","20.72","18.76","14.20","","","","",""
"2023-10-17","2023290","12:24","11.0","89.7672","1.0","","","4.1","","7.1","85","","11","0.76","17.92","19.01","12.02","","","","",""
"2023-10-17","2023290","12:24","11.0","89.7672","2.0","","","2.7","","7.0","84","","11","","19.10","18.87","12.94","","","","",""
"2023-10-17","2023290","12:24","11.0","89.7672","3.0","","","2.4","","6.9","84","","11","","20.30","18.78","13.88","","","","",""
"2023-10-17","2023290","12:24","11.0","89.7672","4.0","","","2.1","","6.8","84","","11","","21.35","18.70","14.69","","","","",""
"2023-10-17","2023290","12:24","11.0","89.7672","5.0","","","1.7","","6.8","83","","11","","21.89","18.66","15.11","","","","",""
"2023-10-17","2023290","12:24","11.0","89.7672","6.0","","","1.5","","6.8","83","","11","","21.96","18.65","15.16","","","","",""
"2023-10-17","2023290","12:24","11.0","89.7672","7.0","","","1.5","","6.9","84","","12","","22.06","18.64","15.24","","","","",""
"2023-10-17","2023290","12:24","11.0","89.7672","8.0","","","2.6","","6.9","84","","15","","22.19","18.64","15.34","","","","",""
"2023-10-17","2023290","12:24","11.0","89.7672","9.0","","","3.6","","6.9","84","","17","","22.36","18.63","15.48","","","","",""
"2023-10-17","2023290","12:24","11.0","89.7672","10.0","","","4.1","","6.8","83","","19","","22.54","18.61","15.62","","","","",""
"2023-10-17","2023290","12:24","11.0","89.7672","11.0","","","3.1","","6.7","83","","18","","22.63","18.60","15.69","","","","",""
"2023-10-17","2023290","12:24","11.0","89.7672","12.0","","","1.9","","6.7","82","","14","","22.93","18.58","15.92","","","","",""
"2023-10-17","2023290","12:24","11.0","89.7672","13.0","","","1.3","","6.6","82","","14","","23.42","18.54","16.30","","","","",""
"2023-10-17","2023290","12:24","11.0","89.7672","14.0","","","1.3","","6.6","82","","18","","24.01","18.48","16.77","","","","",""
"2023-10-17","2023290","12:24","11.0","89.7672","15.0","","","1.5","","6.6","81","","25","","24.35","18.45","17.03","","","","",""
"2023-10-17","2023290","12:24","11.0","89.7672","16.0","","","1.6","","6.6","81","","27","","24.37","18.44","17.05","","","","",""
"2023-10-17","2023290","12:24","11.0","89.7672","17.0","","","1.6","","6.5","81","","31","","24.50","18.43","17.15","","","","",""
"2023-10-17","2023290","12:24","11.0","89.7672","18.0","","","1.8","","6.5","81","","37","","24.59","18.42","17.22","","","","",""
"2023-10-17","2023290","12:24","11.0","89.7672","19.0","","","2.2","","6.5","81","","37","","24.66","18.42","17.27","","","","",""
"2023-10-17","2023290","12:24","11.0","89.7672","20.0","","","2.2","","6.5","81","","39","","24.66","18.41","17.28","","","","",""
"2023-10-17","2023290","12:24","11.0","89.7672","21.0","","","2.5","","6.5","81","","43","","24.76","18.40","17.36","","","","",""
"2023-10-17","2023290","12:12","12.0","84.4458","1.0","","","2.7","","7.0","85","","10","0.84","19.31","19.02","13.07","","","","",""
"2023-10-17","2023290","12:12","12.0","84.4458","2.0","","","3.1","","6.9","84","","10","","20.81","18.80","14.26","","","","",""
"2023-10-17","2023290","12:12","12.0","84.4458","3.0","","","3.0","","6.8","83","","11","","22.15","18.64","15.31","","","","",""
"2023-10-17","2023290","12:12","12.0","84.4458","4.0","","","2.5","","6.6","82","","11","","23.24","18.56","16.16","","","","",""
"2023-10-17","2023290","12:12","12.0","84.4458","5.0","","","1.7","","6.5","81","","12","","24.46","18.43","17.12","","","","",""
"2023-10-17","2023290","12:12","12.0","84.4458","6.0","","","1.5","","6.5","81","","18","","24.87","18.37","17.45","","","","",""
"2023-10-17","2023290","12:12","12.0","84.4458","7.0","","","1.5","","6.5","80","","21","","25.03","18.34","17.58","","","","",""
"2023-10-17","2023290","12:12","12.0","84.4458","8.0","","","1.6","","6.5","81","","23","","25.09","18.33","17.63","","","","",""
"2023-10-17","2023290","11:56","13.0","78.5444","1.0","6.7","0.94","6.9","","6.7","83","9.3","10","0.72","25.07","18.52","17.56","","","","",""
"2023-10-17","2023290","11:56","13.0","78.5444","2.0","","","4.2","","6.6","82","","10","","25.52","18.29","17.96","0.90","7.64","4.93","2.72","87.59"
"2023-10-17","2023290","11:56","13.0","78.5444","3.0","","","2.6","","6.5","81","","10","","25.77","18.20","18.17","","","","",""
"2023-10-17","2023290","11:56","13.0","78.5444","4.0","","","1.8","","6.5","80","","10","","26.11","18.15","18.44","","","","",""
"2023-10-17","2023290","11:56","13.0","78.5444","5.0","","","1.5","","6.4","80","","10","","26.27","18.12","18.57","","","","",""
"2023-10-17","2023290","11:56","13.0","78.5444","6.0","","","1.3","","6.4","79","","16","","26.44","18.07","18.71","","","","",""
"2023-10-17","2023290","11:56","13.0","78.5444","7.0","","","1.9","","6.4","79","","31","","26.47","18.06","18.73","","","","",""
"2023-10-17","2023290","11:56","13.0","78.5444","8.0","","","2.8","","6.4","79","","57","","26.49","18.05","18.75","","","","",""
"2023-10-17","2023290","11:56","13.0","78.5444","9.0","","","3.2","","6.3","79","","63","","26.49","18.05","18.75","","","","",""
"2023-10-17","2023290","11:56","13.0","78.5444","10.0","3.1","0.47","3.2","","6.3","79","86.4","90","","26.49","18.05","18.76","","","","",""
"2023-10-17","2023290","11:45","14.0","74.4288","1.0","","","4.4","","6.5","81","","9","0.67","26.24","18.17","18.54","","","","",""
"2023-10-17","2023290","11:45","14.0","74.4288","2.0","","","4.0","","6.4","80","","9","","26.57","18.06","18.81","","","","",""
"2023-10-17","2023290","11:45","14.0","74.4288","3.0","","","3.0","","6.4","79","","9","","26.82","17.98","19.02","","","","",""
"2023-10-17","2023290","11:45","14.0","74.4288","4.0","","","2.5","","6.4","79","","9","","27.04","17.91","19.20","","","","",""
"2023-10-17","2023290","11:45","14.0","74.4288","5.0","","","2.4","","6.4","79","","9","","27.17","17.87","19.32","","","","",""
"2023-10-17","2023290","11:45","14.0","74.4288","6.0","","","2.2","","6.4","79","","9","","27.21","17.86","19.35","","","","",""
"2023-10-17","2023290","11:45","14.0","74.4288","7.0","","","2.3","","6.3","79","","9","","27.21","17.85","19.35","","","","",""
"2023-10-17","2023290","11:45","14.0","74.4288","8.0","","","2.5","","6.3","78","","11","","27.48","17.76","19.58","","","","",""
"2023-10-17","2023290","11:45","14.0","74.4288","9.0","","","3.8","","6.3","78","","24","","27.83","17.64","19.88","","","","",""
"2023-10-17","2023290","11:45","14.0","74.4288","10.0","","","5.9","","6.3","78","","60","","27.90","17.61","19.93","","","","",""
"2023-10-17","2023290","11:45","14.0","74.4288","11.0","","","6.8","","6.3","78","","92","","27.89","17.62","19.93","","","","",""
"2023-10-17","2023290","11:45","14.0","74.4288","12.0","","","7.2","","6.3","78","","104","","27.89","17.62","19.92","","","","",""
"2023-10-17","2023290","11:45","14.0","74.4288","13.0","","","","","6.3","78","","152","","27.90","17.62","19.93","","","","",""
"2023-10-17","2023290","11:45","14.0","74.4288","14.0","","","","","6.3","78","","214","","27.90","17.61","19.94","","","","",""
"2023-10-17","2023290","11:31","15.0","69.9895","1.0","","","4.3","","6.7","83","","10","0.73","25.93","18.26","18.28","","","","",""
"2023-10-17","2023290","11:31","15.0","69.9895","2.0","4.1","0.89","4.4","","6.6","82","7.8","10","","25.94","18.25","18.29","0.92","6.95","5.00","2.79","75.84"
"2023-10-17","2023290","11:31","15.0","69.9895","3.0","","","4.4","","6.5","80","","10","","26.21","18.11","18.53","","","","",""
"2023-10-17","2023290","11:31","15.0","69.9895","4.0","","","3.9","","6.4","80","","9","","26.84","17.94","19.05","","","","",""
"2023-10-17","2023290","11:31","15.0","69.9895","5.0","","","2.9","","6.4","79","","9","","27.36","17.78","19.48","","","","",""
"2023-10-17","2023290","11:31","15.0","69.9895","6.0","","","2.7","","6.3","79","","8","","27.55","17.71","19.64","","","","",""
"2023-10-17","2023290","11:31","15.0","69.9895","7.0","","","2.6","","6.3","79","","8","","27.96","17.56","19.99","","","","",""
"2023-10-17","2023290","11:31","15.0","69.9895","8.0","","","2.4","","6.3","79","","9","","28.21","17.46","20.20","","","","",""
"2023-10-17","2023290","11:31","15.0","69.9895","9.0","","","2.4","","6.3","78","","10","","28.32","17.42","20.30","","","","",""
"2023-10-17","2023290","11:31","15.0","69.9895","10.0","","","2.6","","6.3","78","","13","","28.49","17.36","20.44","","","","",""
"2023-10-17","2023290","11:31","15.0","69.9895","11.0","","","2.5","","6.3","78","","16","","28.54","17.34","20.49","","","","",""
"2023-10-17","2023290","11:31","15.0","69.9895","12.0","","","2.7","","6.3","78","","17","","28.56","17.34","20.50","","","","",""
"2023-10-17","2023290","11:31","15.0","69.9895","13.0","","","2.6","","6.3","78","","18","","28.62","17.32","20.55","","","","",""
"2023-10-17","2023290","11:31","15.0","69.9895","14.0","","","3.1","","6.3","78","","20","","28.81","17.26","20.71","","","","",""
"2023-10-17","2023290","11:31","15.0","69.9895","15.0","","","3.3","","6.3","78","","23","","28.84","17.25","20.74","","","","",""
"2023-10-17","2023290","11:31","15.0","69.9895","16.0","","","3.2","","6.3","78","","24","","28.91","17.23","20.79","","","","",""
"2023-10-17","2023290","11:31","15.0","69.9895","17.0","","","3.5","","6.3","78","","26","","29.01","17.20","20.88","","","","",""
"2023-10-17","2023290","11:31","15.0","69.9895","18.0","","","3.6","","6.3","78","","28","","29.02","17.19","20.89","","","","",""
"2023-10-17","2023290","11:31","15.0","69.9895","19.0","","","3.6","","6.3","78","","28","","29.02","17.19","20.89","","","","",""
"2023-10-17","2023290","11:31","15.0","69.9895","20.0","","","3.9","","6.3","78","","28","","29.03","17.19","20.90","","","","",""
"2023-10-17","2023290","11:31","15.0","69.9895","21.0","","","3.9","","6.3","78","","28","","29.03","17.19","20.89","","","","",""
"2023-10-17","2023290","11:31","15.0","69.9895","22.0","","","4.1","","6.3","78","","28","","29.02","17.20","20.89","","","","",""
"2023-10-17","2023290","11:31","15.0","69.9895","23.0","4.2","0.65","4.5","","6.3","78","39.9","32","","29.02","17.20","20.89","","","","",""
"2023-10-17","2023290","11:14","16.0","63.0794","1.0","","","3.5","","6.6","84","","8","0.88","26.76","17.89","19.00","","","","",""
"2023-10-17","2023290","11:14","16.0","63.0794","2.0","","","3.6","","6.6","84","","9","","27.10","17.75","19.29","","","","",""
"2023-10-17","2023290","11:14","16.0","63.0794","3.0","","","3.5","","6.5","84","","9","","27.66","17.57","19.76","","","","",""
"2023-10-17","2023290","11:14","16.0","63.0794","4.0","","","3.1","","6.5","84","","8","","28.30","17.34","20.30","","","","",""
"2023-10-17","2023290","11:14","16.0","63.0794","5.0","","","2.6","","6.5","84","","8","","28.77","17.16","20.70","","","","",""
"2023-10-17","2023290","11:14","16.0","63.0794","6.0","","","3.1","","6.3","83","","11","","29.64","16.81","21.45","","","","",""
"2023-10-17","2023290","11:14","16.0","63.0794","7.0","","","3.0","","6.3","83","","16","","29.76","16.76","21.55","","","","",""
"2023-10-17","2023290","11:14","16.0","63.0794","8.0","","","3.2","","6.3","83","","19","","29.82","16.74","21.61","","","","",""
"2023-10-17","2023290","11:14","16.0","63.0794","9.0","","","3.5","","6.3","83","","29","","29.87","16.73","21.64","","","","",""
"2023-10-17","2023290","11:14","16.0","63.0794","10.0","","","3.8","","6.3","83","","33","","29.88","16.73","21.65","","","","",""
"2023-10-17","2023290","11:14","16.0","63.0794","11.0","","","4.4","","6.3","83","","32","","29.90","16.72","21.67","","","","",""
"2023-10-17","2023290","10:59","17.0","58.8909","1.0","","","5.4","","6.7","85","","8","0.76","27.52","17.63","19.64","","","","",""
"2023-10-17","2023290","10:59","17.0","58.8909","2.0","5.1","0.90","5.0","","6.6","85","","7","","29.67","16.88","21.45","","","","",""
"2023-10-17","2023290","10:59","17.0","58.8909","3.0","","","3.5","","6.5","84","","7","","30.03","16.69","21.77","","","","",""
"2023-10-17","2023290","10:59","17.0","58.8909","4.0","","","3.0","","6.4","84","","8","","30.16","16.58","21.90","","","","",""
"2023-10-17","2023290","10:59","17.0","58.8909","5.0","","","3.1","","6.4","84","","8","","30.18","16.56","21.92","","","","",""
"2023-10-17","2023290","10:59","17.0","58.8909","6.0","","","3.3","","6.3","82","","9","","30.26","16.50","21.99","","","","",""
"2023-10-17","2023290","10:59","17.0","58.8909","7.0","","","3.3","","6.3","82","","9","","30.31","16.46","22.04","","","","",""
"2023-10-17","2023290","10:59","17.0","58.8909","8.0","","","3.1","","6.3","82","","9","","30.40","16.41","22.13","","","","",""
"2023-10-17","2023290","10:59","17.0","58.8909","9.0","","","3.4","","6.3","82","","11","","30.47","16.37","22.19","","","","",""
"2023-10-17","2023290","10:59","17.0","58.8909","10.0","","","3.2","","6.3","82","","13","","30.49","16.36","22.20","","","","",""
"2023-10-17","2023290","10:59","17.0","58.8909","11.0","","","3.1","","6.3","82","","15","","30.49","16.36","22.20","","","","",""
"2023-10-17","2023290","10:37","18.0","54.9481","1.0","","","5.3","","6.9","88","","5","0.65","29.83","17.00","21.55","","","","",""
"2023-10-17","2023290","10:37","18.0","54.9481","2.0","5.2","0.90","5.2","","6.9","88","3.6","6","","29.87","16.96","21.59","1.06","8.21","6.00","2.57","50.92"
"2023-10-17","2023290","10:37","18.0","54.9481","3.0","","","5.0","","6.9","88","","5","","29.90","16.93","21.62","","","","",""
"2023-10-17","2023290","10:37","18.0","54.9481","4.0","","","4.5","","6.9","88","","5","","29.91","16.92","21.63","","","","",""
"2023-10-17","2023290","10:37","18.0","54.9481","5.0","","","4.6","","6.8","87","","5","","29.93","16.90","21.65","","","","",""
"2023-10-17","2023290","10:37","18.0","54.9481","6.0","","","5.1","","6.8","87","","5","","29.96","16.87","21.68","","","","",""
"2023-10-17","2023290","10:37","18.0","54.9481","7.0","","","5.7","","6.8","87","","5","","30.03","16.83","21.74","","","","",""
"2023-10-17","2023290","10:37","18.0","54.9481","8.0","","","5.4","","6.8","87","","5","","30.16","16.79","21.85","","","","",""
"2023-10-17","2023290","10:37","18.0","54.9481","9.0","","","4.8","","6.8","87","","5","","30.20","16.75","21.89","","","","",""
"2023-10-17","2023290","10:37","18.0","54.9481","10.0","","","4.4","","6.8","87","","5","","30.25","16.74","21.93","","","","",""
"2023-10-17","2023290","10:37","18.0","54.9481","11.0","","","5.1","","6.8","87","","5","","30.29","16.73","21.97","","","","",""
"2023-10-17","2023290","10:37","18.0","54.9481","12.0","","","5.3","","6.8","87","","5","","30.34","16.73","22.00","","","","",""
"2023-10-17","2023290","10:37","18.0","54.9481","13.0","","","5.4","","6.7","86","","4","","30.36","16.73","22.02","","","","",""
"2023-10-17","2023290","10:37","18.0","54.9481","14.0","","","5.3","","6.6","85","","5","","30.37","16.72","22.03","","","","",""
"2023-10-17","2023290","10:37","18.0","54.9481","15.0","","","4.9","","6.6","85","","4","","30.42","16.63","22.09","","","","",""
"2023-10-17","2023290","10:37","18.0","54.9481","16.0","","","4.8","","6.6","85","","5","","30.48","16.57","22.14","","","","",""
"2023-10-17","2023290","10:37","18.0","54.9481","17.0","","","4.5","","6.6","85","","5","","30.49","16.55","22.16","","","","",""
"2023-10-17","2023290","10:37","18.0","54.9481","18.0","","","3.6","","6.6","85","","5","","30.52","16.49","22.20","","","","",""
"2023-10-17","2023290","10:37","18.0","54.9481","19.0","","","3.0","","6.6","85","","5","","30.53","16.49","22.20","","","","",""
"2023-10-17","2023290","10:37","18.0","54.9481","20.0","","","3.0","","6.6","85","","5","","30.53","16.48","22.20","","","","",""
"2023-10-17","2023290","10:37","18.0","54.9481","21.0","","","2.6","","6.6","85","","5","","30.54","16.47","22.22","","","","",""
"2023-10-17","2023290","10:37","18.0","54.9481","22.0","","","2.8","","6.6","85","","6","","30.55","16.47","22.22","","","","",""
"2023-10-17","2023290","10:37","18.0","54.9481","23.0","","","2.7","","6.6","85","","6","","30.55","16.47","22.22","","","","",""
"2023-10-17","2023290","10:37","18.0","54.9481","24.0","","","2.9","","6.6","85","","5","","30.57","16.45","22.24","","","","",""
"2023-10-17","2023290","10:37","18.0","54.9481","25.0","","","2.8","","6.6","85","","5","","30.57","16.45","22.24","","","","",""
"2023-10-17","2023290","10:37","18.0","54.9481","26.0","","","2.8","","6.6","85","","5","","30.57","16.45","22.24","","","","",""
"2023-10-17","2023290","10:37","18.0","54.9481","27.0","","","3.2","","6.5","84","","5","","30.57","16.45","22.25","","","","",""
"2023-10-17","2023290","10:37","18.0","54.9481","28.0","","","2.9","","6.5","84","","6","","30.57","16.44","22.25","","","","",""
"2023-10-17","2023290","10:37","18.0","54.9481","29.0","","","2.6","","6.5","84","","6","","30.58","16.42","22.26","","","","",""
"2023-10-17","2023290","10:37","18.0","54.9481","30.0","","","2.5","","6.5","84","","6","","30.60","16.40","22.28","","","","",""
"2023-10-17","2023290","10:37","18.0","54.9481","31.0","","","2.6","","6.5","84","","6","","30.62","16.38","22.30","","","","",""
"2023-10-17","2023290","10:37","18.0","54.9481","32.0","","","2.2","","6.5","84","","6","","30.66","16.36","22.33","","","","",""
"2023-10-17","2023290","10:37","18.0","54.9481","33.0","","","2.2","","6.5","84","","7","","30.66","16.34","22.34","","","","",""
"2023-10-17","2023290","10:37","18.0","54.9481","34.0","","","2.0","","6.5","84","","7","","30.66","16.35","22.34","","","","",""
"2023-10-17","2023290","10:37","18.0","54.9481","35.0","","","2.6","","6.5","84","","7","","30.67","16.34","22.34","","","","",""
"2023-10-17","2023290","10:37","18.0","54.9481","36.0","","","2.3","","6.5","84","","8","","30.67","16.33","22.34","","","","",""
"2023-10-17","2023290","10:37","18.0","54.9481","37.0","","","2.4","","6.5","84","","8","","30.68","16.34","22.35","","","","",""
"2023-10-17","2023290","10:37","18.0","54.9481","38.0","","","2.4","","6.5","84","","9","","30.68","16.33","22.35","","","","",""
"2023-10-17","2023290","10:37","18.0","54.9481","39.0","","","2.6","","6.5","84","","10","","30.67","16.32","22.35","","","","",""
"2023-10-17","2023290","10:37","18.0","54.9481","40.0","","","2.3","","6.5","84","","10","","30.68","16.31","22.36","","","","",""
"2023-10-17","2023290","10:37","18.0","54.9481","41.0","","","2.6","","6.5","84","","11","","30.68","16.31","22.36","","","","",""
"2023-10-17","2023290","10:37","18.0","54.9481","42.0","","","2.7","","6.5","84","","11","","30.68","16.31","22.36","","","","",""
"2023-10-17","2023290","10:37","18.0","54.9481","43.0","3.9","0.74","3.6","","6.5","84","10.0","11","","30.68","16.31","22.36","","","","",""
"2023-10-17","2023290","10:19","20.0","51.4501","1.0","","","4.8","","6.9","88","","5","0.68","29.74","17.05","21.47","","","","",""
"2023-10-17","2023290","10:19","20.0","51.4501","2.0","4.9","0.88","4.9","","6.9","88","","5","","29.95","16.99","21.65","","","","",""
"2023-10-17","2023290","10:19","20.0","51.4501","3.0","","","5.2","","6.9","88","","5","","29.95","16.98","21.65","","","","",""
"2023-10-17","2023290","10:19","20.0","51.4501","4.0","","","5.0","","6.9","88","","6","","29.95","16.98","21.65","","","","",""
"2023-10-17","2023290","10:19","20.0","51.4501","5.0","","","4.7","","6.8","87","","6","","29.97","16.96","21.66","","","","",""
"2023-10-17","2023290","10:19","20.0","51.4501","6.0","","","4.1","","6.8","87","","6","","29.99","16.93","21.69","","","","",""
"2023-10-17","2023290","10:19","20.0","51.4501","7.0","","","3.5","","6.8","87","","6","","30.02","16.89","21.72","","","","",""
"2023-10-17","2023290","10:19","20.0","51.4501","8.0","","","3.0","","6.8","87","","7","","30.03","16.85","21.74","","","","",""
"2023-10-17","2023290","10:19","20.0","51.4501","9.0","","","3.1","","6.8","87","","7","","30.14","16.75","21.84","","","","",""
"2023-10-17","2023290","10:19","20.0","51.4501","10.0","","","3.0","","6.8","87","","8","","30.29","16.63","21.98","","","","",""
"2023-10-17","2023290","10:19","20.0","51.4501","11.0","","","2.9","","6.8","87","","9","","30.37","16.57","22.06","","","","",""
"2023-10-17","2023290","10:19","20.0","51.4501","12.0","","","3.0","","6.8","87","","10","","30.40","16.55","22.09","","","","",""
"2023-10-17","2023290","10:19","20.0","51.4501","13.0","","","3.0","","6.7","86","","10","","30.42","16.53","22.11","","","","",""
"2023-10-17","2023290","10:19","20.0","51.4501","14.0","","","2.9","","6.6","85","","11","","30.45","16.52","22.13","","","","",""
"2023-10-17","2023290","10:19","20.0","51.4501","15.0","","","3.0","","6.6","85","","12","","30.47","16.50","22.16","","","","",""
"2023-10-17","2023290","10:19","20.0","51.4501","16.0","","","2.9","","6.6","85","","12","","30.48","16.49","22.17","","","","",""
"2023-10-17","2023290","10:19","20.0","51.4501","17.0","","","2.9","","6.6","85","","13","","30.50","16.48","22.18","","","","",""
"2023-10-17","2023290","10:19","20.0","51.4501","18.0","","","3.0","","6.6","85","","13","","30.55","16.45","22.23","","","","",""
"2023-10-17","2023290","10:19","20.0","51.4501","19.0","","","3.1","","6.6","85","","14","","30.56","16.45","22.23","","","","",""
"2023-10-17","2023290","10:19","20.0","51.4501","20.0","","","2.7","","6.6","85","","13","","30.55","16.45","22.23","","","","",""
"2023-10-17","2023290","10:19","20.0","51.4501","21.0","","","2.7","","6.6","85","","17","","30.60","16.42","22.27","","","","",""
"2023-10-17","2023290","10:19","20.0","51.4501","22.0","","","2.9","","6.6","85","","17","","30.60","16.42","22.27","","","","",""
"2023-10-17","2023290","10:19","20.0","51.4501","23.0","","","2.7","","6.6","85","","18","","30.61","16.42","22.28","","","","",""
"2023-10-17","2023290","10:19","20.0","51.4501","24.0","","","2.9","","6.6","85","","18","","30.60","16.42","22.27","","","","",""
"2023-10-17","2023290","10:19","20.0","51.4501","25.0","","","2.9","","6.6","85","","18","","30.60","16.42","22.27","","","","",""
"2023-10-17","2023290","10:19","20.0","51.4501","26.0","","","2.9","","6.6","85","","19","","30.60","16.42","22.28","","","","",""
"2023-10-17","2023290","9:58","21.0","46.6266","1.0","","","6.9","","6.9","88","","7","0.81","29.55","18.05","21.09","","","","",""
"2023-10-17","2023290","9:58","21.0","46.6266","2.0","6.8","0.89","6.9","","6.9","88","","7","","29.58","17.93","21.15","","","","",""
"2023-10-17","2023290","9:58","21.0","46.6266","3.0","","","5.8","","6.9","88","","7","","29.62","17.76","21.21","","","","",""
"2023-10-17","2023290","9:58","21.0","46.6266","4.0","","","4.8","","6.9","88","","8","","29.66","17.62","21.27","","","","",""
"2023-10-17","2023290","9:58","21.0","46.6266","5.0","","","3.9","","6.8","87","","8","","29.66","17.60","21.28","","","","",""
"2023-10-17","2023290","9:58","21.0","46.6266","6.0","","","3.8","","6.8","87","","8","","29.66","17.60","21.29","","","","",""
"2023-10-17","2023290","9:58","21.0","46.6266","7.0","","","3.5","","6.8","87","","9","","29.67","17.58","21.30","","","","",""
"2023-10-17","2023290","9:58","21.0","46.6266","8.0","","","4.0","","6.8","87","","16","","29.68","17.58","21.30","","","","",""
"2023-10-17","2023290","9:58","21.0","46.6266","9.0","","","4.8","","6.8","87","","27","","29.68","17.59","21.30","","","","",""
"2023-10-17","2023290","9:58","21.0","46.6266","10.0","","","4.7","","6.8","87","","28","","29.68","17.58","21.30","","","","",""
"2023-10-17","2023290","9:58","21.0","46.6266","11.0","","","5.1","","6.8","87","","31","","29.67","17.59","21.29","","","","",""
"2023-10-17","2023290","9:58","21.0","46.6266","12.0","","","5.2","","6.8","87","","35","","29.67","17.59","21.30","","","","",""
"2023-10-17","2023290","9:58","21.0","46.6266","13.0","","","5.0","","6.7","86","","24","","29.67","17.59","21.29","","","","",""
"2023-10-17","2023290","9:58","21.0","46.6266","14.0","","","5.7","","6.6","85","","41","","29.66","17.61","21.28","","","","",""
"2023-10-17","2023290","9:58","21.0","46.6266","15.0","","","5.7","","6.6","85","","45","","29.67","17.60","21.29","","","","",""
"2023-10-17","2023290","9:58","21.0","46.6266","16.0","","","6.2","","6.6","85","","45","","29.66","17.60","21.28","","","","",""
"2023-10-17","2023290","9:46","22.0","43.9210","1.0","","","7.0","","6.9","88","","5","0.81","29.48","17.87","21.08","","","","",""
"2023-10-17","2023290","9:46","22.0","43.9210","2.0","6.9","0.93","6.6","","6.9","88","4.6","6","","29.55","17.82","21.15","1.21","9.42","6.93","3.19","53.76"
"2023-10-17","2023290","9:46","22.0","43.9210","3.0","","","5.0","","6.9","88","","7","","29.58","17.77","21.18","","","","",""
"2023-10-17","2023290","9:46","22.0","43.9210","4.0","","","4.2","","6.9","88","","9","","29.61","17.73","21.22","","","","",""
"2023-10-17","2023290","9:46","22.0","43.9210","5.0","","","4.2","","6.8","87","","11","","29.62","17.71","21.23","","","","",""
"2023-10-17","2023290","9:46","22.0","43.9210","6.0","","","4.4","","6.8","87","","14","","29.63","17.70","21.23","","","","",""
"2023-10-17","2023290","9:46","22.0","43.9210","7.0","","","4.2","","6.8","87","","13","","29.62","17.70","21.23","","","","",""
"2023-10-17","2023290","9:46","22.0","43.9210","8.0","","","4.1","","6.8","87","","13","","29.57","17.70","21.19","","","","",""
"2023-10-17","2023290","9:46","22.0","43.9210","9.0","","","4.1","","6.8","87","","13","","29.56","17.70","21.18","","","","",""
"2023-10-17","2023290","9:46","22.0","43.9210","10.0","","","4.1","","6.8","87","","13","","29.57","17.69","21.19","","","","",""
"2023-10-17","2023290","9:46","22.0","43.9210","11.0","","","4.2","","6.8","87","","18","","29.57","17.68","21.19","","","","",""
"2023-10-17","2023290","9:46","22.0","43.9210","12.0","","","4.5","","6.8","87","","17","","29.57","17.68","21.19","","","","",""
"2023-10-17","2023290","9:46","22.0","43.9210","13.0","","","4.1","","6.7","86","","17","","29.57","17.68","21.19","","","","",""
"2023-10-17","2023290","9:46","22.0","43.9210","14.0","","","4.0","","6.6","85","","17","","29.57","17.68","21.19","","","","",""
"2023-10-17","2023290","9:46","22.0","43.9210","15.0","","","4.3","","6.6","85","","17","","29.57","17.68","21.19","","","","",""
"2023-10-17","2023290","9:46","22.0","43.9210","16.0","","","4.3","","6.6","85","","18","","29.57","17.67","21.20","","","","",""
"2023-10-17","2023290","9:46","22.0","43.9210","17.0","","","4.3","","6.6","85","","21","","29.57","17.67","21.20","","","","",""
"2023-10-17","2023290","9:46","22.0","43.9210","18.0","5.0","0.66","4.7","","6.6","85","28.1","23","","29.57","17.67","21.20","","","","",""
"2023-10-17","2023290","9:28","23.0","39.6557","1.0","","","7.4","","6.7","86","","8","0.92","29.38","18.93","20.75","","","","",""
"2023-10-17","2023290","9:28","23.0","39.6557","2.0","","","6.9","","6.6","85","","9","","29.38","18.91","20.76","","","","",""
"2023-10-17","2023290","9:28","23.0","39.6557","3.0","","","6.2","","6.6","85","","9","","29.40","18.90","20.77","","","","",""
"2023-10-17","2023290","9:28","23.0","39.6557","4.0","","","5.7","","6.6","85","","10","","29.43","18.89","20.79","","","","",""
"2023-10-17","2023290","9:28","23.0","39.6557","5.0","","","5.6","","6.6","85","","10","","29.44","18.85","20.82","","","","",""
"2023-10-17","2023290","9:28","23.0","39.6557","6.0","","","5.4","","6.6","85","","10","","29.45","18.84","20.82","","","","",""
"2023-10-17","2023290","9:28","23.0","39.6557","7.0","","","5.2","","6.6","85","","10","","29.45","18.84","20.82","","","","",""
"2023-10-17","2023290","9:28","23.0","39.6557","8.0","","","5.0","","6.6","85","","10","","29.45","18.84","20.82","","","","",""
"2023-10-17","2023290","9:28","23.0","39.6557","9.0","","","4.9","","6.6","85","","11","","29.45","18.85","20.82","","","","",""
"2023-10-17","2023290","9:28","23.0","39.6557","10.0","","","4.8","","6.6","85","","10","","29.45","18.85","20.82","","","","",""
"2023-10-17","2023290","9:28","23.0","39.6557","11.0","","","4.9","","6.6","85","","11","","29.45","18.85","20.82","","","","",""
"2023-10-17","2023290","9:28","23.0","39.6557","12.0","","","4.7","","6.6","85","","11","","29.46","18.84","20.83","","","","",""
"2023-10-17","2023290","9:28","23.0","39.6557","13.0","","","5.3","","6.6","85","","14","","29.51","18.69","20.91","","","","",""
"2023-10-17","2023290","9:11","24.0","37.0911","1.0","","","5.9","","6.6","85","","12","1.13","29.37","19.47","20.60","","","","",""
"2023-10-17","2023290","9:11","24.0","37.0911","2.0","5.7","0.83","5.5","","6.6","85","10.4","12","","29.37","19.46","20.61","1.66","13.56","9.78","5.41","81.54"
"2023-10-17","2023290","9:11","24.0","37.0911","3.0","","","4.9","","6.6","85","","12","","29.37","19.46","20.61","","","","",""
"2023-10-17","2023290","9:11","24.0","37.0911","4.0","","","4.7","","6.6","85","","13","","29.37","19.45","20.61","","","","",""
"2023-10-17","2023290","9:11","24.0","37.0911","5.0","","","4.5","","6.6","85","","13","","29.36","19.44","20.61","","","","",""
"2023-10-17","2023290","9:11","24.0","37.0911","6.0","","","4.9","","6.6","85","","14","","29.36","19.42","20.61","","","","",""
"2023-10-17","2023290","9:11","24.0","37.0911","7.0","","","4.9","","6.6","85","","15","","29.36","19.42","20.61","","","","",""
"2023-10-17","2023290","9:11","24.0","37.0911","8.0","","","4.8","","6.6","85","","15","","29.36","19.42","20.61","","","","",""
"2023-10-17","2023290","9:11","24.0","37.0911","9.0","4.7","0.75","4.6","","6.6","85","17.8","15","","29.36","19.42","20.61","","","","",""
"2023-10-17","2023290","8:58","25.0","32.8382","1.0","","","4.4","","6.6","85","","18","1.47","29.41","19.50","20.63","","","","",""
"2023-10-17","2023290","8:58","25.0","32.8382","2.0","","","4.3","","6.6","85","","18","","29.42","19.50","20.63","","","","",""
"2023-10-17","2023290","8:58","25.0","32.8382","3.0","","","4.2","","6.5","84","","18","","29.42","19.50","20.63","","","","",""
"2023-10-17","2023290","8:58","25.0","32.8382","4.0","","","4.3","","6.5","84","","19","","29.41","19.50","20.63","","","","",""
"2023-10-17","2023290","8:58","25.0","32.8382","5.0","","","4.3","","6.5","84","","20","","29.41","19.50","20.63","","","","",""
"2023-10-17","2023290","8:58","25.0","32.8382","6.0","","","4.3","","6.5","84","","21","","29.41","19.50","20.63","","","","",""
"2023-10-17","2023290","8:47","26.0","28.7560","1.0","","","4.5","","6.5","84","","18","1.41","29.41","19.51","20.63","","","","",""
"2023-10-17","2023290","8:47","26.0","28.7560","2.0","","","4.3","","6.5","84","","18","","29.41","19.51","20.63","","","","",""
"2023-10-17","2023290","8:47","26.0","28.7560","3.0","","","4.3","","6.5","84","","18","","29.41","19.51","20.63","","","","",""
"2023-10-17","2023290","8:47","26.0","28.7560","4.0","","","4.1","","6.5","84","","18","","29.41","19.52","20.63","","","","",""
"2023-10-17","2023290","8:47","26.0","28.7560","5.0","","","4.1","","6.5","84","","18","","29.41","19.52","20.63","","","","",""
"2023-10-17","2023290","8:47","26.0","28.7560","6.0","","","4.1","","6.5","84","","19","","29.41","19.52","20.63","","","","",""
"2023-10-17","2023290","8:47","26.0","28.7560","7.0","","","4.1","","6.5","84","","20","","29.41","19.52","20.63","","","","",""
"2023-10-17","2023290","8:47","26.0","28.7560","8.0","","","4.1","","6.5","84","","20","","29.41","19.52","20.63","","","","",""
"2023-10-17","2023290","8:47","26.0","28.7560","9.0","","","4.3","","6.5","84","","20","","29.41","19.52","20.63","","","","",""
"2023-10-17","2023290","8:36","27.0","26.1872","1.0","","","4.8","","6.5","84","","15","1.23","29.24","19.74","20.44","","","","",""
"2023-10-17","2023290","8:36","27.0","26.1872","2.0","4.9","0.87","4.6","","6.5","84","10.3","15","","29.24","19.74","20.44","1.55","15.71","8.50","7.96","112.51"
"2023-10-17","2023290","8:36","27.0","26.1872","3.0","","","4.5","","6.5","84","","15","","29.25","19.74","20.45","","","","",""
"2023-10-17","2023290","8:36","27.0","26.1872","4.0","","","4.5","","6.5","84","","16","","29.28","19.71","20.48","","","","",""
"2023-10-17","2023290","8:36","27.0","26.1872","5.0","","","4.4","","6.5","84","","18","","29.30","19.68","20.50","","","","",""
"2023-10-17","2023290","8:36","27.0","26.1872","6.0","","","4.5","","6.5","84","","19","","29.30","19.68","20.50","","","","",""
"2023-10-17","2023290","8:36","27.0","26.1872","7.0","","","4.5","","6.5","84","","18","","29.31","19.66","20.51","","","","",""
"2023-10-17","2023290","8:36","27.0","26.1872","8.0","","","4.6","","6.5","84","","21","","29.33","19.64","20.53","","","","",""
"2023-10-17","2023290","8:36","27.0","26.1872","9.0","4.6","0.75","4.8","","6.5","84","25.5","22","","29.34","19.63","20.54","","","","",""
"2023-10-17","2023290","8:26","28.0","23.5695","1.0","","","5.0","","6.4","84","","16","1.34","29.23","19.86","20.40","","","","",""
"2023-10-17","2023290","8:26","28.0","23.5695","2.0","","","4.9","","6.4","84","","16","","29.23","19.87","20.40","","","","",""
"2023-10-17","2023290","8:26","28.0","23.5695","3.0","","","4.9","","6.4","84","","16","","29.23","19.87","20.40","","","","",""
"2023-10-17","2023290","8:26","28.0","23.5695","4.0","","","4.9","","6.4","84","","17","","29.23","19.87","20.40","","","","",""
"2023-10-17","2023290","8:26","28.0","23.5695","5.0","","","4.8","","6.4","84","","17","","29.23","19.87","20.40","","","","",""
"2023-10-17","2023290","8:26","28.0","23.5695","6.0","","","4.8","","6.4","84","","18","","29.23","19.87","20.40","","","","",""
"2023-10-17","2023290","8:26","28.0","23.5695","7.0","","","4.9","","6.4","84","","18","","29.23","19.87","20.40","","","","",""
"2023-10-17","2023290","8:26","28.0","23.5695","8.0","","","5.0","","6.4","84","","20","","29.24","19.86","20.41","","","","",""
"2023-10-17","2023290","8:26","28.0","23.5695","9.0","","","5.0","","6.4","84","","23","","29.24","19.86","20.41","","","","",""
"2023-10-17","2023290","8:26","28.0","23.5695","10.0","","","5.1","","6.4","84","","23","","29.25","19.85","20.42","","","","",""
"2023-10-17","2023290","8:14","29.0","20.2526","1.0","","","4.9","","6.4","84","","15","1.24","29.15","19.90","20.33","","","","",""
"2023-10-17","2023290","8:14","29.0","20.2526","2.0","","","4.8","","6.4","84","","16","","29.15","19.90","20.33","","","","",""
"2023-10-17","2023290","8:14","29.0","20.2526","3.0","","","4.8","","6.4","84","","16","","29.15","19.90","20.33","","","","",""
"2023-10-17","2023290","8:14","29.0","20.2526","4.0","","","4.8","","6.4","84","","16","","29.15","19.90","20.33","","","","",""
"2023-10-17","2023290","8:14","29.0","20.2526","5.0","","","4.8","","6.4","84","","16","","29.16","19.90","20.34","","","","",""
"2023-10-17","2023290","8:14","29.0","20.2526","6.0","","","5.0","","6.4","84","","16","","29.16","19.90","20.34","","","","",""
"2023-10-17","2023290","8:14","29.0","20.2526","7.0","","","4.9","","6.4","84","","16","","29.16","19.91","20.34","","","","",""
"2023-10-17","2023290","8:14","29.0","20.2526","8.0","","","5.1","","6.4","84","","20","","29.19","19.92","20.36","","","","",""
"2023-10-17","2023290","8:14","29.0","20.2526","9.0","","","5.4","","6.4","84","","27","","29.20","19.93","20.36","","","","",""
"2023-10-17","2023290","8:14","29.0","20.2526","10.0","","","5.6","","6.4","84","","36","","29.20","19.93","20.36","","","","",""
"2023-10-17","2023290","8:14","29.0","20.2526","11.0","","","5.5","","6.4","84","","37","","29.20","19.93","20.36","","","","",""
"2023-10-17","2023290","8:14","29.0","20.2526","12.0","","","5.8","","6.4","84","","39","","29.20","19.93","20.36","","","","",""
"2023-10-17","2023290","8:00","30.0","14.7543","1.0","","","5.8","","6.5","86","","25","2.14","28.81","20.18","20.01","","","","",""
"2023-10-17","2023290","8:00","30.0","14.7543","2.0","6.0","0.79","5.7","","6.5","85","29.0","27","","28.82","20.18","20.01","1.81","21.78","9.85","9.04","128.89"
"2023-10-17","2023290","8:00","30.0","14.7543","3.0","","","5.5","","6.4","84","","28","","28.82","20.17","20.01","","","","",""
"2023-10-17","2023290","8:00","30.0","14.7543","4.0","","","5.6","","6.4","84","","31","","28.84","20.16","20.03","","","","",""
"2023-10-17","2023290","8:00","30.0","14.7543","5.0","","","5.7","","6.4","84","","32","","28.85","20.16","20.04","","","","",""
"2023-10-17","2023290","8:00","30.0","14.7543","6.0","","","5.7","","6.4","84","","32","","28.86","20.15","20.05","","","","",""
"2023-10-17","2023290","8:00","30.0","14.7543","7.0","","","5.7","","6.4","84","","34","","28.88","20.14","20.06","","","","",""
"2023-10-17","2023290","8:00","30.0","14.7543","8.0","","","5.8","","6.4","84","","34","","28.88","20.13","20.07","","","","",""
"2023-10-17","2023290","8:00","30.0","14.7543","9.0","6.4","0.71","6.0","","6.4","84","","34","","28.90","20.11","20.09","","","","",""
"2023-10-17","2023290","7:47","31.0","10.6065","1.0","","","5.9","","6.4","84","","22","1.88","28.48","20.20","19.74","","","","",""
"2023-10-17","2023290","7:47","31.0","10.6065","2.0","","","5.6","","6.4","84","","24","","28.53","20.22","19.78","","","","",""
"2023-10-17","2023290","7:47","31.0","10.6065","3.0","","","5.8","","6.4","84","","27","","28.56","20.23","19.80","","","","",""
"2023-10-17","2023290","7:47","31.0","10.6065","4.0","","","5.6","","6.4","84","","30","","28.59","20.25","19.81","","","","",""
"2023-10-17","2023290","7:47","31.0","10.6065","5.0","","","5.8","","6.4","84","","33","","28.60","20.26","19.82","","","","",""
"2023-10-17","2023290","7:47","31.0","10.6065","6.0","","","5.8","","6.4","84","","37","","28.62","20.26","19.84","","","","",""
"2023-10-17","2023290","7:47","31.0","10.6065","7.0","","","6.1","","6.4","84","","41","","28.63","20.26","19.84","","","","",""
"2023-10-17","2023290","7:47","31.0","10.6065","8.0","","","6.1","","6.4","84","","45","","28.64","20.26","19.85","","","","",""
"2023-10-17","2023290","7:47","31.0","10.6065","9.0","","","6.2","","6.4","84","","48","","28.66","20.26","19.86","","","","",""
"2023-10-17","2023290","7:47","31.0","10.6065","10.0","","","6.3","","6.4","84","","56","","28.69","20.27","19.89","","","","",""
"2023-10-17","2023290","7:37","32.0","8.1507","1.0","","","5.5","","6.3","83","","25","1.87","28.09","20.13","19.46","","","","",""
"2023-10-17","2023290","7:37","32.0","8.1507","2.0","5.0","0.81","5.3","","6.3","83","20.6","24","","28.08","20.13","19.46","2.16","28.20","9.78","9.35","136.37"
"2023-10-17","2023290","7:37","32.0","8.1507","3.0","","","5.2","","6.3","83","","24","","28.09","20.13","19.47","","","","",""
"2023-10-17","2023290","7:37","32.0","8.1507","4.0","","","5.3","","6.3","82","","25","","28.10","20.14","19.47","","","","",""
"2023-10-17","2023290","7:37","32.0","8.1507","5.0","","","5.4","","6.3","82","","29","","28.14","20.17","19.50","","","","",""
"2023-10-17","2023290","7:37","32.0","8.1507","6.0","","","5.6","","6.3","82","","42","","28.15","20.17","19.50","","","","",""
"2023-10-17","2023290","7:37","32.0","8.1507","7.0","","","5.7","","6.3","82","","49","","28.17","20.17","19.52","","","","",""
"2023-10-17","2023290","7:37","32.0","8.1507","8.0","","","6.0","","6.2","82","","68","","28.18","20.16","19.52","","","","",""
"2023-10-17","2023290","7:37","32.0","8.1507","9.0","6.9","0.45","6.3","","6.3","82","","83","","28.18","20.16","19.53","","","","",""
"2023-10-17","2023290","7:30","33.0","6.8085","1.0","","","5.7","","6.2","81","","31","","27.64","20.09","19.13","","","","",""
"2023-10-17","2023290","7:30","33.0","6.8085","2.0","","","5.5","","6.2","81","32.7","31","","27.66","20.10","19.15","","","","",""
"2023-10-17","2023290","7:30","33.0","6.8085","3.0","","","5.5","","6.2","81","","35","","27.69","20.11","19.16","","","","",""
"2023-10-17","2023290","7:30","33.0","6.8085","4.0","","","5.4","","6.2","81","","36","","27.75","20.12","19.21","","","","",""
"2023-10-17","2023290","7:30","33.0","6.8085","5.0","","","5.5","","6.2","80","","43","","27.79","20.11","19.24","","","","",""
"2023-10-17","2023290","7:30","33.0","6.8085","6.0","","","5.5","","6.2","80","","49","","27.79","20.10","19.25","","","","",""
"2023-10-17","2023290","7:30","33.0","6.8085","7.0","","","5.5","","6.2","81","","51","","27.81","20.10","19.26","","","","",""
"2023-10-17","2023290","7:30","33.0","6.8085","8.0","","","5.6","","6.2","81","","53","","27.82","20.10","19.27","","","","",""
"2023-10-17","2023290","7:30","33.0","6.8085","9.0","","","5.7","","6.2","81","","55","","27.82","20.10","19.27","","","","",""
"2023-10-17","2023290","7:30","33.0","6.8085","10.0","","","5.7","","6.1","79","","57","","27.85","20.10","19.29","","","","",""
"2023-10-17","2023290","7:19","34.0","3.5290","1.0","","","6.3","","6.2","80","","48","","27.10","19.93","18.77","","","","",""
"2023-10-17","2023290","7:19","34.0","3.5290","2.0","5.5","0.70","6.0","","6.2","80","54.0","50","","27.07","19.92","18.74","","","","",""
"2023-10-17","2023290","7:19","34.0","3.5290","3.0","","","6.1","","6.2","80","","50","","27.10","19.93","18.76","","","","",""
"2023-10-17","2023290","7:19","34.0","3.5290","4.0","","","6.0","","6.2","80","","56","","27.62","20.15","19.10","","","","",""
"2023-10-17","2023290","7:19","34.0","3.5290","5.0","","","6.1","","6.2","80","","62","","27.66","20.17","19.13","","","","",""
"2023-10-17","2023290","7:19","34.0","3.5290","6.0","6.3","0.63","6.2","","6.2","80","","62","","27.67","20.17","19.14","","","","",""
"2023-10-17","2023290","7:08","35.0","1.6576","1.0","","","6.3","","6.1","79","","62","","26.92","20.39","18.52","","","","",""
"2023-10-17","2023290","7:08","35.0","1.6576","2.0","5.6","0.68","6.1","","6.1","79","69.0","69","","27.07","20.39","18.63","","","","",""
"2023-10-17","2023290","7:08","35.0","1.6576","3.0","","","6.6","","6.1","79","","75","","27.24","20.39","18.75","","","","",""
"2023-10-17","2023290","7:08","35.0","1.6576","4.0","","","6.4","","6.1","79","","70","","27.43","20.37","18.90","","","","",""
"2023-10-17","2023290","7:08","35.0","1.6576","5.0","","","6.3","","6.1","79","","65","","27.53","20.34","18.99","","","","",""
"2023-10-17","2023290","7:08","35.0","1.6576","6.0","","","6.0","","6.1","79","","59","","27.59","20.34","19.03","","","","",""
"2023-10-17","2023290","7:00","36.0","0.0000","1.0","","","6.1","","5.9","77","","59","","25.55","20.18","17.53","","","","",""
"2023-10-17","2023290","7:00","36.0","0.0000","2.0","4.5","0.62","6.5","","5.9","77","77.0","80","","26.10","20.21","17.94","4.99","71.39","17.92","13.68","153.10"
"2023-10-17","2023290","7:00","36.0","0.0000","3.0","","","6.9","","5.9","77","","102","","26.18","20.17","18.01","","","","",""
"2023-10-17","2023290","7:00","36.0","0.0000","4.0","7.0","0.51","7.1","","5.9","77","","100","","26.24","20.16","18.05","","","","",""
"2023-10-17","2023290","14:52","649.0","132.9388","1.0","","","2.2","","8.3","91","","22","1.87","0.83","19.38","","","","","",""
"2023-10-17","2023290","14:52","649.0","132.9388","2.0","2.0","0.58","2.2","","8.3","91","21.1","23","","0.84","19.34","","0.16","11.71","1.86","1.60","153.10"
"2023-10-17","2023290","14:52","649.0","132.9388","3.0","","","2.2","","8.3","91","","22","","0.85","19.35","","","","","",""
"2023-10-17","2023290","14:52","649.0","132.9388","4.0","","","2.3","","8.3","91","","23","","0.88","19.36","","","","","",""
"2023-10-17","2023290","14:52","649.0","132.9388","5.0","","","2.2","","8.3","91","","22","","0.88","19.37","","","","","",""
"2023-10-17","2023290","14:52","649.0","132.9388","6.0","","","2.2","","8.3","91","","24","","0.87","19.31","","","","","",""
"2023-10-17","2023290","14:52","649.0","132.9388","7.0","","","2.2","","8.3","91","","25","","0.87","19.32","","","","","",""
"2023-10-17","2023290","14:52","649.0","132.9388","8.0","","","2.2","","8.3","90","","27","","0.86","19.27","","","","","",""
"2023-10-17","2023290","14:52","649.0","132.9388","9.0","","","2.2","","8.3","90","","28","","0.86","19.27","","","","","",""
"2023-10-17","2023290","14:52","649.0","132.9388","10.0","","","2.1","","8.3","90","","27","","0.87","19.28","","","","","",""
"2023-10-17","2023290","14:52","649.0","132.9388","11.0","","","2.1","","8.3","91","","26","","0.86","19.27","","","","","",""
"2023-10-17","2023290","14:52","649.0","132.9388","12.0","1.9","0.47","2.1","","8.3","91","30.2","28","","0.86","19.27","","","","","",""
"2023-10-17","2023290","15:34","657.0","147.2548","1.0","","","1.8","","8.6","92","","10","0.96","0.05","18.68","","","","","",""
"2023-10-17","2023290","15:34","657.0","147.2548","2.0","2.1","0.70","1.8","","8.6","92","7.2","10","","0.05","18.67","","0.09","14.49","0.93","1.41","246.39"
"2023-10-17","2023290","15:34","657.0","147.2548","3.0","","","2.1","","8.6","92","","10","","0.05","18.67","","","","","",""
"2023-10-17","2023290","15:34","657.0","147.2548","4.0","","","2.0","","8.6","92","","10","","0.05","18.67","","","","","",""
"2023-10-17","2023290","15:34","657.0","147.2548","5.0","","","2.0","","8.6","92","","10","","0.05","18.66","","","","","",""
"2023-10-17","2023290","15:34","657.0","147.2548","6.0","","","2.0","","8.6","92","","10","","0.05","18.66","","","","","",""
"2023-10-17","2023290","15:34","657.0","147.2548","7.0","","","2.1","","8.6","93","","10","","0.05","18.66","","","","","",""
"2023-10-17","2023290","15:34","657.0","147.2548","8.0","2.2","0.69","2.1","","8.6","92","8.2","10","","0.05","18.66","","","","","",""
"2023-11-07","2023311","14:05","2.0","127.7053","1.0","","","2.3","","8.4","89","","14","1.60","3.70","17.02","1.61","","","","",""
"2023-11-07","2023311","14:05","2.0","127.7053","2.0","","","2.1","","8.3","89","","15","","4.40","16.78","2.19","","","","",""
"2023-11-07","2023311","14:05","2.0","127.7053","3.0","","","1.8","","8.3","88","","18","","4.43","16.71","2.22","","","","",""
"2023-11-07","2023311","14:05","2.0","127.7053","4.0","","","1.7","","8.3","88","","18","","4.43","16.67","2.23","","","","",""
"2023-11-07","2023311","14:05","2.0","127.7053","5.0","","","1.7","","8.3","88","","18","","4.45","16.64","2.25","","","","",""
"2023-11-07","2023311","14:05","2.0","127.7053","6.0","","","1.8","","8.3","88","","18","","4.49","16.62","2.28","","","","",""
"2023-11-07","2023311","14:05","2.0","127.7053","7.0","","","1.8","","8.3","88","","19","","4.54","16.62","2.32","","","","",""
"2023-11-07","2023311","14:05","2.0","127.7053","8.0","","","1.8","","8.3","88","","20","","4.66","16.62","2.41","","","","",""
"2023-11-07","2023311","13:56","3.0","125.3243","1.0","","","2.2","","8.3","88","","10","1.53","4.70","16.77","2.42","","","","",""
"2023-11-07","2023311","13:56","3.0","125.3243","2.0","2.2","0.72","2.0","","8.3","88","12.7","10","","5.04","16.62","2.71","0.37","9.85","4.07","1.89","207.22"
"2023-11-07","2023311","13:56","3.0","125.3243","3.0","","","1.7","","8.2","87","","10","","5.39","16.63","2.97","","","","",""
"2023-11-07","2023311","13:56","3.0","125.3243","4.0","","","1.7","","8.2","88","","12","","5.65","16.65","3.17","","","","",""
"2023-11-07","2023311","13:56","3.0","125.3243","5.0","","","1.7","","8.2","88","","13","","5.73","16.66","3.23","","","","",""
"2023-11-07","2023311","13:56","3.0","125.3243","6.0","","","1.8","","8.2","88","","14","","5.80","16.66","3.28","","","","",""
"2023-11-07","2023311","13:56","3.0","125.3243","7.0","","","1.7","","8.2","88","","14","","5.86","16.66","3.33","","","","",""
"2023-11-07","2023311","13:56","3.0","125.3243","8.0","","","1.7","","8.2","88","","13","","5.91","16.66","3.36","","","","",""
"2023-11-07","2023311","13:56","3.0","125.3243","9.0","","","1.7","","8.2","88","","13","","6.01","16.66","3.44","","","","",""
"2023-11-07","2023311","13:56","3.0","125.3243","10.0","1.3","0.53","1.6","","8.2","87","20.2","17","","6.12","16.64","3.53","","","","",""
"2023-11-07","2023311","13:41","4.0","119.8957","1.0","","","2.3","","8.4","90","","12","1.45","5.63","16.97","3.09","","","","",""
"2023-11-07","2023311","13:41","4.0","119.8957","2.0","","","2.3","","8.3","89","","11","","6.35","16.98","3.64","","","","",""
"2023-11-07","2023311","13:41","4.0","119.8957","3.0","","","2.0","","8.3","89","","12","","6.71","16.80","3.95","","","","",""
"2023-11-07","2023311","13:41","4.0","119.8957","4.0","","","1.9","","8.3","89","","13","","6.87","16.70","4.09","","","","",""
"2023-11-07","2023311","13:41","4.0","119.8957","5.0","","","1.9","","8.2","89","","13","","6.96","16.68","4.16","","","","",""
"2023-11-07","2023311","13:41","4.0","119.8957","6.0","","","1.9","","8.2","88","","12","","7.11","16.69","4.27","","","","",""
"2023-11-07","2023311","13:41","4.0","119.8957","7.0","","","1.9","","8.2","88","","12","","7.25","16.72","4.37","","","","",""
"2023-11-07","2023311","13:41","4.0","119.8957","8.0","","","1.9","","8.1","88","","12","","7.68","16.72","4.70","","","","",""
"2023-11-07","2023311","13:41","4.0","119.8957","9.0","","","1.8","","8.1","88","","14","","7.80","16.70","4.80","","","","",""
"2023-11-07","2023311","13:41","4.0","119.8957","10.0","","","1.9","","8.1","88","","18","","7.83","16.67","4.83","","","","",""
"2023-11-07","2023311","13:41","4.0","119.8957","11.0","","","1.9","","8.1","88","","21","","7.84","16.67","4.83","","","","",""
"2023-11-07","2023311","13:41","4.0","119.8957","12.0","","","1.9","","8.1","87","","21","","7.85","16.66","4.84","","","","",""
"2023-11-07","2023311","13:41","4.0","119.8957","13.0","","","1.9","","8.1","87","","22","","7.86","16.66","4.85","","","","",""
"2023-11-07","2023311","13:41","4.0","119.8957","14.0","","","2.0","","8.1","88","","21","","7.86","16.66","4.85","","","","",""
"2023-11-07","2023311","13:41","4.0","119.8957","15.0","","","2.0","","8.1","87","","21","","7.87","16.66","4.86","","","","",""
"2023-11-07","2023311","13:41","4.0","119.8957","16.0","","","1.9","","8.1","87","","21","","7.88","16.66","4.87","","","","",""
"2023-11-07","2023311","13:28","5.0","115.6252","1.0","","","2.2","","8.3","89","","19","1.66","7.81","16.72","4.80","","","","",""
"2023-11-07","2023311","13:28","5.0","115.6252","2.0","","","2.1","","8.2","89","","20","","8.46","16.66","5.30","","","","",""
"2023-11-07","2023311","13:28","5.0","115.6252","3.0","","","1.9","","8.0","88","","19","","9.98","16.71","6.46","","","","",""
"2023-11-07","2023311","13:28","5.0","115.6252","4.0","","","1.8","","8.0","88","","18","","10.28","16.71","6.69","","","","",""
"2023-11-07","2023311","13:28","5.0","115.6252","5.0","","","1.8","","8.0","88","","21","","10.39","16.70","6.78","","","","",""
"2023-11-07","2023311","13:28","5.0","115.6252","6.0","","","1.9","","8.0","88","","26","","10.41","16.70","6.79","","","","",""
"2023-11-07","2023311","13:28","5.0","115.6252","7.0","","","1.9","","8.0","88","","27","","10.43","16.71","6.80","","","","",""
"2023-11-07","2023311","13:28","5.0","115.6252","8.0","","","1.9","","8.0","88","","27","","10.44","16.71","6.81","","","","",""
"2023-11-07","2023311","13:28","5.0","115.6252","9.0","","","1.9","","7.9","87","","27","","10.45","16.71","6.82","","","","",""
"2023-11-07","2023311","13:13","6.0","110.8977","1.0","","","2.3","","8.1","89","","16","1.40","10.23","17.15","6.57","","","","",""
"2023-11-07","2023311","13:13","6.0","110.8977","2.0","2.0","0.74","2.2","","8.0","88","13.7","16","","10.85","17.09","7.05","0.70","10.92","5.35","2.27","185.50"
"2023-11-07","2023311","13:13","6.0","110.8977","3.0","","","2.0","","7.9","88","","14","","12.32","16.78","8.22","","","","",""
"2023-11-07","2023311","13:13","6.0","110.8977","4.0","","","1.8","","7.9","87","","12","","12.58","16.77","8.43","","","","",""
"2023-11-07","2023311","13:13","6.0","110.8977","5.0","","","1.7","","7.8","87","","13","","12.73","16.77","8.54","","","","",""
"2023-11-07","2023311","13:13","6.0","110.8977","6.0","","","1.7","","7.8","87","","13","","12.81","16.77","8.60","","","","",""
"2023-11-07","2023311","13:13","6.0","110.8977","7.0","","","1.7","","7.8","87","","14","","12.84","16.77","8.62","","","","",""
"2023-11-07","2023311","13:13","6.0","110.8977","8.0","","","1.8","","7.8","87","","14","","12.91","16.77","8.68","","","","",""
"2023-11-07","2023311","13:13","6.0","110.8977","9.0","1.2","0.60","1.7","","7.8","87","16.6","15","","12.93","16.77","8.69","","","","",""
"2023-11-07","2023311","12:55","7.0","104.9810","1.0","","","2.2","","7.7","87","","12","1.44","14.78","16.98","10.07","","","","",""
"2023-11-07","2023311","12:55","7.0","104.9810","2.0","1.9","0.77","2.2","","7.6","86","","13","","15.75","16.84","10.83","","","","",""
"2023-11-07","2023311","12:55","7.0","104.9810","3.0","","","2.0","","7.5","86","","15","","16.22","16.76","11.21","","","","",""
"2023-11-07","2023311","12:55","7.0","104.9810","4.0","","","1.9","","7.5","86","","17","","16.50","16.71","11.43","","","","",""
"2023-11-07","2023311","12:55","7.0","104.9810","5.0","","","1.8","","7.5","86","","19","","16.56","16.70","11.48","","","","",""
"2023-11-07","2023311","12:55","7.0","104.9810","6.0","","","1.9","","7.5","85","","19","","16.68","16.68","11.58","","","","",""
"2023-11-07","2023311","12:55","7.0","104.9810","7.0","","","1.9","","7.5","85","","21","","16.83","16.66","11.69","","","","",""
"2023-11-07","2023311","12:55","7.0","104.9810","8.0","","","1.9","","7.5","85","","24","","16.94","16.65","11.78","","","","",""
"2023-11-07","2023311","12:55","7.0","104.9810","9.0","","","1.9","","7.5","86","","25","","16.99","16.64","11.82","","","","",""
"2023-11-07","2023311","12:55","7.0","104.9810","10.0","","","1.9","","7.5","85","","27","","17.04","16.64","11.86","","","","",""
"2023-11-07","2023311","12:55","7.0","104.9810","11.0","","","2.0","","7.5","86","","28","","17.07","16.64","11.88","","","","",""
"2023-11-07","2023311","12:55","7.0","104.9810","12.0","","","2.0","","7.5","85","","28","","17.12","16.64","11.92","","","","",""
"2023-11-07","2023311","12:55","7.0","104.9810","13.0","","","2.0","","7.5","85","","27","","17.19","16.63","11.97","","","","",""
"2023-11-07","2023311","12:55","7.0","104.9810","14.0","","","2.1","","7.5","85","","28","","17.23","16.63","12.00","","","","",""
"2023-11-07","2023311","12:39","8.0","99.7699","1.0","","","2.5","","7.5","86","","12","1.33","16.02","16.76","11.05","","","","",""
"2023-11-07","2023311","12:39","8.0","99.7699","2.0","2.8","0.82","2.5","","7.5","85","10.2","13","","17.08","16.62","11.89","","","","",""
"2023-11-07","2023311","12:39","8.0","99.7699","3.0","","","2.0","","7.4","85","","14","","17.41","16.61","12.14","","","","",""
"2023-11-07","2023311","12:39","8.0","99.7699","4.0","","","1.9","","7.4","85","","15","","17.83","16.59","12.47","","","","",""
"2023-11-07","2023311","12:39","8.0","99.7699","5.0","","","2.0","","7.4","85","","17","","18.42","16.58","12.92","","","","",""
"2023-11-07","2023311","12:39","8.0","99.7699","6.0","","","2.0","","7.4","85","","18","","18.86","16.57","13.26","","","","",""
"2023-11-07","2023311","12:39","8.0","99.7699","7.0","","","2.2","","7.4","85","","19","","19.19","16.56","13.52","","","","",""
"2023-11-07","2023311","12:39","8.0","99.7699","8.0","","","2.2","","7.4","85","","19","","19.25","16.56","13.56","","","","",""
"2023-11-07","2023311","12:39","8.0","99.7699","9.0","","","2.2","","7.4","85","","19","","19.35","16.55","13.64","","","","",""
"2023-11-07","2023311","12:39","8.0","99.7699","10.0","","","2.3","","7.3","85","","19","","19.51","16.52","13.76","","","","",""
"2023-11-07","2023311","12:24","9.0","96.7889","1.0","","","3.0","","7.5","86","","11","1.17","18.45","16.70","12.92","","","","",""
"2023-11-07","2023311","12:24","9.0","96.7889","2.0","2.5","0.82","2.7","","7.4","85","8.5","12","","19.08","16.61","13.42","0.86","11.14","5.35","2.57","128.54"
"2023-11-07","2023311","12:24","9.0","96.7889","3.0","","","2.6","","7.3","85","","12","","19.56","16.56","13.79","","","","",""
"2023-11-07","2023311","12:24","9.0","96.7889","4.0","","","2.3","","7.3","85","","13","","19.82","16.53","14.00","","","","",""
"2023-11-07","2023311","12:24","9.0","96.7889","5.0","","","2.1","","7.3","85","","13","","19.96","16.52","14.11","","","","",""
"2023-11-07","2023311","12:24","9.0","96.7889","6.0","","","2.1","","7.3","85","","13","","20.38","16.48","14.44","","","","",""
"2023-11-07","2023311","12:24","9.0","96.7889","7.0","","","2.1","","7.3","85","","15","","20.50","16.47","14.53","","","","",""
"2023-11-07","2023311","12:24","9.0","96.7889","8.0","","","2.1","","7.3","84","","15","","20.59","16.47","14.60","","","","",""
"2023-11-07","2023311","12:24","9.0","96.7889","9.0","","","2.0","","7.3","84","","15","","20.66","16.47","14.66","","","","",""
"2023-11-07","2023311","12:24","9.0","96.7889","10.0","","","2.0","","7.2","84","","16","","20.75","16.46","14.72","","","","",""
"2023-11-07","2023311","12:24","9.0","96.7889","11.0","","","2.0","","7.2","84","","17","","20.84","16.46","14.80","","","","",""
"2023-11-07","2023311","12:24","9.0","96.7889","12.0","","","2.0","","7.2","84","","17","","21.53","16.41","15.33","","","","",""
"2023-11-07","2023311","12:24","9.0","96.7889","13.0","","","2.0","","7.1","84","","20","","21.75","16.40","15.50","","","","",""
"2023-11-07","2023311","12:24","9.0","96.7889","14.0","","","2.0","","7.1","84","","22","","21.84","16.39","15.57","","","","",""
"2023-11-07","2023311","12:24","9.0","96.7889","15.0","","","2.0","","7.1","83","","24","","22.01","16.39","15.71","","","","",""
"2023-11-07","2023311","12:24","9.0","96.7889","16.0","","","2.1","","7.1","84","","23","","22.18","16.38","15.83","","","","",""
"2023-11-07","2023311","12:24","9.0","96.7889","17.0","","","2.1","","7.1","83","","24","","22.30","16.37","15.93","","","","",""
"2023-11-07","2023311","12:24","9.0","96.7889","18.0","","","2.1","","7.1","83","","25","","22.34","16.37","15.96","","","","",""
"2023-11-07","2023311","12:24","9.0","96.7889","19.0","","","2.1","","7.1","83","","26","","22.36","16.37","15.97","","","","",""
"2023-11-07","2023311","12:24","9.0","96.7889","20.0","","","2.1","","7.1","83","","27","","22.37","16.37","15.98","","","","",""
"2023-11-07","2023311","12:24","9.0","96.7889","21.0","","","2.1","","7.1","83","","28","","22.38","16.37","15.99","","","","",""
"2023-11-07","2023311","12:24","9.0","96.7889","22.0","","","2.1","","7.1","83","","30","","22.38","16.37","15.99","","","","",""
"2023-11-07","2023311","12:24","9.0","96.7889","23.0","","","2.2","","7.1","83","","33","","22.38","16.37","15.99","","","","",""
"2023-11-07","2023311","12:24","9.0","96.7889","24.0","","","2.2","","7.1","83","","36","","22.39","16.37","16.00","","","","",""
"2023-11-07","2023311","12:24","9.0","96.7889","25.0","","","2.3","","7.1","83","","39","","22.41","16.37","16.01","","","","",""
"2023-11-07","2023311","12:24","9.0","96.7889","26.0","","","2.4","","7.1","83","","43","","22.44","16.37","16.04","","","","",""
"2023-11-07","2023311","12:14","10.0","93.5951","1.0","","","3.2","","7.6","88","","9","1.35","20.28","16.61","14.33","","","","",""
"2023-11-07","2023311","12:14","10.0","93.5951","2.0","3.7","0.84","3.7","","7.5","88","10.0","10","","20.31","16.58","14.37","","","","",""
"2023-11-07","2023311","12:14","10.0","93.5951","3.0","","","3.5","","7.5","87","","10","","20.42","16.50","14.47","","","","",""
"2023-11-07","2023311","12:14","10.0","93.5951","4.0","","","3.1","","7.5","87","","10","","20.77","16.40","14.75","","","","",""
"2023-11-07","2023311","12:14","10.0","93.5951","5.0","","","2.9","","7.4","86","","10","","21.04","16.38","14.96","","","","",""
"2023-11-07","2023311","12:14","10.0","93.5951","6.0","","","2.7","","7.3","85","","10","","21.45","16.37","15.28","","","","",""
"2023-11-07","2023311","12:14","10.0","93.5951","7.0","","","2.5","","7.3","85","","12","","21.92","16.36","15.64","","","","",""
"2023-11-07","2023311","12:14","10.0","93.5951","8.0","","","2.5","","7.3","85","","14","","22.09","16.33","15.78","","","","",""
"2023-11-07","2023311","12:14","10.0","93.5951","9.0","","","2.6","","7.2","85","","14","","22.18","16.32","15.85","","","","",""
"2023-11-07","2023311","12:14","10.0","93.5951","10.0","","","2.6","","7.2","84","","15","","22.27","16.33","15.91","","","","",""
"2023-11-07","2023311","12:14","10.0","93.5951","11.0","","","2.6","","7.2","84","","15","","22.31","16.34","15.95","","","","",""
"2023-11-07","2023311","12:14","10.0","93.5951","12.0","","","2.5","","7.1","84","","16","","22.58","16.34","16.14","","","","",""
"2023-11-07","2023311","12:14","10.0","93.5951","13.0","","","2.5","","7.1","83","","17","","22.87","16.34","16.37","","","","",""
"2023-11-07","2023311","12:14","10.0","93.5951","14.0","","","2.5","","7.1","83","","18","","23.08","16.33","16.53","","","","",""
"2023-11-07","2023311","12:14","10.0","93.5951","15.0","","","2.4","","7.1","83","","20","","23.16","16.33","16.59","","","","",""
"2023-11-07","2023311","12:14","10.0","93.5951","16.0","","","2.3","","7.1","83","","22","","23.16","16.33","16.59","","","","",""
"2023-11-07","2023311","12:14","10.0","93.5951","17.0","","","2.3","","7.0","83","","22","","23.17","16.33","16.60","","","","",""
"2023-11-07","2023311","11:57","11.0","89.7672","1.0","","","3.9","","7.6","88","","11","0.85","20.93","16.50","14.85","","","","",""
"2023-11-07","2023311","11:57","11.0","89.7672","2.0","","","3.9","","7.5","88","","9","","21.35","16.37","15.21","","","","",""
"2023-11-07","2023311","11:57","11.0","89.7672","3.0","","","3.5","","7.5","87","","9","","21.64","16.35","15.43","","","","",""
"2023-11-07","2023311","11:57","11.0","89.7672","4.0","","","3.0","","7.4","87","","10","","21.91","16.34","15.64","","","","",""
"2023-11-07","2023311","11:57","11.0","89.7672","5.0","","","2.7","","7.4","86","","11","","22.00","16.34","15.71","","","","",""
"2023-11-07","2023311","11:57","11.0","89.7672","6.0","","","2.6","","7.4","86","","11","","22.04","16.33","15.74","","","","",""
"2023-11-07","2023311","11:57","11.0","89.7672","7.0","","","2.5","","7.3","85","","12","","22.17","16.32","15.84","","","","",""
"2023-11-07","2023311","11:57","11.0","89.7672","8.0","","","2.3","","7.1","84","","13","","22.97","16.31","16.45","","","","",""
"2023-11-07","2023311","11:57","11.0","89.7672","9.0","","","2.0","","7.0","83","","15","","23.83","16.31","17.11","","","","",""
"2023-11-07","2023311","11:57","11.0","89.7672","10.0","","","1.9","","7.0","83","","16","","24.13","16.30","17.34","","","","",""
"2023-11-07","2023311","11:57","11.0","89.7672","11.0","","","1.9","","7.0","83","","16","","24.57","16.26","17.69","","","","",""
"2023-11-07","2023311","11:57","11.0","89.7672","12.0","","","2.0","","6.9","82","","15","","24.72","16.23","17.80","","","","",""
"2023-11-07","2023311","11:57","11.0","89.7672","13.0","","","2.0","","6.9","82","","15","","24.81","16.22","17.88","","","","",""
"2023-11-07","2023311","11:57","11.0","89.7672","14.0","","","2.0","","6.9","82","","17","","24.96","16.21","17.99","","","","",""
"2023-11-07","2023311","11:57","11.0","89.7672","15.0","","","2.0","","6.9","82","","20","","25.02","16.20","18.04","","","","",""
"2023-11-07","2023311","11:57","11.0","89.7672","16.0","","","2.0","","6.9","81","","23","","25.04","16.20","18.06","","","","",""
"2023-11-07","2023311","11:57","11.0","89.7672","17.0","","","2.1","","6.9","82","","24","","25.10","16.20","18.10","","","","",""
"2023-11-07","2023311","11:57","11.0","89.7672","18.0","","","2.1","","6.9","82","","29","","25.11","16.20","18.12","","","","",""
"2023-11-07","2023311","11:57","11.0","89.7672","19.0","","","2.1","","6.9","81","","30","","25.12","16.19","18.13","","","","",""
"2023-11-07","2023311","11:57","11.0","89.7672","20.0","","","2.2","","6.8","81","","30","","25.13","16.19","18.13","","","","",""
"2023-11-07","2023311","11:57","11.0","89.7672","21.0","","","2.3","","6.8","81","","31","","25.15","16.19","18.15","","","","",""
"2023-11-07","2023311","11:45","12.0","84.4458","1.0","","","3.9","","7.5","88","","12","0.91","20.26","16.62","14.32","","","","",""
"2023-11-07","2023311","11:45","12.0","84.4458","2.0","","","3.7","","7.2","84","","12","","20.57","16.57","14.56","","","","",""
"2023-11-07","2023311","11:45","12.0","84.4458","3.0","","","3.3","","7.0","82","","11","","23.43","16.31","16.81","","","","",""
"2023-11-07","2023311","11:45","12.0","84.4458","4.0","","","2.6","","6.8","81","","9","","26.38","16.00","19.13","","","","",""
"2023-11-07","2023311","11:45","12.0","84.4458","5.0","","","2.3","","6.8","81","","10","","26.25","16.00","19.03","","","","",""
"2023-11-07","2023311","11:45","12.0","84.4458","6.0","","","2.1","","6.8","81","","10","","26.30","15.98","19.07","","","","",""
"2023-11-07","2023311","11:45","12.0","84.4458","7.0","","","2.1","","6.8","81","","10","","26.32","15.97","19.09","","","","",""
"2023-11-07","2023311","11:45","12.0","84.4458","8.0","","","2.3","","6.8","81","","11","","26.33","15.97","19.10","","","","",""
"2023-11-07","2023311","11:30","13.0","78.5444","1.0","","","5.7","","7.2","86","","6","0.56","26.05","16.21","18.83","","","","",""
"2023-11-07","2023311","11:30","13.0","78.5444","2.0","5.9","0.89","5.7","","7.1","85","6.4","5","","26.06","16.19","18.84","0.91","10.42","3.57","2.43","69.07"
"2023-11-07","2023311","11:30","13.0","78.5444","3.0","","","5.9","","7.1","84","","6","","26.18","16.07","18.96","","","","",""
"2023-11-07","2023311","11:30","13.0","78.5444","4.0","","","5.4","","7.0","83","","6","","26.44","15.94","19.19","","","","",""
"2023-11-07","2023311","11:30","13.0","78.5444","5.0","","","4.5","","6.9","82","","7","","26.61","15.90","19.33","","","","",""
"2023-11-07","2023311","11:30","13.0","78.5444","6.0","","","3.9","","6.8","82","","8","","26.75","15.87","19.44","","","","",""
"2023-11-07","2023311","11:30","13.0","78.5444","7.0","","","3.4","","6.8","81","","8","","26.82","15.86","19.49","","","","",""
"2023-11-07","2023311","11:30","13.0","78.5444","8.0","","","2.8","","6.8","81","","8","","26.89","15.84","19.56","","","","",""
"2023-11-07","2023311","11:30","13.0","78.5444","9.0","2.7","0.76","2.6","","6.7","80","8.5","9","","26.94","15.81","19.60","","","","",""
"2023-11-07","2023311","11:18","14.0","74.4288","1.0","","","5.9","","7.1","84","","5","0.80","26.39","15.94","19.15","","","","",""
"2023-11-07","2023311","11:18","14.0","74.4288","2.0","","","5.0","","6.9","82","","7","","26.93","15.81","19.60","","","","",""
"2023-11-07","2023311","11:18","14.0","74.4288","3.0","","","4.2","","6.8","81","","8","","27.29","15.74","19.89","","","","",""
"2023-11-07","2023311","11:18","14.0","74.4288","4.0","","","3.7","","6.8","81","","8","","27.64","15.66","20.17","","","","",""
"2023-11-07","2023311","11:18","14.0","74.4288","5.0","","","3.6","","6.8","81","","9","","27.68","15.65","20.20","","","","",""
"2023-11-07","2023311","11:18","14.0","74.4288","6.0","","","3.7","","6.7","81","","9","","27.72","15.64","20.24","","","","",""
"2023-11-07","2023311","11:18","14.0","74.4288","7.0","","","3.9","","6.7","80","","9","","27.77","15.63","20.28","","","","",""
"2023-11-07","2023311","11:18","14.0","74.4288","8.0","","","3.7","","6.7","80","","9","","27.87","15.60","20.36","","","","",""
"2023-11-07","2023311","11:18","14.0","74.4288","9.0","","","4.0","","6.7","79","","10","","27.97","15.59","20.43","","","","",""
"2023-11-07","2023311","11:18","14.0","74.4288","10.0","","","4.4","","6.6","79","","13","","28.10","15.55","20.55","","","","",""
"2023-11-07","2023311","11:18","14.0","74.4288","11.0","","","4.4","","6.6","79","","14","","28.17","15.53","20.60","","","","",""
"2023-11-07","2023311","11:18","14.0","74.4288","12.0","","","4.5","","6.7","79","","14","","28.18","15.52","20.61","","","","",""
"2023-11-07","2023311","11:18","14.0","74.4288","13.0","","","4.5","","6.6","79","","15","","28.18","15.52","20.61","","","","",""
"2023-11-07","2023311","11:18","14.0","74.4288","14.0","","","4.4","","6.6","79","","15","","28.19","15.52","20.62","","","","",""
"2023-11-07","2023311","11:18","14.0","74.4288","15.0","","","3.8","","6.6","79","","15","","28.21","15.51","20.64","","","","",""
"2023-11-07","2023311","11:04","15.0","69.9895","1.0","","","5.2","","7.5","89","","6","0.80","23.50","16.41","16.83","","","","",""
"2023-11-07","2023311","11:04","15.0","69.9895","2.0","4.1","0.85","4.9","","7.4","88","7.0","6","","24.03","16.28","17.27","0.89","12.57","4.07","2.53","92.57"
"2023-11-07","2023311","11:04","15.0","69.9895","3.0","","","5.7","","7.3","86","","5","","25.24","16.01","18.26","","","","",""
"2023-11-07","2023311","11:04","15.0","69.9895","4.0","","","5.8","","7.1","84","","5","","26.20","15.82","19.03","","","","",""
"2023-11-07","2023311","11:04","15.0","69.9895","5.0","","","5.3","","6.9","83","","6","","26.96","15.69","19.64","","","","",""
"2023-11-07","2023311","11:04","15.0","69.9895","6.0","","","4.5","","6.9","82","","7","","27.37","15.62","19.96","","","","",""
"2023-11-07","2023311","11:04","15.0","69.9895","7.0","","","4.2","","6.8","81","","7","","27.95","15.52","20.44","","","","",""
"2023-11-07","2023311","11:04","15.0","69.9895","8.0","","","4.2","","6.7","80","","8","","28.43","15.43","20.83","","","","",""
"2023-11-07","2023311","11:04","15.0","69.9895","9.0","","","4.2","","6.8","81","","8","","28.70","15.38","21.04","","","","",""
"2023-11-07","2023311","11:04","15.0","69.9895","10.0","","","4.9","","6.8","81","","7","","28.89","15.34","21.19","","","","",""
"2023-11-07","2023311","11:04","15.0","69.9895","11.0","","","5.0","","6.7","81","","8","","28.97","15.33","21.26","","","","",""
"2023-11-07","2023311","11:04","15.0","69.9895","12.0","","","5.2","","6.7","80","","8","","29.05","15.31","21.33","","","","",""
"2023-11-07","2023311","11:04","15.0","69.9895","13.0","","","5.0","","6.7","81","","8","","29.16","15.28","21.42","","","","",""
"2023-11-07","2023311","11:04","15.0","69.9895","14.0","","","4.8","","6.7","81","","9","","29.18","15.26","21.44","","","","",""
"2023-11-07","2023311","11:04","15.0","69.9895","15.0","","","4.8","","6.7","81","","9","","29.18","15.26","21.44","","","","",""
"2023-11-07","2023311","11:04","15.0","69.9895","16.0","","","4.8","","6.7","81","","9","","29.18","15.26","21.44","","","","",""
"2023-11-07","2023311","11:04","15.0","69.9895","17.0","","","4.8","","6.7","81","","9","","29.18","15.26","21.44","","","","",""
"2023-11-07","2023311","11:04","15.0","69.9895","18.0","","","4.5","","6.7","81","","9","","29.22","15.24","21.47","","","","",""
"2023-11-07","2023311","11:04","15.0","69.9895","19.0","","","4.5","","6.7","80","","9","","29.29","15.22","21.52","","","","",""
"2023-11-07","2023311","11:04","15.0","69.9895","20.0","","","4.4","","6.7","80","","10","","29.34","15.21","21.57","","","","",""
"2023-11-07","2023311","11:04","15.0","69.9895","21.0","","","4.3","","6.7","80","","11","","29.38","15.21","21.60","","","","",""
"2023-11-07","2023311","11:04","15.0","69.9895","22.0","","","4.4","","6.7","80","","12","","29.38","15.21","21.60","","","","",""
"2023-11-07","2023311","11:04","15.0","69.9895","23.0","5.0","0.67","4.6","","6.7","80","","14","","29.38","15.21","21.60","","","","",""
"2023-11-07","2023311","10:48","16.0","63.0794","1.0","","","4.9","","6.8","82","","4","0.63","29.76","15.22","21.89","","","","",""
"2023-11-07","2023311","10:48","16.0","63.0794","2.0","","","5.2","","6.8","81","","4","","29.89","15.07","22.02","","","","",""
"2023-11-07","2023311","10:48","16.0","63.0794","3.0","","","5.1","","6.7","80","","5","","30.08","14.98","22.19","","","","",""
"2023-11-07","2023311","10:48","16.0","63.0794","4.0","","","5.2","","6.6","79","","6","","30.24","14.95","22.32","","","","",""
"2023-11-07","2023311","10:48","16.0","63.0794","5.0","","","5.0","","6.6","79","","7","","30.28","14.92","22.35","","","","",""
"2023-11-07","2023311","10:48","16.0","63.0794","6.0","","","4.7","","6.6","79","","8","","30.29","14.92","22.36","","","","",""
"2023-11-07","2023311","10:48","16.0","63.0794","7.0","","","4.5","","6.6","79","","8","","30.32","14.90","22.39","","","","",""
"2023-11-07","2023311","10:48","16.0","63.0794","8.0","","","4.3","","6.6","78","","8","","30.36","14.88","22.42","","","","",""
"2023-11-07","2023311","10:48","16.0","63.0794","9.0","","","4.4","","6.6","78","","9","","30.38","14.86","22.44","","","","",""
"2023-11-07","2023311","10:48","16.0","63.0794","10.0","","","4.5","","6.6","78","","10","","30.39","14.86","22.45","","","","",""
"2023-11-07","2023311","10:48","16.0","63.0794","11.0","","","4.9","","6.5","78","","11","","30.41","14.85","22.47","","","","",""
"2023-11-07","2023311","10:35","17.0","58.8909","1.0","","","4.4","","6.8","82","","4","0.59","30.39","14.83","22.46","","","","",""
"2023-11-07","2023311","10:35","17.0","58.8909","2.0","5.6","0.79","5.1","","6.8","81","","5","","30.49","14.76","22.54","","","","",""
"2023-11-07","2023311","10:35","17.0","58.8909","3.0","","","5.1","","6.7","80","","5","","30.70","14.68","22.73","","","","",""
"2023-11-07","2023311","10:35","17.0","58.8909","4.0","","","4.7","","6.7","80","","5","","30.96","14.53","22.96","","","","",""
"2023-11-07","2023311","10:35","17.0","58.8909","5.0","","","4.3","","6.7","79","","7","","31.05","14.47","23.04","","","","",""
"2023-11-07","2023311","10:35","17.0","58.8909","6.0","","","4.5","","6.6","79","","8","","31.05","14.47","23.04","","","","",""
"2023-11-07","2023311","10:35","17.0","58.8909","7.0","","","4.3","","6.6","79","","8","","31.06","14.46","23.05","","","","",""
"2023-11-07","2023311","10:35","17.0","58.8909","8.0","","","4.5","","6.6","79","","9","","31.06","14.46","23.05","","","","",""
"2023-11-07","2023311","10:35","17.0","58.8909","9.0","","","4.7","","6.6","79","","10","","31.06","14.46","23.05","","","","",""
"2023-11-07","2023311","10:35","17.0","58.8909","10.0","","","4.5","","6.6","79","","10","","31.06","14.46","23.05","","","","",""
"2023-11-07","2023311","10:35","17.0","58.8909","11.0","","","4.3","","6.6","79","","10","","31.06","14.46","23.05","","","","",""
"2023-11-07","2023311","10:17","18.0","54.9481","1.0","","","3.7","","6.7","79","","6","0.75","30.66","14.67","22.70","","","","",""
"2023-11-07","2023311","10:17","18.0","54.9481","2.0","3.3","0.86","3.6","","6.7","79","5.8","6","","30.86","14.57","22.87","0.94","9.14","3.36","2.32","51.63"
"2023-11-07","2023311","10:17","18.0","54.9481","3.0","","","4.1","","6.7","79","","8","","30.90","14.54","22.91","","","","",""
"2023-11-07","2023311","10:17","18.0","54.9481","4.0","","","4.5","","6.7","79","","8","","30.92","14.52","22.93","","","","",""
"2023-11-07","2023311","10:17","18.0","54.9481","5.0","","","4.4","","6.7","79","","8","","30.94","14.51","22.95","","","","",""
"2023-11-07","2023311","10:17","18.0","54.9481","6.0","","","4.4","","6.7","79","","8","","30.95","14.50","22.95","","","","",""
"2023-11-07","2023311","10:17","18.0","54.9481","7.0","","","4.3","","6.7","79","","8","","30.95","14.50","22.95","","","","",""
"2023-11-07","2023311","10:17","18.0","54.9481","8.0","","","4.2","","6.7","79","","8","","30.95","14.50","22.96","","","","",""
"2023-11-07","2023311","10:17","18.0","54.9481","9.0","","","4.2","","6.7","79","","8","","30.96","14.50","22.96","","","","",""
"2023-11-07","2023311","10:17","18.0","54.9481","10.0","","","4.1","","6.7","79","","8","","30.96","14.50","22.97","","","","",""
"2023-11-07","2023311","10:17","18.0","54.9481","11.0","","","4.1","","6.7","79","","7","","31.05","14.46","23.04","","","","",""
"2023-11-07","2023311","10:17","18.0","54.9481","12.0","","","4.1","","6.7","79","","7","","31.07","14.44","23.06","","","","",""
"2023-11-07","2023311","10:17","18.0","54.9481","13.0","","","3.9","","6.7","79","","7","","31.16","14.39","23.14","","","","",""
"2023-11-07","2023311","10:17","18.0","54.9481","14.0","","","3.9","","6.7","79","","7","","31.20","14.37","23.17","","","","",""
"2023-11-07","2023311","10:17","18.0","54.9481","15.0","","","4.0","","6.7","79","","7","","31.24","14.35","23.21","","","","",""
"2023-11-07","2023311","10:17","18.0","54.9481","16.0","","","3.9","","6.6","79","","7","","31.26","14.34","23.23","","","","",""
"2023-11-07","2023311","10:17","18.0","54.9481","17.0","","","4.0","","6.6","79","","7","","31.28","14.32","23.25","","","","",""
"2023-11-07","2023311","10:17","18.0","54.9481","18.0","","","3.9","","6.6","78","","7","","31.33","14.28","23.30","","","","",""
"2023-11-07","2023311","10:17","18.0","54.9481","19.0","","","3.9","","6.6","79","","7","","31.36","14.26","23.32","","","","",""
"2023-11-07","2023311","10:17","18.0","54.9481","20.0","","","3.7","","6.6","78","","8","","31.37","14.26","23.33","","","","",""
"2023-11-07","2023311","10:17","18.0","54.9481","21.0","","","3.7","","6.6","78","","8","","31.37","14.25","23.33","","","","",""
"2023-11-07","2023311","10:17","18.0","54.9481","22.0","","","3.8","","6.6","78","","8","","31.38","14.25","23.34","","","","",""
"2023-11-07","2023311","10:17","18.0","54.9481","23.0","","","4.1","","6.6","78","","8","","31.39","14.25","23.35","","","","",""
"2023-11-07","2023311","10:17","18.0","54.9481","24.0","","","3.9","","6.6","79","","8","","31.39","14.24","23.35","","","","",""
"2023-11-07","2023311","10:17","18.0","54.9481","25.0","","","3.9","","6.6","79","","8","","31.40","14.24","23.36","","","","",""
"2023-11-07","2023311","10:17","18.0","54.9481","26.0","","","4.2","","6.6","79","","8","","31.39","14.24","23.35","","","","",""
"2023-11-07","2023311","10:17","18.0","54.9481","27.0","","","4.2","","6.6","79","","8","","31.40","14.24","23.36","","","","",""
"2023-11-07","2023311","10:17","18.0","54.9481","28.0","","","4.0","","6.6","79","","8","","31.40","14.24","23.36","","","","",""
"2023-11-07","2023311","10:17","18.0","54.9481","29.0","","","4.1","","6.6","79","","9","","31.40","14.24","23.36","","","","",""
"2023-11-07","2023311","10:17","18.0","54.9481","30.0","","","4.2","","6.6","79","","9","","31.40","14.24","23.36","","","","",""
"2023-11-07","2023311","10:17","18.0","54.9481","31.0","","","4.1","","6.6","79","","9","","31.40","14.24","23.36","","","","",""
"2023-11-07","2023311","10:17","18.0","54.9481","32.0","","","4.1","","6.6","79","","8","","31.40","14.24","23.36","","","","",""
"2023-11-07","2023311","10:17","18.0","54.9481","33.0","","","4.0","","6.6","79","","8","","31.40","14.24","23.36","","","","",""
"2023-11-07","2023311","10:17","18.0","54.9481","34.0","","","4.4","","6.6","79","","9","","31.40","14.24","23.36","","","","",""
"2023-11-07","2023311","10:17","18.0","54.9481","35.0","","","4.1","","6.7","79","","8","","31.40","14.24","23.36","","","","",""
"2023-11-07","2023311","10:17","18.0","54.9481","36.0","","","4.4","","6.7","79","","8","","31.40","14.24","23.36","","","","",""
"2023-11-07","2023311","10:17","18.0","54.9481","37.0","","","4.2","","6.7","79","","8","","31.41","14.24","23.36","","","","",""
"2023-11-07","2023311","10:17","18.0","54.9481","38.0","","","4.2","","6.7","79","","8","","31.41","14.24","23.36","","","","",""
"2023-11-07","2023311","10:17","18.0","54.9481","39.0","","","4.1","","6.7","79","","8","","31.42","14.23","23.38","","","","",""
"2023-11-07","2023311","10:17","18.0","54.9481","40.0","","","4.2","","6.7","79","","9","","31.43","14.23","23.38","","","","",""
"2023-11-07","2023311","10:17","18.0","54.9481","41.0","","","4.3","","6.7","79","","8","","31.43","14.23","23.38","","","","",""
"2023-11-07","2023311","10:17","18.0","54.9481","42.0","","","4.3","","6.7","79","","8","","31.45","14.22","23.40","","","","",""
"2023-11-07","2023311","10:17","18.0","54.9481","43.0","4.8","0.61","4.4","","6.7","79","11.2","9","","31.45","14.22","23.40","","","","",""
"2023-11-07","2023311","10:06","20.0","51.4501","1.0","","","4.8","","7.7","91","","6","0.80","29.13","15.84","21.27","","","","",""
"2023-11-07","2023311","10:06","20.0","51.4501","2.0","5.5","0.85","5.6","","7.0","83","","6","","29.30","15.68","21.44","","","","",""
"2023-11-07","2023311","10:06","20.0","51.4501","3.0","","","5.6","","7.0","84","","6","","29.64","15.41","21.76","","","","",""
"2023-11-07","2023311","10:06","20.0","51.4501","4.0","","","5.1","","7.0","84","","7","","30.28","14.97","22.34","","","","",""
"2023-11-07","2023311","10:06","20.0","51.4501","5.0","","","4.4","","6.7","79","","7","","30.38","14.89","22.44","","","","",""
"2023-11-07","2023311","10:06","20.0","51.4501","6.0","","","4.7","","6.7","79","","7","","30.40","14.85","22.46","","","","",""
"2023-11-07","2023311","10:06","20.0","51.4501","7.0","","","4.9","","6.7","79","","7","","30.45","14.80","22.51","","","","",""
"2023-11-07","2023311","10:06","20.0","51.4501","8.0","","","4.7","","6.7","79","","7","","30.54","14.73","22.60","","","","",""
"2023-11-07","2023311","10:06","20.0","51.4501","9.0","","","4.4","","6.7","79","","7","","30.58","14.70","22.63","","","","",""
"2023-11-07","2023311","10:06","20.0","51.4501","10.0","","","4.2","","6.7","79","","7","","30.61","14.69","22.66","","","","",""
"2023-11-07","2023311","10:06","20.0","51.4501","11.0","","","4.1","","6.7","79","","7","","30.64","14.67","22.68","","","","",""
"2023-11-07","2023311","10:06","20.0","51.4501","12.0","","","4.1","","6.7","79","","7","","30.73","14.62","22.76","","","","",""
"2023-11-07","2023311","10:06","20.0","51.4501","13.0","","","4.1","","6.7","79","","7","","30.83","14.58","22.85","","","","",""
"2023-11-07","2023311","10:06","20.0","51.4501","14.0","","","4.1","","6.7","79","","6","","30.93","14.54","22.94","","","","",""
"2023-11-07","2023311","10:06","20.0","51.4501","15.0","","","3.7","","6.7","79","","7","","30.95","14.53","22.95","","","","",""
"2023-11-07","2023311","10:06","20.0","51.4501","16.0","","","3.8","","6.7","79","","7","","30.96","14.52","22.96","","","","",""
"2023-11-07","2023311","10:06","20.0","51.4501","17.0","","","3.7","","6.7","79","","7","","30.96","14.52","22.96","","","","",""
"2023-11-07","2023311","10:06","20.0","51.4501","18.0","","","3.5","","6.7","80","","7","","30.97","14.51","22.97","","","","",""
"2023-11-07","2023311","10:06","20.0","51.4501","19.0","","","3.4","","6.7","79","","7","","30.98","14.50","22.98","","","","",""
"2023-11-07","2023311","10:06","20.0","51.4501","20.0","","","3.5","","6.7","79","","8","","30.99","14.50","22.99","","","","",""
"2023-11-07","2023311","10:06","20.0","51.4501","21.0","","","3.7","","6.7","79","","8","","31.00","14.49","22.99","","","","",""
"2023-11-07","2023311","10:06","20.0","51.4501","22.0","","","3.8","","6.7","79","","8","","31.01","14.48","23.00","","","","",""
"2023-11-07","2023311","10:06","20.0","51.4501","23.0","","","3.6","","6.7","79","","8","","31.02","14.48","23.02","","","","",""
"2023-11-07","2023311","10:06","20.0","51.4501","24.0","","","3.5","","6.7","79","","9","","31.02","14.48","23.02","","","","",""
"2023-11-07","2023311","9:54","21.0","46.6266","1.0","","","4.6","","6.9","84","","7","0.93","28.63","15.87","20.88","","","","",""
"2023-11-07","2023311","9:54","21.0","46.6266","2.0","5.8","0.85","5.6","","6.8","82","","7","","28.84","15.77","21.07","","","","",""
"2023-11-07","2023311","9:54","21.0","46.6266","3.0","","","5.0","","6.6","80","","8","","29.21","15.59","21.38","","","","",""
"2023-11-07","2023311","9:54","21.0","46.6266","4.0","","","4.2","","6.6","79","","8","","29.78","15.27","21.89","","","","",""
"2023-11-07","2023311","9:54","21.0","46.6266","5.0","","","3.6","","6.5","78","","7","","30.00","15.13","22.09","","","","",""
"2023-11-07","2023311","9:54","21.0","46.6266","6.0","","","3.4","","6.5","78","","7","","30.09","15.09","22.17","","","","",""
"2023-11-07","2023311","9:54","21.0","46.6266","7.0","","","3.5","","6.5","78","","7","","30.23","15.01","22.30","","","","",""
"2023-11-07","2023311","9:54","21.0","46.6266","8.0","","","3.8","","6.5","78","","8","","30.31","14.95","22.37","","","","",""
"2023-11-07","2023311","9:54","21.0","46.6266","9.0","","","3.9","","6.5","78","","8","","30.32","14.94","22.38","","","","",""
"2023-11-07","2023311","9:54","21.0","46.6266","10.0","","","3.8","","6.5","78","","8","","30.33","14.94","22.39","","","","",""
"2023-11-07","2023311","9:54","21.0","46.6266","11.0","","","3.7","","6.5","78","","8","","30.33","14.93","22.39","","","","",""
"2023-11-07","2023311","9:54","21.0","46.6266","12.0","","","3.8","","6.5","78","","8","","30.35","14.93","22.40","","","","",""
"2023-11-07","2023311","9:54","21.0","46.6266","13.0","","","3.9","","6.5","78","","8","","30.37","14.91","22.42","","","","",""
"2023-11-07","2023311","9:54","21.0","46.6266","14.0","","","3.9","","6.5","78","","8","","30.40","14.89","22.45","","","","",""
"2023-11-07","2023311","9:54","21.0","46.6266","15.0","","","3.7","","6.5","78","","8","","30.46","14.84","22.51","","","","",""
"2023-11-07","2023311","9:54","21.0","46.6266","16.0","","","3.7","","6.5","78","","8","","30.55","14.78","22.59","","","","",""
"2023-11-07","2023311","9:54","21.0","46.6266","17.0","","","3.6","","6.5","78","","8","","30.67","14.71","22.70","","","","",""
"2023-11-07","2023311","9:43","22.0","43.9210","1.0","","","5.8","","7.0","84","","5","0.70","28.92","15.66","21.15","","","","",""
"2023-11-07","2023311","9:43","22.0","43.9210","2.0","5.8","0.86","5.8","","7.0","84","5.2","5","","28.94","15.62","21.18","1.01","10.99","4.71","2.56","52.70"
"2023-11-07","2023311","9:43","22.0","43.9210","3.0","","","6.0","","7.0","84","","5","","28.95","15.57","21.19","","","","",""
"2023-11-07","2023311","9:43","22.0","43.9210","4.0","","","6.1","","6.9","83","","5","","28.96","15.53","21.21","","","","",""
"2023-11-07","2023311","9:43","22.0","43.9210","5.0","","","5.9","","6.9","82","","6","","29.03","15.47","21.28","","","","",""
"2023-11-07","2023311","9:43","22.0","43.9210","6.0","","","5.4","","6.8","82","","6","","29.20","15.39","21.42","","","","",""
"2023-11-07","2023311","9:43","22.0","43.9210","7.0","","","5.0","","6.8","81","","6","","29.24","15.37","21.45","","","","",""
"2023-11-07","2023311","9:43","22.0","43.9210","8.0","","","4.6","","6.7","81","","6","","29.29","15.36","21.50","","","","",""
"2023-11-07","2023311","9:43","22.0","43.9210","9.0","","","4.1","","6.7","80","","6","","29.38","15.35","21.57","","","","",""
"2023-11-07","2023311","9:43","22.0","43.9210","10.0","","","3.8","","6.7","80","","6","","29.49","15.33","21.66","","","","",""
"2023-11-07","2023311","9:43","22.0","43.9210","11.0","","","3.9","","6.7","80","","6","","29.51","15.32","21.68","","","","",""
"2023-11-07","2023311","9:43","22.0","43.9210","12.0","","","4.1","","6.7","80","","6","","29.53","15.32","21.69","","","","",""
"2023-11-07","2023311","9:43","22.0","43.9210","13.0","","","4.2","","6.6","79","","6","","29.57","15.31","21.72","","","","",""
"2023-11-07","2023311","9:43","22.0","43.9210","14.0","","","4.3","","6.6","79","","6","","29.62","15.29","21.77","","","","",""
"2023-11-07","2023311","9:43","22.0","43.9210","15.0","","","4.0","","6.6","79","","6","","29.70","15.26","21.84","","","","",""
"2023-11-07","2023311","9:43","22.0","43.9210","16.0","","","4.1","","6.6","79","","7","","29.73","15.25","21.86","","","","",""
"2023-11-07","2023311","9:43","22.0","43.9210","17.0","4.2","0.73","4.3","","6.5","78","8.6","8","","29.77","15.24","21.89","","","","",""
"2023-11-07","2023311","9:29","23.0","39.6557","1.0","","","4.7","","6.8","82","","7","0.85","29.23","15.83","21.35","","","","",""
"2023-11-07","2023311","9:29","23.0","39.6557","2.0","","","5.3","","6.8","82","","7","","29.24","15.82","21.36","","","","",""
"2023-11-07","2023311","9:29","23.0","39.6557","3.0","","","5.1","","6.8","82","","7","","29.25","15.84","21.36","","","","",""
"2023-11-07","2023311","9:29","23.0","39.6557","4.0","","","4.9","","6.7","82","","7","","29.28","15.86","21.38","","","","",""
"2023-11-07","2023311","9:29","23.0","39.6557","5.0","","","4.8","","6.7","81","","7","","29.29","15.86","21.39","","","","",""
"2023-11-07","2023311","9:29","23.0","39.6557","6.0","","","4.9","","6.7","81","","7","","29.30","15.85","21.41","","","","",""
"2023-11-07","2023311","9:29","23.0","39.6557","7.0","","","4.6","","6.7","81","","8","","29.32","15.84","21.42","","","","",""
"2023-11-07","2023311","9:29","23.0","39.6557","8.0","","","4.3","","6.7","81","","8","","29.32","15.85","21.42","","","","",""
"2023-11-07","2023311","9:29","23.0","39.6557","9.0","","","4.1","","6.7","81","","8","","29.33","15.85","21.42","","","","",""
"2023-11-07","2023311","9:29","23.0","39.6557","10.0","","","4.0","","6.7","81","","8","","29.33","15.85","21.42","","","","",""
"2023-11-07","2023311","9:29","23.0","39.6557","11.0","","","4.0","","6.6","80","","9","","29.33","15.85","21.42","","","","",""
"2023-11-07","2023311","9:29","23.0","39.6557","12.0","","","4.1","","6.7","81","","8","","29.33","15.85","21.43","","","","",""
"2023-11-07","2023311","9:29","23.0","39.6557","13.0","","","4.0","","6.7","81","","9","","29.34","15.85","21.43","","","","",""
"2023-11-07","2023311","9:29","23.0","39.6557","14.0","","","4.2","","6.6","80","","9","","29.34","15.85","21.43","","","","",""
"2023-11-07","2023311","9:29","23.0","39.6557","15.0","","","4.3","","6.6","80","","9","","29.34","15.84","21.44","","","","",""
"2023-11-07","2023311","9:17","24.0","37.0911","1.0","","","3.7","","6.7","80","","9","0.92","29.03","15.91","21.18","","","","",""
"2023-11-07","2023311","9:17","24.0","37.0911","2.0","4.4","0.82","4.3","","6.7","80","7.9","8","","29.03","15.91","21.18","1.11","11.99","6.14","2.81","53.05"
"2023-11-07","2023311","9:17","24.0","37.0911","3.0","","","4.3","","6.6","80","","8","","29.03","15.90","21.18","","","","",""
"2023-11-07","2023311","9:17","24.0","37.0911","4.0","","","4.3","","6.6","80","","8","","29.03","15.90","21.18","","","","",""
"2023-11-07","2023311","9:17","24.0","37.0911","5.0","","","4.4","","6.6","80","","8","","29.03","15.90","21.18","","","","",""
"2023-11-07","2023311","9:17","24.0","37.0911","6.0","","","4.4","","6.6","80","","9","","29.03","15.90","21.18","","","","",""
"2023-11-07","2023311","9:17","24.0","37.0911","7.0","","","4.2","","6.6","80","","8","","29.03","15.90","21.18","","","","",""
"2023-11-07","2023311","9:17","24.0","37.0911","8.0","","","4.2","","6.6","80","","9","","29.03","15.90","21.18","","","","",""
"2023-11-07","2023311","9:17","24.0","37.0911","9.0","","","4.1","","6.6","80","","9","","29.03","15.91","21.18","","","","",""
"2023-11-07","2023311","9:17","24.0","37.0911","10.0","4.1","0.78","4.0","","6.6","80","11.2","9","","29.05","15.93","21.19","","","","",""
"2023-11-07","2023311","9:06","25.0","32.8382","1.0","","","5.0","","6.6","82","","11","1.08","29.26","16.80","21.16","","","","",""
"2023-11-07","2023311","9:06","25.0","32.8382","2.0","","","5.0","","6.7","82","","11","","29.26","16.80","21.16","","","","",""
"2023-11-07","2023311","9:06","25.0","32.8382","3.0","","","5.3","","6.7","82","","11","","29.26","16.80","21.16","","","","",""
"2023-11-07","2023311","9:06","25.0","32.8382","4.0","","","5.5","","6.6","82","","10","","29.26","16.80","21.16","","","","",""
"2023-11-07","2023311","9:06","25.0","32.8382","5.0","","","5.0","","6.6","82","","11","","29.27","16.81","21.17","","","","",""
"2023-11-07","2023311","9:06","25.0","32.8382","6.0","","","4.9","","6.6","82","","12","","29.28","16.83","21.17","","","","",""
"2023-11-07","2023311","9:06","25.0","32.8382","7.0","","","5.1","","6.6","81","","12","","29.28","16.83","21.17","","","","",""
"2023-11-07","2023311","8:54","26.0","28.7560","1.0","","","4.7","","6.6","82","","12","1.18","29.48","17.50","21.17","","","","",""
"2023-11-07","2023311","8:54","26.0","28.7560","2.0","","","5.1","","6.6","82","","12","","29.48","17.50","21.17","","","","",""
"2023-11-07","2023311","8:54","26.0","28.7560","3.0","","","5.2","","6.6","82","","12","","29.48","17.50","21.17","","","","",""
"2023-11-07","2023311","8:54","26.0","28.7560","4.0","","","5.1","","6.6","82","","12","","29.48","17.50","21.17","","","","",""
"2023-11-07","2023311","8:54","26.0","28.7560","5.0","","","4.8","","6.6","82","","12","","29.48","17.50","21.17","","","","",""
"2023-11-07","2023311","8:54","26.0","28.7560","6.0","","","4.9","","6.5","82","","12","","29.48","17.48","21.17","","","","",""
"2023-11-07","2023311","8:54","26.0","28.7560","7.0","","","4.8","","6.5","82","","13","","29.48","17.48","21.18","","","","",""
"2023-11-07","2023311","8:54","26.0","28.7560","8.0","","","4.8","","6.5","82","","13","","29.48","17.48","21.18","","","","",""
"2023-11-07","2023311","8:54","26.0","28.7560","9.0","","","4.8","","6.6","82","","13","","29.48","17.47","21.18","","","","",""
"2023-11-07","2023311","8:54","26.0","28.7560","10.0","","","4.7","","6.5","82","","13","","29.48","17.48","21.18","","","","",""
"2023-11-07","2023311","8:39","27.0","26.1872","1.0","","","4.4","","6.6","83","","14","1.37","29.44","17.49","21.14","","","","",""
"2023-11-07","2023311","8:39","27.0","26.1872","2.0","4.1","0.75","4.3","","6.6","83","15.1","15","","29.44","17.49","21.14","1.72","16.99","5.93","6.85","90.08"
"2023-11-07","2023311","8:39","27.0","26.1872","3.0","","","4.4","","6.6","83","","15","","29.44","17.49","21.14","","","","",""
"2023-11-07","2023311","8:39","27.0","26.1872","4.0","","","4.1","","6.6","83","","15","","29.44","17.49","21.14","","","","",""
"2023-11-07","2023311","8:39","27.0","26.1872","5.0","","","4.1","","6.6","83","","15","","29.44","17.49","21.14","","","","",""
"2023-11-07","2023311","8:39","27.0","26.1872","6.0","","","4.1","","6.6","83","","16","","29.44","17.49","21.14","","","","",""
"2023-11-07","2023311","8:39","27.0","26.1872","7.0","","","4.0","","6.6","83","","16","","29.44","17.49","21.14","","","","",""
"2023-11-07","2023311","8:39","27.0","26.1872","8.0","","","4.1","","6.6","83","","16","","29.44","17.49","21.14","","","","",""
"2023-11-07","2023311","8:39","27.0","26.1872","9.0","","","3.9","","6.6","83","","17","","29.44","17.49","21.14","","","","",""
"2023-11-07","2023311","8:39","27.0","26.1872","10.0","4.0","0.67","4.0","","6.6","83","22.4","18","","29.44","17.49","21.14","","","","",""
"2023-11-07","2023311","8:29","28.0","23.5695","1.0","","","3.9","","6.6","83","","13","1.28","29.46","17.52","21.15","","","","",""
"2023-11-07","2023311","8:29","28.0","23.5695","2.0","","","3.9","","6.6","83","","13","","29.46","17.53","21.14","","","","",""
"2023-11-07","2023311","8:29","28.0","23.5695","3.0","","","4.0","","6.6","83","","14","","29.46","17.53","21.15","","","","",""
"2023-11-07","2023311","8:29","28.0","23.5695","4.0","","","3.6","","6.6","83","","14","","29.46","17.53","21.14","","","","",""
"2023-11-07","2023311","8:29","28.0","23.5695","5.0","","","3.5","","6.6","83","","14","","29.46","17.53","21.15","","","","",""
"2023-11-07","2023311","8:29","28.0","23.5695","6.0","","","3.4","","6.6","83","","14","","29.46","17.53","21.15","","","","",""
"2023-11-07","2023311","8:29","28.0","23.5695","7.0","","","3.5","","6.6","83","","14","","29.46","17.53","21.15","","","","",""
"2023-11-07","2023311","8:29","28.0","23.5695","8.0","","","3.5","","6.6","83","","15","","29.46","17.53","21.14","","","","",""
"2023-11-07","2023311","8:29","28.0","23.5695","9.0","","","3.3","","6.6","83","","15","","29.46","17.53","21.14","","","","",""
"2023-11-07","2023311","8:29","28.0","23.5695","10.0","","","3.4","","6.6","83","","15","","29.46","17.52","21.15","","","","",""
"2023-11-07","2023311","8:29","28.0","23.5695","11.0","","","3.4","","6.7","84","","16","","29.46","17.51","21.15","","","","",""
"2023-11-07","2023311","8:29","28.0","23.5695","12.0","","","3.3","","6.6","83","","16","","29.46","17.51","21.15","","","","",""
"2023-11-07","2023311","8:29","28.0","23.5695","13.0","","","3.5","","6.6","83","","17","","29.46","17.51","21.15","","","","",""
"2023-11-07","2023311","8:18","29.0","20.2526","1.0","","","3.3","","6.6","82","","15","1.34","29.40","17.58","21.09","","","","",""
"2023-11-07","2023311","8:18","29.0","20.2526","2.0","","","3.5","","6.6","82","","15","","29.40","17.58","21.09","","","","",""
"2023-11-07","2023311","8:18","29.0","20.2526","3.0","","","3.5","","6.6","82","","15","","29.40","17.58","21.09","","","","",""
"2023-11-07","2023311","8:18","29.0","20.2526","4.0","","","3.3","","6.6","82","","16","","29.40","17.58","21.09","","","","",""
"2023-11-07","2023311","8:18","29.0","20.2526","5.0","","","3.3","","6.6","83","","16","","29.40","17.58","21.09","","","","",""
"2023-11-07","2023311","8:18","29.0","20.2526","6.0","","","3.3","","6.6","82","","16","","29.40","17.58","21.09","","","","",""
"2023-11-07","2023311","8:18","29.0","20.2526","7.0","","","3.2","","6.6","82","","17","","29.40","17.58","21.09","","","","",""
"2023-11-07","2023311","8:18","29.0","20.2526","8.0","","","3.2","","6.6","82","","17","","29.40","17.58","21.08","","","","",""
"2023-11-07","2023311","8:18","29.0","20.2526","9.0","","","3.1","","6.6","82","","17","","29.40","17.58","21.09","","","","",""
"2023-11-07","2023311","8:18","29.0","20.2526","10.0","","","3.1","","6.6","82","","17","","29.40","17.58","21.09","","","","",""
"2023-11-07","2023311","8:18","29.0","20.2526","11.0","","","3.2","","6.6","82","","17","","29.40","17.58","21.09","","","","",""
"2023-11-07","2023311","8:18","29.0","20.2526","12.0","","","3.2","","6.6","83","","17","","29.40","17.58","21.09","","","","",""
"2023-11-07","2023311","8:18","29.0","20.2526","13.0","","","3.1","","6.6","83","","18","","29.40","17.58","21.09","","","","",""
"2023-11-07","2023311","8:18","29.0","20.2526","14.0","","","3.1","","6.6","82","","19","","29.40","17.58","21.09","","","","",""
"2023-11-07","2023311","8:18","29.0","20.2526","15.0","","","2.9","","6.5","82","","19","","29.40","17.58","21.09","","","","",""
"2023-11-07","2023311","8:04","30.0","14.7543","1.0","","","2.7","","6.6","83","","12","1.15","29.23","17.67","20.94","","","","",""
"2023-11-07","2023311","8:04","30.0","14.7543","2.0","3.1","0.79","2.8","","6.6","83","9.9","12","","29.23","17.66","20.94","1.77","21.20","10.57","7.73","107.53"
"2023-11-07","2023311","8:04","30.0","14.7543","3.0","","","2.7","","6.6","83","","12","","29.23","17.66","20.94","","","","",""
"2023-11-07","2023311","8:04","30.0","14.7543","4.0","","","2.6","","6.6","83","","12","","29.23","17.66","20.94","","","","",""
"2023-11-07","2023311","8:04","30.0","14.7543","5.0","","","2.6","","6.6","83","","12","","29.24","17.67","20.94","","","","",""
"2023-11-07","2023311","8:04","30.0","14.7543","6.0","","","2.5","","6.6","83","","12","","29.26","17.69","20.95","","","","",""
"2023-11-07","2023311","8:04","30.0","14.7543","7.0","","","2.5","","6.6","83","","13","","29.28","17.68","20.97","","","","",""
"2023-11-07","2023311","8:04","30.0","14.7543","8.0","","","2.6","","6.6","83","","18","","29.28","17.68","20.97","","","","",""
"2023-11-07","2023311","8:04","30.0","14.7543","9.0","","","2.6","","6.6","83","","24","","29.28","17.68","20.97","","","","",""
"2023-11-07","2023311","8:04","30.0","14.7543","10.0","2.5","0.50","2.6","","6.6","83","30.0","29","","29.28","17.68","20.97","","","","",""
"2023-11-07","2023311","7:50","31.0","10.6065","1.0","","","2.9","","6.7","84","","14","1.33","29.01","17.80","20.74","","","","",""
"2023-11-07","2023311","7:50","31.0","10.6065","2.0","","","2.9","","6.7","84","","14","","29.01","17.81","20.74","","","","",""
"2023-11-07","2023311","7:50","31.0","10.6065","3.0","","","2.8","","6.7","84","","15","","29.04","17.82","20.75","","","","",""
"2023-11-07","2023311","7:50","31.0","10.6065","4.0","","","2.8","","6.7","84","","15","","29.06","17.80","20.78","","","","",""
"2023-11-07","2023311","7:50","31.0","10.6065","5.0","","","2.7","","6.7","84","","15","","29.08","17.79","20.79","","","","",""
"2023-11-07","2023311","7:50","31.0","10.6065","6.0","","","2.8","","6.7","84","","15","","29.09","17.78","20.80","","","","",""
"2023-11-07","2023311","7:50","31.0","10.6065","7.0","","","2.8","","6.7","84","","16","","29.09","17.78","20.80","","","","",""
"2023-11-07","2023311","7:50","31.0","10.6065","8.0","","","2.7","","6.7","84","","16","","29.09","17.78","20.81","","","","",""
"2023-11-07","2023311","7:50","31.0","10.6065","9.0","","","2.7","","6.7","84","","16","","29.09","17.78","20.81","","","","",""
"2023-11-07","2023311","7:50","31.0","10.6065","10.0","","","2.7","","6.6","83","","18","","29.10","17.78","20.81","","","","",""
"2023-11-07","2023311","7:50","31.0","10.6065","11.0","","","2.8","","6.6","83","","20","","29.10","17.78","20.81","","","","",""
"2023-11-07","2023311","7:40","32.0","8.1507","1.0","","","3.0","","6.8","85","","15","1.17","28.82","17.83","20.59","","","","",""
"2023-11-07","2023311","7:40","32.0","8.1507","2.0","3.3","0.81","3.1","","6.8","85","11.5","15","","28.89","17.85","20.63","2.03","29.70","8.35","8.71","120.35"
"2023-11-07","2023311","7:40","32.0","8.1507","3.0","","","2.9","","6.8","85","","19","","28.93","17.86","20.66","","","","",""
"2023-11-07","2023311","7:40","32.0","8.1507","4.0","","","2.8","","6.8","85","","22","","28.95","17.87","20.68","","","","",""
"2023-11-07","2023311","7:40","32.0","8.1507","5.0","","","2.7","","6.8","85","","24","","28.96","17.87","20.68","","","","",""
"2023-11-07","2023311","7:40","32.0","8.1507","6.0","","","2.7","","6.8","86","","27","","28.96","17.88","20.69","","","","",""
"2023-11-07","2023311","7:40","32.0","8.1507","7.0","","","2.8","","6.8","86","","31","","28.97","17.88","20.69","","","","",""
"2023-11-07","2023311","7:40","32.0","8.1507","8.0","","","2.8","","6.8","86","","30","","28.97","17.88","20.69","","","","",""
"2023-11-07","2023311","7:40","32.0","8.1507","9.0","","","2.8","","6.8","86","","29","","28.97","17.88","20.69","","","","",""
"2023-11-07","2023311","7:40","32.0","8.1507","10.0","2.6","0.50","2.8","","6.8","85","","36","","28.97","17.88","20.69","","","","",""
"2023-11-07","2023311","7:32","33.0","6.8085","1.0","","","2.9","","6.9","86","","9","1.33","28.53","17.76","20.38","","","","",""
"2023-11-07","2023311","7:32","33.0","6.8085","2.0","","","2.8","","6.8","86","9.8","9","","28.64","17.83","20.45","","","","",""
"2023-11-07","2023311","7:32","33.0","6.8085","3.0","","","2.7","","6.8","86","","12","","28.76","17.88","20.53","","","","",""
"2023-11-07","2023311","7:32","33.0","6.8085","4.0","","","2.6","","6.8","86","","16","","28.78","17.89","20.54","","","","",""
"2023-11-07","2023311","7:32","33.0","6.8085","5.0","","","2.6","","6.8","86","","18","","28.78","17.89","20.54","","","","",""
"2023-11-07","2023311","7:32","33.0","6.8085","6.0","","","2.6","","6.8","86","","16","","28.77","17.89","20.54","","","","",""
"2023-11-07","2023311","7:32","33.0","6.8085","7.0","","","2.7","","6.8","86","","19","","28.79","17.90","20.55","","","","",""
"2023-11-07","2023311","7:32","33.0","6.8085","8.0","","","2.8","","6.8","86","","33","","28.81","17.91","20.56","","","","",""
"2023-11-07","2023311","7:32","33.0","6.8085","9.0","","","2.9","","6.8","85","","43","","28.82","17.91","20.57","","","","",""
"2023-11-07","2023311","7:32","33.0","6.8085","10.0","","","3.0","","6.8","85","","50","","28.83","17.91","20.57","","","","",""
"2023-11-07","2023311","7:32","33.0","6.8085","11.0","","","3.0","","6.8","85","","51","","28.82","17.91","20.57","","","","",""
"2023-11-07","2023311","7:32","33.0","6.8085","12.0","","","3.0","","6.8","85","","50","","28.82","17.92","20.56","","","","",""
"2023-11-07","2023311","7:20","34.0","3.5290","1.0","","","2.7","","6.7","84","","16","1.61","28.11","17.86","20.04","","","","",""
"2023-11-07","2023311","7:20","34.0","3.5290","2.0","2.5","0.73","2.5","","6.7","84","15.7","17","","28.18","17.89","20.08","","","","",""
"2023-11-07","2023311","7:20","34.0","3.5290","3.0","","","2.5","","6.7","84","","21","","28.27","17.92","20.14","","","","",""
"2023-11-07","2023311","7:20","34.0","3.5290","4.0","","","2.5","","6.7","84","","24","","28.32","17.93","20.18","","","","",""
"2023-11-07","2023311","7:20","34.0","3.5290","5.0","","","2.6","","6.7","84","","27","","28.33","17.93","20.19","","","","",""
"2023-11-07","2023311","7:20","34.0","3.5290","6.0","","","2.6","","6.7","84","","32","","28.32","17.93","20.18","","","","",""
"2023-11-07","2023311","7:20","34.0","3.5290","7.0","2.7","0.45","2.7","","6.7","84","","52","","28.32","17.93","20.18","","","","",""
"2023-11-07","2023311","7:09","35.0","1.6576","1.0","","","2.9","","6.7","84","","24","1.99","27.56","17.86","19.62","","","","",""
"2023-11-07","2023311","7:09","35.0","1.6576","2.0","2.8","0.71","2.8","","6.7","84","23.6","24","","27.56","17.86","19.62","","","","",""
"2023-11-07","2023311","7:09","35.0","1.6576","3.0","","","2.7","","6.7","84","","23","","27.57","17.86","19.62","","","","",""
"2023-11-07","2023311","7:09","35.0","1.6576","4.0","","","2.7","","6.8","84","","24","","27.57","17.85","19.63","","","","",""
"2023-11-07","2023311","7:09","35.0","1.6576","5.0","","","2.8","","6.7","84","","27","","27.57","17.85","19.63","","","","",""
"2023-11-07","2023311","7:09","35.0","1.6576","6.0","","","2.8","","6.7","84","","26","","27.57","17.85","19.63","","","","",""
"2023-11-07","2023311","7:01","36.0","0.0000","1.0","","","3.0","","6.7","83","","29","2.21","26.96","17.83","19.17","","","","",""
"2023-11-07","2023311","7:01","36.0","0.0000","2.0","2.9","0.67","2.9","","6.7","83","30.0","31","","26.96","17.84","19.16","3.17","45.98","10.85","10.95","145.98"
"2023-11-07","2023311","7:01","36.0","0.0000","3.0","","","2.9","","6.7","83","","34","","26.99","17.86","19.18","","","","",""
"2023-11-07","2023311","7:01","36.0","0.0000","4.0","","","3.0","","6.7","83","","37","","27.01","17.87","19.19","","","","",""
"2023-11-07","2023311","7:01","36.0","0.0000","5.0","2.8","0.62","3.0","","6.7","83","40.3","39","","27.01","17.87","19.19","","","","",""
"2023-11-07","2023311","14:20","649.0","132.9388","1.0","","","2.3","","8.5","89","","19","1.63","1.51","16.81","","","","","",""
"2023-11-07","2023311","14:20","649.0","132.9388","2.0","2.6","0.67","2.2","","8.5","89","16.1","18","","1.74","16.75","0.16","0.11","12.14","0.79","1.59","170.19"
"2023-11-07","2023311","14:20","649.0","132.9388","3.0","","","1.9","","8.5","88","","17","","1.93","16.68","0.32","","","","",""
"2023-11-07","2023311","14:20","649.0","132.9388","4.0","","","1.9","","8.5","88","","20","","2.08","16.70","0.43","","","","",""
"2023-11-07","2023311","14:20","649.0","132.9388","5.0","","","1.9","","8.5","88","","23","","2.14","16.72","0.47","","","","",""
"2023-11-07","2023311","14:20","649.0","132.9388","6.0","","","1.9","","8.4","88","","24","","2.26","16.72","0.56","","","","",""
"2023-11-07","2023311","14:20","649.0","132.9388","7.0","","","1.9","","8.4","88","","24","","2.30","16.72","0.59","","","","",""
"2023-11-07","2023311","14:20","649.0","132.9388","8.0","","","1.9","","8.5","88","","23","","2.35","16.73","0.63","","","","",""
"2023-11-07","2023311","14:20","649.0","132.9388","9.0","","","1.9","","8.4","88","","22","","2.40","16.73","0.67","","","","",""
"2023-11-07","2023311","14:20","649.0","132.9388","10.0","1.9","0.57","1.9","","8.4","88","19.5","21","","2.44","16.73","0.70","","","","",""
"2023-11-07","2023311","15:04","657.0","147.2548","1.0","","","1.7","","9.4","94","","7","0.62","0.05","15.27","","","","","",""
"2023-11-07","2023311","15:04","657.0","147.2548","2.0","2.1","0.79","1.8","","9.4","94","4.8","7","","0.05","15.27","","0.11","16.85","0.93","1.69","259.92"
"2023-11-07","2023311","15:04","657.0","147.2548","3.0","","","1.5","","9.3","93","","7","","0.05","15.26","","","","","",""
"2023-11-07","2023311","15:04","657.0","147.2548","4.0","","","1.5","","9.4","94","","7","","0.05","15.26","","","","","",""
"2023-11-07","2023311","15:04","657.0","147.2548","5.0","","","1.5","","9.3","93","","6","","0.05","15.26","","","","","",""
"2023-11-07","2023311","15:04","657.0","147.2548","6.0","","","1.5","","9.3","93","","6","","0.05","15.26","","","","","",""
"2023-11-07","2023311","15:04","657.0","147.2548","7.0","","","1.5","","9.4","94","","6","","0.05","15.25","","","","","",""
"2023-11-07","2023311","15:04","657.0","147.2548","8.0","","","1.6","","9.4","94","","7","","0.05","15.25","","","","","",""
"2023-11-07","2023311","15:04","657.0","147.2548","9.0","2.0","0.71","1.6","","9.3","94","6.4","7","","0.05","15.25","","","","","",""
"2023-12-06","2023340","14:25","2.0","127.7053","1.0","","","3.4","","8.7","86","","11","1.20","6.70","12.76","4.59","","","","",""
"2023-12-06","2023340","14:25","2.0","127.7053","2.0","","","2.2","","8.6","85","","12","","6.96","12.79","4.79","","","","",""
"2023-12-06","2023340","14:25","2.0","127.7053","3.0","","","1.9","","8.7","86","","13","","7.21","12.78","4.98","","","","",""
"2023-12-06","2023340","14:25","2.0","127.7053","4.0","","","1.8","","8.6","85","","13","","7.27","12.76","5.04","","","","",""
"2023-12-06","2023340","14:25","2.0","127.7053","5.0","","","1.7","","8.6","85","","14","","7.41","12.74","5.15","","","","",""
"2023-12-06","2023340","14:25","2.0","127.7053","6.0","","","1.8","","8.6","85","","14","","7.47","12.74","5.19","","","","",""
"2023-12-06","2023340","14:25","2.0","127.7053","7.0","","","1.9","","8.6","85","","16","","7.57","12.73","5.27","","","","",""
"2023-12-06","2023340","14:25","2.0","127.7053","8.0","","","2.0","","8.6","86","","18","","7.59","12.74","5.29","","","","",""
"2023-12-06","2023340","14:25","2.0","127.7053","9.0","","","2.0","","8.6","85","","18","","7.60","12.74","5.30","","","","",""
"2023-12-06","2023340","14:25","2.0","127.7053","10.0","","","2.1","","8.6","85","","22","","7.63","12.74","5.31","","","","",""
"2023-12-06","2023340","14:15","3.0","125.3243","1.0","4.0","0.87","4.2","","8.7","86","8.7","11","1.37","6.76","12.84","4.63","","","","",""
"2023-12-06","2023340","14:15","3.0","125.3243","2.0","","","3.0","","8.6","86","","13","","7.95","12.90","5.54","0.50","13.71","5.43","2.09","202.60"
"2023-12-06","2023340","14:15","3.0","125.3243","3.0","","","2.4","","8.6","86","","15","","8.13","12.87","5.69","","","","",""
"2023-12-06","2023340","14:15","3.0","125.3243","4.0","","","2.2","","8.5","85","","16","","8.38","12.81","5.88","","","","",""
"2023-12-06","2023340","14:15","3.0","125.3243","5.0","","","2.1","","8.5","85","","15","","8.51","12.77","5.99","","","","",""
"2023-12-06","2023340","14:15","3.0","125.3243","6.0","","","2.2","","8.5","85","","15","","8.77","12.74","6.19","","","","",""
"2023-12-06","2023340","14:15","3.0","125.3243","7.0","","","2.3","","8.5","85","","15","","8.93","12.74","6.31","","","","",""
"2023-12-06","2023340","14:15","3.0","125.3243","8.0","","","2.3","","8.5","85","","15","","8.99","12.74","6.37","","","","",""
"2023-12-06","2023340","14:15","3.0","125.3243","9.0","","","2.3","","8.5","85","","15","","9.03","12.75","6.40","","","","",""
"2023-12-06","2023340","14:15","3.0","125.3243","10.0","","","2.2","","8.5","85","","16","","9.13","12.75","6.47","","","","",""
"2023-12-06","2023340","14:15","3.0","125.3243","11.0","1.3","0.58","2.0","","8.4","84","16.8","16","","9.18","12.75","6.51","","","","",""
"2023-12-06","2023340","13:57","4.0","119.8957","1.0","","","3.5","","8.5","85","","14","1.45","8.40","12.95","5.88","","","","",""
"2023-12-06","2023340","13:57","4.0","119.8957","2.0","","","3.1","","8.6","86","","14","","8.50","12.95","5.96","","","","",""
"2023-12-06","2023340","13:57","4.0","119.8957","3.0","","","2.9","","8.5","85","","15","","9.06","12.94","6.39","","","","",""
"2023-12-06","2023340","13:57","4.0","119.8957","4.0","","","2.5","","8.4","85","","16","","9.76","12.86","6.94","","","","",""
"2023-12-06","2023340","13:57","4.0","119.8957","5.0","","","2.3","","8.4","85","","17","","9.98","12.81","7.12","","","","",""
"2023-12-06","2023340","13:57","4.0","119.8957","6.0","","","2.3","","8.4","85","","17","","10.29","12.78","7.36","","","","",""
"2023-12-06","2023340","13:57","4.0","119.8957","7.0","","","2.4","","8.3","84","","17","","10.71","12.80","7.68","","","","",""
"2023-12-06","2023340","13:57","4.0","119.8957","8.0","","","2.4","","8.4","85","","17","","10.79","12.80","7.75","","","","",""
"2023-12-06","2023340","13:57","4.0","119.8957","9.0","","","2.4","","8.3","84","","18","","10.88","12.81","7.81","","","","",""
"2023-12-06","2023340","13:57","4.0","119.8957","10.0","","","2.5","","8.4","85","","19","","10.97","12.80","7.88","","","","",""
"2023-12-06","2023340","13:57","4.0","119.8957","11.0","","","2.6","","8.3","84","","20","","11.11","12.81","7.99","","","","",""
"2023-12-06","2023340","13:57","4.0","119.8957","12.0","","","2.3","","8.3","85","","22","","11.41","12.82","8.22","","","","",""
"2023-12-06","2023340","13:57","4.0","119.8957","13.0","","","2.2","","8.3","85","","23","","11.63","12.82","8.39","","","","",""
"2023-12-06","2023340","13:57","4.0","119.8957","14.0","","","2.2","","8.3","84","","24","","11.73","12.83","8.46","","","","",""
"2023-12-06","2023340","13:57","4.0","119.8957","15.0","","","2.2","","8.4","85","","24","","11.82","12.84","8.53","","","","",""
"2023-12-06","2023340","13:57","4.0","119.8957","16.0","","","2.3","","8.3","85","","26","","11.88","12.84","8.58","","","","",""
"2023-12-06","2023340","13:57","4.0","119.8957","17.0","","","2.3","","8.2","84","","26","","12.03","12.85","8.69","","","","",""
"2023-12-06","2023340","13:44","5.0","115.6252","1.0","","","4.9","","8.3","84","","14","1.47","10.07","12.99","7.16","","","","",""
"2023-12-06","2023340","13:44","5.0","115.6252","2.0","","","4.9","","8.3","84","","14","","10.17","12.93","7.25","","","","",""
"2023-12-06","2023340","13:44","5.0","115.6252","3.0","","","2.9","","8.3","84","","17","","10.46","12.83","7.49","","","","",""
"2023-12-06","2023340","13:44","5.0","115.6252","4.0","","","2.3","","8.3","84","","18","","11.15","12.86","8.01","","","","",""
"2023-12-06","2023340","13:44","5.0","115.6252","5.0","","","2.2","","8.3","84","","16","","11.85","12.92","8.54","","","","",""
"2023-12-06","2023340","13:44","5.0","115.6252","6.0","","","2.1","","8.1","84","","14","","13.09","12.96","9.49","","","","",""
"2023-12-06","2023340","13:44","5.0","115.6252","7.0","","","2.2","","8.1","84","","15","","13.89","12.97","10.11","","","","",""
"2023-12-06","2023340","13:44","5.0","115.6252","8.0","","","2.1","","8.1","84","","17","","14.13","12.98","10.29","","","","",""
"2023-12-06","2023340","13:44","5.0","115.6252","9.0","","","2.1","","8.0","83","","17","","14.20","12.99","10.34","","","","",""
"2023-12-06","2023340","13:44","5.0","115.6252","10.0","","","2.1","","8.0","83","","18","","14.29","12.99","10.41","","","","",""
"2023-12-06","2023340","13:29","6.0","110.8977","1.0","","","4.9","","8.3","85","","13","1.37","11.51","12.97","8.28","","","","",""
"2023-12-06","2023340","13:29","6.0","110.8977","2.0","3.9","0.89","3.9","","8.3","85","11.9","13","","11.55","12.96","8.30","0.75","13.78","6.78","2.29","166.28"
"2023-12-06","2023340","13:29","6.0","110.8977","3.0","","","3.0","","8.2","85","","17","","12.35","12.98","8.92","","","","",""
"2023-12-06","2023340","13:29","6.0","110.8977","4.0","","","2.2","","8.1","84","","16","","14.71","13.12","10.71","","","","",""
"2023-12-06","2023340","13:29","6.0","110.8977","5.0","","","2.0","","8.0","84","","12","","16.39","13.09","12.01","","","","",""
"2023-12-06","2023340","13:29","6.0","110.8977","6.0","","","2.0","","8.0","84","","11","","16.52","13.09","12.11","","","","",""
"2023-12-06","2023340","13:29","6.0","110.8977","7.0","","","2.1","","8.0","84","","12","","16.69","13.10","12.24","","","","",""
"2023-12-06","2023340","13:29","6.0","110.8977","8.0","","","2.0","","7.9","84","","13","","16.89","13.11","12.39","","","","",""
"2023-12-06","2023340","13:29","6.0","110.8977","9.0","1.3","0.69","1.3","","7.9","84","14.1","13","","17.11","13.12","12.56","","","","",""
"2023-12-06","2023340","13:12","7.0","104.9810","1.0","","","2.5","","7.9","84","","11","1.14","18.65","13.28","13.72","","","","",""
"2023-12-06","2023340","13:12","7.0","104.9810","2.0","2.0","0.81","2.1","","7.8","84","","11","","18.81","13.26","13.84","","","","",""
"2023-12-06","2023340","13:12","7.0","104.9810","3.0","","","2.0","","7.8","84","","11","","18.91","13.25","13.92","","","","",""
"2023-12-06","2023340","13:12","7.0","104.9810","4.0","","","1.9","","7.8","84","","12","","19.01","13.25","14.00","","","","",""
"2023-12-06","2023340","13:12","7.0","104.9810","5.0","","","1.8","","7.8","84","","12","","19.03","13.25","14.02","","","","",""
"2023-12-06","2023340","13:12","7.0","104.9810","6.0","","","1.8","","7.8","84","","13","","19.08","13.25","14.05","","","","",""
"2023-12-06","2023340","13:12","7.0","104.9810","7.0","","","1.9","","7.8","84","","17","","19.36","13.23","14.28","","","","",""
"2023-12-06","2023340","13:12","7.0","104.9810","8.0","","","2.0","","7.8","84","","25","","19.50","13.23","14.39","","","","",""
"2023-12-06","2023340","13:12","7.0","104.9810","9.0","","","2.1","","7.8","84","","30","","19.60","13.23","14.46","","","","",""
"2023-12-06","2023340","13:12","7.0","104.9810","10.0","","","2.1","","7.8","84","","26","","19.75","13.23","14.57","","","","",""
"2023-12-06","2023340","13:12","7.0","104.9810","11.0","","","2.1","","7.8","84","","19","","19.85","13.23","14.65","","","","",""
"2023-12-06","2023340","13:12","7.0","104.9810","12.0","","","2.0","","7.8","84","","16","","20.00","13.23","14.76","","","","",""
"2023-12-06","2023340","13:12","7.0","104.9810","13.0","","","2.0","","7.8","85","","14","","20.18","13.23","14.90","","","","",""
"2023-12-06","2023340","13:12","7.0","104.9810","14.0","","","2.1","","7.7","83","","13","","20.33","13.24","15.02","","","","",""
"2023-12-06","2023340","12:55","8.0","99.7699","1.0","","","4.2","","7.7","84","","8","0.94","20.85","13.36","15.40","","","","",""
"2023-12-06","2023340","12:55","8.0","99.7699","2.0","3.2","0.86","2.8","","7.7","84","6.7","7","","20.95","13.35","15.48","","","","",""
"2023-12-06","2023340","12:55","8.0","99.7699","3.0","","","2.4","","7.7","84","","7","","21.05","13.35","15.55","","","","",""
"2023-12-06","2023340","12:55","8.0","99.7699","4.0","","","2.2","","7.7","84","","7","","21.34","13.32","15.78","","","","",""
"2023-12-06","2023340","12:55","8.0","99.7699","5.0","","","2.2","","7.6","84","","8","","21.67","13.31","16.04","","","","",""
"2023-12-06","2023340","12:55","8.0","99.7699","6.0","","","2.1","","7.6","83","","8","","22.02","13.31","16.31","","","","",""
"2023-12-06","2023340","12:55","8.0","99.7699","7.0","","","1.9","","7.6","83","","8","","22.27","13.32","16.50","","","","",""
"2023-12-06","2023340","12:55","8.0","99.7699","8.0","","","1.8","","7.6","84","","8","","22.43","13.32","16.62","","","","",""
"2023-12-06","2023340","12:55","8.0","99.7699","9.0","","","1.9","","7.6","84","","8","","22.46","13.32","16.65","","","","",""
"2023-12-06","2023340","12:55","8.0","99.7699","10.0","","","2.1","","7.6","83","","9","","22.57","13.32","16.73","","","","",""
"2023-12-06","2023340","12:55","8.0","99.7699","11.0","","","2.1","","7.6","83","","9","","22.70","13.32","16.83","","","","",""
"2023-12-06","2023340","12:55","8.0","99.7699","12.0","","","2.1","","7.6","84","","10","","22.79","13.33","16.90","","","","",""
"2023-12-06","2023340","12:55","8.0","99.7699","13.0","","","2.2","","7.5","83","","10","","22.90","13.33","16.98","","","","",""
"2023-12-06","2023340","12:55","8.0","99.7699","14.0","","","2.3","","7.5","83","","10","","23.08","13.34","17.12","","","","",""
"2023-12-06","2023340","12:55","8.0","99.7699","15.0","","","2.2","","7.5","83","","10","","23.11","13.34","17.14","","","","",""
"2023-12-06","2023340","12:39","9.0","96.7889","1.0","","","3.2","","8.0","86","","10","1.08","19.40","13.33","14.29","","","","",""
"2023-12-06","2023340","12:39","9.0","96.7889","2.0","2.5","0.85","3.0","","8.0","86","7.6","9","","19.74","13.34","14.54","0.92","12.99","7.07","2.41","119.63"
"2023-12-06","2023340","12:39","9.0","96.7889","3.0","","","3.1","","8.0","87","","9","","19.95","13.35","14.70","","","","",""
"2023-12-06","2023340","12:39","9.0","96.7889","4.0","","","3.2","","8.0","87","","9","","20.17","13.36","14.87","","","","",""
"2023-12-06","2023340","12:39","9.0","96.7889","5.0","","","3.4","","8.0","87","","8","","20.42","13.37","15.07","","","","",""
"2023-12-06","2023340","12:39","9.0","96.7889","6.0","","","3.3","","7.9","86","","7","","20.72","13.37","15.29","","","","",""
"2023-12-06","2023340","12:39","9.0","96.7889","7.0","","","2.8","","7.9","86","","7","","21.57","13.34","15.96","","","","",""
"2023-12-06","2023340","12:39","9.0","96.7889","8.0","","","2.3","","7.8","86","","7","","22.06","13.34","16.33","","","","",""
"2023-12-06","2023340","12:39","9.0","96.7889","9.0","","","2.0","","7.8","85","","7","","22.51","13.34","16.68","","","","",""
"2023-12-06","2023340","12:39","9.0","96.7889","10.0","","","1.9","","7.7","85","","8","","23.10","13.35","17.13","","","","",""
"2023-12-06","2023340","12:39","9.0","96.7889","11.0","","","1.9","","7.7","85","","8","","23.27","13.35","17.26","","","","",""
"2023-12-06","2023340","12:39","9.0","96.7889","12.0","","","1.9","","7.7","85","","9","","23.34","13.35","17.32","","","","",""
"2023-12-06","2023340","12:39","9.0","96.7889","13.0","","","1.9","","7.6","85","","9","","23.44","13.36","17.39","","","","",""
"2023-12-06","2023340","12:39","9.0","96.7889","14.0","","","1.9","","7.6","85","","10","","23.49","13.36","17.43","","","","",""
"2023-12-06","2023340","12:39","9.0","96.7889","15.0","","","1.9","","7.6","85","","10","","23.49","13.36","17.43","","","","",""
"2023-12-06","2023340","12:39","9.0","96.7889","16.0","","","1.9","","7.6","85","","11","","23.57","13.36","17.49","","","","",""
"2023-12-06","2023340","12:39","9.0","96.7889","17.0","","","2.0","","7.6","85","","11","","23.71","13.37","17.60","","","","",""
"2023-12-06","2023340","12:39","9.0","96.7889","18.0","","","2.0","","7.6","85","","12","","23.76","13.37","17.64","","","","",""
"2023-12-06","2023340","12:39","9.0","96.7889","19.0","","","2.0","","7.6","85","","13","","23.79","13.38","17.66","","","","",""
"2023-12-06","2023340","12:39","9.0","96.7889","20.0","","","1.9","","7.6","84","","13","","23.80","13.38","17.67","","","","",""
"2023-12-06","2023340","12:39","9.0","96.7889","21.0","","","2.0","","7.6","85","","13","","23.80","13.38","17.67","","","","",""
"2023-12-06","2023340","12:39","9.0","96.7889","22.0","","","1.9","","7.6","85","","13","","23.81","13.38","17.67","","","","",""
"2023-12-06","2023340","12:39","9.0","96.7889","23.0","","","1.9","","7.6","84","","13","","23.89","13.39","17.73","","","","",""
"2023-12-06","2023340","12:39","9.0","96.7889","24.0","","","1.9","","7.5","84","","14","","24.38","13.42","18.11","","","","",""
"2023-12-06","2023340","12:39","9.0","96.7889","25.0","","","1.9","","7.5","84","","15","","24.46","13.42","18.16","","","","",""
"2023-12-06","2023340","12:39","9.0","96.7889","26.0","","","1.9","","7.5","84","","15","","24.50","13.42","18.20","","","","",""
"2023-12-06","2023340","12:39","9.0","96.7889","27.0","","","2.0","","7.5","84","","16","","24.54","13.43","18.23","","","","",""
"2023-12-06","2023340","12:28","10.0","93.5951","1.0","","","3.9","","8.0","87","","11","1.04","19.38","13.41","14.25","","","","",""
"2023-12-06","2023340","12:28","10.0","93.5951","2.0","2.7","0.84","2.7","","7.9","86","","10","","20.55","13.36","15.17","","","","",""
"2023-12-06","2023340","12:28","10.0","93.5951","3.0","","","2.2","","7.7","85","","10","","22.08","13.34","16.35","","","","",""
"2023-12-06","2023340","12:28","10.0","93.5951","4.0","","","2.2","","7.8","85","","10","","22.23","13.34","16.47","","","","",""
"2023-12-06","2023340","12:28","10.0","93.5951","5.0","","","2.2","","7.7","85","","9","","22.56","13.35","16.72","","","","",""
"2023-12-06","2023340","12:28","10.0","93.5951","6.0","","","2.2","","7.7","85","","9","","23.36","13.36","17.33","","","","",""
"2023-12-06","2023340","12:28","10.0","93.5951","7.0","","","2.2","","7.6","85","","8","","23.83","13.38","17.69","","","","",""
"2023-12-06","2023340","12:28","10.0","93.5951","8.0","","","2.3","","7.6","84","","8","","24.28","13.41","18.03","","","","",""
"2023-12-06","2023340","12:28","10.0","93.5951","9.0","","","2.4","","7.5","84","","11","","24.50","13.42","18.20","","","","",""
"2023-12-06","2023340","12:28","10.0","93.5951","10.0","","","2.3","","7.5","84","","12","","24.62","13.43","18.29","","","","",""
"2023-12-06","2023340","12:28","10.0","93.5951","11.0","","","2.2","","7.5","84","","13","","24.74","13.43","18.38","","","","",""
"2023-12-06","2023340","12:28","10.0","93.5951","12.0","","","2.1","","7.5","84","","15","","24.77","13.43","18.41","","","","",""
"2023-12-06","2023340","12:28","10.0","93.5951","13.0","","","2.1","","7.5","84","","16","","24.80","13.44","18.43","","","","",""
"2023-12-06","2023340","12:28","10.0","93.5951","14.0","","","2.2","","7.5","84","","17","","24.84","13.44","18.46","","","","",""
"2023-12-06","2023340","12:28","10.0","93.5951","15.0","","","2.0","","7.5","84","","18","","24.95","13.44","18.54","","","","",""
"2023-12-06","2023340","12:28","10.0","93.5951","16.0","","","2.0","","7.5","84","","18","","25.27","13.45","18.78","","","","",""
"2023-12-06","2023340","12:11","11.0","89.7672","1.0","","","4.5","","8.0","87","","12","1.32","21.44","13.29","15.86","","","","",""
"2023-12-06","2023340","12:11","11.0","89.7672","2.0","","","3.9","","7.9","86","","14","","22.05","13.31","16.34","","","","",""
"2023-12-06","2023340","12:11","11.0","89.7672","3.0","","","3.5","","7.8","86","","18","","22.57","13.32","16.73","","","","",""
"2023-12-06","2023340","12:11","11.0","89.7672","4.0","","","3.1","","7.8","86","","20","","22.90","13.33","16.99","","","","",""
"2023-12-06","2023340","12:11","11.0","89.7672","5.0","","","3.1","","7.7","85","","21","","23.12","13.33","17.15","","","","",""
"2023-12-06","2023340","12:11","11.0","89.7672","6.0","","","2.9","","7.8","87","","18","","23.18","13.34","17.20","","","","",""
"2023-12-06","2023340","12:11","11.0","89.7672","7.0","","","2.7","","7.7","85","","15","","23.35","13.34","17.32","","","","",""
"2023-12-06","2023340","12:11","11.0","89.7672","8.0","","","2.1","","7.6","85","","12","","24.59","13.41","18.27","","","","",""
"2023-12-06","2023340","12:11","11.0","89.7672","9.0","","","1.6","","7.5","84","","8","","25.76","13.46","19.16","","","","",""
"2023-12-06","2023340","12:11","11.0","89.7672","10.0","","","1.6","","7.4","84","","7","","26.08","13.48","19.40","","","","",""
"2023-12-06","2023340","12:11","11.0","89.7672","11.0","","","1.5","","7.4","84","","8","","26.19","13.49","19.49","","","","",""
"2023-12-06","2023340","12:11","11.0","89.7672","12.0","","","1.5","","7.4","84","","9","","26.39","13.50","19.64","","","","",""
"2023-12-06","2023340","12:11","11.0","89.7672","13.0","","","1.6","","7.4","84","","11","","26.53","13.50","19.75","","","","",""
"2023-12-06","2023340","12:11","11.0","89.7672","14.0","","","1.6","","7.4","84","","13","","26.62","13.50","19.82","","","","",""
"2023-12-06","2023340","12:11","11.0","89.7672","15.0","","","1.7","","7.4","84","","13","","26.67","13.51","19.85","","","","",""
"2023-12-06","2023340","12:11","11.0","89.7672","16.0","","","1.6","","7.4","84","","14","","26.72","13.51","19.89","","","","",""
"2023-12-06","2023340","12:11","11.0","89.7672","17.0","","","1.5","","7.4","84","","14","","26.73","13.51","19.90","","","","",""
"2023-12-06","2023340","12:11","11.0","89.7672","18.0","","","1.6","","7.3","83","","15","","26.78","13.52","19.94","","","","",""
"2023-12-06","2023340","12:11","11.0","89.7672","19.0","","","1.6","","7.3","83","","18","","26.82","13.52","19.97","","","","",""
"2023-12-06","2023340","12:11","11.0","89.7672","20.0","","","1.5","","7.3","83","","18","","26.82","13.52","19.97","","","","",""
"2023-12-06","2023340","12:11","11.0","89.7672","21.0","","","1.6","","7.3","83","","20","","26.82","13.52","19.97","","","","",""
"2023-12-06","2023340","11:58","12.0","84.4458","1.0","","","3.6","","8.0","87","","12","1.29","20.84","13.36","15.39","","","","",""
"2023-12-06","2023340","11:58","12.0","84.4458","2.0","","","3.4","","7.9","87","","12","","22.58","13.35","16.73","","","","",""
"2023-12-06","2023340","11:58","12.0","84.4458","3.0","","","3.2","","7.6","85","","9","","25.21","13.43","18.74","","","","",""
"2023-12-06","2023340","11:58","12.0","84.4458","4.0","","","1.6","","7.4","84","","7","","27.33","13.53","20.36","","","","",""
"2023-12-06","2023340","11:58","12.0","84.4458","5.0","","","1.3","","7.3","84","","6","","27.36","13.53","20.38","","","","",""
"2023-12-06","2023340","11:58","12.0","84.4458","6.0","","","1.2","","7.3","84","","7","","27.44","13.53","20.44","","","","",""
"2023-12-06","2023340","11:58","12.0","84.4458","7.0","","","1.2","","7.3","83","","8","","27.51","13.53","20.50","","","","",""
"2023-12-06","2023340","11:58","12.0","84.4458","8.0","","","1.3","","7.3","83","","9","","27.70","13.54","20.64","","","","",""
"2023-12-06","2023340","11:44","13.0","78.5444","1.0","","","3.6","","7.7","88","","3","0.73","25.99","13.57","19.32","","","","",""
"2023-12-06","2023340","11:44","13.0","78.5444","2.0","3.3","0.88","3.6","","7.7","88","3.5","3","","26.11","13.57","19.41","0.91","10.07","5.50","2.31","72.28"
"2023-12-06","2023340","11:44","13.0","78.5444","3.0","","","3.6","","7.6","87","","3","","26.67","13.60","19.84","","","","",""
"2023-12-06","2023340","11:44","13.0","78.5444","4.0","","","3.5","","7.6","86","","3","","26.98","13.61","20.07","","","","",""
"2023-12-06","2023340","11:44","13.0","78.5444","5.0","","","2.8","","7.5","86","","4","","27.03","13.59","20.12","","","","",""
"2023-12-06","2023340","11:44","13.0","78.5444","6.0","","","2.4","","7.4","85","","5","","27.45","13.55","20.45","","","","",""
"2023-12-06","2023340","11:44","13.0","78.5444","7.0","","","1.8","","7.4","85","","6","","27.78","13.55","20.70","","","","",""
"2023-12-06","2023340","11:44","13.0","78.5444","8.0","","","1.4","","7.3","84","","10","","27.91","13.55","20.80","","","","",""
"2023-12-06","2023340","11:44","13.0","78.5444","9.0","1.6","0.65","1.4","","7.3","84","14.7","13","","27.93","13.55","20.82","","","","",""
"2023-12-06","2023340","11:32","14.0","74.4288","1.0","","","3.4","","7.6","87","","3","0.66","26.94","13.61","20.05","","","","",""
"2023-12-06","2023340","11:32","14.0","74.4288","2.0","","","3.8","","7.6","86","","3","","27.07","13.59","20.15","","","","",""
"2023-12-06","2023340","11:32","14.0","74.4288","3.0","","","3.8","","7.5","86","","3","","27.41","13.56","20.42","","","","",""
"2023-12-06","2023340","11:32","14.0","74.4288","4.0","","","2.8","","7.5","85","","3","","27.95","13.55","20.84","","","","",""
"2023-12-06","2023340","11:32","14.0","74.4288","5.0","","","2.1","","7.4","85","","4","","28.05","13.56","20.91","","","","",""
"2023-12-06","2023340","11:32","14.0","74.4288","6.0","","","1.9","","7.4","85","","4","","28.14","13.56","20.98","","","","",""
"2023-12-06","2023340","11:32","14.0","74.4288","7.0","","","1.9","","7.4","85","","5","","28.22","13.56","21.04","","","","",""
"2023-12-06","2023340","11:32","14.0","74.4288","8.0","","","1.7","","7.4","85","","5","","28.22","13.56","21.04","","","","",""
"2023-12-06","2023340","11:32","14.0","74.4288","9.0","","","1.4","","7.4","85","","4","","28.25","13.56","21.06","","","","",""
"2023-12-06","2023340","11:32","14.0","74.4288","10.0","","","1.3","","7.4","85","","5","","28.32","13.56","21.12","","","","",""
"2023-12-06","2023340","11:32","14.0","74.4288","11.0","","","1.4","","7.4","85","","5","","28.51","13.57","21.26","","","","",""
"2023-12-06","2023340","11:32","14.0","74.4288","12.0","","","1.3","","7.3","84","","6","","28.61","13.58","21.34","","","","",""
"2023-12-06","2023340","11:32","14.0","74.4288","13.0","","","1.2","","7.3","84","","7","","28.64","13.58","21.36","","","","",""
"2023-12-06","2023340","11:32","14.0","74.4288","14.0","","","1.4","","7.3","84","","9","","28.65","13.58","21.37","","","","",""
"2023-12-06","2023340","11:17","15.0","69.9895","1.0","","","5.1","","7.5","85","","8","0.84","26.09","13.53","19.40","","","","",""
"2023-12-06","2023340","11:17","15.0","69.9895","2.0","3.9","0.86","3.8","","7.5","85","8.8","8","","27.18","13.54","20.24","0.92","10.00","6.21","2.45","84.74"
"2023-12-06","2023340","11:17","15.0","69.9895","3.0","","","3.1","","7.5","85","","6","","27.58","13.53","20.55","","","","",""
"2023-12-06","2023340","11:17","15.0","69.9895","4.0","","","3.0","","7.5","85","","5","","27.71","13.53","20.66","","","","",""
"2023-12-06","2023340","11:17","15.0","69.9895","5.0","","","2.7","","7.5","85","","4","","27.86","13.53","20.77","","","","",""
"2023-12-06","2023340","11:17","15.0","69.9895","6.0","","","2.5","","7.4","85","","4","","27.95","13.53","20.84","","","","",""
"2023-12-06","2023340","11:17","15.0","69.9895","7.0","","","2.5","","7.4","85","","4","","27.99","13.54","20.87","","","","",""
"2023-12-06","2023340","11:17","15.0","69.9895","8.0","","","2.4","","7.4","85","","4","","28.05","13.54","20.92","","","","",""
"2023-12-06","2023340","11:17","15.0","69.9895","9.0","","","2.1","","7.4","85","","4","","28.71","13.57","21.42","","","","",""
"2023-12-06","2023340","11:17","15.0","69.9895","10.0","","","1.7","","7.3","85","","4","","29.19","13.59","21.79","","","","",""
"2023-12-06","2023340","11:17","15.0","69.9895","11.0","","","2.0","","7.3","85","","4","","29.21","13.59","21.80","","","","",""
"2023-12-06","2023340","11:17","15.0","69.9895","12.0","","","1.9","","7.4","85","","4","","29.26","13.58","21.84","","","","",""
"2023-12-06","2023340","11:17","15.0","69.9895","13.0","","","1.8","","7.4","85","","4","","29.28","13.58","21.86","","","","",""
"2023-12-06","2023340","11:17","15.0","69.9895","14.0","","","2.0","","7.4","85","","4","","29.30","13.58","21.87","","","","",""
"2023-12-06","2023340","11:17","15.0","69.9895","15.0","","","2.0","","7.4","85","","4","","29.31","13.58","21.88","","","","",""
"2023-12-06","2023340","11:17","15.0","69.9895","16.0","","","1.9","","7.4","85","","4","","29.40","13.58","21.94","","","","",""
"2023-12-06","2023340","11:17","15.0","69.9895","17.0","","","1.9","","7.4","85","","4","","29.44","13.58","21.98","","","","",""
"2023-12-06","2023340","11:17","15.0","69.9895","18.0","","","1.8","","7.3","85","","5","","29.47","13.59","22.00","","","","",""
"2023-12-06","2023340","11:17","15.0","69.9895","19.0","","","1.9","","7.4","85","","7","","29.50","13.59","22.02","","","","",""
"2023-12-06","2023340","11:17","15.0","69.9895","20.0","","","1.9","","7.3","85","","10","","29.52","13.59","22.04","","","","",""
"2023-12-06","2023340","11:17","15.0","69.9895","21.0","","","1.9","","7.3","85","","11","","29.54","13.59","22.05","","","","",""
"2023-12-06","2023340","11:17","15.0","69.9895","22.0","2.5","0.61","2.2","","7.3","85","21.3","17","","29.55","13.59","22.06","","","","",""
"2023-12-06","2023340","11:01","16.0","63.0794","1.0","","","4.5","","7.5","87","","3","0.60","28.89","13.65","21.54","","","","",""
"2023-12-06","2023340","11:01","16.0","63.0794","2.0","","","3.5","","7.4","86","","3","","29.73","13.66","22.19","","","","",""
"2023-12-06","2023340","11:01","16.0","63.0794","3.0","","","2.8","","7.4","86","","3","","29.79","13.65","22.23","","","","",""
"2023-12-06","2023340","11:01","16.0","63.0794","4.0","","","2.5","","7.4","86","","3","","30.02","13.64","22.42","","","","",""
"2023-12-06","2023340","11:01","16.0","63.0794","5.0","","","2.5","","7.4","86","","3","","30.12","13.64","22.49","","","","",""
"2023-12-06","2023340","11:01","16.0","63.0794","6.0","","","2.4","","7.4","86","","3","","30.20","13.63","22.55","","","","",""
"2023-12-06","2023340","11:01","16.0","63.0794","7.0","","","2.2","","7.4","86","","3","","30.28","13.63","22.61","","","","",""
"2023-12-06","2023340","11:01","16.0","63.0794","8.0","","","2.1","","7.4","86","","3","","30.30","13.63","22.63","","","","",""
"2023-12-06","2023340","11:01","16.0","63.0794","9.0","","","2.0","","7.4","86","","3","","30.31","13.62","22.64","","","","",""
"2023-12-06","2023340","11:01","16.0","63.0794","10.0","","","1.9","","7.3","85","","5","","30.37","13.62","22.69","","","","",""
"2023-12-06","2023340","11:01","16.0","63.0794","11.0","","","1.8","","7.4","86","","5","","30.38","13.62","22.70","","","","",""
"2023-12-06","2023340","10:48","17.0","58.8909","1.0","","","3.0","","7.4","86","","3","0.62","30.46","13.71","22.74","","","","",""
"2023-12-06","2023340","10:48","17.0","58.8909","2.0","3.3","0.83","3.1","","7.4","87","","3","","30.46","13.71","22.74","","","","",""
"2023-12-06","2023340","10:48","17.0","58.8909","3.0","","","3.0","","7.4","87","","3","","30.67","13.67","22.91","","","","",""
"2023-12-06","2023340","10:48","17.0","58.8909","4.0","","","3.1","","7.4","87","","3","","30.82","13.66","23.03","","","","",""
"2023-12-06","2023340","10:48","17.0","58.8909","5.0","","","3.0","","7.4","87","","3","","30.84","13.66","23.04","","","","",""
"2023-12-06","2023340","10:48","17.0","58.8909","6.0","","","2.8","","7.4","87","","4","","30.88","13.66","23.08","","","","",""
"2023-12-06","2023340","10:48","17.0","58.8909","7.0","","","2.8","","7.4","87","","4","","30.92","13.65","23.11","","","","",""
"2023-12-06","2023340","10:48","17.0","58.8909","8.0","","","2.4","","7.4","86","","4","","30.98","13.63","23.15","","","","",""
"2023-12-06","2023340","10:48","17.0","58.8909","9.0","","","2.2","","7.3","86","","5","","30.99","13.63","23.16","","","","",""
"2023-12-06","2023340","10:48","17.0","58.8909","10.0","","","2.3","","7.3","86","","6","","31.00","13.63","23.17","","","","",""
"2023-12-06","2023340","10:28","18.0","54.9481","1.0","","","2.7","","7.4","86","","3","0.58","30.12","13.66","22.49","","","","",""
"2023-12-06","2023340","10:28","18.0","54.9481","2.0","3.4","0.86","3.3","","7.4","86","3.0","3","","30.19","13.65","22.54","0.92","9.78","5.93","2.34","47.71"
"2023-12-06","2023340","10:28","18.0","54.9481","3.0","","","3.1","","7.4","86","","3","","30.25","13.66","22.59","","","","",""
"2023-12-06","2023340","10:28","18.0","54.9481","4.0","","","3.2","","7.4","86","","3","","30.39","13.65","22.70","","","","",""
"2023-12-06","2023340","10:28","18.0","54.9481","5.0","","","3.2","","7.4","86","","3","","30.39","13.65","22.70","","","","",""
"2023-12-06","2023340","10:28","18.0","54.9481","6.0","","","3.3","","7.4","86","","3","","30.39","13.65","22.69","","","","",""
"2023-12-06","2023340","10:28","18.0","54.9481","7.0","","","3.3","","7.4","86","","3","","30.38","13.65","22.69","","","","",""
"2023-12-06","2023340","10:28","18.0","54.9481","8.0","","","3.3","","7.4","86","","4","","30.38","13.65","22.69","","","","",""
"2023-12-06","2023340","10:28","18.0","54.9481","9.0","","","3.4","","7.4","86","","4","","30.52","13.65","22.80","","","","",""
"2023-12-06","2023340","10:28","18.0","54.9481","10.0","","","3.0","","7.4","87","","5","","30.82","13.65","23.03","","","","",""
"2023-12-06","2023340","10:28","18.0","54.9481","11.0","","","2.8","","7.4","86","","4","","30.79","13.65","23.00","","","","",""
"2023-12-06","2023340","10:28","18.0","54.9481","12.0","","","2.6","","7.4","86","","5","","30.81","13.65","23.02","","","","",""
"2023-12-06","2023340","10:28","18.0","54.9481","13.0","","","2.8","","7.4","86","","5","","30.85","13.65","23.05","","","","",""
"2023-12-06","2023340","10:28","18.0","54.9481","14.0","","","2.7","","7.4","87","","5","","30.83","13.65","23.04","","","","",""
"2023-12-06","2023340","10:28","18.0","54.9481","15.0","","","2.7","","7.4","86","","5","","30.86","13.66","23.06","","","","",""
"2023-12-06","2023340","10:28","18.0","54.9481","16.0","","","2.7","","7.4","86","","5","","30.89","13.65","23.08","","","","",""
"2023-12-06","2023340","10:28","18.0","54.9481","17.0","","","2.8","","7.4","86","","5","","30.87","13.65","23.07","","","","",""
"2023-12-06","2023340","10:28","18.0","54.9481","18.0","","","2.6","","7.4","86","","5","","30.88","13.65","23.07","","","","",""
"2023-12-06","2023340","10:28","18.0","54.9481","19.0","","","2.5","","7.4","87","","5","","30.87","13.65","23.07","","","","",""
"2023-12-06","2023340","10:28","18.0","54.9481","20.0","","","2.4","","7.4","86","","5","","30.88","13.65","23.08","","","","",""
"2023-12-06","2023340","10:28","18.0","54.9481","21.0","","","2.8","","7.4","86","","4","","30.89","13.64","23.09","","","","",""
"2023-12-06","2023340","10:28","18.0","54.9481","22.0","","","2.6","","7.4","86","","5","","30.89","13.64","23.08","","","","",""
"2023-12-06","2023340","10:28","18.0","54.9481","23.0","","","2.5","","7.4","86","","5","","30.89","13.64","23.08","","","","",""
"2023-12-06","2023340","10:28","18.0","54.9481","24.0","","","2.5","","7.4","86","","5","","30.91","13.64","23.10","","","","",""
"2023-12-06","2023340","10:28","18.0","54.9481","25.0","","","2.5","","7.4","86","","5","","30.92","13.64","23.11","","","","",""
"2023-12-06","2023340","10:28","18.0","54.9481","26.0","","","2.5","","7.4","86","","5","","30.92","13.64","23.11","","","","",""
"2023-12-06","2023340","10:28","18.0","54.9481","27.0","","","2.6","","7.4","86","","5","","30.90","13.64","23.09","","","","",""
"2023-12-06","2023340","10:28","18.0","54.9481","28.0","","","2.4","","7.4","86","","5","","30.97","13.64","23.15","","","","",""
"2023-12-06","2023340","10:28","18.0","54.9481","29.0","","","2.5","","7.4","87","","5","","30.97","13.64","23.15","","","","",""
"2023-12-06","2023340","10:28","18.0","54.9481","30.0","","","2.5","","7.4","87","","5","","30.98","13.64","23.16","","","","",""
"2023-12-06","2023340","10:28","18.0","54.9481","31.0","","","2.6","","7.4","87","","4","","30.97","13.64","23.15","","","","",""
"2023-12-06","2023340","10:28","18.0","54.9481","32.0","","","2.5","","7.4","87","","5","","31.01","13.64","23.18","","","","",""
"2023-12-06","2023340","10:28","18.0","54.9481","33.0","","","2.8","","7.4","87","","5","","31.07","13.64","23.22","","","","",""
"2023-12-06","2023340","10:28","18.0","54.9481","34.0","3.2","0.81","2.9","","7.4","87","5.0","5","","31.05","13.64","23.21","","","","",""
"2023-12-06","2023340","10:14","20.0","51.4501","1.0","","","3.3","","7.4","85","","3","0.52","29.10","13.61","21.71","","","","",""
"2023-12-06","2023340","10:14","20.0","51.4501","2.0","3.7","0.88","3.6","","7.3","85","","3","","29.42","13.58","21.96","","","","",""
"2023-12-06","2023340","10:14","20.0","51.4501","3.0","","","2.9","","7.3","84","","3","","29.55","13.57","22.06","","","","",""
"2023-12-06","2023340","10:14","20.0","51.4501","4.0","","","2.8","","7.3","84","","3","","29.55","13.57","22.06","","","","",""
"2023-12-06","2023340","10:14","20.0","51.4501","5.0","","","2.6","","7.3","84","","3","","29.59","13.57","22.09","","","","",""
"2023-12-06","2023340","10:14","20.0","51.4501","6.0","","","2.2","","7.3","84","","3","","29.69","13.58","22.17","","","","",""
"2023-12-06","2023340","10:14","20.0","51.4501","7.0","","","2.1","","7.3","84","","3","","29.74","13.58","22.21","","","","",""
"2023-12-06","2023340","10:14","20.0","51.4501","8.0","","","2.2","","7.3","84","","3","","29.92","13.59","22.35","","","","",""
"2023-12-06","2023340","10:14","20.0","51.4501","9.0","","","1.9","","7.2","84","","4","","30.10","13.62","22.48","","","","",""
"2023-12-06","2023340","10:14","20.0","51.4501","10.0","","","1.8","","7.2","84","","4","","30.30","13.62","22.63","","","","",""
"2023-12-06","2023340","10:14","20.0","51.4501","11.0","","","1.6","","7.3","85","","3","","30.65","13.63","22.91","","","","",""
"2023-12-06","2023340","10:14","20.0","51.4501","12.0","","","1.8","","7.3","85","","4","","30.88","13.63","23.08","","","","",""
"2023-12-06","2023340","10:14","20.0","51.4501","13.0","","","1.8","","7.3","85","","5","","30.93","13.63","23.12","","","","",""
"2023-12-06","2023340","10:14","20.0","51.4501","14.0","","","1.8","","7.3","85","","5","","30.96","13.63","23.14","","","","",""
"2023-12-06","2023340","10:14","20.0","51.4501","15.0","","","1.7","","7.3","85","","4","","31.00","13.63","23.17","","","","",""
"2023-12-06","2023340","10:14","20.0","51.4501","16.0","","","1.6","","7.3","85","","5","","31.02","13.63","23.19","","","","",""
"2023-12-06","2023340","10:14","20.0","51.4501","17.0","","","1.8","","7.3","86","","5","","31.06","13.63","23.22","","","","",""
"2023-12-06","2023340","10:14","20.0","51.4501","18.0","","","1.7","","7.4","86","","5","","31.12","13.63","23.26","","","","",""
"2023-12-06","2023340","10:14","20.0","51.4501","19.0","","","1.8","","7.4","86","","6","","31.17","13.63","23.31","","","","",""
"2023-12-06","2023340","10:14","20.0","51.4501","20.0","","","1.8","","7.4","86","","7","","31.19","13.63","23.32","","","","",""
"2023-12-06","2023340","10:14","20.0","51.4501","21.0","","","1.9","","7.4","87","","8","","31.19","13.63","23.32","","","","",""
"2023-12-06","2023340","10:14","20.0","51.4501","22.0","","","1.8","","7.4","87","","7","","31.19","13.63","23.32","","","","",""
"2023-12-06","2023340","10:14","20.0","51.4501","23.0","","","1.9","","7.4","87","","7","","31.19","13.63","23.32","","","","",""
"2023-12-06","2023340","10:01","21.0","46.6266","1.0","","","3.6","","7.4","85","","3","0.62","28.92","13.58","21.57","","","","",""
"2023-12-06","2023340","10:01","21.0","46.6266","2.0","4.2","0.90","3.9","","7.4","85","","3","","28.95","13.57","21.60","","","","",""
"2023-12-06","2023340","10:01","21.0","46.6266","3.0","","","3.9","","7.3","85","","3","","29.07","13.58","21.69","","","","",""
"2023-12-06","2023340","10:01","21.0","46.6266","4.0","","","3.9","","7.2","84","","4","","29.28","13.60","21.85","","","","",""
"2023-12-06","2023340","10:01","21.0","46.6266","5.0","","","2.8","","7.2","83","","4","","29.49","13.64","22.00","","","","",""
"2023-12-06","2023340","10:01","21.0","46.6266","6.0","","","2.1","","7.2","83","","5","","29.56","13.66","22.06","","","","",""
"2023-12-06","2023340","10:01","21.0","46.6266","7.0","","","2.1","","7.1","83","","5","","29.72","13.67","22.18","","","","",""
"2023-12-06","2023340","10:01","21.0","46.6266","8.0","","","2.2","","7.1","83","","6","","29.94","13.65","22.35","","","","",""
"2023-12-06","2023340","10:01","21.0","46.6266","9.0","","","2.0","","7.1","83","","6","","30.02","13.65","22.41","","","","",""
"2023-12-06","2023340","10:01","21.0","46.6266","10.0","","","1.9","","7.1","83","","6","","30.02","13.65","22.41","","","","",""
"2023-12-06","2023340","10:01","21.0","46.6266","11.0","","","2.0","","7.1","83","","7","","30.12","13.64","22.49","","","","",""
"2023-12-06","2023340","10:01","21.0","46.6266","12.0","","","1.8","","7.2","83","","7","","30.14","13.64","22.51","","","","",""
"2023-12-06","2023340","10:01","21.0","46.6266","13.0","","","1.9","","7.2","83","","8","","30.20","13.64","22.55","","","","",""
"2023-12-06","2023340","10:01","21.0","46.6266","14.0","","","1.8","","7.2","84","","9","","30.28","13.64","22.61","","","","",""
"2023-12-06","2023340","10:01","21.0","46.6266","15.0","","","2.0","","7.2","83","","11","","30.31","13.63","22.64","","","","",""
"2023-12-06","2023340","10:01","21.0","46.6266","16.0","","","1.7","","7.2","84","","12","","30.30","13.64","22.63","","","","",""
"2023-12-06","2023340","9:48","22.0","43.9210","1.0","","","2.2","","7.1","82","","3","0.54","29.18","13.62","21.77","","","","",""
"2023-12-06","2023340","9:48","22.0","43.9210","2.0","2.7","0.84","2.6","","7.1","82","3.0","3","","29.19","13.61","21.77","0.99","9.57","6.57","2.53","48.78"
"2023-12-06","2023340","9:48","22.0","43.9210","3.0","","","2.7","","7.1","82","","3","","29.26","13.61","21.83","","","","",""
"2023-12-06","2023340","9:48","22.0","43.9210","4.0","","","2.7","","7.1","82","","3","","29.31","13.61","21.88","","","","",""
"2023-12-06","2023340","9:48","22.0","43.9210","5.0","","","2.5","","7.1","82","","3","","29.33","13.61","21.89","","","","",""
"2023-12-06","2023340","9:48","22.0","43.9210","6.0","","","2.4","","7.1","82","","3","","29.34","13.61","21.90","","","","",""
"2023-12-06","2023340","9:48","22.0","43.9210","7.0","","","2.4","","7.1","82","","3","","29.34","13.61","21.90","","","","",""
"2023-12-06","2023340","9:48","22.0","43.9210","8.0","","","2.4","","7.1","82","","3","","29.35","13.60","21.90","","","","",""
"2023-12-06","2023340","9:48","22.0","43.9210","9.0","","","2.4","","7.1","82","","3","","29.45","13.60","21.98","","","","",""
"2023-12-06","2023340","9:48","22.0","43.9210","10.0","","","2.1","","7.1","82","","3","","29.53","13.60","22.04","","","","",""
"2023-12-06","2023340","9:48","22.0","43.9210","11.0","","","2.0","","7.1","83","","3","","29.63","13.60","22.12","","","","",""
"2023-12-06","2023340","9:48","22.0","43.9210","12.0","","","1.8","","7.1","82","","4","","29.81","13.61","22.26","","","","",""
"2023-12-06","2023340","9:48","22.0","43.9210","13.0","","","1.8","","7.1","82","","5","","29.88","13.62","22.31","","","","",""
"2023-12-06","2023340","9:48","22.0","43.9210","14.0","","","1.8","","7.1","82","","7","","29.95","13.63","22.36","","","","",""
"2023-12-06","2023340","9:48","22.0","43.9210","15.0","","","1.9","","7.1","82","","9","","29.98","13.63","22.38","","","","",""
"2023-12-06","2023340","9:48","22.0","43.9210","16.0","","","2.1","","7.1","82","","10","","30.00","13.63","22.40","","","","",""
"2023-12-06","2023340","9:48","22.0","43.9210","17.0","","","2.2","","7.1","82","","10","","30.00","13.63","22.40","","","","",""
"2023-12-06","2023340","9:48","22.0","43.9210","18.0","3.2","0.57","2.6","","7.1","82","","13","","30.00","13.63","22.40","","","","",""
"2023-12-06","2023340","9:36","23.0","39.6557","1.0","","","2.8","","7.0","81","","4","0.61","29.41","13.67","21.94","","","","",""
"2023-12-06","2023340","9:36","23.0","39.6557","2.0","","","2.6","","7.0","81","","4","","29.41","13.66","21.94","","","","",""
"2023-12-06","2023340","9:36","23.0","39.6557","3.0","","","2.3","","7.0","81","","5","","29.41","13.66","21.94","","","","",""
"2023-12-06","2023340","9:36","23.0","39.6557","4.0","","","2.2","","7.0","81","","5","","29.42","13.66","21.94","","","","",""
"2023-12-06","2023340","9:36","23.0","39.6557","5.0","","","2.2","","7.0","81","","5","","29.42","13.66","21.94","","","","",""
"2023-12-06","2023340","9:36","23.0","39.6557","6.0","","","2.2","","7.0","81","","5","","29.42","13.66","21.95","","","","",""
"2023-12-06","2023340","9:36","23.0","39.6557","7.0","","","2.1","","7.0","81","","5","","29.43","13.66","21.95","","","","",""
"2023-12-06","2023340","9:36","23.0","39.6557","8.0","","","2.1","","7.0","81","","6","","29.43","13.66","21.96","","","","",""
"2023-12-06","2023340","9:36","23.0","39.6557","9.0","","","2.0","","7.0","81","","6","","29.44","13.66","21.96","","","","",""
"2023-12-06","2023340","9:36","23.0","39.6557","10.0","","","2.0","","7.0","81","","6","","29.44","13.66","21.97","","","","",""
"2023-12-06","2023340","9:36","23.0","39.6557","11.0","","","2.1","","7.0","81","","7","","29.45","13.66","21.97","","","","",""
"2023-12-06","2023340","9:36","23.0","39.6557","12.0","","","1.9","","7.0","82","","7","","29.45","13.66","21.97","","","","",""
"2023-12-06","2023340","9:36","23.0","39.6557","13.0","","","2.0","","7.0","81","","7","","29.46","13.66","21.98","","","","",""
"2023-12-06","2023340","9:36","23.0","39.6557","14.0","","","2.0","","7.0","82","","8","","29.46","13.66","21.98","","","","",""
"2023-12-06","2023340","9:25","24.0","37.0911","1.0","","","3.2","","7.1","82","","4","0.63","29.26","13.66","21.82","","","","",""
"2023-12-06","2023340","9:25","24.0","37.0911","2.0","3.2","0.86","3.0","","7.1","82","3.6","4","","29.26","13.66","21.82","1.11","11.14","7.50","2.71","55.19"
"2023-12-06","2023340","9:25","24.0","37.0911","3.0","","","2.9","","7.0","81","","4","","29.28","13.66","21.84","","","","",""
"2023-12-06","2023340","9:25","24.0","37.0911","4.0","","","2.8","","7.0","81","","4","","29.35","13.70","21.89","","","","",""
"2023-12-06","2023340","9:25","24.0","37.0911","5.0","","","2.7","","7.0","81","","5","","29.46","13.77","21.95","","","","",""
"2023-12-06","2023340","9:25","24.0","37.0911","6.0","","","2.7","","6.9","81","","7","","29.52","13.82","21.99","","","","",""
"2023-12-06","2023340","9:25","24.0","37.0911","7.0","","","2.6","","6.9","81","","8","","29.53","13.83","22.00","","","","",""
"2023-12-06","2023340","9:25","24.0","37.0911","8.0","3.1","0.74","2.9","","6.9","80","11.2","9","","29.54","13.84","22.00","","","","",""
"2023-12-06","2023340","9:15","25.0","32.8382","1.0","","","4.3","","6.8","79","","8","0.93","29.56","14.10","21.97","","","","",""
"2023-12-06","2023340","9:15","25.0","32.8382","2.0","","","4.7","","6.8","79","","9","","29.56","14.10","21.97","","","","",""
"2023-12-06","2023340","9:15","25.0","32.8382","3.0","","","4.4","","6.8","79","","9","","29.56","14.11","21.97","","","","",""
"2023-12-06","2023340","9:15","25.0","32.8382","4.0","","","4.6","","6.8","79","","8","","29.56","14.10","21.97","","","","",""
"2023-12-06","2023340","9:15","25.0","32.8382","5.0","","","4.3","","6.8","79","","9","","29.56","14.10","21.97","","","","",""
"2023-12-06","2023340","9:15","25.0","32.8382","6.0","","","4.2","","6.8","80","","9","","29.56","14.10","21.97","","","","",""
"2023-12-06","2023340","9:15","25.0","32.8382","7.0","","","4.0","","6.8","79","","9","","29.57","14.06","21.98","","","","",""
"2023-12-06","2023340","9:15","25.0","32.8382","8.0","","","2.9","","6.8","79","","9","","29.58","14.04","21.99","","","","",""
"2023-12-06","2023340","9:04","26.0","28.7560","1.0","","","3.5","","6.7","78","","11","1.07","29.35","14.22","21.78","","","","",""
"2023-12-06","2023340","9:04","26.0","28.7560","2.0","","","3.0","","6.7","78","","11","","29.35","14.22","21.78","","","","",""
"2023-12-06","2023340","9:04","26.0","28.7560","3.0","","","3.2","","6.7","78","","11","","29.35","14.22","21.78","","","","",""
"2023-12-06","2023340","9:04","26.0","28.7560","4.0","","","3.4","","6.7","78","","11","","29.35","14.22","21.78","","","","",""
"2023-12-06","2023340","9:04","26.0","28.7560","5.0","","","3.1","","6.7","78","","11","","29.35","14.21","21.78","","","","",""
"2023-12-06","2023340","9:04","26.0","28.7560","6.0","","","2.7","","6.6","78","","12","","29.35","14.20","21.78","","","","",""
"2023-12-06","2023340","9:04","26.0","28.7560","7.0","","","2.6","","6.7","78","","13","","29.35","14.19","21.79","","","","",""
"2023-12-06","2023340","9:04","26.0","28.7560","8.0","","","2.6","","6.7","78","","13","","29.35","14.19","21.79","","","","",""
"2023-12-06","2023340","9:04","26.0","28.7560","9.0","","","2.5","","6.7","78","","14","","29.36","14.19","21.79","","","","",""
"2023-12-06","2023340","9:04","26.0","28.7560","10.0","","","2.5","","6.6","78","","14","","29.36","14.19","21.79","","","","",""
"2023-12-06","2023340","8:54","27.0","26.1872","1.0","","","3.0","","6.6","77","","13","1.20","29.24","14.12","21.72","","","","",""
"2023-12-06","2023340","8:54","27.0","26.1872","2.0","2.9","0.71","2.9","","6.6","77","11.9","13","","29.24","14.12","21.72","1.85","20.49","7.57","6.95","92.93"
"2023-12-06","2023340","8:54","27.0","26.1872","3.0","","","2.8","","6.6","77","","12","","29.24","14.11","21.72","","","","",""
"2023-12-06","2023340","8:54","27.0","26.1872","4.0","","","2.9","","6.6","77","","12","","29.24","14.11","21.72","","","","",""
"2023-12-06","2023340","8:54","27.0","26.1872","5.0","","","2.7","","6.6","77","","12","","29.24","14.11","21.72","","","","",""
"2023-12-06","2023340","8:54","27.0","26.1872","6.0","","","2.6","","6.6","77","","13","","29.24","14.11","21.72","","","","",""
"2023-12-06","2023340","8:54","27.0","26.1872","7.0","","","2.5","","6.6","77","","14","","29.24","14.11","21.72","","","","",""
"2023-12-06","2023340","8:54","27.0","26.1872","8.0","","","2.4","","6.6","77","","15","","29.25","14.11","21.72","","","","",""
"2023-12-06","2023340","8:54","27.0","26.1872","9.0","","","2.4","","6.6","77","","16","","29.25","14.11","21.72","","","","",""
"2023-12-06","2023340","8:54","27.0","26.1872","10.0","","","2.5","","6.6","77","","17","","29.25","14.11","21.72","","","","",""
"2023-12-06","2023340","8:54","27.0","26.1872","11.0","3.0","0.66","3.0","","6.6","77","16.9","17","","29.25","14.11","21.72","","","","",""
"2023-12-06","2023340","8:45","28.0","23.5695","1.0","","","3.4","","6.6","77","","11","1.10","29.24","14.15","21.71","","","","",""
"2023-12-06","2023340","8:45","28.0","23.5695","2.0","","","3.0","","6.6","77","","11","","29.24","14.15","21.71","","","","",""
"2023-12-06","2023340","8:45","28.0","23.5695","3.0","","","3.1","","6.6","77","","11","","29.24","14.15","21.71","","","","",""
"2023-12-06","2023340","8:45","28.0","23.5695","4.0","","","3.2","","6.6","77","","11","","29.24","14.14","21.71","","","","",""
"2023-12-06","2023340","8:45","28.0","23.5695","5.0","","","3.0","","6.6","77","","12","","29.25","14.14","21.72","","","","",""
"2023-12-06","2023340","8:45","28.0","23.5695","6.0","","","2.6","","6.6","77","","14","","29.25","14.14","21.72","","","","",""
"2023-12-06","2023340","8:45","28.0","23.5695","7.0","","","2.6","","6.6","77","","14","","29.25","14.14","21.72","","","","",""
"2023-12-06","2023340","8:45","28.0","23.5695","8.0","","","2.4","","6.6","77","","14","","29.25","14.14","21.72","","","","",""
"2023-12-06","2023340","8:45","28.0","23.5695","9.0","","","2.4","","6.6","78","","15","","29.26","14.15","21.72","","","","",""
"2023-12-06","2023340","8:45","28.0","23.5695","10.0","","","2.5","","6.7","78","","16","","29.26","14.15","21.73","","","","",""
"2023-12-06","2023340","8:45","28.0","23.5695","11.0","","","2.5","","6.7","78","","17","","29.26","14.15","21.73","","","","",""
"2023-12-06","2023340","8:45","28.0","23.5695","12.0","","","2.6","","6.7","78","","17","","29.26","14.15","21.73","","","","",""
"2023-12-06","2023340","8:35","29.0","20.2526","1.0","","","4.4","","6.8","79","","14","1.23","29.27","14.29","21.70","","","","",""
"2023-12-06","2023340","8:35","29.0","20.2526","2.0","","","3.8","","6.8","79","","13","","29.27","14.28","21.70","","","","",""
"2023-12-06","2023340","8:35","29.0","20.2526","3.0","","","3.6","","6.8","79","","14","","29.27","14.28","21.70","","","","",""
"2023-12-06","2023340","8:35","29.0","20.2526","4.0","","","3.4","","6.8","79","","14","","29.27","14.28","21.71","","","","",""
"2023-12-06","2023340","8:35","29.0","20.2526","5.0","","","3.4","","6.8","79","","14","","29.27","14.27","21.71","","","","",""
"2023-12-06","2023340","8:35","29.0","20.2526","6.0","","","3.4","","6.8","79","","14","","29.27","14.27","21.71","","","","",""
"2023-12-06","2023340","8:35","29.0","20.2526","7.0","","","3.5","","6.8","79","","15","","29.27","14.27","21.71","","","","",""
"2023-12-06","2023340","8:35","29.0","20.2526","8.0","","","3.5","","6.8","79","","15","","29.27","14.27","21.71","","","","",""
"2023-12-06","2023340","8:35","29.0","20.2526","9.0","","","3.5","","6.8","79","","16","","29.27","14.27","21.71","","","","",""
"2023-12-06","2023340","8:35","29.0","20.2526","10.0","","","3.5","","6.8","79","","15","","29.27","14.27","21.71","","","","",""
"2023-12-06","2023340","8:35","29.0","20.2526","11.0","","","3.4","","6.8","80","","15","","29.27","14.26","21.71","","","","",""
"2023-12-06","2023340","8:35","29.0","20.2526","12.0","","","3.4","","6.7","79","","16","","29.27","14.26","21.71","","","","",""
"2023-12-06","2023340","8:35","29.0","20.2526","13.0","","","4.3","","6.8","80","","16","","29.27","14.26","21.71","","","","",""
"2023-12-06","2023340","8:20","30.0","14.7543","1.0","","","3.2","","6.8","79","","17","1.49","29.13","14.18","21.62","","","","",""
"2023-12-06","2023340","8:20","30.0","14.7543","2.0","2.4","0.65","2.8","","6.8","79","16.4","18","","29.13","14.18","21.62","2.17","26.27","12.57","7.07","94.71"
"2023-12-06","2023340","8:20","30.0","14.7543","3.0","","","2.8","","6.8","79","","20","","29.13","14.18","21.62","","","","",""
"2023-12-06","2023340","8:20","30.0","14.7543","4.0","","","2.7","","6.8","79","","19","","29.13","14.18","21.62","","","","",""
"2023-12-06","2023340","8:20","30.0","14.7543","5.0","","","2.5","","6.8","79","","19","","29.13","14.18","21.62","","","","",""
"2023-12-06","2023340","8:20","30.0","14.7543","6.0","","","2.5","","6.8","79","","19","","29.13","14.18","21.62","","","","",""
"2023-12-06","2023340","8:20","30.0","14.7543","7.0","","","2.5","","6.8","79","","20","","29.13","14.18","21.62","","","","",""
"2023-12-06","2023340","8:20","30.0","14.7543","8.0","","","2.6","","6.8","79","","20","","29.13","14.18","21.62","","","","",""
"2023-12-06","2023340","8:20","30.0","14.7543","9.0","","","2.6","","6.8","79","","21","","29.13","14.18","21.62","","","","",""
"2023-12-06","2023340","8:20","30.0","14.7543","10.0","","","2.5","","6.8","79","","21","","29.13","14.18","21.62","","","","",""
"2023-12-06","2023340","8:20","30.0","14.7543","11.0","","","2.5","","6.7","79","","21","","29.13","14.18","21.62","","","","",""
"2023-12-06","2023340","8:20","30.0","14.7543","12.0","2.3","0.58","2.5","","6.7","79","23.4","21","","29.13","14.18","21.62","","","","",""
"2023-12-06","2023340","8:08","31.0","10.6065","1.0","","","2.2","","6.8","79","","19","1.78","28.96","14.18","21.48","","","","",""
"2023-12-06","2023340","8:08","31.0","10.6065","2.0","","","2.1","","6.8","80","","19","","28.95","14.18","21.48","","","","",""
"2023-12-06","2023340","8:08","31.0","10.6065","3.0","","","1.9","","6.8","79","","19","","28.98","14.18","21.50","","","","",""
"2023-12-06","2023340","8:08","31.0","10.6065","4.0","","","1.8","","6.8","79","","21","","28.99","14.19","21.51","","","","",""
"2023-12-06","2023340","8:08","31.0","10.6065","5.0","","","1.7","","6.8","79","","21","","28.99","14.19","21.51","","","","",""
"2023-12-06","2023340","8:08","31.0","10.6065","6.0","","","1.8","","6.8","79","","21","","29.00","14.19","21.52","","","","",""
"2023-12-06","2023340","8:08","31.0","10.6065","7.0","","","1.8","","6.8","79","","22","","29.00","14.20","21.52","","","","",""
"2023-12-06","2023340","8:08","31.0","10.6065","8.0","","","1.8","","6.8","79","","23","","29.00","14.20","21.52","","","","",""
"2023-12-06","2023340","8:08","31.0","10.6065","9.0","","","1.8","","6.8","79","","22","","29.00","14.20","21.52","","","","",""
"2023-12-06","2023340","8:08","31.0","10.6065","10.0","","","1.8","","6.8","79","","23","","29.01","14.20","21.52","","","","",""
"2023-12-06","2023340","8:08","31.0","10.6065","11.0","","","1.9","","6.8","80","","23","","29.01","14.20","21.52","","","","",""
"2023-12-06","2023340","7:57","32.0","8.1507","1.0","","","2.3","","6.8","80","","19","1.55","28.78","14.13","21.36","","","","",""
"2023-12-06","2023340","7:57","32.0","8.1507","2.0","2.4","0.67","2.4","","6.8","80","16.9","19","","28.77","14.13","21.35","2.21","30.99","10.00","7.48","102.90"
"2023-12-06","2023340","7:57","32.0","8.1507","3.0","","","2.2","","6.8","80","","19","","28.78","14.14","21.36","","","","",""
"2023-12-06","2023340","7:57","32.0","8.1507","4.0","","","2.1","","6.8","79","","20","","28.79","14.15","21.37","","","","",""
"2023-12-06","2023340","7:57","32.0","8.1507","5.0","","","2.0","","6.8","79","","20","","28.82","14.17","21.39","","","","",""
"2023-12-06","2023340","7:57","32.0","8.1507","6.0","","","2.0","","6.8","79","","23","","28.85","14.19","21.40","","","","",""
"2023-12-06","2023340","7:57","32.0","8.1507","7.0","","","2.0","","6.8","79","","28","","28.86","14.20","21.41","","","","",""
"2023-12-06","2023340","7:57","32.0","8.1507","8.0","","","2.1","","6.8","79","","33","","28.86","14.20","21.41","","","","",""
"2023-12-06","2023340","7:57","32.0","8.1507","9.0","","","2.1","","6.8","79","","35","","28.86","14.21","21.41","","","","",""
"2023-12-06","2023340","7:57","32.0","8.1507","10.0","2.2","0.51","2.2","","6.8","79","","36","","28.88","14.21","21.42","","","","",""
"2023-12-06","2023340","7:49","33.0","6.8085","1.0","","","2.2","","6.9","80","","14","1.19","28.47","14.06","21.14","","","","",""
"2023-12-06","2023340","7:49","33.0","6.8085","2.0","","","2.1","","6.9","81","11.0","14","","28.56","14.12","21.19","","","","",""
"2023-12-06","2023340","7:49","33.0","6.8085","3.0","","","1.9","","6.9","80","","16","","28.60","14.13","21.23","","","","",""
"2023-12-06","2023340","7:49","33.0","6.8085","4.0","","","1.9","","6.9","80","","16","","28.67","14.12","21.28","","","","",""
"2023-12-06","2023340","7:49","33.0","6.8085","5.0","","","1.8","","6.9","80","","18","","28.73","14.14","21.32","","","","",""
"2023-12-06","2023340","7:49","33.0","6.8085","6.0","","","1.9","","6.9","80","","20","","28.74","14.15","21.33","","","","",""
"2023-12-06","2023340","7:49","33.0","6.8085","7.0","","","1.8","","6.8","80","","21","","28.77","14.17","21.34","","","","",""
"2023-12-06","2023340","7:49","33.0","6.8085","8.0","","","1.8","","6.8","80","","23","","28.77","14.17","21.35","","","","",""
"2023-12-06","2023340","7:49","33.0","6.8085","9.0","","","1.8","","6.8","80","","23","","28.78","14.18","21.35","","","","",""
"2023-12-06","2023340","7:49","33.0","6.8085","10.0","","","1.9","","6.8","80","","24","","28.79","14.19","21.35","","","","",""
"2023-12-06","2023340","7:49","33.0","6.8085","11.0","","","1.9","","6.8","80","","25","","28.79","14.19","21.35","","","","",""
"2023-12-06","2023340","7:49","33.0","6.8085","12.0","","","1.8","","6.8","79","","25","","28.79","14.19","21.35","","","","",""
"2023-12-06","2023340","7:39","34.0","3.5290","1.0","","","2.5","","7.0","81","","17","1.33","28.00","13.87","20.81","","","","",""
"2023-12-06","2023340","7:39","34.0","3.5290","2.0","2.3","0.70","2.3","","7.0","81","16.3","18","","28.33","14.13","21.01","","","","",""
"2023-12-06","2023340","7:39","34.0","3.5290","3.0","","","2.3","","6.9","81","","27","","28.37","14.16","21.04","","","","",""
"2023-12-06","2023340","7:39","34.0","3.5290","4.0","","","2.2","","7.0","81","","28","","28.38","14.17","21.05","","","","",""
"2023-12-06","2023340","7:39","34.0","3.5290","5.0","","","2.2","","7.0","81","","30","","28.40","14.18","21.06","","","","",""
"2023-12-06","2023340","7:39","34.0","3.5290","6.0","2.3","0.55","2.3","","6.9","81","","35","","28.42","14.19","21.07","","","","",""
"2023-12-06","2023340","7:26","35.0","1.6576","1.0","","","2.4","","7.1","82","","7","1.31","27.83","13.96","20.66","","","","",""
"2023-12-06","2023340","7:26","35.0","1.6576","2.0","2.4","0.74","2.4","","7.0","81","11.1","11","","27.99","14.07","20.76","","","","",""
"2023-12-06","2023340","7:26","35.0","1.6576","3.0","","","2.0","","7.0","81","","18","","28.03","14.08","20.79","","","","",""
"2023-12-06","2023340","7:26","35.0","1.6576","4.0","","","2.0","","7.0","81","","23","","28.05","14.08","20.80","","","","",""
"2023-12-06","2023340","7:26","35.0","1.6576","5.0","","","2.0","","7.0","81","","25","","28.05","14.08","20.81","","","","",""
"2023-12-06","2023340","7:26","35.0","1.6576","6.0","","","2.0","","7.0","81","","25","","28.06","14.08","20.81","","","","",""
"2023-12-06","2023340","7:26","35.0","1.6576","7.0","","","2.0","","7.0","81","","26","","28.06","14.08","20.81","","","","",""
"2023-12-06","2023340","7:26","35.0","1.6576","8.0","","","2.0","","7.0","81","","25","","28.06","14.08","20.81","","","","",""
"2023-12-06","2023340","7:16","36.0","0.0000","1.0","","","2.5","","7.2","82","","11","1.31","27.20","13.87","20.20","","","","",""
"2023-12-06","2023340","7:16","36.0","0.0000","2.0","2.1","0.70","2.1","","7.1","82","12.4","12","","27.36","13.97","20.30","2.91","49.90","8.35","9.04","115.01"
"2023-12-06","2023340","7:16","36.0","0.0000","3.0","","","2.1","","7.1","82","","17","","27.46","13.99","20.37","","","","",""
"2023-12-06","2023340","7:16","36.0","0.0000","4.0","","","2.2","","7.1","82","","20","","27.52","14.00","20.42","","","","",""
"2023-12-06","2023340","7:16","36.0","0.0000","5.0","","","2.1","","7.1","82","","21","","27.54","14.00","20.43","","","","",""
"2023-12-06","2023340","7:16","36.0","0.0000","6.0","2.1","0.62","2.1","","7.1","82","22.4","22","","27.54","14.00","20.43","","","","",""
"2023-12-06","2023340","14:41","649.0","132.9388","1.0","","","2.7","","8.8","85","","14","1.24","3.66","12.53","2.28","","","","",""
"2023-12-06","2023340","14:41","649.0","132.9388","2.0","2.2","0.74","2.1","","8.8","85","8.9","12","","3.76","12.55","2.35","0.35","20.78","4.50","1.97","228.59"
"2023-12-06","2023340","14:41","649.0","132.9388","3.0","","","1.9","","8.8","85","","11","","3.92","12.54","2.48","","","","",""
"2023-12-06","2023340","14:41","649.0","132.9388","4.0","","","1.7","","8.8","85","","11","","4.14","12.55","2.65","","","","",""
"2023-12-06","2023340","14:41","649.0","132.9388","5.0","","","1.8","","8.7","84","","11","","4.35","12.56","2.80","","","","",""
"2023-12-06","2023340","14:41","649.0","132.9388","6.0","","","1.9","","8.7","84","","12","","4.67","12.59","3.05","","","","",""
"2023-12-06","2023340","14:41","649.0","132.9388","7.0","","","2.1","","8.7","84","","12","","5.06","12.61","3.35","","","","",""
"2023-12-06","2023340","14:41","649.0","132.9388","8.0","","","2.2","","8.7","85","","12","","5.16","12.61","3.43","","","","",""
"2023-12-06","2023340","14:41","649.0","132.9388","9.0","","","2.1","","8.7","85","","12","","5.38","12.62","3.60","","","","",""
"2023-12-06","2023340","14:41","649.0","132.9388","10.0","1.3","0.62","2.2","","8.7","85","16.7","12","","5.76","12.64","3.89","","","","",""
"2023-12-06","2023340","15:24","657.0","147.2548","1.0","","","1.1","","9.3","85","","7","0.99","0.09","11.36","","","","","",""
"2023-12-06","2023340","15:24","657.0","147.2548","2.0","1.2","0.58","1.2","","9.3","85","7.2","7","","0.09","11.36","","0.16","23.27","1.50","1.30","273.45"
"2023-12-06","2023340","15:24","657.0","147.2548","3.0","","","1.1","","9.3","85","","7","","0.09","11.36","","","","","",""
"2023-12-06","2023340","15:24","657.0","147.2548","4.0","","","1.1","","9.3","86","","7","","0.09","11.36","","","","","",""
"2023-12-06","2023340","15:24","657.0","147.2548","5.0","","","1.1","","9.3","86","","8","","0.09","11.36","","","","","",""
"2023-12-06","2023340","15:24","657.0","147.2548","6.0","","","1.1","","9.4","86","","8","","0.09","11.36","","","","","",""
"2023-12-06","2023340","15:24","657.0","147.2548","7.0","","","1.1","","9.3","85","","8","","0.09","11.35","","","","","",""
"2023-12-06","2023340","15:24","657.0","147.2548","8.0","1.2","0.54","1.1","","9.3","86","","8","","0.09","11.36","","","","","",""