"Date","Julian Date","Time","Station","Distance from Sta. 36 (km)","Depth (m)","Discrete Chlorophyll-a (micrograms/L)","Discrete Chlorophyll-Pheopigment Ratio","Calculated Chlorophyll-a (micrograms/L)","Discrete Oxygen (mg/L)","Oxygen (mg/L)","Oxygen % Saturation","Discrete SPM (mg/L)","Calculated SPM (mg/L)","Extinction Coefficient","Salinity","Temperature (Degrees Celsius)","Sigma-t","NO2 (Micromolar)","NO32 (Micromolar)","NH4 (Micromolar)","PO4 (Micromolar)","Si (Micromolar)"
"2022-01-25","2022025","15:40","2.0","127.7053","1.0","","","2.1","","10.3","92","","36","3.20","0.44","10.37","0.01","","","","",""
"2022-01-25","2022025","15:40","2.0","127.7053","2.0","","","2.0","","10.3","92","","37","","0.46","10.37","0.03","","","","",""
"2022-01-25","2022025","15:40","2.0","127.7053","3.0","","","2.0","","10.3","92","","39","","0.45","10.37","0.03","","","","",""
"2022-01-25","2022025","15:40","2.0","127.7053","4.0","","","2.0","","10.3","92","","39","","0.47","10.37","0.04","","","","",""
"2022-01-25","2022025","15:40","2.0","127.7053","5.0","","","2.0","","10.3","92","","38","","0.47","10.37","0.04","","","","",""
"2022-01-25","2022025","15:40","2.0","127.7053","6.0","","","2.0","","10.3","92","","38","","0.46","10.37","0.03","","","","",""
"2022-01-25","2022025","15:40","2.0","127.7053","7.0","","","2.0","","10.3","92","","39","","0.46","10.37","0.03","","","","",""
"2022-01-25","2022025","15:40","2.0","127.7053","8.0","","","2.0","","10.3","92","","39","","0.45","10.37","0.02","","","","",""
"2022-01-25","2022025","15:40","2.0","127.7053","9.0","","","2.0","","10.3","92","","40","","0.45","10.37","0.02","","","","",""
"2022-01-25","2022025","15:40","2.0","127.7053","10.0","","","2.0","","10.3","93","","41","","0.46","10.37","0.03","","","","",""
"2022-01-25","2022025","15:27","3.0","125.3243","1.0","","","1.3","","10.3","92","","62","3.60","0.73","10.32","0.25","","","","",""
"2022-01-25","2022025","15:27","3.0","125.3243","2.0","1.4","0.38","1.3","","10.3","92","55.4","60","","0.78","10.31","0.29","0.45","37.41","4.78","1.78","316.18"
"2022-01-25","2022025","15:27","3.0","125.3243","3.0","","","1.3","","10.3","92","","65","","0.85","10.30","0.34","","","","",""
"2022-01-25","2022025","15:27","3.0","125.3243","4.0","","","1.3","","10.3","92","","72","","0.89","10.29","0.37","","","","",""
"2022-01-25","2022025","15:27","3.0","125.3243","5.0","","","1.3","","10.3","92","","73","","0.90","10.29","0.38","","","","",""
"2022-01-25","2022025","15:27","3.0","125.3243","6.0","","","1.4","","10.3","92","","78","","0.92","10.29","0.40","","","","",""
"2022-01-25","2022025","15:27","3.0","125.3243","7.0","","","1.5","","10.3","92","","83","","0.95","10.28","0.42","","","","",""
"2022-01-25","2022025","15:27","3.0","125.3243","8.0","","","1.5","","10.3","92","","83","","0.95","10.28","0.43","","","","",""
"2022-01-25","2022025","15:27","3.0","125.3243","9.0","","","1.5","","10.3","92","","83","","0.96","10.28","0.43","","","","",""
"2022-01-25","2022025","15:27","3.0","125.3243","10.0","","","1.5","","10.3","92","","86","","0.97","10.28","0.44","","","","",""
"2022-01-25","2022025","15:27","3.0","125.3243","11.0","","","1.6","","10.3","92","","89","","0.97","10.28","0.44","","","","",""
"2022-01-25","2022025","15:27","3.0","125.3243","12.0","","","1.6","","10.2","92","","89","","0.97","10.28","0.44","","","","",""
"2022-01-25","2022025","15:27","3.0","125.3243","13.0","1.5","0.29","1.5","","10.3","92","85.8","89","","0.97","10.28","0.44","","","","",""
"2022-01-25","2022025","15:06","4.0","119.8957","1.0","","","1.1","","10.2","92","","68","3.70","1.80","10.30","1.09","","","","",""
"2022-01-25","2022025","15:06","4.0","119.8957","2.0","","","1.1","","10.2","92","","66","","1.81","10.29","1.10","","","","",""
"2022-01-25","2022025","15:06","4.0","119.8957","3.0","","","1.1","","10.2","92","","69","","1.82","10.29","1.10","","","","",""
"2022-01-25","2022025","15:06","4.0","119.8957","4.0","","","1.2","","10.2","92","","68","","1.82","10.29","1.10","","","","",""
"2022-01-25","2022025","15:06","4.0","119.8957","5.0","","","1.2","","10.2","92","","69","","1.81","10.29","1.10","","","","",""
"2022-01-25","2022025","15:06","4.0","119.8957","6.0","","","1.1","","10.2","92","","70","","1.83","10.29","1.11","","","","",""
"2022-01-25","2022025","15:06","4.0","119.8957","7.0","","","1.2","","10.2","92","","69","","1.83","10.29","1.11","","","","",""
"2022-01-25","2022025","15:06","4.0","119.8957","8.0","","","1.2","","10.2","92","","71","","1.84","10.28","1.12","","","","",""
"2022-01-25","2022025","15:06","4.0","119.8957","9.0","","","1.2","","10.2","92","","71","","1.86","10.28","1.13","","","","",""
"2022-01-25","2022025","15:06","4.0","119.8957","10.0","","","1.3","","10.2","92","","73","","1.89","10.27","1.16","","","","",""
"2022-01-25","2022025","15:06","4.0","119.8957","11.0","","","1.3","","10.2","92","","75","","1.88","10.28","1.15","","","","",""
"2022-01-25","2022025","15:06","4.0","119.8957","12.0","","","1.3","","10.2","92","","75","","1.88","10.28","1.15","","","","",""
"2022-01-25","2022025","15:06","4.0","119.8957","13.0","","","1.3","","10.2","92","","75","","1.90","10.27","1.17","","","","",""
"2022-01-25","2022025","15:06","4.0","119.8957","14.0","","","1.3","","10.2","92","","77","","1.92","10.27","1.18","","","","",""
"2022-01-25","2022025","15:06","4.0","119.8957","15.0","","","1.3","","10.2","92","","77","","1.92","10.27","1.18","","","","",""
"2022-01-25","2022025","15:06","4.0","119.8957","16.0","","","1.3","","10.2","92","","80","","1.94","10.27","1.20","","","","",""
"2022-01-25","2022025","15:06","4.0","119.8957","17.0","","","1.5","","10.2","92","","88","","1.94","10.27","1.20","","","","",""
"2022-01-25","2022025","14:51","5.0","115.6252","1.0","","","1.1","","10.1","92","","49","3.90","2.76","10.31","1.84","","","","",""
"2022-01-25","2022025","14:51","5.0","115.6252","2.0","","","1.1","","10.1","92","","54","","2.91","10.29","1.95","","","","",""
"2022-01-25","2022025","14:51","5.0","115.6252","3.0","","","1.1","","10.1","92","","59","","3.00","10.28","2.03","","","","",""
"2022-01-25","2022025","14:51","5.0","115.6252","4.0","","","1.1","","10.1","92","","64","","3.11","10.27","2.12","","","","",""
"2022-01-25","2022025","14:51","5.0","115.6252","5.0","","","1.2","","10.1","92","","69","","3.23","10.27","2.21","","","","",""
"2022-01-25","2022025","14:51","5.0","115.6252","6.0","","","1.3","","10.1","92","","74","","3.32","10.27","2.27","","","","",""
"2022-01-25","2022025","14:51","5.0","115.6252","7.0","","","1.3","","10.1","92","","78","","3.39","10.27","2.33","","","","",""
"2022-01-25","2022025","14:51","5.0","115.6252","8.0","","","1.3","","10.0","92","","88","","3.84","10.29","2.68","","","","",""
"2022-01-25","2022025","14:51","5.0","115.6252","9.0","","","1.4","","9.9","92","","86","","5.00","10.34","3.58","","","","",""
"2022-01-25","2022025","14:51","5.0","115.6252","10.0","","","1.2","","9.8","91","","80","","6.61","10.43","4.82","","","","",""
"2022-01-25","2022025","14:51","5.0","115.6252","11.0","","","1.0","","9.6","91","","52","","8.72","10.60","6.44","","","","",""
"2022-01-25","2022025","14:34","6.0","110.8977","1.0","","","0.9","","10.0","92","","43","3.70","4.69","10.51","3.32","","","","",""
"2022-01-25","2022025","14:34","6.0","110.8977","2.0","0.9","0.35","0.9","","10.0","92","43.6","43","","4.76","10.49","3.37","0.76","38.91","7.78","1.98","270.60"
"2022-01-25","2022025","14:34","6.0","110.8977","3.0","","","0.9","","10.0","92","","48","","4.91","10.45","3.50","","","","",""
"2022-01-25","2022025","14:34","6.0","110.8977","4.0","","","0.9","","10.0","92","","51","","4.91","10.45","3.49","","","","",""
"2022-01-25","2022025","14:34","6.0","110.8977","5.0","","","1.0","","10.0","92","","51","","5.01","10.44","3.57","","","","",""
"2022-01-25","2022025","14:34","6.0","110.8977","6.0","","","1.0","","10.0","92","","53","","5.01","10.44","3.58","","","","",""
"2022-01-25","2022025","14:34","6.0","110.8977","7.0","","","1.1","","10.0","92","","56","","5.05","10.45","3.60","","","","",""
"2022-01-25","2022025","14:34","6.0","110.8977","8.0","","","1.1","","10.0","92","","59","","5.17","10.44","3.70","","","","",""
"2022-01-25","2022025","14:34","6.0","110.8977","9.0","","","1.1","","10.0","92","","61","","5.20","10.44","3.72","","","","",""
"2022-01-25","2022025","14:34","6.0","110.8977","10.0","1.0","0.29","1.1","","10.0","92","65.9","61","","5.21","10.44","3.73","","","","",""
"2022-01-25","2022025","14:16","7.0","104.9810","1.0","","","1.1","","9.8","93","","16","2.60","7.36","10.91","5.34","","","","",""
"2022-01-25","2022025","14:16","7.0","104.9810","2.0","1.4","0.53","1.1","","9.7","92","27.7","27","","7.98","10.77","5.85","","","","",""
"2022-01-25","2022025","14:16","7.0","104.9810","3.0","","","0.9","","9.6","92","","26","","8.80","10.67","6.49","","","","",""
"2022-01-25","2022025","14:16","7.0","104.9810","4.0","","","0.9","","9.6","92","","28","","8.88","10.67","6.55","","","","",""
"2022-01-25","2022025","14:16","7.0","104.9810","5.0","","","0.9","","9.6","92","","28","","9.04","10.68","6.68","","","","",""
"2022-01-25","2022025","14:16","7.0","104.9810","6.0","","","0.9","","9.6","91","","28","","9.26","10.68","6.85","","","","",""
"2022-01-25","2022025","14:16","7.0","104.9810","7.0","","","0.9","","9.5","91","","29","","9.52","10.69","7.05","","","","",""
"2022-01-25","2022025","14:16","7.0","104.9810","8.0","","","0.9","","9.5","91","","31","","9.78","10.71","7.24","","","","",""
"2022-01-25","2022025","14:16","7.0","104.9810","9.0","","","0.9","","9.5","91","","32","","9.89","10.71","7.33","","","","",""
"2022-01-25","2022025","14:16","7.0","104.9810","10.0","","","0.9","","9.5","91","","33","","10.00","10.72","7.42","","","","",""
"2022-01-25","2022025","14:16","7.0","104.9810","11.0","","","0.9","","9.4","91","","33","","10.39","10.74","7.72","","","","",""
"2022-01-25","2022025","14:16","7.0","104.9810","12.0","","","0.9","","9.4","91","","36","","10.65","10.76","7.91","","","","",""
"2022-01-25","2022025","14:16","7.0","104.9810","13.0","","","0.9","","9.4","91","","38","","10.69","10.77","7.94","","","","",""
"2022-01-25","2022025","14:16","7.0","104.9810","14.0","","","0.8","","9.4","91","","38","","10.78","10.77","8.01","","","","",""
"2022-01-25","2022025","14:16","7.0","104.9810","15.0","","","0.7","","9.4","91","","39","","10.80","10.78","8.03","","","","",""
"2022-01-25","2022025","13:52","8.0","99.7699","1.0","","","1.2","9.6","9.6","92","","25","2.80","8.82","11.00","6.47","","","","",""
"2022-01-25","2022025","13:52","8.0","99.7699","2.0","","","1.0","","9.6","93","","25","","9.74","10.98","7.18","","","","",""
"2022-01-25","2022025","13:52","8.0","99.7699","3.0","","","0.9","","9.5","92","","23","","10.37","10.98","7.67","","","","",""
"2022-01-25","2022025","13:52","8.0","99.7699","4.0","","","0.7","","9.4","92","","23","","11.10","11.00","8.23","","","","",""
"2022-01-25","2022025","13:52","8.0","99.7699","5.0","","","0.8","","9.4","92","","26","","11.51","10.99","8.55","","","","",""
"2022-01-25","2022025","13:52","8.0","99.7699","6.0","","","0.8","","9.4","91","","25","","11.74","10.94","8.74","","","","",""
"2022-01-25","2022025","13:52","8.0","99.7699","7.0","","","0.7","","9.3","91","","24","","11.93","10.91","8.89","","","","",""
"2022-01-25","2022025","13:52","8.0","99.7699","8.0","","","0.7","","9.3","91","","22","","11.96","10.90","8.91","","","","",""
"2022-01-25","2022025","13:52","8.0","99.7699","9.0","","","0.8","","9.3","91","","19","","12.15","10.91","9.06","","","","",""
"2022-01-25","2022025","13:52","8.0","99.7699","10.0","","","0.7","","9.3","91","","11","","12.36","10.93","9.22","","","","",""
"2022-01-25","2022025","13:52","8.0","99.7699","11.0","","","0.6","","9.2","91","","11","","12.74","10.95","9.51","","","","",""
"2022-01-25","2022025","13:52","8.0","99.7699","12.0","","","0.6","","9.2","91","","14","","12.80","10.96","9.56","","","","",""
"2022-01-25","2022025","13:52","8.0","99.7699","13.0","","","0.6","","9.2","91","","12","","12.96","11.00","9.67","","","","",""
"2022-01-25","2022025","13:52","8.0","99.7699","14.0","","","0.7","","9.2","91","","18","","13.11","11.02","9.79","","","","",""
"2022-01-25","2022025","13:52","8.0","99.7699","15.0","","","0.7","","9.2","91","","19","","13.30","11.04","9.93","","","","",""
"2022-01-25","2022025","13:52","8.0","99.7699","16.0","","","0.6","","9.2","91","","23","","13.38","11.04","9.99","","","","",""
"2022-01-25","2022025","13:52","8.0","99.7699","17.0","","","0.7","","9.2","91","","25","","13.38","11.04","9.99","","","","",""
"2022-01-25","2022025","13:33","9.0","96.7889","1.0","","","2.8","","9.4","92","","19","2.90","12.06","11.19","8.95","","","","",""
"2022-01-25","2022025","13:33","9.0","96.7889","2.0","2.1","0.61","2.8","","9.3","91","32.5","26","","12.76","11.11","9.51","1.03","38.20","7.57","2.36","194.76"
"2022-01-25","2022025","13:33","9.0","96.7889","3.0","","","2.8","","9.1","91","","19","","14.16","11.10","10.59","","","","",""
"2022-01-25","2022025","13:33","9.0","96.7889","4.0","","","2.8","","9.1","91","","20","","14.42","11.11","10.79","","","","",""
"2022-01-25","2022025","13:33","9.0","96.7889","5.0","","","2.8","","9.1","91","","22","","14.66","11.12","10.97","","","","",""
"2022-01-25","2022025","13:33","9.0","96.7889","6.0","","","2.8","","9.0","90","","25","","14.78","11.13","11.06","","","","",""
"2022-01-25","2022025","13:33","9.0","96.7889","7.0","","","2.8","","9.0","90","","25","","14.78","11.13","11.07","","","","",""
"2022-01-25","2022025","13:33","9.0","96.7889","8.0","","","2.8","","9.0","90","","25","","14.79","11.13","11.07","","","","",""
"2022-01-25","2022025","13:33","9.0","96.7889","9.0","","","2.8","","9.1","91","","25","","14.83","11.13","11.11","","","","",""
"2022-01-25","2022025","13:33","9.0","96.7889","10.0","","","2.9","","9.1","91","","24","","14.83","11.13","11.10","","","","",""
"2022-01-25","2022025","13:33","9.0","96.7889","11.0","","","2.9","","9.0","91","","25","","14.88","11.13","11.14","","","","",""
"2022-01-25","2022025","13:33","9.0","96.7889","12.0","","","2.9","","9.0","91","","25","","14.90","11.13","11.15","","","","",""
"2022-01-25","2022025","13:33","9.0","96.7889","13.0","","","2.9","","9.0","91","","27","","14.88","11.14","11.14","","","","",""
"2022-01-25","2022025","13:33","9.0","96.7889","14.0","","","2.9","","9.0","91","","29","","14.85","11.14","11.12","","","","",""
"2022-01-25","2022025","13:33","9.0","96.7889","15.0","","","3.0","","9.0","91","","30","","14.90","11.15","11.16","","","","",""
"2022-01-25","2022025","13:33","9.0","96.7889","16.0","","","2.9","","9.0","91","","30","","14.91","11.15","11.16","","","","",""
"2022-01-25","2022025","13:33","9.0","96.7889","17.0","","","3.0","","9.0","91","","29","","14.98","11.15","11.22","","","","",""
"2022-01-25","2022025","13:33","9.0","96.7889","18.0","","","3.0","","9.0","91","","35","","15.08","11.17","11.29","","","","",""
"2022-01-25","2022025","13:33","9.0","96.7889","19.0","","","3.0","","9.0","91","","36","","15.12","11.17","11.32","","","","",""
"2022-01-25","2022025","13:33","9.0","96.7889","20.0","","","3.0","","9.0","91","","38","","15.27","11.18","11.44","","","","",""
"2022-01-25","2022025","13:33","9.0","96.7889","21.0","","","2.9","","9.0","90","","39","","15.51","11.20","11.62","","","","",""
"2022-01-25","2022025","13:33","9.0","96.7889","22.0","","","2.9","","8.9","90","","39","","15.77","11.21","11.82","","","","",""
"2022-01-25","2022025","13:33","9.0","96.7889","23.0","","","2.9","","8.9","90","","40","","15.89","11.22","11.91","","","","",""
"2022-01-25","2022025","13:33","9.0","96.7889","24.0","","","2.9","","8.9","90","","43","","16.04","11.22","12.02","","","","",""
"2022-01-25","2022025","13:33","9.0","96.7889","25.0","","","2.9","","8.9","90","","43","","16.10","11.22","12.07","","","","",""
"2022-01-25","2022025","13:33","9.0","96.7889","26.0","","","2.9","","8.9","90","","45","","16.13","11.22","12.10","","","","",""
"2022-01-25","2022025","13:33","9.0","96.7889","27.0","","","2.9","","8.9","90","","47","","16.19","11.23","12.14","","","","",""
"2022-01-25","2022025","13:33","9.0","96.7889","28.0","","","2.9","","8.9","90","","46","","16.25","11.23","12.19","","","","",""
"2022-01-25","2022025","13:33","9.0","96.7889","29.0","","","2.9","","8.9","90","","48","","16.23","11.23","12.17","","","","",""
"2022-01-25","2022025","13:33","9.0","96.7889","30.0","","","2.9","","8.9","90","","46","","16.26","11.23","12.20","","","","",""
"2022-01-25","2022025","13:20","10.0","93.5951","1.0","","","2.8","","9.0","91","","37","2.40","15.24","11.22","11.41","","","","",""
"2022-01-25","2022025","13:20","10.0","93.5951","2.0","","","2.8","","9.0","91","","39","","15.34","11.21","11.48","","","","",""
"2022-01-25","2022025","13:20","10.0","93.5951","3.0","","","2.8","","9.0","91","","40","","15.42","11.21","11.55","","","","",""
"2022-01-25","2022025","13:20","10.0","93.5951","4.0","","","2.8","","9.0","90","","39","","15.60","11.20","11.69","","","","",""
"2022-01-25","2022025","13:20","10.0","93.5951","5.0","","","2.8","","8.9","90","","39","","15.97","11.21","11.98","","","","",""
"2022-01-25","2022025","13:20","10.0","93.5951","6.0","","","2.8","","8.9","90","","40","","16.17","11.22","12.13","","","","",""
"2022-01-25","2022025","13:20","10.0","93.5951","7.0","","","2.7","","8.9","90","","40","","16.50","11.23","12.38","","","","",""
"2022-01-25","2022025","13:20","10.0","93.5951","8.0","","","2.7","","8.9","90","","40","","16.71","11.24","12.54","","","","",""
"2022-01-25","2022025","13:20","10.0","93.5951","9.0","","","2.7","","8.8","90","","41","","17.00","11.25","12.76","","","","",""
"2022-01-25","2022025","13:20","10.0","93.5951","10.0","","","2.7","","8.8","90","","42","","17.47","11.28","13.13","","","","",""
"2022-01-25","2022025","13:20","10.0","93.5951","11.0","","","2.7","","8.8","90","","45","","17.83","11.30","13.40","","","","",""
"2022-01-25","2022025","13:20","10.0","93.5951","12.0","","","2.7","","8.7","90","","48","","18.06","11.31","13.58","","","","",""
"2022-01-25","2022025","13:20","10.0","93.5951","13.0","","","2.7","","8.7","90","","52","","18.21","11.32","13.69","","","","",""
"2022-01-25","2022025","13:20","10.0","93.5951","14.0","","","2.7","","8.7","90","","53","","18.25","11.32","13.73","","","","",""
"2022-01-25","2022025","13:20","10.0","93.5951","15.0","","","2.7","","8.7","90","","58","","18.41","11.33","13.85","","","","",""
"2022-01-25","2022025","13:20","10.0","93.5951","16.0","","","2.7","","8.7","90","","63","","18.44","11.33","13.86","","","","",""
"2022-01-25","2022025","13:01","11.0","89.7672","1.0","","","3.0","","8.8","89","","41","2.20","15.99","11.20","11.99","","","","",""
"2022-01-25","2022025","13:01","11.0","89.7672","2.0","","","2.9","","8.8","90","","40","","16.51","11.21","12.39","","","","",""
"2022-01-25","2022025","13:01","11.0","89.7672","3.0","","","2.9","","8.8","90","","41","","16.48","11.21","12.37","","","","",""
"2022-01-25","2022025","13:01","11.0","89.7672","4.0","","","2.9","","8.8","90","","40","","16.88","11.24","12.68","","","","",""
"2022-01-25","2022025","13:01","11.0","89.7672","5.0","","","2.8","","8.8","90","","40","","17.23","11.27","12.94","","","","",""
"2022-01-25","2022025","13:01","11.0","89.7672","6.0","","","2.8","","8.8","90","","38","","17.71","11.31","13.31","","","","",""
"2022-01-25","2022025","13:01","11.0","89.7672","7.0","","","2.7","","8.8","90","","38","","17.99","11.33","13.52","","","","",""
"2022-01-25","2022025","13:01","11.0","89.7672","8.0","","","2.7","","8.7","90","","39","","18.21","11.34","13.69","","","","",""
"2022-01-25","2022025","13:01","11.0","89.7672","9.0","","","2.7","","8.7","90","","41","","18.50","11.35","13.91","","","","",""
"2022-01-25","2022025","13:01","11.0","89.7672","10.0","","","2.7","","8.7","90","","43","","18.76","11.36","14.11","","","","",""
"2022-01-25","2022025","13:01","11.0","89.7672","11.0","","","2.7","","8.7","90","","43","","18.85","11.37","14.18","","","","",""
"2022-01-25","2022025","13:01","11.0","89.7672","12.0","","","2.7","","8.7","90","","45","","18.99","11.38","14.29","","","","",""
"2022-01-25","2022025","13:01","11.0","89.7672","13.0","","","2.7","","8.6","89","","46","","19.09","11.39","14.37","","","","",""
"2022-01-25","2022025","13:01","11.0","89.7672","14.0","","","2.7","","8.6","89","","46","","19.52","11.42","14.69","","","","",""
"2022-01-25","2022025","13:01","11.0","89.7672","15.0","","","2.6","","8.6","89","","49","","19.47","11.42","14.65","","","","",""
"2022-01-25","2022025","12:45","12.0","84.4458","1.0","","","2.8","","8.8","90","","23","1.70","18.19","11.36","13.67","","","","",""
"2022-01-25","2022025","12:45","12.0","84.4458","2.0","","","2.8","","8.7","90","","25","","18.64","11.37","14.02","","","","",""
"2022-01-25","2022025","12:45","12.0","84.4458","3.0","","","2.7","","8.6","89","","30","","20.06","11.42","15.11","","","","",""
"2022-01-25","2022025","12:45","12.0","84.4458","4.0","","","2.7","","8.5","89","","37","","20.59","11.45","15.51","","","","",""
"2022-01-25","2022025","12:45","12.0","84.4458","5.0","","","2.7","","8.5","89","","39","","21.00","11.47","15.83","","","","",""
"2022-01-25","2022025","12:45","12.0","84.4458","6.0","","","2.7","","8.5","89","","44","","21.43","11.50","16.15","","","","",""
"2022-01-25","2022025","12:45","12.0","84.4458","7.0","","","2.7","","8.5","89","","49","","21.75","11.51","16.40","","","","",""
"2022-01-25","2022025","12:45","12.0","84.4458","8.0","","","2.6","","8.5","89","","52","","21.87","11.52","16.49","","","","",""
"2022-01-25","2022025","12:26","13.0","78.5444","1.0","1.5","0.74","2.0","","8.6","90","9.3","13","1.20","21.09","11.59","15.88","","","","",""
"2022-01-25","2022025","12:26","13.0","78.5444","2.0","","","2.5","","8.5","90","","15","","22.37","11.56","16.88","1.02","31.41","4.85","2.24","129.60"
"2022-01-25","2022025","12:26","13.0","78.5444","3.0","","","2.4","","8.4","89","","16","","23.68","11.58","17.88","","","","",""
"2022-01-25","2022025","12:26","13.0","78.5444","4.0","","","2.3","","8.3","89","","17","","24.04","11.60","18.16","","","","",""
"2022-01-25","2022025","12:26","13.0","78.5444","5.0","","","2.3","","8.3","89","","18","","24.18","11.60","18.27","","","","",""
"2022-01-25","2022025","12:26","13.0","78.5444","6.0","","","2.3","","8.3","89","","19","","24.31","11.61","18.37","","","","",""
"2022-01-25","2022025","12:26","13.0","78.5444","7.0","","","2.3","","8.3","89","","19","","24.51","11.62","18.53","","","","",""
"2022-01-25","2022025","12:26","13.0","78.5444","8.0","","","2.3","","8.3","89","","21","","24.79","11.63","18.74","","","","",""
"2022-01-25","2022025","12:26","13.0","78.5444","9.0","2.1","0.59","2.3","","8.2","89","23.0","25","","25.00","11.64","18.89","","","","",""
"2022-01-25","2022025","12:13","14.0","74.4288","1.0","","","3.1","","8.4","90","","22","1.50","23.04","11.51","17.40","","","","",""
"2022-01-25","2022025","12:13","14.0","74.4288","2.0","","","2.6","","8.4","90","","19","","23.79","11.52","17.98","","","","",""
"2022-01-25","2022025","12:13","14.0","74.4288","3.0","","","2.5","","8.3","89","","17","","24.20","11.55","18.30","","","","",""
"2022-01-25","2022025","12:13","14.0","74.4288","4.0","","","2.5","","8.3","89","","16","","24.37","11.55","18.42","","","","",""
"2022-01-25","2022025","12:13","14.0","74.4288","5.0","","","2.5","","8.3","90","","15","","24.34","11.55","18.40","","","","",""
"2022-01-25","2022025","12:13","14.0","74.4288","6.0","","","2.5","","8.3","90","","15","","24.42","11.55","18.46","","","","",""
"2022-01-25","2022025","12:13","14.0","74.4288","7.0","","","2.5","","8.3","90","","13","","24.43","11.55","18.47","","","","",""
"2022-01-25","2022025","12:13","14.0","74.4288","8.0","","","2.5","","8.3","90","","13","","24.57","11.57","18.57","","","","",""
"2022-01-25","2022025","12:13","14.0","74.4288","9.0","","","2.4","","8.3","89","","12","","24.96","11.61","18.87","","","","",""
"2022-01-25","2022025","12:13","14.0","74.4288","10.0","","","2.4","","8.2","89","","16","","25.35","11.66","19.17","","","","",""
"2022-01-25","2022025","12:13","14.0","74.4288","11.0","","","2.4","","8.2","89","","23","","25.36","11.66","19.17","","","","",""
"2022-01-25","2022025","12:13","14.0","74.4288","12.0","","","2.4","","8.2","89","","25","","25.48","11.67","19.26","","","","",""
"2022-01-25","2022025","12:13","14.0","74.4288","13.0","","","2.5","","8.2","89","","34","","25.53","11.67","19.30","","","","",""
"2022-01-25","2022025","12:13","14.0","74.4288","14.0","","","2.6","","8.2","89","","44","","25.55","11.68","19.31","","","","",""
"2022-01-25","2022025","12:13","14.0","74.4288","15.0","","","2.6","","8.2","89","","47","","25.54","11.68","19.31","","","","",""
"2022-01-25","2022025","11:49","15.0","69.9895","1.0","","","3.7","","8.9","92","","11","1.20","18.93","11.35","14.25","","","","",""
"2022-01-25","2022025","11:49","15.0","69.9895","2.0","3.3","0.84","3.6","","8.8","91","8.0","10","","20.73","11.35","15.64","1.04","34.91","6.00","2.31","162.72"
"2022-01-25","2022025","11:49","15.0","69.9895","3.0","","","3.3","","8.6","90","","10","","21.25","11.40","16.03","","","","",""
"2022-01-25","2022025","11:49","15.0","69.9895","4.0","","","3.0","","8.6","90","","13","","21.60","11.44","16.29","","","","",""
"2022-01-25","2022025","11:49","15.0","69.9895","5.0","","","2.9","","8.6","90","","14","","21.80","11.43","16.45","","","","",""
"2022-01-25","2022025","11:49","15.0","69.9895","6.0","","","2.8","","8.6","90","","14","","22.15","11.44","16.72","","","","",""
"2022-01-25","2022025","11:49","15.0","69.9895","7.0","","","2.9","","8.5","90","","13","","22.60","11.49","17.07","","","","",""
"2022-01-25","2022025","11:49","15.0","69.9895","8.0","","","2.9","","8.5","90","","12","","22.88","11.52","17.27","","","","",""
"2022-01-25","2022025","11:49","15.0","69.9895","9.0","","","2.8","","8.5","90","","12","","23.32","11.56","17.61","","","","",""
"2022-01-25","2022025","11:49","15.0","69.9895","10.0","","","2.8","","8.4","90","","12","","23.46","11.58","17.71","","","","",""
"2022-01-25","2022025","11:49","15.0","69.9895","11.0","","","2.7","","8.4","90","","12","","24.16","11.61","18.25","","","","",""
"2022-01-25","2022025","11:49","15.0","69.9895","12.0","","","2.5","","8.3","89","","12","","24.66","11.61","18.64","","","","",""
"2022-01-25","2022025","11:49","15.0","69.9895","13.0","","","2.4","","8.3","89","","12","","24.92","11.60","18.84","","","","",""
"2022-01-25","2022025","11:49","15.0","69.9895","14.0","","","2.2","","8.3","89","","12","","24.98","11.60","18.89","","","","",""
"2022-01-25","2022025","11:49","15.0","69.9895","15.0","","","2.2","","8.2","89","","12","","25.11","11.62","18.99","","","","",""
"2022-01-25","2022025","11:49","15.0","69.9895","16.0","","","2.2","","8.2","89","","13","","25.33","11.64","19.16","","","","",""
"2022-01-25","2022025","11:49","15.0","69.9895","17.0","","","2.2","","8.2","89","","16","","25.55","11.65","19.32","","","","",""
"2022-01-25","2022025","11:49","15.0","69.9895","18.0","","","2.3","","8.2","89","","18","","25.62","11.66","19.38","","","","",""
"2022-01-25","2022025","11:49","15.0","69.9895","19.0","","","2.3","","8.2","89","","19","","25.65","11.66","19.40","","","","",""
"2022-01-25","2022025","11:49","15.0","69.9895","20.0","","","2.3","","8.2","89","","20","","25.66","11.66","19.41","","","","",""
"2022-01-25","2022025","11:49","15.0","69.9895","21.0","","","2.2","","8.2","89","","21","","25.68","11.66","19.42","","","","",""
"2022-01-25","2022025","11:49","15.0","69.9895","22.0","","","2.2","","8.2","89","","21","","25.72","11.66","19.45","","","","",""
"2022-01-25","2022025","11:49","15.0","69.9895","23.0","","","2.2","","8.2","89","","22","","25.74","11.67","19.47","","","","",""
"2022-01-25","2022025","11:49","15.0","69.9895","24.0","2.2","0.62","2.2","","8.2","89","20.7","23","","25.74","11.67","19.46","","","","",""
"2022-01-25","2022025","11:27","16.0","63.0794","1.0","","","2.7","8.6","8.5","90","","12","1.10","23.81","11.47","18.00","","","","",""
"2022-01-25","2022025","11:27","16.0","63.0794","2.0","","","3.1","","8.4","90","","11","","24.35","11.50","18.42","","","","",""
"2022-01-25","2022025","11:27","16.0","63.0794","3.0","","","2.9","","8.3","90","","13","","25.63","11.60","19.40","","","","",""
"2022-01-25","2022025","11:27","16.0","63.0794","4.0","","","2.7","","8.2","89","","16","","26.18","11.64","19.81","","","","",""
"2022-01-25","2022025","11:27","16.0","63.0794","5.0","","","2.5","","8.2","89","","19","","26.37","11.66","19.96","","","","",""
"2022-01-25","2022025","11:27","16.0","63.0794","6.0","","","2.7","","8.2","89","","22","","26.53","11.68","20.08","","","","",""
"2022-01-25","2022025","11:27","16.0","63.0794","7.0","","","2.7","","8.2","89","","24","","26.62","11.69","20.15","","","","",""
"2022-01-25","2022025","11:27","16.0","63.0794","8.0","","","2.8","","8.2","89","","26","","26.76","11.70","20.25","","","","",""
"2022-01-25","2022025","11:27","16.0","63.0794","9.0","","","2.7","","8.2","89","","28","","26.82","11.70","20.29","","","","",""
"2022-01-25","2022025","11:27","16.0","63.0794","10.0","","","2.7","","8.2","89","","31","","26.88","11.71","20.35","","","","",""
"2022-01-25","2022025","11:27","16.0","63.0794","11.0","","","2.7","","8.2","89","","36","","26.93","11.71","20.38","","","","",""
"2022-01-25","2022025","11:27","16.0","63.0794","12.0","","","3.0","","8.2","89","","38","","26.95","11.71","20.39","","","","",""
"2022-01-25","2022025","11:08","17.0","58.8909","1.0","","","2.4","","8.3","91","","5","0.80","25.98","11.75","19.64","","","","",""
"2022-01-25","2022025","11:08","17.0","58.8909","2.0","2.4","0.77","2.4","","8.3","90","","6","","26.47","11.78","20.01","","","","",""
"2022-01-25","2022025","11:08","17.0","58.8909","3.0","","","2.4","","8.2","89","","6","","26.91","11.79","20.35","","","","",""
"2022-01-25","2022025","11:08","17.0","58.8909","4.0","","","2.3","","8.0","89","","6","","28.40","11.81","21.51","","","","",""
"2022-01-25","2022025","11:08","17.0","58.8909","5.0","","","2.2","","8.0","88","","9","","28.54","11.81","21.61","","","","",""
"2022-01-25","2022025","11:08","17.0","58.8909","6.0","","","2.2","","8.0","88","","15","","29.05","11.83","22.00","","","","",""
"2022-01-25","2022025","11:08","17.0","58.8909","7.0","","","2.2","","7.9","88","","18","","29.14","11.83","22.07","","","","",""
"2022-01-25","2022025","11:08","17.0","58.8909","8.0","","","2.2","","7.9","88","","18","","29.16","11.83","22.09","","","","",""
"2022-01-25","2022025","11:08","17.0","58.8909","9.0","","","2.1","","7.9","88","","20","","29.29","11.84","22.19","","","","",""
"2022-01-25","2022025","11:08","17.0","58.8909","10.0","","","2.1","","7.9","88","","23","","29.39","11.84","22.26","","","","",""
"2022-01-25","2022025","11:08","17.0","58.8909","11.0","","","2.2","","7.9","88","","26","","29.44","11.84","22.30","","","","",""
"2022-01-25","2022025","11:08","17.0","58.8909","12.0","","","2.1","","7.9","88","","28","","29.45","11.84","22.31","","","","",""
"2022-01-25","2022025","10:48","18.0","54.9481","1.0","","","2.8","","8.3","91","","5","0.80","26.63","11.65","20.16","","","","",""
"2022-01-25","2022025","10:48","18.0","54.9481","2.0","3.1","0.74","2.8","","8.3","91","7.3","5","","26.78","11.67","20.27","0.94","24.42","3.21","1.90","73.35"
"2022-01-25","2022025","10:48","18.0","54.9481","3.0","","","2.7","","8.3","91","","5","","26.94","11.68","20.39","","","","",""
"2022-01-25","2022025","10:48","18.0","54.9481","4.0","","","2.6","","8.3","91","","5","","26.98","11.69","20.43","","","","",""
"2022-01-25","2022025","10:48","18.0","54.9481","5.0","","","2.5","","8.3","91","","5","","27.05","11.70","20.47","","","","",""
"2022-01-25","2022025","10:48","18.0","54.9481","6.0","","","2.6","","8.3","91","","5","","27.13","11.71","20.54","","","","",""
"2022-01-25","2022025","10:48","18.0","54.9481","7.0","","","2.7","","8.2","90","","5","","27.31","11.72","20.67","","","","",""
"2022-01-25","2022025","10:48","18.0","54.9481","8.0","","","2.6","","8.2","90","","5","","27.38","11.73","20.72","","","","",""
"2022-01-25","2022025","10:48","18.0","54.9481","9.0","","","2.5","","8.2","90","","5","","27.36","11.73","20.71","","","","",""
"2022-01-25","2022025","10:48","18.0","54.9481","10.0","","","2.5","","8.2","90","","5","","27.43","11.73","20.76","","","","",""
"2022-01-25","2022025","10:48","18.0","54.9481","11.0","","","2.5","","8.2","90","","5","","27.45","11.73","20.78","","","","",""
"2022-01-25","2022025","10:48","18.0","54.9481","12.0","","","2.4","","8.2","90","","5","","27.50","11.74","20.82","","","","",""
"2022-01-25","2022025","10:48","18.0","54.9481","13.0","","","2.5","","8.2","90","","5","","27.51","11.74","20.82","","","","",""
"2022-01-25","2022025","10:48","18.0","54.9481","14.0","","","2.4","","8.2","90","","5","","27.51","11.74","20.82","","","","",""
"2022-01-25","2022025","10:48","18.0","54.9481","15.0","","","2.5","","8.2","90","","5","","27.53","11.75","20.84","","","","",""
"2022-01-25","2022025","10:48","18.0","54.9481","16.0","","","2.4","","8.2","90","","6","","27.60","11.76","20.89","","","","",""
"2022-01-25","2022025","10:48","18.0","54.9481","17.0","","","2.5","","8.2","90","","6","","27.64","11.77","20.92","","","","",""
"2022-01-25","2022025","10:48","18.0","54.9481","18.0","","","2.5","","8.2","90","","6","","27.69","11.78","20.96","","","","",""
"2022-01-25","2022025","10:48","18.0","54.9481","19.0","","","2.4","","8.2","90","","6","","27.68","11.78","20.95","","","","",""
"2022-01-25","2022025","10:48","18.0","54.9481","20.0","","","2.4","","8.2","90","","6","","27.76","11.78","21.02","","","","",""
"2022-01-25","2022025","10:48","18.0","54.9481","21.0","","","2.4","","8.2","90","","6","","27.78","11.78","21.03","","","","",""
"2022-01-25","2022025","10:48","18.0","54.9481","22.0","","","2.4","","8.2","90","","6","","27.79","11.78","21.03","","","","",""
"2022-01-25","2022025","10:48","18.0","54.9481","23.0","","","2.4","","8.2","90","","7","","27.81","11.78","21.05","","","","",""
"2022-01-25","2022025","10:48","18.0","54.9481","24.0","","","2.4","","8.2","90","","6","","27.82","11.77","21.06","","","","",""
"2022-01-25","2022025","10:48","18.0","54.9481","25.0","","","2.4","","8.1","90","","6","","27.99","11.77","21.19","","","","",""
"2022-01-25","2022025","10:48","18.0","54.9481","26.0","","","2.4","","8.1","90","","8","","28.57","11.79","21.64","","","","",""
"2022-01-25","2022025","10:48","18.0","54.9481","27.0","","","2.2","","8.1","89","","10","","28.80","11.80","21.82","","","","",""
"2022-01-25","2022025","10:48","18.0","54.9481","28.0","","","2.1","","8.0","89","","12","","29.17","11.81","22.10","","","","",""
"2022-01-25","2022025","10:48","18.0","54.9481","29.0","","","2.1","","8.0","89","","14","","29.32","11.82","22.21","","","","",""
"2022-01-25","2022025","10:48","18.0","54.9481","30.0","","","2.1","","8.0","89","","17","","29.63","11.83","22.45","","","","",""
"2022-01-25","2022025","10:48","18.0","54.9481","31.0","","","2.1","","8.0","89","","18","","29.61","11.83","22.43","","","","",""
"2022-01-25","2022025","10:48","18.0","54.9481","32.0","","","2.1","","8.0","89","","19","","29.62","11.83","22.45","","","","",""
"2022-01-25","2022025","10:48","18.0","54.9481","33.0","","","2.1","","8.0","89","","19","","29.67","11.84","22.48","","","","",""
"2022-01-25","2022025","10:48","18.0","54.9481","34.0","","","2.1","","8.0","89","","19","","29.69","11.84","22.50","","","","",""
"2022-01-25","2022025","10:48","18.0","54.9481","35.0","","","2.1","","8.0","89","","20","","29.73","11.84","22.53","","","","",""
"2022-01-25","2022025","10:48","18.0","54.9481","36.0","","","2.0","","8.0","89","","20","","29.71","11.84","22.52","","","","",""
"2022-01-25","2022025","10:48","18.0","54.9481","37.0","","","2.0","","8.0","89","","21","","29.73","11.84","22.53","","","","",""
"2022-01-25","2022025","10:48","18.0","54.9481","38.0","","","2.0","","8.0","89","","20","","29.73","11.84","22.53","","","","",""
"2022-01-25","2022025","10:48","18.0","54.9481","39.0","","","1.9","","7.9","89","","21","","29.82","11.85","22.59","","","","",""
"2022-01-25","2022025","10:48","18.0","54.9481","40.0","","","2.0","","8.0","89","","21","","29.81","11.85","22.59","","","","",""
"2022-01-25","2022025","10:48","18.0","54.9481","41.0","2.2","0.48","2.0","","8.0","89","25.3","22","","29.77","11.84","22.56","","","","",""
"2022-01-25","2022025","10:35","20.0","51.4501","1.0","","","2.6","","8.2","90","","7","0.80","27.28","11.81","20.64","","","","",""
"2022-01-25","2022025","10:35","20.0","51.4501","2.0","2.9","0.78","2.6","","8.2","90","","7","","27.29","11.81","20.64","","","","",""
"2022-01-25","2022025","10:35","20.0","51.4501","3.0","","","2.5","","8.2","90","","7","","27.29","11.81","20.64","","","","",""
"2022-01-25","2022025","10:35","20.0","51.4501","4.0","","","2.5","","8.2","90","","7","","27.29","11.81","20.64","","","","",""
"2022-01-25","2022025","10:35","20.0","51.4501","5.0","","","2.6","","8.2","90","","7","","27.29","11.81","20.64","","","","",""
"2022-01-25","2022025","10:35","20.0","51.4501","6.0","","","2.5","","8.2","90","","7","","27.32","11.80","20.67","","","","",""
"2022-01-25","2022025","10:35","20.0","51.4501","7.0","","","2.4","","8.2","90","","8","","27.34","11.80","20.68","","","","",""
"2022-01-25","2022025","10:35","20.0","51.4501","8.0","","","2.6","","8.2","90","","9","","27.36","11.80","20.70","","","","",""
"2022-01-25","2022025","10:35","20.0","51.4501","9.0","","","2.5","","8.2","90","","10","","27.37","11.80","20.71","","","","",""
"2022-01-25","2022025","10:35","20.0","51.4501","10.0","","","2.5","","8.2","90","","10","","27.37","11.80","20.71","","","","",""
"2022-01-25","2022025","10:35","20.0","51.4501","11.0","","","2.5","","8.2","90","","11","","27.38","11.80","20.71","","","","",""
"2022-01-25","2022025","10:35","20.0","51.4501","12.0","","","2.5","","8.2","90","","11","","27.38","11.80","20.71","","","","",""
"2022-01-25","2022025","10:35","20.0","51.4501","13.0","","","2.5","","8.2","90","","11","","27.40","11.80","20.73","","","","",""
"2022-01-25","2022025","10:35","20.0","51.4501","14.0","","","2.5","","8.2","90","","11","","27.42","11.81","20.74","","","","",""
"2022-01-25","2022025","10:35","20.0","51.4501","15.0","","","2.5","","8.2","90","","11","","27.43","11.81","20.75","","","","",""
"2022-01-25","2022025","10:35","20.0","51.4501","16.0","","","2.5","","8.2","90","","11","","27.44","11.81","20.76","","","","",""
"2022-01-25","2022025","10:35","20.0","51.4501","17.0","","","2.6","","8.2","90","","12","","27.46","11.81","20.78","","","","",""
"2022-01-25","2022025","10:35","20.0","51.4501","18.0","","","2.4","","8.2","90","","12","","27.52","11.81","20.82","","","","",""
"2022-01-25","2022025","10:35","20.0","51.4501","19.0","","","2.6","","8.2","90","","12","","27.53","11.81","20.83","","","","",""
"2022-01-25","2022025","10:35","20.0","51.4501","20.0","","","2.5","","8.2","90","","12","","27.56","11.81","20.85","","","","",""
"2022-01-25","2022025","10:35","20.0","51.4501","21.0","","","2.6","","8.2","90","","13","","27.60","11.81","20.88","","","","",""
"2022-01-25","2022025","10:35","20.0","51.4501","22.0","","","2.6","","8.1","90","","13","","27.61","11.81","20.89","","","","",""
"2022-01-25","2022025","10:35","20.0","51.4501","23.0","","","2.5","","8.2","90","","14","","27.63","11.81","20.90","","","","",""
"2022-01-25","2022025","10:35","20.0","51.4501","24.0","","","2.5","","8.1","90","","15","","27.63","11.82","20.91","","","","",""
"2022-01-25","2022025","10:35","20.0","51.4501","25.0","","","2.5","","8.1","90","","15","","27.63","11.82","20.91","","","","",""
"2022-01-25","2022025","10:20","21.0","46.6266","1.0","","","3.0","","8.2","91","","16","1.20","27.02","11.84","20.43","","","","",""
"2022-01-25","2022025","10:20","21.0","46.6266","2.0","2.9","0.68","2.8","","8.2","90","","16","","27.02","11.84","20.43","","","","",""
"2022-01-25","2022025","10:20","21.0","46.6266","3.0","","","2.9","","8.2","90","","16","","27.02","11.84","20.43","","","","",""
"2022-01-25","2022025","10:20","21.0","46.6266","4.0","","","2.8","","8.2","90","","16","","27.02","11.84","20.43","","","","",""
"2022-01-25","2022025","10:20","21.0","46.6266","5.0","","","2.8","","8.2","90","","17","","27.03","11.83","20.44","","","","",""
"2022-01-25","2022025","10:20","21.0","46.6266","6.0","","","2.7","","8.2","90","","17","","27.04","11.83","20.44","","","","",""
"2022-01-25","2022025","10:20","21.0","46.6266","7.0","","","2.7","","8.2","90","","18","","27.05","11.83","20.45","","","","",""
"2022-01-25","2022025","10:20","21.0","46.6266","8.0","","","2.7","","8.2","90","","18","","27.06","11.83","20.46","","","","",""
"2022-01-25","2022025","10:20","21.0","46.6266","9.0","","","2.8","","8.2","90","","18","","27.06","11.83","20.46","","","","",""
"2022-01-25","2022025","10:20","21.0","46.6266","10.0","","","2.7","","8.2","90","","18","","27.06","11.83","20.46","","","","",""
"2022-01-25","2022025","10:20","21.0","46.6266","11.0","","","2.8","","8.2","90","","18","","27.07","11.83","20.46","","","","",""
"2022-01-25","2022025","10:20","21.0","46.6266","12.0","","","2.7","","8.2","90","","19","","27.07","11.83","20.47","","","","",""
"2022-01-25","2022025","10:20","21.0","46.6266","13.0","","","2.8","","8.2","90","","18","","27.07","11.83","20.47","","","","",""
"2022-01-25","2022025","10:20","21.0","46.6266","14.0","","","2.7","","8.2","90","","18","","27.07","11.83","20.47","","","","",""
"2022-01-25","2022025","10:20","21.0","46.6266","15.0","","","2.7","","8.2","90","","18","","27.06","11.83","20.46","","","","",""
"2022-01-25","2022025","10:20","21.0","46.6266","16.0","","","2.8","","8.2","90","","19","","27.07","11.83","20.47","","","","",""
"2022-01-25","2022025","10:20","21.0","46.6266","17.0","","","2.7","","8.2","90","","19","","27.07","11.83","20.47","","","","",""
"2022-01-25","2022025","10:20","21.0","46.6266","18.0","","","2.7","","8.2","90","","19","","27.07","11.83","20.47","","","","",""
"2022-01-25","2022025","10:11","22.0","43.9210","1.0","","","3.4","","8.3","91","","4","0.90","26.83","11.74","20.30","","","","",""
"2022-01-25","2022025","10:11","22.0","43.9210","2.0","3.3","0.81","2.9","","8.3","90","5.1","7","","26.89","11.76","20.34","1.16","25.84","4.64","2.23","65.87"
"2022-01-25","2022025","10:11","22.0","43.9210","3.0","","","2.6","","8.2","90","","10","","26.94","11.78","20.37","","","","",""
"2022-01-25","2022025","10:11","22.0","43.9210","4.0","","","2.6","","8.2","90","","10","","26.95","11.79","20.38","","","","",""
"2022-01-25","2022025","10:11","22.0","43.9210","5.0","","","2.6","","8.2","90","","10","","26.95","11.79","20.39","","","","",""
"2022-01-25","2022025","10:11","22.0","43.9210","6.0","","","2.6","","8.2","90","","12","","26.99","11.80","20.41","","","","",""
"2022-01-25","2022025","10:11","22.0","43.9210","7.0","","","2.6","","8.2","90","","14","","26.99","11.81","20.41","","","","",""
"2022-01-25","2022025","10:11","22.0","43.9210","8.0","","","2.5","","8.2","90","","14","","27.00","11.81","20.42","","","","",""
"2022-01-25","2022025","10:11","22.0","43.9210","9.0","","","2.6","","8.2","90","","16","","27.01","11.81","20.42","","","","",""
"2022-01-25","2022025","10:11","22.0","43.9210","10.0","","","2.6","","8.2","90","","17","","27.02","11.81","20.43","","","","",""
"2022-01-25","2022025","10:11","22.0","43.9210","11.0","","","2.6","","8.2","90","","18","","27.02","11.81","20.43","","","","",""
"2022-01-25","2022025","10:11","22.0","43.9210","12.0","","","2.7","","8.2","90","","18","","27.03","11.82","20.44","","","","",""
"2022-01-25","2022025","10:11","22.0","43.9210","13.0","","","2.7","","8.2","90","","20","","27.02","11.81","20.44","","","","",""
"2022-01-25","2022025","10:11","22.0","43.9210","14.0","","","2.7","","8.2","90","","19","","27.03","11.82","20.44","","","","",""
"2022-01-25","2022025","10:11","22.0","43.9210","15.0","","","2.6","","8.2","90","","20","","27.03","11.82","20.44","","","","",""
"2022-01-25","2022025","10:11","22.0","43.9210","16.0","","","2.6","","8.2","90","","21","","27.04","11.82","20.45","","","","",""
"2022-01-25","2022025","10:11","22.0","43.9210","17.0","","","2.5","","8.2","90","","21","","27.04","11.82","20.45","","","","",""
"2022-01-25","2022025","10:11","22.0","43.9210","18.0","","","2.6","","8.2","90","","23","","27.04","11.82","20.45","","","","",""
"2022-01-25","2022025","10:11","22.0","43.9210","19.0","2.5","0.55","2.6","","8.2","90","24.9","23","","27.04","11.82","20.45","","","","",""
"2022-01-25","2022025","9:58","23.0","39.6557","1.0","","","2.9","","8.2","90","","18","1.40","26.62","11.86","20.12","","","","",""
"2022-01-25","2022025","9:58","23.0","39.6557","2.0","","","2.9","","8.2","90","","19","","26.62","11.84","20.12","","","","",""
"2022-01-25","2022025","9:58","23.0","39.6557","3.0","","","2.8","","8.2","90","","20","","26.63","11.84","20.13","","","","",""
"2022-01-25","2022025","9:58","23.0","39.6557","4.0","","","2.7","","8.2","90","","22","","26.63","11.84","20.13","","","","",""
"2022-01-25","2022025","9:58","23.0","39.6557","5.0","","","2.8","","8.2","90","","23","","26.64","11.84","20.13","","","","",""
"2022-01-25","2022025","9:58","23.0","39.6557","6.0","","","2.9","","8.2","90","","27","","26.64","11.84","20.14","","","","",""
"2022-01-25","2022025","9:58","23.0","39.6557","7.0","","","2.9","","8.2","90","","27","","26.64","11.83","20.14","","","","",""
"2022-01-25","2022025","9:58","23.0","39.6557","8.0","","","2.9","","8.2","90","","27","","26.64","11.84","20.14","","","","",""
"2022-01-25","2022025","9:58","23.0","39.6557","9.0","","","2.9","","8.2","90","","27","","26.64","11.84","20.14","","","","",""
"2022-01-25","2022025","9:58","23.0","39.6557","10.0","","","2.9","","8.2","90","","27","","26.64","11.84","20.14","","","","",""
"2022-01-25","2022025","9:58","23.0","39.6557","11.0","","","2.8","","8.2","90","","27","","26.64","11.84","20.14","","","","",""
"2022-01-25","2022025","9:58","23.0","39.6557","12.0","","","2.9","","8.2","90","","27","","26.64","11.84","20.14","","","","",""
"2022-01-25","2022025","9:58","23.0","39.6557","13.0","","","2.9","","8.2","90","","27","","26.64","11.84","20.14","","","","",""
"2022-01-25","2022025","9:58","23.0","39.6557","14.0","","","2.8","","8.2","90","","27","","26.64","11.84","20.14","","","","",""
"2022-01-25","2022025","9:58","23.0","39.6557","15.0","","","2.9","","8.2","90","","29","","26.65","11.83","20.14","","","","",""
"2022-01-25","2022025","9:48","24.0","37.0911","1.0","","","3.2","","8.2","90","","22","1.50","26.44","11.88","19.97","","","","",""
"2022-01-25","2022025","9:48","24.0","37.0911","2.0","3.3","0.67","3.2","","8.2","90","23.6","23","","26.44","11.88","19.98","1.68","32.20","7.07","3.11","71.57"
"2022-01-25","2022025","9:48","24.0","37.0911","3.0","","","3.1","","8.2","90","","25","","26.44","11.88","19.98","","","","",""
"2022-01-25","2022025","9:48","24.0","37.0911","4.0","","","3.0","","8.2","90","","25","","26.45","11.87","19.98","","","","",""
"2022-01-25","2022025","9:48","24.0","37.0911","5.0","","","3.1","","8.2","90","","27","","26.45","11.87","19.98","","","","",""
"2022-01-25","2022025","9:48","24.0","37.0911","6.0","","","3.1","","8.2","90","","29","","26.45","11.87","19.98","","","","",""
"2022-01-25","2022025","9:48","24.0","37.0911","7.0","","","3.1","","8.2","90","","28","","26.45","11.87","19.98","","","","",""
"2022-01-25","2022025","9:48","24.0","37.0911","8.0","","","3.0","","8.2","90","","28","","26.45","11.87","19.98","","","","",""
"2022-01-25","2022025","9:48","24.0","37.0911","9.0","","","3.0","","8.2","90","","28","","26.45","11.87","19.98","","","","",""
"2022-01-25","2022025","9:48","24.0","37.0911","10.0","3.3","0.61","3.1","","8.2","90","31.1","32","","26.46","11.87","19.99","","","","",""
"2022-01-25","2022025","9:37","25.0","32.8382","1.0","","","3.7","8.2","8.3","91","","28","1.80","26.32","11.99","19.86","","","","",""
"2022-01-25","2022025","9:37","25.0","32.8382","2.0","","","3.6","","8.3","91","","31","","26.32","11.98","19.86","","","","",""
"2022-01-25","2022025","9:37","25.0","32.8382","3.0","","","3.5","","8.3","91","","35","","26.32","11.98","19.86","","","","",""
"2022-01-25","2022025","9:37","25.0","32.8382","4.0","","","3.5","","8.3","91","","35","","26.32","11.98","19.86","","","","",""
"2022-01-25","2022025","9:37","25.0","32.8382","5.0","","","3.6","","8.3","91","","37","","26.32","11.99","19.86","","","","",""
"2022-01-25","2022025","9:37","25.0","32.8382","6.0","","","3.5","","8.3","91","","39","","26.32","11.98","19.86","","","","",""
"2022-01-25","2022025","9:37","25.0","32.8382","7.0","","","3.6","","8.3","91","","40","","26.32","11.98","19.86","","","","",""
"2022-01-25","2022025","9:37","25.0","32.8382","8.0","","","3.6","","8.3","91","","42","","26.32","11.98","19.86","","","","",""
"2022-01-25","2022025","9:25","26.0","28.7560","1.0","","","3.4","","8.4","92","","16","1.20","26.18","11.83","19.78","","","","",""
"2022-01-25","2022025","9:25","26.0","28.7560","2.0","","","3.3","","8.4","91","","15","","26.18","11.83","19.78","","","","",""
"2022-01-25","2022025","9:25","26.0","28.7560","3.0","","","3.2","","8.4","91","","18","","26.19","11.83","19.79","","","","",""
"2022-01-25","2022025","9:25","26.0","28.7560","4.0","","","3.2","","8.4","91","","19","","26.19","11.83","19.78","","","","",""
"2022-01-25","2022025","9:25","26.0","28.7560","5.0","","","3.3","","8.4","91","","19","","26.20","11.84","19.79","","","","",""
"2022-01-25","2022025","9:25","26.0","28.7560","6.0","","","3.4","","8.4","91","","25","","26.21","11.85","19.80","","","","",""
"2022-01-25","2022025","9:25","26.0","28.7560","7.0","","","3.3","","8.4","91","","28","","26.21","11.85","19.80","","","","",""
"2022-01-25","2022025","9:25","26.0","28.7560","8.0","","","3.3","","8.4","91","","30","","26.21","11.85","19.80","","","","",""
"2022-01-25","2022025","9:25","26.0","28.7560","9.0","","","3.4","","8.4","91","","34","","26.21","11.85","19.80","","","","",""
"2022-01-25","2022025","9:25","26.0","28.7560","10.0","","","3.2","","8.4","91","","35","","26.21","11.85","19.80","","","","",""
"2022-01-25","2022025","9:15","27.0","26.1872","1.0","","","3.4","","8.4","92","","6","1.00","25.93","11.76","19.60","","","","",""
"2022-01-25","2022025","9:15","27.0","26.1872","2.0","3.3","0.81","3.2","","8.4","92","9.6","7","","25.99","11.80","19.64","1.73","34.98","7.21","3.82","75.13"
"2022-01-25","2022025","9:15","27.0","26.1872","3.0","","","3.0","","8.4","92","","10","","26.03","11.81","19.66","","","","",""
"2022-01-25","2022025","9:15","27.0","26.1872","4.0","","","2.9","","8.4","92","","11","","26.06","11.81","19.69","","","","",""
"2022-01-25","2022025","9:15","27.0","26.1872","5.0","","","3.0","","8.4","92","","14","","26.10","11.82","19.72","","","","",""
"2022-01-25","2022025","9:15","27.0","26.1872","6.0","","","3.1","","8.4","92","","17","","26.11","11.82","19.72","","","","",""
"2022-01-25","2022025","9:15","27.0","26.1872","7.0","","","3.1","","8.4","92","","18","","26.10","11.82","19.72","","","","",""
"2022-01-25","2022025","9:15","27.0","26.1872","8.0","","","2.9","","8.4","92","","18","","26.11","11.82","19.72","","","","",""
"2022-01-25","2022025","9:15","27.0","26.1872","9.0","","","3.1","","8.4","92","","19","","26.11","11.82","19.73","","","","",""
"2022-01-25","2022025","9:15","27.0","26.1872","10.0","","","3.2","","8.4","91","","19","","26.11","11.82","19.73","","","","",""
"2022-01-25","2022025","9:15","27.0","26.1872","11.0","","","3.1","","8.1","88","","20","","26.11","11.82","19.73","","","","",""
"2022-01-25","2022025","9:15","27.0","26.1872","12.0","3.5","0.71","3.1","","7.6","83","23.3","22","","26.12","11.83","19.73","","","","",""
"2022-01-25","2022025","9:05","28.0","23.5695","1.0","","","3.0","","8.5","92","","8","0.90","25.93","11.76","19.60","","","","",""
"2022-01-25","2022025","9:05","28.0","23.5695","2.0","","","3.1","","8.5","92","","8","","25.93","11.77","19.60","","","","",""
"2022-01-25","2022025","9:05","28.0","23.5695","3.0","","","3.0","","8.5","92","","9","","25.96","11.79","19.61","","","","",""
"2022-01-25","2022025","9:05","28.0","23.5695","4.0","","","2.9","","8.5","92","","11","","26.01","11.84","19.65","","","","",""
"2022-01-25","2022025","9:05","28.0","23.5695","5.0","","","3.0","","8.5","92","","14","","26.05","11.86","19.67","","","","",""
"2022-01-25","2022025","9:05","28.0","23.5695","6.0","","","2.9","","8.5","92","","15","","26.06","11.87","19.68","","","","",""
"2022-01-25","2022025","9:05","28.0","23.5695","7.0","","","3.0","","8.4","92","","17","","26.07","11.88","19.69","","","","",""
"2022-01-25","2022025","9:05","28.0","23.5695","8.0","","","3.0","","8.4","92","","17","","26.08","11.88","19.69","","","","",""
"2022-01-25","2022025","9:05","28.0","23.5695","9.0","","","3.0","","8.5","92","","21","","26.08","11.88","19.69","","","","",""
"2022-01-25","2022025","9:05","28.0","23.5695","10.0","","","3.0","","8.5","92","","21","","26.08","11.88","19.69","","","","",""
"2022-01-25","2022025","9:05","28.0","23.5695","11.0","","","3.1","","8.5","92","","21","","26.08","11.88","19.69","","","","",""
"2022-01-25","2022025","9:05","28.0","23.5695","12.0","","","3.0","","8.4","92","","21","","26.08","11.88","19.70","","","","",""
"2022-01-25","2022025","8:54","29.0","20.2526","1.0","","","3.1","","8.4","92","","13","1.10","25.94","11.83","19.59","","","","",""
"2022-01-25","2022025","8:54","29.0","20.2526","2.0","","","2.7","","8.5","92","","14","","25.95","11.83","19.60","","","","",""
"2022-01-25","2022025","8:54","29.0","20.2526","3.0","","","2.7","","8.5","92","","14","","25.95","11.84","19.60","","","","",""
"2022-01-25","2022025","8:54","29.0","20.2526","4.0","","","2.8","","8.5","92","","18","","25.98","11.85","19.62","","","","",""
"2022-01-25","2022025","8:54","29.0","20.2526","5.0","","","2.8","","8.4","92","","26","","25.98","11.85","19.62","","","","",""
"2022-01-25","2022025","8:54","29.0","20.2526","6.0","","","3.0","","8.4","92","","30","","25.98","11.85","19.62","","","","",""
"2022-01-25","2022025","8:54","29.0","20.2526","7.0","","","3.1","","8.5","92","","31","","25.98","11.85","19.62","","","","",""
"2022-01-25","2022025","8:54","29.0","20.2526","8.0","","","3.0","","8.5","92","","32","","25.99","11.84","19.63","","","","",""
"2022-01-25","2022025","8:54","29.0","20.2526","9.0","","","3.0","","8.5","92","","33","","25.99","11.84","19.63","","","","",""
"2022-01-25","2022025","8:54","29.0","20.2526","10.0","","","3.0","","8.4","92","","36","","25.99","11.84","19.63","","","","",""
"2022-01-25","2022025","8:54","29.0","20.2526","11.0","","","3.0","","8.5","92","","37","","25.99","11.84","19.63","","","","",""
"2022-01-25","2022025","8:54","29.0","20.2526","12.0","","","3.2","","8.5","92","","42","","25.99","11.84","19.63","","","","",""
"2022-01-25","2022025","8:54","29.0","20.2526","13.0","","","3.4","","8.5","92","","52","","25.99","11.84","19.63","","","","",""
"2022-01-25","2022025","8:54","29.0","20.2526","14.0","","","3.4","","8.4","92","","57","","25.99","11.84","19.63","","","","",""
"2022-01-25","2022025","8:54","29.0","20.2526","15.0","","","3.5","","8.4","92","","66","","25.99","11.84","19.63","","","","",""
"2022-01-25","2022025","8:39","30.0","14.7543","1.0","","","3.4","","8.5","93","","14","1.00","25.97","11.94","19.59","","","","",""
"2022-01-25","2022025","8:39","30.0","14.7543","2.0","3.3","0.78","3.1","","8.5","93","12.7","14","","25.97","11.95","19.59","2.00","38.48","9.07","4.41","72.28"
"2022-01-25","2022025","8:39","30.0","14.7543","3.0","","","3.2","","8.5","93","","14","","25.96","11.95","19.59","","","","",""
"2022-01-25","2022025","8:39","30.0","14.7543","4.0","","","3.2","","8.5","93","","13","","25.96","11.95","19.59","","","","",""
"2022-01-25","2022025","8:39","30.0","14.7543","5.0","","","3.1","","8.5","93","","13","","25.95","11.94","19.58","","","","",""
"2022-01-25","2022025","8:39","30.0","14.7543","6.0","","","3.2","","8.5","93","","11","","25.95","11.94","19.59","","","","",""
"2022-01-25","2022025","8:39","30.0","14.7543","7.0","","","3.2","","8.5","93","","12","","25.96","11.94","19.59","","","","",""
"2022-01-25","2022025","8:39","30.0","14.7543","8.0","","","3.2","","8.5","93","","14","","25.97","11.94","19.60","","","","",""
"2022-01-25","2022025","8:39","30.0","14.7543","9.0","","","3.0","","8.5","93","","15","","25.97","11.94","19.60","","","","",""
"2022-01-25","2022025","8:39","30.0","14.7543","10.0","","","3.2","","8.5","93","","16","","25.97","11.94","19.60","","","","",""
"2022-01-25","2022025","8:39","30.0","14.7543","11.0","","","3.2","","8.5","93","","20","","25.98","11.94","19.60","","","","",""
"2022-01-25","2022025","8:39","30.0","14.7543","12.0","3.4","0.71","3.2","","8.5","93","23.9","21","","25.98","11.94","19.60","","","","",""
"2022-01-25","2022025","8:27","31.0","10.6065","1.0","","","4.5","","8.7","96","","15","1.10","25.54","12.15","19.23","","","","",""
"2022-01-25","2022025","8:27","31.0","10.6065","2.0","","","4.3","","8.7","95","","15","","25.58","12.14","19.26","","","","",""
"2022-01-25","2022025","8:27","31.0","10.6065","3.0","","","4.1","","8.7","95","","16","","25.62","12.14","19.29","","","","",""
"2022-01-25","2022025","8:27","31.0","10.6065","4.0","","","4.0","","8.6","95","","16","","25.70","12.13","19.36","","","","",""
"2022-01-25","2022025","8:27","31.0","10.6065","5.0","","","3.8","","8.6","95","","17","","25.73","12.12","19.38","","","","",""
"2022-01-25","2022025","8:27","31.0","10.6065","6.0","","","3.8","","8.6","94","","17","","25.75","12.11","19.40","","","","",""
"2022-01-25","2022025","8:27","31.0","10.6065","7.0","","","3.7","","8.6","94","","18","","25.79","12.08","19.43","","","","",""
"2022-01-25","2022025","8:27","31.0","10.6065","8.0","","","3.6","","8.6","94","","19","","25.80","12.07","19.45","","","","",""
"2022-01-25","2022025","8:27","31.0","10.6065","9.0","","","3.6","","8.6","94","","20","","25.83","12.05","19.47","","","","",""
"2022-01-25","2022025","8:27","31.0","10.6065","10.0","","","3.5","","8.6","94","","21","","25.83","12.05","19.47","","","","",""
"2022-01-25","2022025","8:27","31.0","10.6065","11.0","","","3.4","","8.6","94","","21","","25.84","12.04","19.48","","","","",""
"2022-01-25","2022025","8:27","31.0","10.6065","12.0","","","3.4","","8.6","94","","22","","25.84","12.04","19.48","","","","",""
"2022-01-25","2022025","8:27","31.0","10.6065","13.0","","","3.6","","8.6","94","","23","","25.84","12.04","19.48","","","","",""
"2022-01-25","2022025","8:19","32.0","8.1507","1.0","","","5.3","","8.7","96","","12","1.40","25.41","12.25","19.11","","","","",""
"2022-01-25","2022025","8:19","32.0","8.1507","2.0","5.0","0.81","4.9","","8.7","96","14.6","13","","25.44","12.25","19.13","2.13","44.26","5.93","5.23","76.20"
"2022-01-25","2022025","8:19","32.0","8.1507","3.0","","","4.8","","8.7","96","","14","","25.46","12.25","19.15","","","","",""
"2022-01-25","2022025","8:19","32.0","8.1507","4.0","","","4.6","","8.7","96","","15","","25.48","12.26","19.17","","","","",""
"2022-01-25","2022025","8:19","32.0","8.1507","5.0","","","4.6","","8.7","96","","18","","25.49","12.26","19.17","","","","",""
"2022-01-25","2022025","8:19","32.0","8.1507","6.0","","","4.7","","8.7","96","","18","","25.50","12.26","19.18","","","","",""
"2022-01-25","2022025","8:19","32.0","8.1507","7.0","","","4.7","","8.8","96","","26","","25.54","12.26","19.21","","","","",""
"2022-01-25","2022025","8:19","32.0","8.1507","8.0","","","4.8","","8.8","96","","32","","25.54","12.26","19.21","","","","",""
"2022-01-25","2022025","8:19","32.0","8.1507","9.0","","","4.7","","8.8","96","","34","","25.55","12.26","19.21","","","","",""
"2022-01-25","2022025","8:19","32.0","8.1507","10.0","4.2","0.55","4.8","","8.8","96","","35","","25.55","12.26","19.21","","","","",""
"2022-01-25","2022025","8:07","33.0","6.8085","1.0","","","5.1","","8.6","95","","19","1.60","25.31","12.27","19.03","","","","",""
"2022-01-25","2022025","8:07","33.0","6.8085","2.0","","","5.3","","8.6","95","21.8","20","","25.33","12.27","19.05","","","","",""
"2022-01-25","2022025","8:07","33.0","6.8085","3.0","","","5.3","","8.6","95","","21","","25.34","12.27","19.05","","","","",""
"2022-01-25","2022025","8:07","33.0","6.8085","4.0","","","5.1","","8.6","95","","22","","25.34","12.27","19.06","","","","",""
"2022-01-25","2022025","8:07","33.0","6.8085","5.0","","","5.1","","8.6","95","","22","","25.35","12.27","19.06","","","","",""
"2022-01-25","2022025","8:07","33.0","6.8085","6.0","","","5.1","","8.6","95","","23","","25.36","12.27","19.07","","","","",""
"2022-01-25","2022025","8:07","33.0","6.8085","7.0","","","5.1","","8.6","95","","23","","25.36","12.27","19.07","","","","",""
"2022-01-25","2022025","8:07","33.0","6.8085","8.0","","","5.0","","8.6","94","","24","","25.36","12.27","19.07","","","","",""
"2022-01-25","2022025","8:07","33.0","6.8085","9.0","","","5.1","","8.6","94","","24","","25.36","12.27","19.07","","","","",""
"2022-01-25","2022025","8:07","33.0","6.8085","10.0","","","5.1","","8.6","95","","23","","25.36","12.27","19.07","","","","",""
"2022-01-25","2022025","8:07","33.0","6.8085","11.0","","","5.1","","8.6","95","","23","","25.36","12.27","19.07","","","","",""
"2022-01-25","2022025","8:07","33.0","6.8085","12.0","","","5.1","","8.6","95","","24","","25.38","12.27","19.08","","","","",""
"2022-01-25","2022025","7:57","34.0","3.5290","1.0","6.6","0.81","6.6","","8.7","95","15.2","17","1.50","25.01","12.16","18.82","","","","",""
"2022-01-25","2022025","7:57","34.0","3.5290","2.0","","","5.9","","8.7","95","","17","","25.03","12.17","18.83","","","","",""
"2022-01-25","2022025","7:57","34.0","3.5290","3.0","","","5.8","","8.7","95","","18","","25.05","12.19","18.84","","","","",""
"2022-01-25","2022025","7:57","34.0","3.5290","4.0","","","5.7","","8.7","95","","20","","25.09","12.21","18.87","","","","",""
"2022-01-25","2022025","7:57","34.0","3.5290","5.0","","","5.7","","8.6","94","","23","","25.10","12.22","18.88","","","","",""
"2022-01-25","2022025","7:57","34.0","3.5290","6.0","","","5.8","","8.6","95","","26","","25.10","12.22","18.88","","","","",""
"2022-01-25","2022025","7:57","34.0","3.5290","7.0","","","5.8","","8.7","95","","26","","25.12","12.23","18.89","","","","",""
"2022-01-25","2022025","7:57","34.0","3.5290","8.0","","","5.8","","8.7","95","","30","","25.12","12.23","18.89","","","","",""
"2022-01-25","2022025","7:57","34.0","3.5290","9.0","5.5","0.66","5.8","","8.7","95","","33","","25.12","12.23","18.89","","","","",""
"2022-01-25","2022025","7:47","35.0","1.6576","1.0","","","8.1","","8.6","94","","16","1.50","24.77","12.18","18.63","","","","",""
"2022-01-25","2022025","7:47","35.0","1.6576","2.0","6.5","0.76","6.3","","8.6","94","18.4","18","","24.82","12.21","18.66","","","","",""
"2022-01-25","2022025","7:47","35.0","1.6576","3.0","","","6.1","","8.6","94","","18","","24.86","12.24","18.69","","","","",""
"2022-01-25","2022025","7:47","35.0","1.6576","4.0","","","5.8","","8.6","94","","18","","24.88","12.25","18.70","","","","",""
"2022-01-25","2022025","7:47","35.0","1.6576","5.0","","","5.8","","8.6","94","","18","","24.90","12.25","18.72","","","","",""
"2022-01-25","2022025","7:47","35.0","1.6576","6.0","","","5.8","","8.6","94","","18","","24.92","12.25","18.73","","","","",""
"2022-01-25","2022025","7:47","35.0","1.6576","7.0","","","5.8","","8.6","94","","20","","24.93","12.25","18.74","","","","",""
"2022-01-25","2022025","7:38","36.0","0.0000","1.0","9.1","0.78","8.9","","8.5","93","13.1","16","1.50","24.47","12.12","18.41","","","","",""
"2022-01-25","2022025","7:38","36.0","0.0000","2.0","","","7.2","","8.6","93","","16","","24.47","12.12","18.41","2.73","64.54","4.78","6.75","102.19"
"2022-01-25","2022025","7:38","36.0","0.0000","3.0","","","6.8","","8.5","93","","16","","24.52","12.18","18.43","","","","",""
"2022-01-25","2022025","7:38","36.0","0.0000","4.0","","","6.5","","8.6","93","","17","","24.55","12.20","18.46","","","","",""
"2022-01-25","2022025","7:38","36.0","0.0000","5.0","","","6.4","","8.6","93","","19","","24.58","12.20","18.48","","","","",""
"2022-01-25","2022025","7:38","36.0","0.0000","6.0","6.2","0.73","6.2","","8.6","93","20.6","21","","24.60","12.21","18.49","","","","",""
"2022-01-25","2022025","15:56","649.0","132.9388","1.0","","","1.8","10.6","10.7","95","","23","2.60","0.09","9.99","","","","","",""
"2022-01-25","2022025","15:56","649.0","132.9388","2.0","1.8","0.51","1.9","","10.7","95","32.8","33","","0.09","9.99","","0.20","32.13","1.43","1.67","311.55"
"2022-01-25","2022025","15:56","649.0","132.9388","3.0","","","1.8","","10.7","95","","32","","0.09","9.99","","","","","",""
"2022-01-25","2022025","15:56","649.0","132.9388","4.0","","","1.7","","10.7","95","","36","","0.09","9.99","","","","","",""
"2022-01-25","2022025","15:56","649.0","132.9388","5.0","","","1.8","","10.7","95","","38","","0.09","9.99","","","","","",""
"2022-01-25","2022025","15:56","649.0","132.9388","6.0","","","1.8","","10.7","95","","40","","0.09","9.99","","","","","",""
"2022-01-25","2022025","15:56","649.0","132.9388","7.0","","","1.8","","10.7","95","","41","","0.09","9.99","","","","","",""
"2022-01-25","2022025","15:56","649.0","132.9388","8.0","","","1.9","","10.7","95","","40","","0.09","9.99","","","","","",""
"2022-01-25","2022025","15:56","649.0","132.9388","9.0","","","1.8","","10.7","95","","41","","0.09","9.99","","","","","",""
"2022-01-25","2022025","15:56","649.0","132.9388","10.0","","","1.8","","10.7","95","","42","","0.09","10.00","","","","","",""
"2022-01-25","2022025","15:56","649.0","132.9388","11.0","1.9","0.40","1.8","","10.7","95","45.5","42","","0.09","10.00","","","","","",""
"2022-01-25","2022025","16:47","657.0","147.2548","1.0","","","1.4","","10.8","96","","17","1.70","0.09","9.91","","","","","",""
"2022-01-25","2022025","16:47","657.0","147.2548","2.0","1.4","0.55","1.4","","10.8","96","11.7","16","","0.09","9.91","","0.19","29.27","1.36","1.62","303.36"
"2022-01-25","2022025","16:47","657.0","147.2548","3.0","","","1.4","","10.8","96","","16","","0.09","9.91","","","","","",""
"2022-01-25","2022025","16:47","657.0","147.2548","4.0","","","1.4","","10.8","96","","17","","0.09","9.91","","","","","",""
"2022-01-25","2022025","16:47","657.0","147.2548","5.0","","","1.4","","10.8","96","","16","","0.09","9.91","","","","","",""
"2022-01-25","2022025","16:47","657.0","147.2548","6.0","","","1.3","","10.8","96","","17","","0.09","9.91","","","","","",""
"2022-01-25","2022025","16:47","657.0","147.2548","7.0","","","1.3","","10.8","96","","16","","0.09","9.91","","","","","",""
"2022-01-25","2022025","16:47","657.0","147.2548","8.0","","","1.4","","10.8","96","","17","","0.09","9.91","","","","","",""
"2022-01-25","2022025","16:47","657.0","147.2548","9.0","","","1.4","","10.8","96","","17","","0.09","9.91","","","","","",""
"2022-01-25","2022025","16:47","657.0","147.2548","10.0","1.4","0.54","1.4","","10.8","96","11.4","16","","0.09","9.91","","","","","",""
"2022-02-08","2022039","14:57","2.0","127.7053","1.0","","","1.5","","10.4","94","","39","2.90","0.54","10.46","0.09","","","","",""
"2022-02-08","2022039","14:57","2.0","127.7053","2.0","","","1.5","","10.5","94","","37","","0.55","10.45","0.09","","","","",""
"2022-02-08","2022039","14:57","2.0","127.7053","3.0","","","1.3","","10.5","94","","38","","0.55","10.45","0.10","","","","",""
"2022-02-08","2022039","14:57","2.0","127.7053","4.0","","","1.4","","10.4","94","","38","","0.56","10.45","0.10","","","","",""
"2022-02-08","2022039","14:57","2.0","127.7053","5.0","","","1.4","","10.4","94","","38","","0.59","10.46","0.12","","","","",""
"2022-02-08","2022039","14:57","2.0","127.7053","6.0","","","1.4","","10.4","93","","39","","0.66","10.47","0.18","","","","",""
"2022-02-08","2022039","14:57","2.0","127.7053","7.0","","","1.5","","10.3","93","","40","","0.69","10.47","0.20","","","","",""
"2022-02-08","2022039","14:57","2.0","127.7053","8.0","","","1.5","","10.3","93","","41","","0.72","10.46","0.23","","","","",""
"2022-02-08","2022039","14:57","2.0","127.7053","9.0","","","1.7","","10.3","93","","42","","0.78","10.44","0.27","","","","",""
"2022-02-08","2022039","14:45","3.0","125.3243","1.0","","","1.8","","10.4","94","","44","2.60","0.98","10.51","0.42","","","","",""
"2022-02-08","2022039","14:45","3.0","125.3243","2.0","1.9","0.49","1.8","","10.4","94","37.8","43","","1.02","10.50","0.46","0.41","35.91","4.57","1.79","269.89"
"2022-02-08","2022039","14:45","3.0","125.3243","3.0","","","1.8","","10.4","94","","45","","1.09","10.49","0.52","","","","",""
"2022-02-08","2022039","14:45","3.0","125.3243","4.0","","","1.8","","10.3","94","","48","","1.16","10.48","0.57","","","","",""
"2022-02-08","2022039","14:45","3.0","125.3243","5.0","","","1.8","","10.3","94","","48","","1.13","10.48","0.55","","","","",""
"2022-02-08","2022039","14:45","3.0","125.3243","6.0","","","1.9","","10.3","94","","48","","1.16","10.48","0.56","","","","",""
"2022-02-08","2022039","14:45","3.0","125.3243","7.0","","","1.9","","10.3","94","","49","","1.17","10.48","0.58","","","","",""
"2022-02-08","2022039","14:45","3.0","125.3243","8.0","","","2.0","","10.3","94","","49","","1.18","10.48","0.59","","","","",""
"2022-02-08","2022039","14:45","3.0","125.3243","9.0","","","2.0","","10.3","94","","51","","1.19","10.48","0.59","","","","",""
"2022-02-08","2022039","14:45","3.0","125.3243","10.0","","","2.0","","10.3","94","","50","","1.19","10.48","0.59","","","","",""
"2022-02-08","2022039","14:45","3.0","125.3243","11.0","","","2.0","","10.3","94","","52","","1.19","10.48","0.59","","","","",""
"2022-02-08","2022039","14:45","3.0","125.3243","12.0","2.0","0.38","1.9","","10.3","94","54.1","51","","1.19","10.48","0.59","","","","",""
"2022-02-08","2022039","14:27","4.0","119.8957","1.0","","","1.8","","10.2","93","","36","3.60","2.00","10.56","1.22","","","","",""
"2022-02-08","2022039","14:27","4.0","119.8957","2.0","","","1.8","","10.2","93","","38","","2.07","10.51","1.27","","","","",""
"2022-02-08","2022039","14:27","4.0","119.8957","3.0","","","1.8","","10.2","93","","39","","2.08","10.50","1.29","","","","",""
"2022-02-08","2022039","14:27","4.0","119.8957","4.0","","","1.8","","10.2","93","","39","","2.09","10.50","1.29","","","","",""
"2022-02-08","2022039","14:27","4.0","119.8957","5.0","","","1.8","","10.2","93","","40","","2.19","10.49","1.37","","","","",""
"2022-02-08","2022039","14:27","4.0","119.8957","6.0","","","1.8","","10.2","93","","41","","2.22","10.48","1.39","","","","",""
"2022-02-08","2022039","14:27","4.0","119.8957","7.0","","","1.9","","10.2","93","","41","","2.24","10.48","1.41","","","","",""
"2022-02-08","2022039","14:27","4.0","119.8957","8.0","","","1.9","","10.2","93","","41","","2.25","10.48","1.42","","","","",""
"2022-02-08","2022039","14:27","4.0","119.8957","9.0","","","1.9","","10.2","93","","42","","2.29","10.48","1.45","","","","",""
"2022-02-08","2022039","14:27","4.0","119.8957","10.0","","","1.9","","10.2","93","","42","","2.37","10.47","1.51","","","","",""
"2022-02-08","2022039","14:27","4.0","119.8957","11.0","","","1.9","","10.2","93","","44","","2.36","10.47","1.51","","","","",""
"2022-02-08","2022039","14:27","4.0","119.8957","12.0","","","1.9","","10.2","93","","43","","2.39","10.47","1.53","","","","",""
"2022-02-08","2022039","14:27","4.0","119.8957","13.0","","","1.9","","10.2","93","","43","","2.44","10.47","1.57","","","","",""
"2022-02-08","2022039","14:27","4.0","119.8957","14.0","","","1.8","","10.2","93","","43","","2.47","10.47","1.59","","","","",""
"2022-02-08","2022039","14:27","4.0","119.8957","15.0","","","1.8","","10.2","93","","43","","2.48","10.47","1.60","","","","",""
"2022-02-08","2022039","14:27","4.0","119.8957","16.0","","","1.9","","10.2","93","","43","","2.50","10.47","1.61","","","","",""
"2022-02-08","2022039","14:27","4.0","119.8957","17.0","","","1.8","","10.2","93","","45","","2.55","10.46","1.66","","","","",""
"2022-02-08","2022039","14:12","5.0","115.6252","1.0","","","1.5","","10.1","93","","35","2.80","3.17","10.57","2.13","","","","",""
"2022-02-08","2022039","14:12","5.0","115.6252","2.0","","","1.3","","10.1","93","","35","","3.42","10.53","2.32","","","","",""
"2022-02-08","2022039","14:12","5.0","115.6252","3.0","","","1.3","","10.1","93","","36","","3.63","10.51","2.49","","","","",""
"2022-02-08","2022039","14:12","5.0","115.6252","4.0","","","1.2","","10.1","93","","36","","3.81","10.51","2.64","","","","",""
"2022-02-08","2022039","14:12","5.0","115.6252","5.0","","","1.3","","10.1","93","","37","","3.98","10.51","2.76","","","","",""
"2022-02-08","2022039","14:12","5.0","115.6252","6.0","","","1.3","","10.0","93","","38","","4.19","10.52","2.93","","","","",""
"2022-02-08","2022039","14:12","5.0","115.6252","7.0","","","1.3","","10.0","92","","45","","4.69","10.54","3.31","","","","",""
"2022-02-08","2022039","14:12","5.0","115.6252","8.0","","","1.3","","9.9","92","","46","","5.54","10.58","3.97","","","","",""
"2022-02-08","2022039","14:12","5.0","115.6252","9.0","","","1.2","","9.8","92","","37","","6.76","10.66","4.91","","","","",""
"2022-02-08","2022039","14:12","5.0","115.6252","10.0","","","1.1","","9.6","92","","32","","8.08","10.75","5.92","","","","",""
"2022-02-08","2022039","13:55","6.0","110.8977","1.0","","","1.5","","9.9","93","","28","3.10","5.26","10.78","3.73","","","","",""
"2022-02-08","2022039","13:55","6.0","110.8977","2.0","1.4","0.58","1.5","","9.9","93","26.9","28","","5.28","10.77","3.74","0.76","40.34","7.92","2.13","246.75"
"2022-02-08","2022039","13:55","6.0","110.8977","3.0","","","1.5","","9.9","93","","28","","5.34","10.77","3.80","","","","",""
"2022-02-08","2022039","13:55","6.0","110.8977","4.0","","","1.5","","9.9","93","","29","","5.39","10.77","3.83","","","","",""
"2022-02-08","2022039","13:55","6.0","110.8977","5.0","","","1.5","","9.9","93","","30","","5.39","10.78","3.83","","","","",""
"2022-02-08","2022039","13:55","6.0","110.8977","6.0","","","1.5","","9.9","93","","30","","5.54","10.80","3.94","","","","",""
"2022-02-08","2022039","13:55","6.0","110.8977","7.0","","","1.5","","9.9","93","","30","","5.56","10.80","3.96","","","","",""
"2022-02-08","2022039","13:55","6.0","110.8977","8.0","","","1.5","","9.9","93","","32","","5.69","10.80","4.06","","","","",""
"2022-02-08","2022039","13:55","6.0","110.8977","9.0","","","1.5","","9.8","92","","32","","5.99","10.76","4.30","","","","",""
"2022-02-08","2022039","13:55","6.0","110.8977","10.0","1.4","0.44","1.5","","9.8","92","44.6","38","","6.15","10.74","4.43","","","","",""
"2022-02-08","2022039","13:33","7.0","104.9810","1.0","","","1.5","","9.6","92","","23","2.20","8.63","10.95","6.32","","","","",""
"2022-02-08","2022039","13:33","7.0","104.9810","2.0","1.5","0.60","1.3","","9.6","92","23.7","23","","9.11","10.94","6.70","","","","",""
"2022-02-08","2022039","13:33","7.0","104.9810","3.0","","","1.3","","9.5","92","","24","","9.89","10.97","7.30","","","","",""
"2022-02-08","2022039","13:33","7.0","104.9810","4.0","","","1.3","","9.4","91","","25","","10.33","10.98","7.64","","","","",""
"2022-02-08","2022039","13:33","7.0","104.9810","5.0","","","1.3","","9.4","91","","25","","10.81","10.97","8.01","","","","",""
"2022-02-08","2022039","13:33","7.0","104.9810","6.0","","","1.3","","9.4","91","","25","","10.91","10.96","8.09","","","","",""
"2022-02-08","2022039","13:33","7.0","104.9810","7.0","","","1.3","","9.4","91","","26","","10.99","10.95","8.16","","","","",""
"2022-02-08","2022039","13:33","7.0","104.9810","8.0","","","1.3","","9.3","91","","27","","11.31","10.96","8.40","","","","",""
"2022-02-08","2022039","13:33","7.0","104.9810","9.0","","","1.3","","9.3","91","","29","","11.93","11.00","8.87","","","","",""
"2022-02-08","2022039","13:33","7.0","104.9810","10.0","","","1.2","","9.2","91","","29","","12.23","11.03","9.10","","","","",""
"2022-02-08","2022039","13:33","7.0","104.9810","11.0","","","1.3","","9.2","91","","30","","12.75","11.07","9.50","","","","",""
"2022-02-08","2022039","13:33","7.0","104.9810","12.0","","","1.3","","9.2","90","","30","","12.83","11.07","9.56","","","","",""
"2022-02-08","2022039","13:33","7.0","104.9810","13.0","","","1.2","","9.2","90","","30","","12.92","11.08","9.63","","","","",""
"2022-02-08","2022039","13:33","7.0","104.9810","14.0","","","1.3","","9.2","90","","30","","12.96","11.09","9.66","","","","",""
"2022-02-08","2022039","13:09","8.0","99.7699","1.0","","","1.9","","9.6","93","","20","2.00","8.74","11.49","6.35","","","","",""
"2022-02-08","2022039","13:09","8.0","99.7699","2.0","","","1.8","","9.6","93","19.1","20","","9.49","11.28","6.95","","","","",""
"2022-02-08","2022039","13:09","8.0","99.7699","3.0","","","1.6","","9.5","92","","20","","10.71","11.17","7.91","","","","",""
"2022-02-08","2022039","13:09","8.0","99.7699","4.0","","","1.5","","9.4","92","","22","","11.51","11.16","8.53","","","","",""
"2022-02-08","2022039","13:09","8.0","99.7699","5.0","","","1.5","","9.3","92","","24","","12.24","11.15","9.10","","","","",""
"2022-02-08","2022039","13:09","8.0","99.7699","6.0","","","1.5","","9.3","92","","26","","12.67","11.12","9.43","","","","",""
"2022-02-08","2022039","13:09","8.0","99.7699","7.0","","","1.4","","9.2","91","","24","","13.10","11.12","9.77","","","","",""
"2022-02-08","2022039","13:09","8.0","99.7699","8.0","","","1.3","","9.2","91","","23","","13.55","11.17","10.11","","","","",""
"2022-02-08","2022039","13:09","8.0","99.7699","9.0","","","1.3","","9.2","91","","21","","13.78","11.22","10.28","","","","",""
"2022-02-08","2022039","13:09","8.0","99.7699","10.0","","","1.3","","9.1","91","","20","","13.87","11.24","10.34","","","","",""
"2022-02-08","2022039","13:09","8.0","99.7699","11.0","","","1.3","","9.1","91","","20","","14.14","11.25","10.55","","","","",""
"2022-02-08","2022039","13:09","8.0","99.7699","12.0","","","1.3","","9.1","91","","20","","14.53","11.29","10.85","","","","",""
"2022-02-08","2022039","13:09","8.0","99.7699","13.0","","","1.3","","9.0","91","","21","","14.75","11.30","11.02","","","","",""
"2022-02-08","2022039","13:09","8.0","99.7699","14.0","","","1.3","","9.0","91","","22","","15.06","11.34","11.25","","","","",""
"2022-02-08","2022039","13:09","8.0","99.7699","15.0","","","1.3","","9.0","90","","23","","15.42","11.37","11.53","","","","",""
"2022-02-08","2022039","13:09","8.0","99.7699","16.0","","","1.3","","8.9","90","","25","","15.82","11.39","11.83","","","","",""
"2022-02-08","2022039","13:09","8.0","99.7699","17.0","","","1.4","","8.9","90","","26","","15.93","11.39","11.92","","","","",""
"2022-02-08","2022039","13:09","8.0","99.7699","18.0","","","1.4","","8.9","90","","27","","16.03","11.40","12.00","","","","",""
"2022-02-08","2022039","13:09","8.0","99.7699","19.0","","","1.5","","8.9","90","","29","","16.10","11.40","12.05","","","","",""
"2022-02-08","2022039","13:09","8.0","99.7699","20.0","","","1.5","","8.9","90","","30","","16.17","11.40","12.10","","","","",""
"2022-02-08","2022039","12:50","9.0","96.7889","1.0","","","2.4","","9.1","92","","25","2.20","14.10","11.46","10.49","","","","",""
"2022-02-08","2022039","12:50","9.0","96.7889","2.0","2.1","0.64","2.4","","9.1","91","27.5","26","","14.87","11.41","11.09","0.98","37.41","8.00","2.40","179.81"
"2022-02-08","2022039","12:50","9.0","96.7889","3.0","","","3.2","","9.0","91","","27","","15.17","11.39","11.33","","","","",""
"2022-02-08","2022039","12:50","9.0","96.7889","4.0","","","3.2","","9.0","91","","27","","15.62","11.40","11.68","","","","",""
"2022-02-08","2022039","12:50","9.0","96.7889","5.0","","","3.2","","9.0","91","","28","","15.83","11.42","11.84","","","","",""
"2022-02-08","2022039","12:50","9.0","96.7889","6.0","","","3.2","","9.0","91","","28","","15.89","11.42","11.88","","","","",""
"2022-02-08","2022039","12:50","9.0","96.7889","7.0","","","3.2","","8.9","91","","28","","15.96","11.43","11.93","","","","",""
"2022-02-08","2022039","12:50","9.0","96.7889","8.0","","","3.2","","9.0","91","","28","","15.94","11.43","11.92","","","","",""
"2022-02-08","2022039","12:50","9.0","96.7889","9.0","","","3.2","","9.0","91","","28","","15.97","11.43","11.94","","","","",""
"2022-02-08","2022039","12:50","9.0","96.7889","10.0","","","3.3","","8.9","91","","28","","15.97","11.43","11.94","","","","",""
"2022-02-08","2022039","12:50","9.0","96.7889","11.0","","","3.3","","8.9","91","","28","","16.00","11.44","11.97","","","","",""
"2022-02-08","2022039","12:50","9.0","96.7889","12.0","","","3.3","","8.9","91","","27","","16.00","11.43","11.97","","","","",""
"2022-02-08","2022039","12:50","9.0","96.7889","13.0","","","3.3","","8.9","91","","28","","16.05","11.44","12.01","","","","",""
"2022-02-08","2022039","12:50","9.0","96.7889","14.0","","","3.3","","8.9","91","","27","","16.04","11.44","12.00","","","","",""
"2022-02-08","2022039","12:50","9.0","96.7889","15.0","","","3.3","","8.9","91","","27","","16.08","11.44","12.03","","","","",""
"2022-02-08","2022039","12:50","9.0","96.7889","16.0","","","3.3","","8.9","91","","27","","16.13","11.44","12.06","","","","",""
"2022-02-08","2022039","12:50","9.0","96.7889","17.0","","","3.3","","8.9","91","","27","","16.19","11.45","12.11","","","","",""
"2022-02-08","2022039","12:50","9.0","96.7889","18.0","","","3.3","","8.9","91","","28","","16.64","11.48","12.45","","","","",""
"2022-02-08","2022039","12:50","9.0","96.7889","19.0","","","3.3","","8.9","90","","29","","16.79","11.48","12.57","","","","",""
"2022-02-08","2022039","12:50","9.0","96.7889","20.0","","","3.3","","8.8","90","","30","","17.25","11.50","12.92","","","","",""
"2022-02-08","2022039","12:50","9.0","96.7889","21.0","","","3.2","","8.7","90","","33","","18.14","11.52","13.61","","","","",""
"2022-02-08","2022039","12:50","9.0","96.7889","22.0","","","3.2","","8.7","90","","33","","18.82","11.54","14.13","","","","",""
"2022-02-08","2022039","12:50","9.0","96.7889","23.0","","","3.1","","8.6","90","","32","","19.12","11.56","14.36","","","","",""
"2022-02-08","2022039","12:50","9.0","96.7889","24.0","","","3.0","","8.6","90","","31","","19.41","11.58","14.58","","","","",""
"2022-02-08","2022039","12:50","9.0","96.7889","25.0","","","3.0","","8.6","89","","33","","19.70","11.59","14.80","","","","",""
"2022-02-08","2022039","12:50","9.0","96.7889","26.0","","","3.0","","8.5","89","","37","","19.99","11.61","15.02","","","","",""
"2022-02-08","2022039","12:50","9.0","96.7889","27.0","","","3.0","","8.5","89","","38","","20.01","11.62","15.04","","","","",""
"2022-02-08","2022039","12:50","9.0","96.7889","28.0","","","2.9","","8.5","89","","38","","20.08","11.62","15.09","","","","",""
"2022-02-08","2022039","12:36","10.0","93.5951","1.0","","","3.5","","9.0","91","","21","2.00","16.19","11.52","12.10","","","","",""
"2022-02-08","2022039","12:36","10.0","93.5951","2.0","","","3.3","","8.9","91","","22","","16.40","11.51","12.26","","","","",""
"2022-02-08","2022039","12:36","10.0","93.5951","3.0","","","3.3","","8.9","91","","21","","16.63","11.50","12.44","","","","",""
"2022-02-08","2022039","12:36","10.0","93.5951","4.0","","","3.2","","8.9","91","","21","","16.84","11.49","12.61","","","","",""
"2022-02-08","2022039","12:36","10.0","93.5951","5.0","","","3.1","","8.8","91","","21","","17.28","11.49","12.95","","","","",""
"2022-02-08","2022039","12:36","10.0","93.5951","6.0","","","3.1","","8.8","90","","21","","17.48","11.51","13.10","","","","",""
"2022-02-08","2022039","12:36","10.0","93.5951","7.0","","","3.1","","8.8","90","","22","","17.79","11.52","13.34","","","","",""
"2022-02-08","2022039","12:36","10.0","93.5951","8.0","","","3.1","","8.7","90","","23","","18.45","11.54","13.84","","","","",""
"2022-02-08","2022039","12:36","10.0","93.5951","9.0","","","3.0","","8.7","90","","25","","19.04","11.57","14.30","","","","",""
"2022-02-08","2022039","12:36","10.0","93.5951","10.0","","","3.0","","8.6","90","","28","","19.48","11.60","14.63","","","","",""
"2022-02-08","2022039","12:36","10.0","93.5951","11.0","","","3.2","","8.6","90","","32","","19.82","11.62","14.89","","","","",""
"2022-02-08","2022039","12:36","10.0","93.5951","12.0","","","3.2","","8.6","90","","36","","19.96","11.63","15.00","","","","",""
"2022-02-08","2022039","12:36","10.0","93.5951","13.0","","","3.3","","8.6","90","","40","","20.26","11.65","15.23","","","","",""
"2022-02-08","2022039","12:36","10.0","93.5951","14.0","","","3.4","","8.6","90","","47","","20.38","11.65","15.32","","","","",""
"2022-02-08","2022039","12:36","10.0","93.5951","15.0","","","3.4","","8.5","90","","45","","20.34","11.65","15.29","","","","",""
"2022-02-08","2022039","12:36","10.0","93.5951","16.0","","","3.4","","8.5","90","","47","","20.42","11.65","15.35","","","","",""
"2022-02-08","2022039","12:14","11.0","89.7672","1.0","","","3.1","","8.9","91","","13","1.30","16.84","11.42","12.61","","","","",""
"2022-02-08","2022039","12:14","11.0","89.7672","2.0","","","3.1","","8.9","91","","14","","17.18","11.44","12.88","","","","",""
"2022-02-08","2022039","12:14","11.0","89.7672","3.0","","","3.0","","8.8","91","","14","","17.86","11.50","13.40","","","","",""
"2022-02-08","2022039","12:14","11.0","89.7672","4.0","","","2.9","","8.8","90","","17","","18.15","11.52","13.62","","","","",""
"2022-02-08","2022039","12:14","11.0","89.7672","5.0","","","3.0","","8.7","90","","19","","19.29","11.59","14.48","","","","",""
"2022-02-08","2022039","12:14","11.0","89.7672","6.0","","","2.9","","8.7","90","","19","","19.46","11.60","14.61","","","","",""
"2022-02-08","2022039","12:14","11.0","89.7672","7.0","","","2.9","","8.6","90","","19","","19.72","11.61","14.81","","","","",""
"2022-02-08","2022039","12:14","11.0","89.7672","8.0","","","3.0","","8.6","90","","20","","20.03","11.62","15.06","","","","",""
"2022-02-08","2022039","12:14","11.0","89.7672","9.0","","","2.9","","8.6","90","","22","","20.40","11.64","15.34","","","","",""
"2022-02-08","2022039","12:14","11.0","89.7672","10.0","","","3.0","","8.5","90","","27","","20.68","11.65","15.56","","","","",""
"2022-02-08","2022039","12:14","11.0","89.7672","11.0","","","2.9","","8.5","90","","27","","20.73","11.65","15.59","","","","",""
"2022-02-08","2022039","12:14","11.0","89.7672","12.0","","","2.8","","8.5","90","","29","","20.91","11.66","15.73","","","","",""
"2022-02-08","2022039","12:14","11.0","89.7672","13.0","","","2.8","","8.5","90","","29","","21.02","11.66","15.82","","","","",""
"2022-02-08","2022039","12:14","11.0","89.7672","14.0","","","2.8","","8.5","90","","30","","20.97","11.66","15.77","","","","",""
"2022-02-08","2022039","12:14","11.0","89.7672","15.0","","","2.7","","8.5","89","","34","","21.50","11.68","16.18","","","","",""
"2022-02-08","2022039","12:14","11.0","89.7672","16.0","","","2.8","","8.4","89","","33","","21.64","11.69","16.29","","","","",""
"2022-02-08","2022039","12:14","11.0","89.7672","17.0","","","2.8","","8.4","89","","34","","21.79","11.70","16.40","","","","",""
"2022-02-08","2022039","12:14","11.0","89.7672","18.0","","","2.8","","8.4","89","","35","","21.90","11.70","16.49","","","","",""
"2022-02-08","2022039","12:14","11.0","89.7672","19.0","","","2.8","","8.4","89","","37","","21.98","11.71","16.55","","","","",""
"2022-02-08","2022039","12:14","11.0","89.7672","20.0","","","2.8","","8.4","89","","38","","21.99","11.71","16.56","","","","",""
"2022-02-08","2022039","12:14","11.0","89.7672","21.0","","","2.8","","8.4","89","","41","","22.00","11.71","16.57","","","","",""
"2022-02-08","2022039","12:14","11.0","89.7672","22.0","","","2.8","","8.4","89","","47","","22.01","11.71","16.57","","","","",""
"2022-02-08","2022039","11:59","12.0","84.4458","1.0","","","3.3","","8.8","91","","10","1.50","18.30","11.55","13.72","","","","",""
"2022-02-08","2022039","11:59","12.0","84.4458","2.0","","","3.2","","8.6","90","","17","","19.97","11.60","15.01","","","","",""
"2022-02-08","2022039","11:59","12.0","84.4458","3.0","","","3.1","","8.4","89","","24","","21.87","11.67","16.47","","","","",""
"2022-02-08","2022039","11:59","12.0","84.4458","4.0","","","3.0","","8.4","89","","27","","22.51","11.68","16.96","","","","",""
"2022-02-08","2022039","11:59","12.0","84.4458","5.0","","","2.9","","8.3","89","","30","","23.25","11.70","17.53","","","","",""
"2022-02-08","2022039","11:59","12.0","84.4458","6.0","","","3.0","","8.3","89","","32","","23.52","11.70","17.74","","","","",""
"2022-02-08","2022039","11:59","12.0","84.4458","7.0","","","3.0","","8.3","88","","32","","23.63","11.70","17.83","","","","",""
"2022-02-08","2022039","11:59","12.0","84.4458","8.0","","","2.8","","8.2","88","","35","","23.75","11.70","17.92","","","","",""
"2022-02-08","2022039","11:41","13.0","78.5444","1.0","","","2.3","","8.8","91","","6","1.10","18.65","11.85","13.95","","","","",""
"2022-02-08","2022039","11:41","13.0","78.5444","2.0","1.3","0.78","2.2","","8.4","89","6.1","8","","21.72","11.82","16.33","0.97","34.34","6.43","2.34","164.14"
"2022-02-08","2022039","11:41","13.0","78.5444","3.0","","","2.5","","8.2","89","","8","","25.24","11.75","19.06","","","","",""
"2022-02-08","2022039","11:41","13.0","78.5444","4.0","","","2.5","","8.1","88","","9","","25.69","11.74","19.42","","","","",""
"2022-02-08","2022039","11:41","13.0","78.5444","5.0","","","2.5","","8.1","88","","10","","25.94","11.74","19.61","","","","",""
"2022-02-08","2022039","11:41","13.0","78.5444","6.0","","","2.6","","8.1","88","","11","","26.01","11.74","19.67","","","","",""
"2022-02-08","2022039","11:41","13.0","78.5444","7.0","","","2.5","","8.1","88","","12","","26.04","11.74","19.68","","","","",""
"2022-02-08","2022039","11:41","13.0","78.5444","8.0","","","2.5","","8.1","88","","13","","26.13","11.74","19.75","","","","",""
"2022-02-08","2022039","11:41","13.0","78.5444","9.0","2.0","0.65","2.4","","8.0","88","15.5","15","","26.19","11.74","19.80","","","","",""
"2022-02-08","2022039","11:28","14.0","74.4288","1.0","","","2.3","","8.9","93","","5","0.80","19.96","11.28","15.05","","","","",""
"2022-02-08","2022039","11:28","14.0","74.4288","2.0","","","3.5","","8.8","92","","4","","21.11","11.26","15.95","","","","",""
"2022-02-08","2022039","11:28","14.0","74.4288","3.0","","","4.6","","8.8","92","","4","","21.33","11.29","16.11","","","","",""
"2022-02-08","2022039","11:28","14.0","74.4288","4.0","","","4.1","","8.7","92","","4","","21.91","11.40","16.55","","","","",""
"2022-02-08","2022039","11:28","14.0","74.4288","5.0","","","4.0","","8.6","91","","4","","23.06","11.40","17.43","","","","",""
"2022-02-08","2022039","11:28","14.0","74.4288","6.0","","","3.6","","8.4","90","","4","","23.71","11.53","17.92","","","","",""
"2022-02-08","2022039","11:28","14.0","74.4288","7.0","","","2.9","","8.1","88","","5","","26.10","11.73","19.74","","","","",""
"2022-02-08","2022039","11:28","14.0","74.4288","8.0","","","2.6","","8.0","88","","13","","26.94","11.76","20.38","","","","",""
"2022-02-08","2022039","11:28","14.0","74.4288","9.0","","","2.6","","8.0","88","","18","","27.00","11.77","20.42","","","","",""
"2022-02-08","2022039","11:28","14.0","74.4288","10.0","","","2.6","","8.0","88","","20","","27.02","11.77","20.44","","","","",""
"2022-02-08","2022039","11:28","14.0","74.4288","11.0","","","2.7","","8.0","88","","21","","27.03","11.77","20.45","","","","",""
"2022-02-08","2022039","11:28","14.0","74.4288","12.0","","","2.7","","8.0","87","","21","","27.05","11.77","20.46","","","","",""
"2022-02-08","2022039","11:28","14.0","74.4288","13.0","","","2.7","","8.0","87","","23","","27.06","11.77","20.47","","","","",""
"2022-02-08","2022039","11:28","14.0","74.4288","14.0","","","2.7","","8.0","87","","25","","27.06","11.77","20.47","","","","",""
"2022-02-08","2022039","11:28","14.0","74.4288","15.0","","","2.6","","8.0","87","","26","","27.07","11.77","20.48","","","","",""
"2022-02-08","2022039","11:13","15.0","69.9895","1.0","","","3.0","","8.9","93","","4","0.60","20.60","11.42","15.53","","","","",""
"2022-02-08","2022039","11:13","15.0","69.9895","2.0","2.7","0.76","2.8","","8.7","93","5.0","5","","22.60","11.73","17.03","0.93","31.98","5.64","2.31","138.51"
"2022-02-08","2022039","11:13","15.0","69.9895","3.0","","","3.3","","8.7","92","","5","","23.29","11.62","17.58","","","","",""
"2022-02-08","2022039","11:13","15.0","69.9895","4.0","","","3.6","","8.6","92","","5","","23.82","11.56","18.00","","","","",""
"2022-02-08","2022039","11:13","15.0","69.9895","5.0","","","3.7","","8.6","92","","5","","24.02","11.56","18.16","","","","",""
"2022-02-08","2022039","11:13","15.0","69.9895","6.0","","","3.7","","8.6","92","","6","","24.04","11.58","18.16","","","","",""
"2022-02-08","2022039","11:13","15.0","69.9895","7.0","","","3.6","","8.6","92","","6","","24.04","11.59","18.16","","","","",""
"2022-02-08","2022039","11:13","15.0","69.9895","8.0","","","3.6","","8.6","92","","6","","24.13","11.58","18.23","","","","",""
"2022-02-08","2022039","11:13","15.0","69.9895","9.0","","","3.8","","8.6","92","","6","","24.28","11.57","18.35","","","","",""
"2022-02-08","2022039","11:13","15.0","69.9895","10.0","","","3.8","","8.6","92","","6","","24.38","11.55","18.43","","","","",""
"2022-02-08","2022039","11:13","15.0","69.9895","11.0","","","3.7","","8.5","92","","6","","24.46","11.54","18.50","","","","",""
"2022-02-08","2022039","11:13","15.0","69.9895","12.0","","","3.5","","8.5","91","","5","","24.64","11.54","18.64","","","","",""
"2022-02-08","2022039","11:13","15.0","69.9895","13.0","","","3.3","","8.3","90","","5","","25.67","11.63","19.42","","","","",""
"2022-02-08","2022039","11:13","15.0","69.9895","14.0","","","2.9","","8.2","89","","5","","26.23","11.73","19.84","","","","",""
"2022-02-08","2022039","11:13","15.0","69.9895","15.0","","","2.5","","8.1","89","","6","","26.47","11.71","20.02","","","","",""
"2022-02-08","2022039","11:13","15.0","69.9895","16.0","","","2.3","","8.1","88","","8","","26.60","11.72","20.13","","","","",""
"2022-02-08","2022039","11:13","15.0","69.9895","17.0","","","2.4","","8.1","88","","9","","26.63","11.72","20.15","","","","",""
"2022-02-08","2022039","11:13","15.0","69.9895","18.0","","","2.4","","8.0","88","","11","","26.71","11.73","20.20","","","","",""
"2022-02-08","2022039","11:13","15.0","69.9895","19.0","","","2.5","","8.0","88","","12","","26.73","11.73","20.22","","","","",""
"2022-02-08","2022039","11:13","15.0","69.9895","20.0","","","2.4","","8.0","88","","13","","26.78","11.74","20.26","","","","",""
"2022-02-08","2022039","11:13","15.0","69.9895","21.0","","","2.4","","8.0","88","","14","","26.81","11.74","20.29","","","","",""
"2022-02-08","2022039","11:13","15.0","69.9895","22.0","","","2.5","","8.0","88","","16","","26.82","11.74","20.29","","","","",""
"2022-02-08","2022039","11:13","15.0","69.9895","23.0","2.4","0.71","2.5","","8.0","88","13.9","16","","26.83","11.74","20.30","","","","",""
"2022-02-08","2022039","10:54","16.0","63.0794","1.0","","","3.0","","8.3","89","","10","0.90","24.34","11.70","18.37","","","","",""
"2022-02-08","2022039","10:54","16.0","63.0794","2.0","","","2.9","","8.1","89","","10","","26.07","11.73","19.71","","","","",""
"2022-02-08","2022039","10:54","16.0","63.0794","3.0","","","2.7","","8.0","88","","10","","27.23","11.77","20.60","","","","",""
"2022-02-08","2022039","10:54","16.0","63.0794","4.0","","","2.7","","8.0","88","","11","","27.67","11.79","20.94","","","","",""
"2022-02-08","2022039","10:54","16.0","63.0794","5.0","","","2.7","","8.0","88","","11","","27.86","11.80","21.08","","","","",""
"2022-02-08","2022039","10:54","16.0","63.0794","6.0","","","2.6","","7.9","88","","11","","28.01","11.81","21.20","","","","",""
"2022-02-08","2022039","10:54","16.0","63.0794","7.0","","","2.6","","7.9","88","","12","","28.15","11.81","21.31","","","","",""
"2022-02-08","2022039","10:54","16.0","63.0794","8.0","","","2.7","","7.9","88","","13","","28.24","11.81","21.38","","","","",""
"2022-02-08","2022039","10:54","16.0","63.0794","9.0","","","2.6","","7.9","88","","14","","28.28","11.81","21.41","","","","",""
"2022-02-08","2022039","10:54","16.0","63.0794","10.0","","","2.5","","7.9","87","","15","","28.33","11.82","21.45","","","","",""
"2022-02-08","2022039","10:54","16.0","63.0794","11.0","","","2.5","","7.9","87","","16","","28.42","11.82","21.52","","","","",""
"2022-02-08","2022039","10:54","16.0","63.0794","12.0","","","2.5","","7.9","87","","19","","28.46","11.82","21.55","","","","",""
"2022-02-08","2022039","10:36","17.0","58.8909","1.0","","","1.8","","7.9","88","","5","0.90","28.57","11.91","21.61","","","","",""
"2022-02-08","2022039","10:36","17.0","58.8909","2.0","2.6","0.75","2.3","","7.8","87","","6","","28.85","11.86","21.84","","","","",""
"2022-02-08","2022039","10:36","17.0","58.8909","3.0","","","2.7","","7.8","87","","6","","29.12","11.85","22.06","","","","",""
"2022-02-08","2022039","10:36","17.0","58.8909","4.0","","","2.7","","7.7","86","","7","","29.52","11.86","22.36","","","","",""
"2022-02-08","2022039","10:36","17.0","58.8909","5.0","","","2.5","","7.7","86","","8","","29.77","11.86","22.55","","","","",""
"2022-02-08","2022039","10:36","17.0","58.8909","6.0","","","2.6","","7.7","86","","10","","29.86","11.87","22.62","","","","",""
"2022-02-08","2022039","10:36","17.0","58.8909","7.0","","","2.6","","7.7","86","","12","","29.88","11.87","22.64","","","","",""
"2022-02-08","2022039","10:36","17.0","58.8909","8.0","","","2.7","","7.7","86","","13","","29.89","11.87","22.65","","","","",""
"2022-02-08","2022039","10:36","17.0","58.8909","9.0","","","2.7","","7.7","86","","14","","29.90","11.87","22.66","","","","",""
"2022-02-08","2022039","10:36","17.0","58.8909","10.0","","","2.6","","7.7","86","","14","","29.91","11.87","22.66","","","","",""
"2022-02-08","2022039","10:36","17.0","58.8909","11.0","","","2.7","","7.7","86","","15","","29.92","11.87","22.67","","","","",""
"2022-02-08","2022039","10:36","17.0","58.8909","12.0","","","2.8","","7.7","86","","15","","29.92","11.87","22.67","","","","",""
"2022-02-08","2022039","10:17","18.0","54.9481","1.0","","","2.9","","8.6","94","","3","0.60","26.28","11.59","19.89","","","","",""
"2022-02-08","2022039","10:17","18.0","54.9481","2.0","2.5","0.80","2.7","","8.5","92","4.6","3","","26.18","11.55","19.83","0.86","25.56","4.00","2.12","76.20"
"2022-02-08","2022039","10:17","18.0","54.9481","3.0","","","2.7","","8.3","91","","3","","27.16","11.67","20.56","","","","",""
"2022-02-08","2022039","10:17","18.0","54.9481","4.0","","","2.9","","8.2","90","","3","","27.55","11.71","20.86","","","","",""
"2022-02-08","2022039","10:17","18.0","54.9481","5.0","","","2.9","","8.1","89","","3","","28.01","11.77","21.21","","","","",""
"2022-02-08","2022039","10:17","18.0","54.9481","6.0","","","2.8","","8.0","89","","3","","28.42","11.83","21.51","","","","",""
"2022-02-08","2022039","10:17","18.0","54.9481","7.0","","","2.8","","8.0","89","","3","","28.41","11.83","21.51","","","","",""
"2022-02-08","2022039","10:17","18.0","54.9481","8.0","","","2.8","","8.0","89","","3","","28.42","11.83","21.52","","","","",""
"2022-02-08","2022039","10:17","18.0","54.9481","9.0","","","2.7","","8.1","89","","3","","28.43","11.84","21.52","","","","",""
"2022-02-08","2022039","10:17","18.0","54.9481","10.0","","","2.7","","8.1","89","","3","","28.44","11.83","21.53","","","","",""
"2022-02-08","2022039","10:17","18.0","54.9481","11.0","","","2.7","","8.1","89","","3","","28.44","11.83","21.53","","","","",""
"2022-02-08","2022039","10:17","18.0","54.9481","12.0","","","2.7","","8.1","89","","3","","28.44","11.83","21.53","","","","",""
"2022-02-08","2022039","10:17","18.0","54.9481","13.0","","","2.7","","8.1","89","","3","","28.46","11.83","21.54","","","","",""
"2022-02-08","2022039","10:17","18.0","54.9481","14.0","","","2.7","","8.0","89","","3","","28.46","11.83","21.55","","","","",""
"2022-02-08","2022039","10:17","18.0","54.9481","15.0","","","2.7","","8.0","89","","3","","28.47","11.84","21.55","","","","",""
"2022-02-08","2022039","10:17","18.0","54.9481","16.0","","","2.6","","8.0","89","","3","","28.47","11.83","21.55","","","","",""
"2022-02-08","2022039","10:17","18.0","54.9481","17.0","","","2.6","","8.0","89","","4","","28.55","11.84","21.62","","","","",""
"2022-02-08","2022039","10:17","18.0","54.9481","18.0","","","2.7","","8.0","89","","4","","28.77","11.86","21.78","","","","",""
"2022-02-08","2022039","10:17","18.0","54.9481","19.0","","","2.6","","8.0","89","","4","","28.78","11.86","21.79","","","","",""
"2022-02-08","2022039","10:17","18.0","54.9481","20.0","","","2.5","","8.0","89","","4","","28.76","11.86","21.77","","","","",""
"2022-02-08","2022039","10:17","18.0","54.9481","21.0","","","2.6","","8.0","88","","4","","28.75","11.86","21.76","","","","",""
"2022-02-08","2022039","10:17","18.0","54.9481","22.0","","","2.6","","8.0","88","","4","","28.76","11.86","21.78","","","","",""
"2022-02-08","2022039","10:17","18.0","54.9481","23.0","","","2.7","","8.0","89","","4","","28.77","11.86","21.78","","","","",""
"2022-02-08","2022039","10:17","18.0","54.9481","24.0","","","2.5","","8.0","89","","4","","28.78","11.86","21.78","","","","",""
"2022-02-08","2022039","10:17","18.0","54.9481","25.0","","","2.6","","8.0","88","","4","","28.78","11.87","21.78","","","","",""
"2022-02-08","2022039","10:17","18.0","54.9481","26.0","","","2.5","","8.0","88","","4","","28.78","11.87","21.79","","","","",""
"2022-02-08","2022039","10:17","18.0","54.9481","27.0","","","2.5","","8.0","88","","4","","28.78","11.87","21.79","","","","",""
"2022-02-08","2022039","10:17","18.0","54.9481","28.0","","","2.5","","8.0","88","","4","","28.79","11.87","21.79","","","","",""
"2022-02-08","2022039","10:17","18.0","54.9481","29.0","","","2.6","","8.0","88","","4","","28.79","11.87","21.79","","","","",""
"2022-02-08","2022039","10:17","18.0","54.9481","30.0","","","2.5","","7.9","88","","4","","28.80","11.85","21.80","","","","",""
"2022-02-08","2022039","10:17","18.0","54.9481","31.0","","","2.5","","7.9","88","","4","","28.80","11.85","21.81","","","","",""
"2022-02-08","2022039","10:17","18.0","54.9481","32.0","","","2.5","","7.9","88","","4","","28.83","11.84","21.83","","","","",""
"2022-02-08","2022039","10:17","18.0","54.9481","33.0","","","2.5","","7.9","88","","4","","28.85","11.83","21.85","","","","",""
"2022-02-08","2022039","10:17","18.0","54.9481","34.0","","","2.5","","7.9","88","","4","","28.88","11.83","21.87","","","","",""
"2022-02-08","2022039","10:17","18.0","54.9481","35.0","","","2.5","","7.9","88","","4","","28.91","11.83","21.89","","","","",""
"2022-02-08","2022039","10:17","18.0","54.9481","36.0","","","2.6","","7.8","87","","5","","29.05","11.84","22.00","","","","",""
"2022-02-08","2022039","10:17","18.0","54.9481","37.0","","","2.5","","7.7","86","","6","","29.54","11.85","22.38","","","","",""
"2022-02-08","2022039","10:17","18.0","54.9481","38.0","","","2.5","","7.6","86","","10","","30.45","11.90","23.08","","","","",""
"2022-02-08","2022039","10:17","18.0","54.9481","39.0","","","2.6","","7.6","85","","13","","30.60","11.91","23.19","","","","",""
"2022-02-08","2022039","10:17","18.0","54.9481","40.0","","","2.7","","7.6","85","","13","","30.61","11.91","23.20","","","","",""
"2022-02-08","2022039","10:17","18.0","54.9481","41.0","","","2.7","","7.6","85","","13","","30.63","11.91","23.21","","","","",""
"2022-02-08","2022039","10:17","18.0","54.9481","42.0","","","2.6","","7.6","85","","14","","30.67","11.91","23.25","","","","",""
"2022-02-08","2022039","10:17","18.0","54.9481","43.0","2.8","0.54","2.6","","7.6","85","17.4","18","","30.70","11.91","23.27","","","","",""
"2022-02-08","2022039","10:03","20.0","51.4501","1.0","","","2.5","","8.2","90","","4","0.70","27.94","11.91","21.13","","","","",""
"2022-02-08","2022039","10:03","20.0","51.4501","2.0","3.2","0.81","3.0","","8.2","90","","3","","27.97","11.90","21.16","","","","",""
"2022-02-08","2022039","10:03","20.0","51.4501","3.0","","","3.0","","8.1","90","","3","","28.00","11.90","21.18","","","","",""
"2022-02-08","2022039","10:03","20.0","51.4501","4.0","","","3.1","","8.1","90","","3","","28.04","11.89","21.21","","","","",""
"2022-02-08","2022039","10:03","20.0","51.4501","5.0","","","2.8","","8.1","89","","3","","28.14","11.88","21.29","","","","",""
"2022-02-08","2022039","10:03","20.0","51.4501","6.0","","","2.8","","8.1","89","","4","","28.25","11.89","21.37","","","","",""
"2022-02-08","2022039","10:03","20.0","51.4501","7.0","","","2.8","","8.1","89","","4","","28.33","11.89","21.44","","","","",""
"2022-02-08","2022039","10:03","20.0","51.4501","8.0","","","2.7","","8.0","89","","4","","28.40","11.90","21.48","","","","",""
"2022-02-08","2022039","10:03","20.0","51.4501","9.0","","","2.7","","8.0","89","","4","","28.43","11.90","21.51","","","","",""
"2022-02-08","2022039","10:03","20.0","51.4501","10.0","","","2.7","","8.0","89","","4","","28.44","11.90","21.52","","","","",""
"2022-02-08","2022039","10:03","20.0","51.4501","11.0","","","2.7","","8.0","89","","4","","28.46","11.90","21.53","","","","",""
"2022-02-08","2022039","10:03","20.0","51.4501","12.0","","","2.8","","8.0","89","","5","","28.47","11.91","21.54","","","","",""
"2022-02-08","2022039","10:03","20.0","51.4501","13.0","","","2.8","","8.0","89","","5","","28.48","11.91","21.55","","","","",""
"2022-02-08","2022039","10:03","20.0","51.4501","14.0","","","2.8","","8.0","89","","6","","28.52","11.91","21.58","","","","",""
"2022-02-08","2022039","10:03","20.0","51.4501","15.0","","","2.8","","8.0","89","","6","","28.56","11.91","21.61","","","","",""
"2022-02-08","2022039","10:03","20.0","51.4501","16.0","","","2.8","","8.0","89","","7","","28.67","11.90","21.69","","","","",""
"2022-02-08","2022039","10:03","20.0","51.4501","17.0","","","2.7","","8.0","89","","9","","28.74","11.90","21.75","","","","",""
"2022-02-08","2022039","10:03","20.0","51.4501","18.0","","","2.8","","8.0","89","","9","","28.77","11.90","21.78","","","","",""
"2022-02-08","2022039","10:03","20.0","51.4501","19.0","","","2.8","","8.0","89","","10","","28.80","11.90","21.80","","","","",""
"2022-02-08","2022039","10:03","20.0","51.4501","20.0","","","2.9","","8.0","88","","10","","28.84","11.90","21.83","","","","",""
"2022-02-08","2022039","10:03","20.0","51.4501","21.0","","","2.7","","7.9","88","","11","","28.90","11.89","21.88","","","","",""
"2022-02-08","2022039","10:03","20.0","51.4501","22.0","","","2.9","","7.9","88","","12","","28.93","11.89","21.90","","","","",""
"2022-02-08","2022039","10:03","20.0","51.4501","23.0","","","2.9","","7.9","88","","13","","29.01","11.89","21.96","","","","",""
"2022-02-08","2022039","10:03","20.0","51.4501","24.0","","","2.9","","7.9","88","","13","","29.03","11.89","21.98","","","","",""
"2022-02-08","2022039","10:03","20.0","51.4501","25.0","","","3.1","","7.9","88","","14","","29.11","11.89","22.03","","","","",""
"2022-02-08","2022039","9:50","21.0","46.6266","1.0","","","2.8","","8.2","91","","11","1.10","27.91","12.04","21.08","","","","",""
"2022-02-08","2022039","9:50","21.0","46.6266","2.0","4.0","0.79","3.5","","8.2","91","","10","","27.99","12.01","21.15","","","","",""
"2022-02-08","2022039","9:50","21.0","46.6266","3.0","","","3.5","","8.2","91","","11","","28.06","11.98","21.21","","","","",""
"2022-02-08","2022039","9:50","21.0","46.6266","4.0","","","3.4","","8.2","90","","11","","28.10","11.98","21.24","","","","",""
"2022-02-08","2022039","9:50","21.0","46.6266","5.0","","","3.4","","8.2","91","","11","","28.10","11.98","21.24","","","","",""
"2022-02-08","2022039","9:50","21.0","46.6266","6.0","","","3.4","","8.2","91","","11","","28.08","11.98","21.23","","","","",""
"2022-02-08","2022039","9:50","21.0","46.6266","7.0","","","3.4","","8.2","91","","11","","28.08","11.98","21.23","","","","",""
"2022-02-08","2022039","9:50","21.0","46.6266","8.0","","","3.5","","8.2","91","","11","","28.09","11.98","21.24","","","","",""
"2022-02-08","2022039","9:50","21.0","46.6266","9.0","","","3.4","","8.2","90","","11","","28.12","11.97","21.26","","","","",""
"2022-02-08","2022039","9:50","21.0","46.6266","10.0","","","3.4","","8.1","90","","11","","28.14","11.97","21.27","","","","",""
"2022-02-08","2022039","9:50","21.0","46.6266","11.0","","","3.3","","8.1","90","","11","","28.17","11.97","21.30","","","","",""
"2022-02-08","2022039","9:50","21.0","46.6266","12.0","","","3.3","","8.1","90","","13","","28.21","11.96","21.32","","","","",""
"2022-02-08","2022039","9:50","21.0","46.6266","13.0","","","3.2","","8.1","90","","14","","28.21","11.96","21.33","","","","",""
"2022-02-08","2022039","9:50","21.0","46.6266","14.0","","","3.4","","8.1","90","","15","","28.21","11.96","21.33","","","","",""
"2022-02-08","2022039","9:50","21.0","46.6266","15.0","","","3.3","","8.1","90","","14","","28.21","11.96","21.33","","","","",""
"2022-02-08","2022039","9:50","21.0","46.6266","16.0","","","3.4","","8.1","90","","15","","28.23","11.96","21.34","","","","",""
"2022-02-08","2022039","9:50","21.0","46.6266","17.0","","","3.4","","8.1","90","","16","","28.23","11.96","21.34","","","","",""
"2022-02-08","2022039","9:50","21.0","46.6266","18.0","","","3.2","","8.1","90","","15","","28.23","11.96","21.34","","","","",""
"2022-02-08","2022039","9:40","22.0","43.9210","1.0","","","2.4","","8.1","90","","7","1.00","28.05","11.99","21.20","","","","",""
"2022-02-08","2022039","9:40","22.0","43.9210","2.0","3.3","0.77","2.9","","8.1","90","10.3","10","","28.08","11.97","21.23","1.01","24.63","5.64","2.28","59.11"
"2022-02-08","2022039","9:40","22.0","43.9210","3.0","","","3.1","","8.1","90","","10","","28.10","11.96","21.24","","","","",""
"2022-02-08","2022039","9:40","22.0","43.9210","4.0","","","3.3","","8.1","90","","11","","28.10","11.96","21.24","","","","",""
"2022-02-08","2022039","9:40","22.0","43.9210","5.0","","","3.1","","8.1","90","","10","","28.11","11.96","21.25","","","","",""
"2022-02-08","2022039","9:40","22.0","43.9210","6.0","","","3.1","","8.1","89","","11","","28.11","11.96","21.25","","","","",""
"2022-02-08","2022039","9:40","22.0","43.9210","7.0","","","3.1","","8.1","90","","11","","28.13","11.96","21.27","","","","",""
"2022-02-08","2022039","9:40","22.0","43.9210","8.0","","","3.2","","8.1","90","","12","","28.14","11.96","21.28","","","","",""
"2022-02-08","2022039","9:40","22.0","43.9210","9.0","","","3.3","","8.1","89","","12","","28.17","11.95","21.30","","","","",""
"2022-02-08","2022039","9:40","22.0","43.9210","10.0","","","3.2","","8.1","89","","13","","28.18","11.95","21.31","","","","",""
"2022-02-08","2022039","9:40","22.0","43.9210","11.0","","","3.3","","8.1","90","","14","","28.19","11.95","21.32","","","","",""
"2022-02-08","2022039","9:40","22.0","43.9210","12.0","","","3.3","","8.1","89","","14","","28.20","11.95","21.32","","","","",""
"2022-02-08","2022039","9:40","22.0","43.9210","13.0","","","3.2","","8.1","89","","15","","28.21","11.96","21.33","","","","",""
"2022-02-08","2022039","9:40","22.0","43.9210","14.0","","","3.2","","8.1","89","","15","","28.22","11.96","21.34","","","","",""
"2022-02-08","2022039","9:40","22.0","43.9210","15.0","","","3.3","","8.1","90","","16","","28.23","11.95","21.34","","","","",""
"2022-02-08","2022039","9:40","22.0","43.9210","16.0","","","3.2","","8.1","89","","16","","28.23","11.95","21.34","","","","",""
"2022-02-08","2022039","9:40","22.0","43.9210","17.0","","","3.4","","8.1","90","","17","","28.24","11.96","21.35","","","","",""
"2022-02-08","2022039","9:40","22.0","43.9210","18.0","","","3.2","","8.1","89","","18","","28.24","11.95","21.36","","","","",""
"2022-02-08","2022039","9:40","22.0","43.9210","19.0","3.2","0.61","3.3","","8.1","90","21.6","18","","28.25","11.95","21.36","","","","",""
"2022-02-08","2022039","9:27","23.0","39.6557","1.0","","","2.1","","8.2","91","","9","1.00","27.67","11.90","20.92","","","","",""
"2022-02-08","2022039","9:27","23.0","39.6557","2.0","","","2.9","","8.2","91","","8","","27.67","11.90","20.92","","","","",""
"2022-02-08","2022039","9:27","23.0","39.6557","3.0","","","3.2","","8.2","91","","8","","27.67","11.90","20.92","","","","",""
"2022-02-08","2022039","9:27","23.0","39.6557","4.0","","","3.2","","8.2","91","","8","","27.73","11.92","20.96","","","","",""
"2022-02-08","2022039","9:27","23.0","39.6557","5.0","","","3.2","","8.2","91","","9","","27.76","11.93","20.99","","","","",""
"2022-02-08","2022039","9:27","23.0","39.6557","6.0","","","3.3","","8.2","91","","9","","27.78","11.94","21.00","","","","",""
"2022-02-08","2022039","9:27","23.0","39.6557","7.0","","","3.1","","8.2","91","","9","","27.77","11.93","21.00","","","","",""
"2022-02-08","2022039","9:27","23.0","39.6557","8.0","","","3.0","","8.2","90","","9","","27.77","11.93","20.99","","","","",""
"2022-02-08","2022039","9:27","23.0","39.6557","9.0","","","3.0","","8.2","90","","9","","27.80","11.94","21.01","","","","",""
"2022-02-08","2022039","9:27","23.0","39.6557","10.0","","","3.3","","8.2","90","","10","","27.80","11.95","21.02","","","","",""
"2022-02-08","2022039","9:27","23.0","39.6557","11.0","","","3.2","","8.2","90","","11","","27.85","11.96","21.05","","","","",""
"2022-02-08","2022039","9:27","23.0","39.6557","12.0","","","3.4","","8.2","90","","13","","27.85","11.97","21.05","","","","",""
"2022-02-08","2022039","9:27","23.0","39.6557","13.0","","","3.3","","8.2","90","","13","","27.85","11.97","21.05","","","","",""
"2022-02-08","2022039","9:27","23.0","39.6557","14.0","","","3.3","","8.2","90","","13","","27.85","11.97","21.05","","","","",""
"2022-02-08","2022039","9:27","23.0","39.6557","15.0","","","3.2","","8.2","90","","13","","27.85","11.97","21.05","","","","",""
"2022-02-08","2022039","9:14","24.0","37.0911","1.0","","","3.3","","8.2","91","","9","1.10","27.18","12.14","20.50","","","","",""
"2022-02-08","2022039","9:14","24.0","37.0911","2.0","3.6","0.84","3.2","","8.2","91","9.3","9","","27.32","12.12","20.61","1.39","31.41","6.21","3.10","65.16"
"2022-02-08","2022039","9:14","24.0","37.0911","3.0","","","3.2","","8.1","90","","8","","27.24","12.13","20.55","","","","",""
"2022-02-08","2022039","9:14","24.0","37.0911","4.0","","","3.3","","8.1","89","","8","","27.78","12.05","20.98","","","","",""
"2022-02-08","2022039","9:14","24.0","37.0911","5.0","","","3.0","","8.1","89","","9","","27.85","12.04","21.04","","","","",""
"2022-02-08","2022039","9:14","24.0","37.0911","6.0","","","2.8","","8.1","89","","9","","27.90","12.03","21.07","","","","",""
"2022-02-08","2022039","9:14","24.0","37.0911","7.0","","","2.8","","8.0","89","","10","","27.90","12.03","21.08","","","","",""
"2022-02-08","2022039","9:14","24.0","37.0911","8.0","","","2.8","","8.0","89","","10","","27.90","12.03","21.08","","","","",""
"2022-02-08","2022039","9:14","24.0","37.0911","9.0","","","2.8","","8.0","89","","10","","27.90","12.03","21.08","","","","",""
"2022-02-08","2022039","9:14","24.0","37.0911","10.0","2.7","0.73","2.8","","8.0","89","10.9","10","","27.91","12.03","21.08","","","","",""
"2022-02-08","2022039","9:03","25.0","32.8382","1.0","","","3.3","","8.2","91","","11","1.20","26.79","12.27","20.18","","","","",""
"2022-02-08","2022039","9:03","25.0","32.8382","2.0","","","3.7","","8.2","90","","11","","26.92","12.23","20.29","","","","",""
"2022-02-08","2022039","9:03","25.0","32.8382","3.0","","","3.6","","8.1","90","","11","","27.13","12.17","20.46","","","","",""
"2022-02-08","2022039","9:03","25.0","32.8382","4.0","","","3.2","","8.1","89","","12","","27.51","12.10","20.76","","","","",""
"2022-02-08","2022039","9:03","25.0","32.8382","5.0","","","3.0","","8.1","89","","13","","27.58","12.10","20.82","","","","",""
"2022-02-08","2022039","9:03","25.0","32.8382","6.0","","","3.0","","8.0","89","","15","","27.62","12.10","20.85","","","","",""
"2022-02-08","2022039","9:03","25.0","32.8382","7.0","","","3.0","","8.0","89","","16","","27.63","12.10","20.86","","","","",""
"2022-02-08","2022039","9:03","25.0","32.8382","8.0","","","3.0","","8.0","89","","18","","27.63","12.10","20.86","","","","",""
"2022-02-08","2022039","8:51","26.0","28.7560","1.0","","","3.7","","8.2","91","","13","1.40","26.48","12.32","19.93","","","","",""
"2022-02-08","2022039","8:51","26.0","28.7560","2.0","","","3.9","","8.2","91","","13","","26.55","12.28","19.99","","","","",""
"2022-02-08","2022039","8:51","26.0","28.7560","3.0","","","3.9","","8.2","91","","15","","26.62","12.27","20.04","","","","",""
"2022-02-08","2022039","8:51","26.0","28.7560","4.0","","","3.8","","8.2","90","","15","","26.60","12.27","20.03","","","","",""
"2022-02-08","2022039","8:51","26.0","28.7560","5.0","","","3.8","","8.2","90","","15","","26.73","12.22","20.14","","","","",""
"2022-02-08","2022039","8:51","26.0","28.7560","6.0","","","3.8","","8.2","90","","16","","26.99","12.14","20.35","","","","",""
"2022-02-08","2022039","8:51","26.0","28.7560","7.0","","","3.6","","8.2","90","","14","","27.03","12.14","20.39","","","","",""
"2022-02-08","2022039","8:51","26.0","28.7560","8.0","","","3.5","","8.1","90","","15","","27.11","12.14","20.44","","","","",""
"2022-02-08","2022039","8:51","26.0","28.7560","9.0","","","3.5","","8.1","90","","15","","27.16","12.14","20.48","","","","",""
"2022-02-08","2022039","8:51","26.0","28.7560","10.0","","","3.4","","8.1","90","","16","","27.20","12.15","20.51","","","","",""
"2022-02-08","2022039","8:41","27.0","26.1872","1.0","","","3.6","","8.3","91","","16","1.40","26.30","12.35","19.78","","","","",""
"2022-02-08","2022039","8:41","27.0","26.1872","2.0","4.3","0.80","4.2","","8.3","91","12.7","15","","26.28","12.34","19.77","1.49","36.20","5.93","4.01","68.01"
"2022-02-08","2022039","8:41","27.0","26.1872","3.0","","","3.9","","8.3","91","","15","","26.30","12.35","19.78","","","","",""
"2022-02-08","2022039","8:41","27.0","26.1872","4.0","","","3.9","","8.2","91","","16","","26.32","12.35","19.79","","","","",""
"2022-02-08","2022039","8:41","27.0","26.1872","5.0","","","3.9","","8.2","90","","16","","26.41","12.31","19.88","","","","",""
"2022-02-08","2022039","8:41","27.0","26.1872","6.0","","","3.9","","8.2","90","","20","","26.53","12.21","19.99","","","","",""
"2022-02-08","2022039","8:41","27.0","26.1872","7.0","","","4.2","","8.2","90","","21","","26.66","12.16","20.09","","","","",""
"2022-02-08","2022039","8:41","27.0","26.1872","8.0","","","4.0","","8.1","90","","22","","26.82","12.13","20.22","","","","",""
"2022-02-08","2022039","8:41","27.0","26.1872","9.0","","","3.9","","8.1","90","","23","","26.87","12.12","20.26","","","","",""
"2022-02-08","2022039","8:41","27.0","26.1872","10.0","","","3.9","","8.1","90","","27","","26.89","12.12","20.28","","","","",""
"2022-02-08","2022039","8:41","27.0","26.1872","11.0","4.5","0.67","4.1","","8.1","90","29.5","31","","26.90","12.12","20.29","","","","",""
"2022-02-08","2022039","8:31","28.0","23.5695","1.0","","","4.2","","8.3","91","","13","1.30","26.08","12.22","19.64","","","","",""
"2022-02-08","2022039","8:31","28.0","23.5695","2.0","","","4.5","","8.3","91","","13","","26.10","12.21","19.65","","","","",""
"2022-02-08","2022039","8:31","28.0","23.5695","3.0","","","4.2","","8.3","91","","13","","26.12","12.21","19.67","","","","",""
"2022-02-08","2022039","8:31","28.0","23.5695","4.0","","","4.0","","8.3","91","","14","","26.14","12.21","19.68","","","","",""
"2022-02-08","2022039","8:31","28.0","23.5695","5.0","","","4.0","","8.3","91","","14","","26.18","12.20","19.72","","","","",""
"2022-02-08","2022039","8:31","28.0","23.5695","6.0","","","4.2","","8.3","91","","16","","26.21","12.18","19.74","","","","",""
"2022-02-08","2022039","8:31","28.0","23.5695","7.0","","","4.2","","8.2","90","","18","","26.26","12.16","19.78","","","","",""
"2022-02-08","2022039","8:31","28.0","23.5695","8.0","","","4.3","","8.2","90","","19","","26.38","12.11","19.88","","","","",""
"2022-02-08","2022039","8:31","28.0","23.5695","9.0","","","4.2","","8.2","90","","22","","26.43","12.09","19.93","","","","",""
"2022-02-08","2022039","8:31","28.0","23.5695","10.0","","","4.1","","8.2","90","","27","","26.46","12.08","19.95","","","","",""
"2022-02-08","2022039","8:31","28.0","23.5695","11.0","","","4.2","","8.2","90","","35","","26.46","12.08","19.96","","","","",""
"2022-02-08","2022039","8:31","28.0","23.5695","12.0","","","4.3","","8.2","90","","37","","26.47","12.08","19.96","","","","",""
"2022-02-08","2022039","8:31","28.0","23.5695","13.0","","","4.5","","8.2","90","","50","","26.47","12.08","19.96","","","","",""
"2022-02-08","2022039","8:31","28.0","23.5695","14.0","","","4.5","","8.2","90","","51","","26.47","12.08","19.96","","","","",""
"2022-02-08","2022039","8:21","29.0","20.2526","1.0","","","4.4","","8.3","91","","15","1.30","26.05","12.22","19.61","","","","",""
"2022-02-08","2022039","8:21","29.0","20.2526","2.0","","","4.5","","8.3","91","","14","","26.05","12.22","19.61","","","","",""
"2022-02-08","2022039","8:21","29.0","20.2526","3.0","","","4.2","","8.3","91","","14","","26.07","12.24","19.62","","","","",""
"2022-02-08","2022039","8:21","29.0","20.2526","4.0","","","4.1","","8.3","91","","16","","26.08","12.24","19.63","","","","",""
"2022-02-08","2022039","8:21","29.0","20.2526","5.0","","","4.0","","8.3","92","","16","","26.10","12.24","19.65","","","","",""
"2022-02-08","2022039","8:21","29.0","20.2526","6.0","","","4.1","","8.3","92","","17","","26.13","12.25","19.67","","","","",""
"2022-02-08","2022039","8:21","29.0","20.2526","7.0","","","4.2","","8.3","92","","16","","26.17","12.26","19.69","","","","",""
"2022-02-08","2022039","8:21","29.0","20.2526","8.0","","","4.1","","8.3","92","","15","","26.18","12.27","19.71","","","","",""
"2022-02-08","2022039","8:21","29.0","20.2526","9.0","","","4.0","","8.3","92","","16","","26.19","12.28","19.71","","","","",""
"2022-02-08","2022039","8:21","29.0","20.2526","10.0","","","4.0","","8.3","92","","16","","26.20","12.29","19.72","","","","",""
"2022-02-08","2022039","8:21","29.0","20.2526","11.0","","","3.9","","8.3","92","","20","","26.21","12.29","19.72","","","","",""
"2022-02-08","2022039","8:21","29.0","20.2526","12.0","","","4.2","","8.3","92","","23","","26.21","12.29","19.72","","","","",""
"2022-02-08","2022039","8:21","29.0","20.2526","13.0","","","4.0","","8.3","92","","23","","26.21","12.29","19.72","","","","",""
"2022-02-08","2022039","8:21","29.0","20.2526","14.0","","","4.0","","8.3","92","","25","","26.21","12.29","19.72","","","","",""
"2022-02-08","2022039","8:07","30.0","14.7543","1.0","","","4.5","","8.2","90","","18","1.50","25.86","12.02","19.50","","","","",""
"2022-02-08","2022039","8:07","30.0","14.7543","2.0","4.2","0.78","4.1","","8.2","90","15.4","19","","25.87","12.03","19.50","1.68","38.91","8.42","4.58","73.70"
"2022-02-08","2022039","8:07","30.0","14.7543","3.0","","","4.1","","8.2","90","","19","","25.87","12.04","19.50","","","","",""
"2022-02-08","2022039","8:07","30.0","14.7543","4.0","","","4.1","","8.2","90","","20","","25.87","12.06","19.50","","","","",""
"2022-02-08","2022039","8:07","30.0","14.7543","5.0","","","4.1","","8.2","90","","21","","25.88","12.06","19.50","","","","",""
"2022-02-08","2022039","8:07","30.0","14.7543","6.0","","","4.2","","8.2","90","","21","","25.88","12.07","19.50","","","","",""
"2022-02-08","2022039","8:07","30.0","14.7543","7.0","","","4.2","","8.2","90","","24","","25.89","12.10","19.51","","","","",""
"2022-02-08","2022039","8:07","30.0","14.7543","8.0","","","4.4","","8.2","90","","32","","25.89","12.10","19.51","","","","",""
"2022-02-08","2022039","8:07","30.0","14.7543","9.0","","","4.4","","8.2","90","","43","","25.90","12.10","19.51","","","","",""
"2022-02-08","2022039","8:07","30.0","14.7543","10.0","","","4.5","","8.2","90","","46","","25.90","12.10","19.51","","","","",""
"2022-02-08","2022039","8:07","30.0","14.7543","11.0","4.7","0.58","4.7","","8.2","90","54.3","53","","25.90","12.10","19.51","","","","",""
"2022-02-08","2022039","7:56","31.0","10.6065","1.0","","","4.6","","8.2","90","","21","1.40","25.73","12.08","19.39","","","","",""
"2022-02-08","2022039","7:56","31.0","10.6065","2.0","","","4.6","","8.2","90","","22","","25.73","12.09","19.39","","","","",""
"2022-02-08","2022039","7:56","31.0","10.6065","3.0","","","4.4","","8.2","90","","23","","25.73","12.08","19.39","","","","",""
"2022-02-08","2022039","7:56","31.0","10.6065","4.0","","","4.3","","8.2","90","","22","","25.73","12.08","19.39","","","","",""
"2022-02-08","2022039","7:56","31.0","10.6065","5.0","","","4.3","","8.2","90","","22","","25.73","12.09","19.39","","","","",""
"2022-02-08","2022039","7:56","31.0","10.6065","6.0","","","4.4","","8.2","90","","24","","25.74","12.08","19.39","","","","",""
"2022-02-08","2022039","7:56","31.0","10.6065","7.0","","","4.5","","8.2","90","","25","","25.74","12.06","19.40","","","","",""
"2022-02-08","2022039","7:56","31.0","10.6065","8.0","","","4.4","","8.2","90","","28","","25.74","12.05","19.40","","","","",""
"2022-02-08","2022039","7:56","31.0","10.6065","9.0","","","4.4","","8.2","90","","29","","25.75","12.05","19.40","","","","",""
"2022-02-08","2022039","7:56","31.0","10.6065","10.0","","","4.5","","8.2","90","","31","","25.75","12.06","19.41","","","","",""
"2022-02-08","2022039","7:56","31.0","10.6065","11.0","","","4.5","","8.2","90","","33","","25.75","12.06","19.41","","","","",""
"2022-02-08","2022039","7:56","31.0","10.6065","12.0","","","4.5","","8.2","90","","34","","25.75","12.06","19.41","","","","",""
"2022-02-08","2022039","7:47","32.0","8.1507","1.0","","","6.0","","8.3","91","","13","1.50","25.34","12.15","19.07","","","","",""
"2022-02-08","2022039","7:47","32.0","8.1507","2.0","4.8","0.78","5.1","","8.3","91","13.9","13","","25.34","12.15","19.07","1.78","41.84","6.28","5.35","77.26"
"2022-02-08","2022039","7:47","32.0","8.1507","3.0","","","4.9","","8.3","91","","13","","25.36","12.15","19.09","","","","",""
"2022-02-08","2022039","7:47","32.0","8.1507","4.0","","","4.8","","8.3","91","","14","","25.42","12.17","19.13","","","","",""
"2022-02-08","2022039","7:47","32.0","8.1507","5.0","","","4.8","","8.3","91","","15","","25.47","12.19","19.17","","","","",""
"2022-02-08","2022039","7:47","32.0","8.1507","6.0","","","4.9","","8.3","90","","15","","25.50","12.19","19.19","","","","",""
"2022-02-08","2022039","7:47","32.0","8.1507","7.0","","","5.1","","8.3","90","","16","","25.51","12.18","19.20","","","","",""
"2022-02-08","2022039","7:47","32.0","8.1507","8.0","","","5.1","","8.2","90","","30","","25.52","12.17","19.21","","","","",""
"2022-02-08","2022039","7:47","32.0","8.1507","9.0","","","5.4","","8.3","90","","31","","25.51","12.17","19.20","","","","",""
"2022-02-08","2022039","7:47","32.0","8.1507","10.0","5.1","0.57","5.5","","8.3","90","","48","","25.51","12.17","19.20","","","","",""
"2022-02-08","2022039","7:40","33.0","6.8085","1.0","","","5.6","","8.3","90","","17","1.70","25.24","12.14","19.00","","","","",""
"2022-02-08","2022039","7:40","33.0","6.8085","2.0","","","5.2","","8.3","90","17.5","17","","25.25","12.14","19.01","","","","",""
"2022-02-08","2022039","7:40","33.0","6.8085","3.0","","","5.4","","8.3","90","","18","","25.25","12.14","19.01","","","","",""
"2022-02-08","2022039","7:40","33.0","6.8085","4.0","","","5.3","","8.3","90","","18","","25.25","12.15","19.01","","","","",""
"2022-02-08","2022039","7:40","33.0","6.8085","5.0","","","5.3","","8.3","90","","18","","25.27","12.16","19.02","","","","",""
"2022-02-08","2022039","7:40","33.0","6.8085","6.0","","","5.3","","8.3","90","","19","","25.29","12.16","19.03","","","","",""
"2022-02-08","2022039","7:40","33.0","6.8085","7.0","","","5.3","","8.3","90","","19","","25.30","12.17","19.04","","","","",""
"2022-02-08","2022039","7:40","33.0","6.8085","8.0","","","5.3","","8.3","90","","20","","25.32","12.17","19.05","","","","",""
"2022-02-08","2022039","7:40","33.0","6.8085","9.0","","","5.2","","8.3","91","","20","","25.33","12.18","19.06","","","","",""
"2022-02-08","2022039","7:40","33.0","6.8085","10.0","","","5.2","","8.3","90","","25","","25.36","12.19","19.08","","","","",""
"2022-02-08","2022039","7:40","33.0","6.8085","11.0","","","5.2","","8.3","91","","28","","25.36","12.19","19.08","","","","",""
"2022-02-08","2022039","7:40","33.0","6.8085","12.0","","","5.2","","8.3","90","","30","","25.36","12.19","19.08","","","","",""
"2022-02-08","2022039","7:30","34.0","3.5290","1.0","","","7.2","","8.3","90","","20","1.80","25.07","12.11","18.87","","","","",""
"2022-02-08","2022039","7:30","34.0","3.5290","2.0","6.9","0.80","6.5","","8.3","90","20.8","20","","25.07","12.11","18.87","","","","",""
"2022-02-08","2022039","7:30","34.0","3.5290","3.0","","","6.4","","8.3","90","","20","","25.07","12.12","18.87","","","","",""
"2022-02-08","2022039","7:30","34.0","3.5290","4.0","","","6.5","","8.3","90","","20","","25.07","12.10","18.87","","","","",""
"2022-02-08","2022039","7:30","34.0","3.5290","5.0","","","6.6","","8.3","90","","19","","25.07","12.09","18.87","","","","",""
"2022-02-08","2022039","7:30","34.0","3.5290","6.0","","","6.6","","8.3","90","","19","","25.07","12.10","18.87","","","","",""
"2022-02-08","2022039","7:30","34.0","3.5290","7.0","","","6.7","","8.3","90","","19","","25.06","12.09","18.87","","","","",""
"2022-02-08","2022039","7:30","34.0","3.5290","8.0","","","6.3","","8.3","90","","20","","25.06","12.06","18.87","","","","",""
"2022-02-08","2022039","7:30","34.0","3.5290","9.0","5.9","0.78","6.1","","8.3","90","","19","","25.07","12.08","18.88","","","","",""
"2022-02-08","2022039","7:20","35.0","1.6576","1.0","","","8.7","","8.2","89","","22","2.00","24.46","11.95","18.43","","","","",""
"2022-02-08","2022039","7:20","35.0","1.6576","2.0","7.9","0.79","7.6","","8.2","89","20.4","22","","24.65","12.02","18.57","","","","",""
"2022-02-08","2022039","7:20","35.0","1.6576","3.0","","","7.4","","8.2","89","","22","","24.75","12.06","18.63","","","","",""
"2022-02-08","2022039","7:20","35.0","1.6576","4.0","","","7.1","","8.2","89","","21","","24.78","12.07","18.66","","","","",""
"2022-02-08","2022039","7:20","35.0","1.6576","5.0","","","7.0","","8.2","89","","21","","24.82","12.09","18.68","","","","",""
"2022-02-08","2022039","7:20","35.0","1.6576","6.0","","","7.1","","8.2","89","","21","","24.84","12.12","18.69","","","","",""
"2022-02-08","2022039","7:20","35.0","1.6576","7.0","","","6.5","","8.2","89","","23","","24.85","12.13","18.70","","","","",""
"2022-02-08","2022039","7:20","35.0","1.6576","8.0","","","6.2","","8.2","89","","25","","24.86","12.14","18.70","","","","",""
"2022-02-08","2022039","7:20","35.0","1.6576","9.0","","","5.8","","8.2","89","","26","","24.86","12.14","18.71","","","","",""
"2022-02-08","2022039","7:12","36.0","0.0000","1.0","","","8.2","","8.1","88","","23","","24.44","11.96","18.41","","","","",""
"2022-02-08","2022039","7:12","36.0","0.0000","2.0","7.7","0.79","8.0","","8.1","88","20.2","22","","24.45","11.97","18.42","2.10","56.76","5.28","6.61","82.96"
"2022-02-08","2022039","7:12","36.0","0.0000","3.0","","","8.0","","8.1","88","","22","","24.47","12.01","18.43","","","","",""
"2022-02-08","2022039","7:12","36.0","0.0000","4.0","","","7.6","","8.1","88","","23","","24.51","12.10","18.44","","","","",""
"2022-02-08","2022039","7:12","36.0","0.0000","5.0","","","7.3","","8.1","88","","24","","24.54","12.09","18.46","","","","",""
"2022-02-08","2022039","7:12","36.0","0.0000","6.0","6.8","0.75","6.9","","8.1","88","27.6","25","","24.57","12.08","18.49","","","","",""
"2022-02-08","2022039","15:14","649.0","132.9388","1.0","","","1.8","","10.8","96","","41","3.10","0.12","10.00","","","","","",""
"2022-02-08","2022039","15:14","649.0","132.9388","2.0","1.8","0.41","1.8","","10.8","96","36.3","40","","0.12","9.98","","0.17","24.20","1.86","1.49","290.90"
"2022-02-08","2022039","15:14","649.0","132.9388","3.0","","","2.1","","10.8","96","","47","","0.12","9.96","","","","","",""
"2022-02-08","2022039","15:14","649.0","132.9388","4.0","","","2.1","","10.8","96","","50","","0.12","9.96","","","","","",""
"2022-02-08","2022039","15:14","649.0","132.9388","5.0","","","2.1","","10.8","96","","50","","0.12","9.96","","","","","",""
"2022-02-08","2022039","15:14","649.0","132.9388","6.0","","","2.1","","10.8","96","","49","","0.12","9.96","","","","","",""
"2022-02-08","2022039","15:14","649.0","132.9388","7.0","","","2.1","","10.8","96","","49","","0.12","9.96","","","","","",""
"2022-02-08","2022039","15:14","649.0","132.9388","8.0","","","2.2","","10.8","96","","50","","0.13","9.96","","","","","",""
"2022-02-08","2022039","15:14","649.0","132.9388","9.0","","","2.2","","10.8","96","","53","","0.13","9.96","","","","","",""
"2022-02-08","2022039","15:14","649.0","132.9388","10.0","","","2.3","","10.8","96","","57","","0.13","9.96","","","","","",""
"2022-02-08","2022039","15:14","649.0","132.9388","11.0","2.3","0.31","2.3","","10.8","96","","58","","0.13","9.96","","","","","",""
"2022-02-08","2022039","16:02","657.0","147.2548","1.0","","","2.0","","11.2","100","","21","1.20","0.09","9.89","","","","","",""
"2022-02-08","2022039","16:02","657.0","147.2548","2.0","2.0","0.61","2.0","","11.2","100","","21","","0.09","9.89","","0.14","18.35","1.29","1.22","281.28"
"2022-02-08","2022039","16:02","657.0","147.2548","3.0","","","2.0","","11.2","100","","20","","0.09","9.89","","","","","",""
"2022-02-08","2022039","16:02","657.0","147.2548","4.0","","","2.0","","11.2","100","","21","","0.09","9.88","","","","","",""
"2022-02-08","2022039","16:02","657.0","147.2548","5.0","","","2.0","","11.3","100","","21","","0.09","9.88","","","","","",""
"2022-02-08","2022039","16:02","657.0","147.2548","6.0","","","2.0","","11.2","100","","20","","0.09","9.88","","","","","",""
"2022-02-08","2022039","16:02","657.0","147.2548","7.0","","","2.0","","11.2","100","","20","","0.09","9.88","","","","","",""
"2022-02-08","2022039","16:02","657.0","147.2548","8.0","","","2.0","","11.2","100","","20","","0.09","9.88","","","","","",""
"2022-02-08","2022039","16:02","657.0","147.2548","9.0","2.0","0.57","1.9","","11.3","100","","20","","0.09","9.88","","","","","",""
"2022-03-09","2022068","15:49","2.0","127.7053","1.0","","","5.5","","10.5","101","","33","1.70","0.31","13.14","","","","","",""
"2022-03-09","2022068","15:49","2.0","127.7053","2.0","","","5.7","","10.5","101","","26","","0.31","13.14","","","","","",""
"2022-03-09","2022068","15:49","2.0","127.7053","3.0","","","5.8","","10.5","101","","26","","0.31","13.13","","","","","",""
"2022-03-09","2022068","15:49","2.0","127.7053","4.0","","","5.9","","10.5","101","","27","","0.31","13.13","","","","","",""
"2022-03-09","2022068","15:49","2.0","127.7053","5.0","","","5.9","","10.5","101","","27","","0.31","13.13","","","","","",""
"2022-03-09","2022068","15:49","2.0","127.7053","6.0","","","6.1","","10.5","101","","27","","0.31","13.12","","","","","",""
"2022-03-09","2022068","15:49","2.0","127.7053","7.0","","","6.2","","10.5","101","","27","","0.31","13.12","","","","","",""
"2022-03-09","2022068","15:49","2.0","127.7053","8.0","","","6.2","","10.5","101","","26","","0.31","13.11","","","","","",""
"2022-03-09","2022068","15:49","2.0","127.7053","9.0","","","6.3","","10.5","101","","26","","0.31","13.11","","","","","",""
"2022-03-09","2022068","15:49","2.0","127.7053","10.0","","","6.3","","10.5","101","","25","","0.32","13.10","","","","","",""
"2022-03-09","2022068","15:38","3.0","125.3243","1.0","","","6.6","","10.5","99","","23","2.10","0.47","12.90","","","","","",""
"2022-03-09","2022068","15:38","3.0","125.3243","2.0","6.6","0.77","7.3","","10.5","99","24.8","31","","0.47","12.90","","0.21","22.56","2.28","1.39","248.17"
"2022-03-09","2022068","15:38","3.0","125.3243","3.0","","","7.5","","10.4","99","","33","","0.49","12.88","","","","","",""
"2022-03-09","2022068","15:38","3.0","125.3243","4.0","","","7.6","","10.4","99","","35","","0.52","12.86","","","","","",""
"2022-03-09","2022068","15:38","3.0","125.3243","5.0","","","8.0","","10.4","99","","40","","0.57","12.82","","","","","",""
"2022-03-09","2022068","15:38","3.0","125.3243","6.0","","","8.5","","10.4","99","","44","","0.57","12.81","","","","","",""
"2022-03-09","2022068","15:38","3.0","125.3243","7.0","","","8.5","","10.4","99","","47","","0.58","12.81","","","","","",""
"2022-03-09","2022068","15:38","3.0","125.3243","8.0","","","8.6","","10.4","99","","47","","0.58","12.80","","","","","",""
"2022-03-09","2022068","15:38","3.0","125.3243","9.0","","","8.7","","10.4","99","","47","","0.58","12.80","","","","","",""
"2022-03-09","2022068","15:38","3.0","125.3243","10.0","8.2","0.72","8.6","","10.4","99","39.1","47","","0.58","12.81","","","","","",""
"2022-03-09","2022068","15:19","4.0","119.8957","1.0","","","11.6","","10.5","100","","36","3.00","0.84","12.79","0.06","","","","",""
"2022-03-09","2022068","15:19","4.0","119.8957","2.0","","","11.3","","10.5","100","","39","","0.99","12.76","0.18","","","","",""
"2022-03-09","2022068","15:19","4.0","119.8957","3.0","","","11.2","","10.5","100","","44","","0.98","12.76","0.18","","","","",""
"2022-03-09","2022068","15:19","4.0","119.8957","4.0","","","11.4","","10.5","100","","43","","0.98","12.76","0.17","","","","",""
"2022-03-09","2022068","15:19","4.0","119.8957","5.0","","","11.3","","10.5","100","","43","","0.98","12.76","0.17","","","","",""
"2022-03-09","2022068","15:19","4.0","119.8957","6.0","","","10.9","","10.5","100","","42","","0.97","12.76","0.17","","","","",""
"2022-03-09","2022068","15:19","4.0","119.8957","7.0","","","11.1","","10.5","100","","41","","0.97","12.76","0.17","","","","",""
"2022-03-09","2022068","15:19","4.0","119.8957","8.0","","","11.3","","10.5","100","","42","","0.98","12.76","0.17","","","","",""
"2022-03-09","2022068","15:19","4.0","119.8957","9.0","","","11.1","","10.5","100","","41","","0.98","12.76","0.17","","","","",""
"2022-03-09","2022068","15:19","4.0","119.8957","10.0","","","11.0","","10.5","100","","42","","0.99","12.76","0.18","","","","",""
"2022-03-09","2022068","15:19","4.0","119.8957","11.0","","","11.4","","10.5","100","","41","","0.99","12.76","0.18","","","","",""
"2022-03-09","2022068","15:19","4.0","119.8957","12.0","","","11.2","","10.5","100","","42","","0.99","12.76","0.18","","","","",""
"2022-03-09","2022068","15:19","4.0","119.8957","13.0","","","11.3","","10.5","100","","41","","1.00","12.76","0.19","","","","",""
"2022-03-09","2022068","15:19","4.0","119.8957","14.0","","","11.7","","10.4","99","","42","","1.01","12.76","0.19","","","","",""
"2022-03-09","2022068","15:19","4.0","119.8957","15.0","","","11.8","","10.4","99","","42","","1.01","12.76","0.20","","","","",""
"2022-03-09","2022068","14:50","5.0","115.6252","1.0","","","12.4","","","","","41","2.60","1.94","12.91","0.90","","","","",""
"2022-03-09","2022068","14:50","5.0","115.6252","2.0","","","12.0","","","","","43","","1.93","12.79","0.91","","","","",""
"2022-03-09","2022068","14:50","5.0","115.6252","3.0","","","11.9","","","","","46","","1.89","12.74","0.88","","","","",""
"2022-03-09","2022068","14:50","5.0","115.6252","4.0","","","12.3","","","","","47","","1.90","12.73","0.89","","","","",""
"2022-03-09","2022068","14:50","5.0","115.6252","5.0","","","12.4","","","","","49","","1.92","12.72","0.91","","","","",""
"2022-03-09","2022068","14:50","5.0","115.6252","6.0","","","12.6","","","","","49","","1.97","12.71","0.95","","","","",""
"2022-03-09","2022068","14:50","5.0","115.6252","7.0","","","12.5","","","","","51","","2.04","12.70","1.00","","","","",""
"2022-03-09","2022068","14:50","5.0","115.6252","8.0","","","13.0","","","","","55","","2.11","12.69","1.06","","","","",""
"2022-03-09","2022068","14:50","5.0","115.6252","9.0","","","12.9","","","","","58","","2.17","12.68","1.10","","","","",""
"2022-03-09","2022068","14:29","6.0","110.8977","1.0","","","8.9","","","","","30","2.80","4.00","12.88","2.63","","","","",""
"2022-03-09","2022068","14:29","6.0","110.8977","2.0","8.8","0.87","9.0","","","","26.9","30","","4.00","12.86","2.63","0.50","28.91","4.78","1.78","244.97"
"2022-03-09","2022068","14:29","6.0","110.8977","3.0","","","8.7","","","","","32","","4.05","12.83","2.56","","","","",""
"2022-03-09","2022068","14:29","6.0","110.8977","4.0","","","8.4","","","","","33","","4.11","12.81","2.52","","","","",""
"2022-03-09","2022068","14:29","6.0","110.8977","5.0","","","8.8","","","","","34","","4.16","12.78","2.54","","","","",""
"2022-03-09","2022068","14:29","6.0","110.8977","6.0","","","8.9","","","","","35","","4.16","12.78","2.58","","","","",""
"2022-03-09","2022068","14:29","6.0","110.8977","7.0","","","8.9","","","","","33","","4.16","12.78","2.59","","","","",""
"2022-03-09","2022068","14:29","6.0","110.8977","8.0","","","8.9","","","","","34","","4.17","12.77","2.59","","","","",""
"2022-03-09","2022068","14:29","6.0","110.8977","9.0","8.7","0.77","9.2","","","","42.5","37","","4.17","12.77","2.63","","","","",""
"2022-03-09","2022068","14:01","7.0","104.9810","1.0","","","4.5","","9.8","97","","23","2.10","7.16","12.89","4.93","","","","",""
"2022-03-09","2022068","14:01","7.0","104.9810","2.0","4.1","0.76","4.6","","9.7","97","30.6","25","","7.50","12.85","5.20","","","","",""
"2022-03-09","2022068","14:01","7.0","104.9810","3.0","","","5.0","","9.7","96","","25","","7.66","12.82","5.33","","","","",""
"2022-03-09","2022068","14:01","7.0","104.9810","4.0","","","4.9","","9.7","96","","26","","7.84","12.81","5.47","","","","",""
"2022-03-09","2022068","14:01","7.0","104.9810","5.0","","","5.0","","9.6","96","","27","","8.23","12.76","5.78","","","","",""
"2022-03-09","2022068","14:01","7.0","104.9810","6.0","","","4.9","","9.6","96","","27","","8.30","12.75","5.83","","","","",""
"2022-03-09","2022068","14:01","7.0","104.9810","7.0","","","4.8","","9.6","96","","30","","8.34","12.74","5.86","","","","",""
"2022-03-09","2022068","14:01","7.0","104.9810","8.0","","","4.9","","9.6","96","","30","","8.39","12.73","5.90","","","","",""
"2022-03-09","2022068","14:01","7.0","104.9810","9.0","","","4.9","","9.6","95","","31","","8.49","12.72","5.98","","","","",""
"2022-03-09","2022068","14:01","7.0","104.9810","10.0","","","4.9","","9.5","95","","32","","8.80","12.68","6.23","","","","",""
"2022-03-09","2022068","14:01","7.0","104.9810","11.0","","","5.0","","9.5","95","","34","","8.85","12.67","6.27","","","","",""
"2022-03-09","2022068","14:01","7.0","104.9810","12.0","","","4.9","","9.5","95","","34","","8.95","12.66","6.35","","","","",""
"2022-03-09","2022068","14:01","7.0","104.9810","13.0","","","5.2","","9.5","95","","34","","9.01","12.66","6.39","","","","",""
"2022-03-09","2022068","14:01","7.0","104.9810","14.0","","","5.4","","9.5","95","","35","","9.09","12.65","6.45","","","","",""
"2022-03-09","2022068","13:32","8.0","99.7699","1.0","","","6.7","","9.8","97","","43","3.40","7.64","12.86","5.31","","","","",""
"2022-03-09","2022068","13:32","8.0","99.7699","2.0","","","6.1","","9.7","97","50.8","43","","8.49","12.84","5.97","","","","",""
"2022-03-09","2022068","13:32","8.0","99.7699","3.0","","","5.2","","9.6","96","","37","","9.10","12.83","6.44","","","","",""
"2022-03-09","2022068","13:32","8.0","99.7699","4.0","","","4.8","","9.5","96","","29","","9.64","12.80","6.86","","","","",""
"2022-03-09","2022068","13:32","8.0","99.7699","5.0","","","4.4","","9.5","96","","26","","10.23","12.77","7.31","","","","",""
"2022-03-09","2022068","13:32","8.0","99.7699","6.0","","","3.9","","9.4","95","","24","","10.49","12.76","7.52","","","","",""
"2022-03-09","2022068","13:32","8.0","99.7699","7.0","","","4.0","","9.4","95","","24","","10.58","12.78","7.59","","","","",""
"2022-03-09","2022068","13:32","8.0","99.7699","8.0","","","4.1","","9.4","95","","24","","10.63","12.82","7.62","","","","",""
"2022-03-09","2022068","13:32","8.0","99.7699","9.0","","","4.1","","9.4","95","","24","","10.64","12.81","7.63","","","","",""
"2022-03-09","2022068","13:32","8.0","99.7699","10.0","","","4.4","","9.4","96","","24","","10.66","12.83","7.64","","","","",""
"2022-03-09","2022068","13:32","8.0","99.7699","11.0","","","4.3","","9.4","95","","24","","10.80","12.84","7.75","","","","",""
"2022-03-09","2022068","13:32","8.0","99.7699","12.0","","","4.3","","9.3","95","","24","","11.07","12.84","7.96","","","","",""
"2022-03-09","2022068","13:32","8.0","99.7699","13.0","","","4.1","","9.3","95","","24","","11.71","12.81","8.45","","","","",""
"2022-03-09","2022068","13:32","8.0","99.7699","14.0","","","4.0","","9.2","94","","26","","12.24","12.78","8.86","","","","",""
"2022-03-09","2022068","13:32","8.0","99.7699","15.0","","","3.8","","9.2","94","","26","","12.63","12.74","9.17","","","","",""
"2022-03-09","2022068","13:32","8.0","99.7699","16.0","","","3.8","","9.2","94","","29","","12.99","12.74","9.45","","","","",""
"2022-03-09","2022068","13:32","8.0","99.7699","17.0","","","3.9","","9.1","94","","34","","13.18","12.74","9.59","","","","",""
"2022-03-09","2022068","13:12","9.0","96.7889","1.0","","","3.9","","9.6","97","","20","1.90","9.33","12.98","6.59","","","","",""
"2022-03-09","2022068","13:12","9.0","96.7889","2.0","3.2","0.75","4.1","","9.6","97","21.2","21","","9.65","12.85","6.86","0.74","31.63","6.64","2.08","204.73"
"2022-03-09","2022068","13:12","9.0","96.7889","3.0","","","4.8","","9.6","96","","21","","10.04","12.82","7.16","","","","",""
"2022-03-09","2022068","13:12","9.0","96.7889","4.0","","","4.7","","9.5","96","","21","","10.69","12.77","7.67","","","","",""
"2022-03-09","2022068","13:12","9.0","96.7889","5.0","","","4.5","","9.4","95","","22","","11.45","12.73","8.26","","","","",""
"2022-03-09","2022068","13:12","9.0","96.7889","6.0","","","4.2","","9.3","95","","24","","11.78","12.71","8.52","","","","",""
"2022-03-09","2022068","13:12","9.0","96.7889","7.0","","","4.3","","9.3","95","","25","","11.76","12.71","8.50","","","","",""
"2022-03-09","2022068","13:12","9.0","96.7889","8.0","","","4.5","","9.3","95","","26","","11.78","12.71","8.52","","","","",""
"2022-03-09","2022068","13:12","9.0","96.7889","9.0","","","4.5","","9.3","94","","26","","11.86","12.72","8.58","","","","",""
"2022-03-09","2022068","13:12","9.0","96.7889","10.0","","","4.6","","9.3","95","","28","","12.05","12.72","8.73","","","","",""
"2022-03-09","2022068","13:12","9.0","96.7889","11.0","","","4.5","","9.3","95","","30","","12.16","12.73","8.81","","","","",""
"2022-03-09","2022068","13:12","9.0","96.7889","12.0","","","4.5","","9.3","95","","31","","12.16","12.73","8.81","","","","",""
"2022-03-09","2022068","13:12","9.0","96.7889","13.0","","","4.5","","9.2","94","","31","","12.43","12.74","9.02","","","","",""
"2022-03-09","2022068","13:12","9.0","96.7889","14.0","","","4.5","","9.2","94","","32","","12.84","12.75","9.33","","","","",""
"2022-03-09","2022068","13:12","9.0","96.7889","15.0","","","4.4","","9.1","94","","33","","13.67","12.76","9.96","","","","",""
"2022-03-09","2022068","13:12","9.0","96.7889","16.0","","","4.3","","9.1","94","","34","","14.20","12.78","10.37","","","","",""
"2022-03-09","2022068","13:12","9.0","96.7889","17.0","","","4.2","","9.0","94","","36","","14.80","12.83","10.83","","","","",""
"2022-03-09","2022068","13:12","9.0","96.7889","18.0","","","4.1","","8.9","93","","38","","15.81","12.84","11.60","","","","",""
"2022-03-09","2022068","13:12","9.0","96.7889","19.0","","","4.1","","8.9","93","","49","","16.61","12.83","12.23","","","","",""
"2022-03-09","2022068","13:12","9.0","96.7889","20.0","","","4.3","","8.8","93","","55","","16.77","12.82","12.35","","","","",""
"2022-03-09","2022068","13:12","9.0","96.7889","21.0","","","4.3","","8.8","93","","58","","17.08","12.82","12.59","","","","",""
"2022-03-09","2022068","13:12","9.0","96.7889","22.0","","","4.2","","8.8","93","","58","","17.38","12.83","12.82","","","","",""
"2022-03-09","2022068","13:12","9.0","96.7889","23.0","","","4.1","","8.8","93","","57","","17.50","12.83","12.91","","","","",""
"2022-03-09","2022068","13:12","9.0","96.7889","24.0","","","4.0","","8.8","93","","61","","17.60","12.84","12.99","","","","",""
"2022-03-09","2022068","13:12","9.0","96.7889","25.0","","","4.1","","8.8","93","","63","","17.63","12.84","13.00","","","","",""
"2022-03-09","2022068","13:12","9.0","96.7889","26.0","","","4.2","","8.8","93","","66","","17.68","12.83","13.04","","","","",""
"2022-03-09","2022068","12:58","10.0","93.5951","1.0","","","2.0","","9.4","96","","17","2.00","12.09","12.84","8.74","","","","",""
"2022-03-09","2022068","12:58","10.0","93.5951","2.0","","","4.3","","9.3","95","","18","","12.61","12.78","9.15","","","","",""
"2022-03-09","2022068","12:58","10.0","93.5951","3.0","","","4.1","","9.3","95","","20","","13.05","12.77","9.49","","","","",""
"2022-03-09","2022068","12:58","10.0","93.5951","4.0","","","4.1","","9.1","94","","21","","13.61","12.77","9.92","","","","",""
"2022-03-09","2022068","12:58","10.0","93.5951","5.0","","","3.9","","9.0","93","","24","","15.76","12.76","11.58","","","","",""
"2022-03-09","2022068","12:58","10.0","93.5951","6.0","","","3.6","","8.9","93","","28","","16.60","12.77","12.22","","","","",""
"2022-03-09","2022068","12:58","10.0","93.5951","7.0","","","3.6","","8.9","93","","29","","16.92","12.77","12.47","","","","",""
"2022-03-09","2022068","12:58","10.0","93.5951","8.0","","","3.4","","8.8","93","","29","","17.02","12.77","12.55","","","","",""
"2022-03-09","2022068","12:58","10.0","93.5951","9.0","","","3.4","","8.8","93","","29","","17.11","12.77","12.61","","","","",""
"2022-03-09","2022068","12:58","10.0","93.5951","10.0","","","3.4","","8.8","93","","29","","17.20","12.77","12.68","","","","",""
"2022-03-09","2022068","12:58","10.0","93.5951","11.0","","","3.4","","8.8","93","","30","","17.52","12.77","12.93","","","","",""
"2022-03-09","2022068","12:58","10.0","93.5951","12.0","","","3.3","","8.8","93","","32","","17.66","12.77","13.04","","","","",""
"2022-03-09","2022068","12:58","10.0","93.5951","13.0","","","3.3","","8.8","93","","31","","17.78","12.77","13.13","","","","",""
"2022-03-09","2022068","12:58","10.0","93.5951","14.0","","","3.1","","8.7","92","","32","","18.43","12.77","13.64","","","","",""
"2022-03-09","2022068","12:58","10.0","93.5951","15.0","","","2.9","","8.7","92","","32","","19.13","12.77","14.17","","","","",""
"2022-03-09","2022068","12:58","10.0","93.5951","16.0","","","2.9","","8.7","92","","31","","19.45","12.77","14.42","","","","",""
"2022-03-09","2022068","12:38","11.0","89.7672","1.0","","","2.8","","8.9","94","","14","1.80","16.92","12.86","12.46","","","","",""
"2022-03-09","2022068","12:38","11.0","89.7672","2.0","","","3.3","","8.9","94","","15","","17.07","12.84","12.57","","","","",""
"2022-03-09","2022068","12:38","11.0","89.7672","3.0","","","3.5","","8.9","94","","16","","17.14","12.83","12.63","","","","",""
"2022-03-09","2022068","12:38","11.0","89.7672","4.0","","","3.4","","8.9","93","","16","","17.20","12.83","12.68","","","","",""
"2022-03-09","2022068","12:38","11.0","89.7672","5.0","","","3.4","","8.8","93","","16","","17.69","12.80","13.06","","","","",""
"2022-03-09","2022068","12:38","11.0","89.7672","6.0","","","3.2","","8.8","93","","17","","18.28","12.78","13.52","","","","",""
"2022-03-09","2022068","12:38","11.0","89.7672","7.0","","","3.4","","8.8","93","","18","","18.55","12.77","13.72","","","","",""
"2022-03-09","2022068","12:38","11.0","89.7672","8.0","","","3.6","","8.7","93","","19","","18.65","12.77","13.80","","","","",""
"2022-03-09","2022068","12:38","11.0","89.7672","9.0","","","3.4","","8.7","93","","19","","18.84","12.78","13.95","","","","",""
"2022-03-09","2022068","12:38","11.0","89.7672","10.0","","","3.2","","8.7","93","","20","","19.01","12.78","14.08","","","","",""
"2022-03-09","2022068","12:38","11.0","89.7672","11.0","","","3.2","","8.7","93","","21","","19.32","12.78","14.32","","","","",""
"2022-03-09","2022068","12:38","11.0","89.7672","12.0","","","3.2","","8.7","93","","22","","19.45","12.78","14.42","","","","",""
"2022-03-09","2022068","12:38","11.0","89.7672","13.0","","","3.3","","8.7","93","","22","","19.59","12.78","14.53","","","","",""
"2022-03-09","2022068","12:38","11.0","89.7672","14.0","","","3.2","","8.7","93","","22","","20.03","12.78","14.86","","","","",""
"2022-03-09","2022068","12:38","11.0","89.7672","15.0","","","3.2","","8.6","93","","25","","20.33","12.78","15.10","","","","",""
"2022-03-09","2022068","12:38","11.0","89.7672","16.0","","","3.2","","8.6","93","","25","","20.39","12.78","15.14","","","","",""
"2022-03-09","2022068","12:38","11.0","89.7672","17.0","","","3.1","","8.6","93","","26","","20.48","12.78","15.21","","","","",""
"2022-03-09","2022068","12:38","11.0","89.7672","18.0","","","3.1","","8.6","93","","29","","20.54","12.78","15.26","","","","",""
"2022-03-09","2022068","12:38","11.0","89.7672","19.0","","","3.0","","8.6","93","","29","","20.54","12.78","15.26","","","","",""
"2022-03-09","2022068","12:38","11.0","89.7672","20.0","","","3.2","","8.6","93","","29","","20.54","12.78","15.26","","","","",""
"2022-03-09","2022068","12:38","11.0","89.7672","21.0","","","3.2","","8.6","93","","32","","20.54","12.78","15.26","","","","",""
"2022-03-09","2022068","12:38","11.0","89.7672","22.0","","","3.1","","8.6","93","","32","","20.54","12.78","15.26","","","","",""
"2022-03-09","2022068","12:23","12.0","84.4458","1.0","","","3.0","","8.8","94","","11","1.80","19.89","12.84","14.75","","","","",""
"2022-03-09","2022068","12:23","12.0","84.4458","2.0","","","3.0","","8.7","94","","14","","20.21","12.82","15.00","","","","",""
"2022-03-09","2022068","12:23","12.0","84.4458","3.0","","","3.2","","8.7","94","","15","","20.37","12.81","15.12","","","","",""
"2022-03-09","2022068","12:23","12.0","84.4458","4.0","","","3.2","","8.7","93","","16","","20.83","12.78","15.49","","","","",""
"2022-03-09","2022068","12:23","12.0","84.4458","5.0","","","3.3","","8.6","93","","20","","20.97","12.77","15.60","","","","",""
"2022-03-09","2022068","12:23","12.0","84.4458","6.0","","","3.2","","8.6","93","","21","","21.28","12.75","15.84","","","","",""
"2022-03-09","2022068","12:23","12.0","84.4458","7.0","","","3.3","","8.6","93","","24","","21.63","12.72","16.11","","","","",""
"2022-03-09","2022068","12:23","12.0","84.4458","8.0","","","3.4","","8.5","92","","27","","22.05","12.69","16.44","","","","",""
"2022-03-09","2022068","12:04","13.0","78.5444","1.0","","","1.3","","8.6","94","","9","0.90","19.61","13.69","14.39","","","","",""
"2022-03-09","2022068","12:04","13.0","78.5444","2.0","1.2","0.73","1.9","","8.6","93","6.9","9","","21.79","12.94","16.20","0.80","26.42","4.64","2.63","131.03"
"2022-03-09","2022068","12:04","13.0","78.5444","3.0","","","2.7","","8.4","92","","13","","23.45","12.63","17.53","","","","",""
"2022-03-09","2022068","12:04","13.0","78.5444","4.0","","","2.7","","8.3","91","","14","","24.23","12.54","18.15","","","","",""
"2022-03-09","2022068","12:04","13.0","78.5444","5.0","","","2.5","","8.3","91","","16","","24.80","12.48","18.60","","","","",""
"2022-03-09","2022068","12:04","13.0","78.5444","6.0","","","2.5","","8.2","90","","16","","25.14","12.44","18.87","","","","",""
"2022-03-09","2022068","12:04","13.0","78.5444","7.0","","","2.8","","8.2","90","","16","","25.50","12.40","19.16","","","","",""
"2022-03-09","2022068","12:04","13.0","78.5444","8.0","","","2.3","","8.2","90","","16","","25.54","12.40","19.19","","","","",""
"2022-03-09","2022068","12:04","13.0","78.5444","9.0","2.3","0.67","2.2","","8.2","90","15.0","16","","25.59","12.39","19.22","","","","",""
"2022-03-09","2022068","11:51","14.0","74.4288","1.0","","","2.2","","8.8","95","","11","0.70","21.27","12.94","15.79","","","","",""
"2022-03-09","2022068","11:51","14.0","74.4288","2.0","","","2.6","","8.7","94","","12","","21.72","12.84","16.16","","","","",""
"2022-03-09","2022068","11:51","14.0","74.4288","3.0","","","3.1","","8.5","93","","12","","23.08","12.74","17.22","","","","",""
"2022-03-09","2022068","11:51","14.0","74.4288","4.0","","","2.9","","8.4","93","","12","","24.13","12.63","18.05","","","","",""
"2022-03-09","2022068","11:51","14.0","74.4288","5.0","","","2.6","","8.4","92","","11","","24.39","12.60","18.26","","","","",""
"2022-03-09","2022068","11:51","14.0","74.4288","6.0","","","2.6","","8.3","91","","10","","24.83","12.55","18.61","","","","",""
"2022-03-09","2022068","11:51","14.0","74.4288","7.0","","","2.4","","8.2","90","","9","","25.69","12.44","19.30","","","","",""
"2022-03-09","2022068","11:51","14.0","74.4288","8.0","","","2.4","","8.1","90","","10","","26.37","12.35","19.84","","","","",""
"2022-03-09","2022068","11:51","14.0","74.4288","9.0","","","2.1","","8.1","90","","11","","26.77","12.29","20.16","","","","",""
"2022-03-09","2022068","11:51","14.0","74.4288","10.0","","","2.1","","8.1","89","","13","","26.99","12.26","20.33","","","","",""
"2022-03-09","2022068","11:51","14.0","74.4288","11.0","","","2.2","","8.0","89","","14","","27.11","12.24","20.43","","","","",""
"2022-03-09","2022068","11:51","14.0","74.4288","12.0","","","2.1","","8.0","89","","15","","27.17","12.23","20.47","","","","",""
"2022-03-09","2022068","11:51","14.0","74.4288","13.0","","","2.2","","8.0","89","","15","","27.23","12.23","20.52","","","","",""
"2022-03-09","2022068","11:51","14.0","74.4288","14.0","","","2.3","","8.0","89","","15","","27.24","12.23","20.53","","","","",""
"2022-03-09","2022068","11:51","14.0","74.4288","15.0","","","2.1","","8.0","89","","16","","27.26","12.22","20.55","","","","",""
"2022-03-09","2022068","11:34","15.0","69.9895","1.0","","","2.3","","8.8","94","","11","1.20","19.92","13.03","14.74","","","","",""
"2022-03-09","2022068","11:34","15.0","69.9895","2.0","2.4","0.79","2.4","","8.7","94","10.2","14","","20.08","12.95","14.88","0.83","26.77","4.50","2.21","122.84"
"2022-03-09","2022068","11:34","15.0","69.9895","3.0","","","3.4","","8.7","94","","17","","20.28","12.91","15.03","","","","",""
"2022-03-09","2022068","11:34","15.0","69.9895","4.0","","","3.6","","8.7","93","","21","","20.46","12.90","15.18","","","","",""
"2022-03-09","2022068","11:34","15.0","69.9895","5.0","","","3.3","","8.6","93","","24","","20.53","12.92","15.23","","","","",""
"2022-03-09","2022068","11:34","15.0","69.9895","6.0","","","3.1","","8.5","92","","28","","21.11","12.91","15.68","","","","",""
"2022-03-09","2022068","11:34","15.0","69.9895","7.0","","","3.2","","8.4","91","","33","","22.32","12.70","16.64","","","","",""
"2022-03-09","2022068","11:34","15.0","69.9895","8.0","","","3.3","","8.4","92","","36","","23.21","12.57","17.36","","","","",""
"2022-03-09","2022068","11:34","15.0","69.9895","9.0","","","3.2","","8.4","92","","36","","23.75","12.51","17.78","","","","",""
"2022-03-09","2022068","11:34","15.0","69.9895","10.0","","","3.2","","8.4","92","","32","","24.47","12.46","18.35","","","","",""
"2022-03-09","2022068","11:34","15.0","69.9895","11.0","","","2.9","","8.3","91","","27","","24.96","12.42","18.73","","","","",""
"2022-03-09","2022068","11:34","15.0","69.9895","12.0","","","2.7","","8.2","90","","24","","25.44","12.34","19.12","","","","",""
"2022-03-09","2022068","11:34","15.0","69.9895","13.0","","","2.6","","8.1","89","","19","","25.99","12.32","19.55","","","","",""
"2022-03-09","2022068","11:34","15.0","69.9895","14.0","","","2.3","","8.0","89","","18","","26.96","12.28","20.30","","","","",""
"2022-03-09","2022068","11:34","15.0","69.9895","15.0","","","2.5","","8.0","89","","19","","27.59","12.21","20.81","","","","",""
"2022-03-09","2022068","11:34","15.0","69.9895","16.0","","","2.6","","8.0","89","","21","","27.76","12.20","20.94","","","","",""
"2022-03-09","2022068","11:34","15.0","69.9895","17.0","","","2.6","","8.0","89","","23","","27.86","12.19","21.02","","","","",""
"2022-03-09","2022068","11:34","15.0","69.9895","18.0","","","2.6","","8.0","89","","25","","27.87","12.19","21.03","","","","",""
"2022-03-09","2022068","11:34","15.0","69.9895","19.0","","","2.5","","8.0","89","","26","","27.87","12.19","21.03","","","","",""
"2022-03-09","2022068","11:34","15.0","69.9895","20.0","","","2.8","","8.0","89","","26","","27.89","12.18","21.04","","","","",""
"2022-03-09","2022068","11:34","15.0","69.9895","21.0","","","2.9","","8.0","89","","26","","27.90","12.18","21.05","","","","",""
"2022-03-09","2022068","11:34","15.0","69.9895","22.0","","","2.9","","8.0","89","","28","","27.89","12.18","21.04","","","","",""
"2022-03-09","2022068","11:34","15.0","69.9895","23.0","2.8","0.55","2.8","","8.0","89","27.1","28","","27.89","12.18","21.04","","","","",""
"2022-03-09","2022068","11:13","16.0","63.0794","1.0","","","1.9","","8.6","93","","11","0.70","22.40","12.81","16.69","","","","",""
"2022-03-09","2022068","11:13","16.0","63.0794","2.0","","","2.6","","8.5","92","","11","","23.76","12.60","17.78","","","","",""
"2022-03-09","2022068","11:13","16.0","63.0794","3.0","","","3.4","","8.3","92","","11","","25.79","12.38","19.38","","","","",""
"2022-03-09","2022068","11:13","16.0","63.0794","4.0","","","3.1","","8.3","91","","11","","26.65","12.31","20.06","","","","",""
"2022-03-09","2022068","11:13","16.0","63.0794","5.0","","","2.9","","8.2","91","","12","","27.23","12.27","20.51","","","","",""
"2022-03-09","2022068","11:13","16.0","63.0794","6.0","","","2.7","","8.2","91","","16","","27.31","12.26","20.58","","","","",""
"2022-03-09","2022068","11:13","16.0","63.0794","7.0","","","2.6","","8.2","90","","18","","27.35","12.26","20.61","","","","",""
"2022-03-09","2022068","11:13","16.0","63.0794","8.0","","","2.6","","8.1","90","","20","","27.43","12.25","20.67","","","","",""
"2022-03-09","2022068","11:13","16.0","63.0794","9.0","","","2.8","","8.2","91","","22","","27.51","12.24","20.74","","","","",""
"2022-03-09","2022068","11:13","16.0","63.0794","10.0","","","2.7","","8.1","90","","26","","27.55","12.24","20.77","","","","",""
"2022-03-09","2022068","11:13","16.0","63.0794","11.0","","","2.7","","8.1","90","","27","","27.57","12.24","20.78","","","","",""
"2022-03-09","2022068","10:56","17.0","58.8909","1.0","","","1.3","","8.2","91","","4","0.60","26.97","12.78","20.22","","","","",""
"2022-03-09","2022068","10:56","17.0","58.8909","2.0","1.5","0.70","1.3","","8.1","90","","6","","28.41","12.26","21.43","","","","",""
"2022-03-09","2022068","10:56","17.0","58.8909","3.0","","","2.9","","8.0","89","","5","","28.75","12.14","21.72","","","","",""
"2022-03-09","2022068","10:56","17.0","58.8909","4.0","","","3.6","","7.9","89","","6","","29.04","12.07","21.95","","","","",""
"2022-03-09","2022068","10:56","17.0","58.8909","5.0","","","3.6","","7.9","88","","7","","29.43","11.99","22.27","","","","",""
"2022-03-09","2022068","10:56","17.0","58.8909","6.0","","","3.5","","7.8","88","","8","","29.68","11.94","22.47","","","","",""
"2022-03-09","2022068","10:56","17.0","58.8909","7.0","","","3.4","","7.8","87","","8","","29.88","11.90","22.63","","","","",""
"2022-03-09","2022068","10:56","17.0","58.8909","8.0","","","3.4","","7.8","87","","9","","29.90","11.90","22.65","","","","",""
"2022-03-09","2022068","10:56","17.0","58.8909","9.0","","","3.4","","7.8","87","","10","","30.01","11.88","22.74","","","","",""
"2022-03-09","2022068","10:56","17.0","58.8909","10.0","","","3.6","","7.8","87","","11","","30.04","11.87","22.77","","","","",""
"2022-03-09","2022068","10:56","17.0","58.8909","11.0","","","4.0","","7.8","87","","12","","30.03","11.87","22.76","","","","",""
"2022-03-09","2022068","10:41","18.0","54.9481","1.0","","","3.9","","8.1","91","","11","1.10","28.74","12.11","21.71","","","","",""
"2022-03-09","2022068","10:41","18.0","54.9481","2.0","4.0","0.61","3.9","","8.1","90","13.1","10","","28.76","12.10","21.73","0.72","21.49","2.57","2.01","49.85"
"2022-03-09","2022068","10:41","18.0","54.9481","3.0","","","3.9","","8.1","90","","10","","28.91","12.07","21.85","","","","",""
"2022-03-09","2022068","10:41","18.0","54.9481","4.0","","","4.0","","8.1","90","","9","","29.08","12.02","21.99","","","","",""
"2022-03-09","2022068","10:41","18.0","54.9481","5.0","","","3.8","","8.1","90","","8","","29.08","12.02","21.99","","","","",""
"2022-03-09","2022068","10:41","18.0","54.9481","6.0","","","3.9","","8.1","90","","8","","29.08","12.02","21.99","","","","",""
"2022-03-09","2022068","10:41","18.0","54.9481","7.0","","","4.0","","8.1","90","","9","","29.12","12.00","22.02","","","","",""
"2022-03-09","2022068","10:41","18.0","54.9481","8.0","","","3.7","","8.1","90","","8","","29.13","12.00","22.03","","","","",""
"2022-03-09","2022068","10:41","18.0","54.9481","9.0","","","3.8","","8.0","90","","8","","29.22","11.99","22.10","","","","",""
"2022-03-09","2022068","10:41","18.0","54.9481","10.0","","","3.9","","8.0","89","","8","","29.28","11.98","22.15","","","","",""
"2022-03-09","2022068","10:41","18.0","54.9481","11.0","","","3.6","","8.0","89","","8","","29.30","11.97","22.17","","","","",""
"2022-03-09","2022068","10:41","18.0","54.9481","12.0","","","3.8","","8.0","89","","8","","29.41","11.95","22.26","","","","",""
"2022-03-09","2022068","10:41","18.0","54.9481","13.0","","","3.7","","8.0","89","","8","","29.51","11.92","22.35","","","","",""
"2022-03-09","2022068","10:41","18.0","54.9481","14.0","","","3.5","","7.9","89","","7","","29.50","11.92","22.33","","","","",""
"2022-03-09","2022068","10:41","18.0","54.9481","15.0","","","3.7","","7.9","89","","7","","29.63","11.90","22.44","","","","",""
"2022-03-09","2022068","10:41","18.0","54.9481","16.0","","","3.8","","7.9","89","","7","","29.64","11.90","22.45","","","","",""
"2022-03-09","2022068","10:41","18.0","54.9481","17.0","","","3.7","","7.9","89","","7","","29.61","11.90","22.43","","","","",""
"2022-03-09","2022068","10:41","18.0","54.9481","18.0","","","3.9","","7.9","88","","7","","29.64","11.90","22.45","","","","",""
"2022-03-09","2022068","10:41","18.0","54.9481","19.0","","","3.3","","7.9","88","","7","","29.75","11.88","22.54","","","","",""
"2022-03-09","2022068","10:41","18.0","54.9481","20.0","","","3.9","","7.9","88","","7","","29.75","11.88","22.54","","","","",""
"2022-03-09","2022068","10:41","18.0","54.9481","21.0","","","3.8","","7.9","88","","7","","29.75","11.88","22.54","","","","",""
"2022-03-09","2022068","10:41","18.0","54.9481","22.0","","","3.7","","7.9","88","","7","","29.81","11.87","22.58","","","","",""
"2022-03-09","2022068","10:41","18.0","54.9481","23.0","","","3.9","","7.8","88","","7","","29.90","11.86","22.65","","","","",""
"2022-03-09","2022068","10:41","18.0","54.9481","24.0","","","3.8","","7.8","87","","6","","30.00","11.85","22.73","","","","",""
"2022-03-09","2022068","10:41","18.0","54.9481","25.0","","","3.6","","7.8","87","","7","","30.11","11.83","22.82","","","","",""
"2022-03-09","2022068","10:41","18.0","54.9481","26.0","","","3.5","","7.7","86","","8","","30.24","11.81","22.93","","","","",""
"2022-03-09","2022068","10:41","18.0","54.9481","27.0","","","3.8","","7.7","86","","8","","30.40","11.79","23.06","","","","",""
"2022-03-09","2022068","10:41","18.0","54.9481","28.0","","","3.7","","7.6","85","","9","","30.67","11.74","23.27","","","","",""
"2022-03-09","2022068","10:41","18.0","54.9481","29.0","","","4.2","","7.6","85","","10","","30.68","11.73","23.29","","","","",""
"2022-03-09","2022068","10:41","18.0","54.9481","30.0","","","4.0","","7.6","85","","10","","30.67","11.74","23.28","","","","",""
"2022-03-09","2022068","10:41","18.0","54.9481","31.0","","","4.2","","7.6","85","","11","","30.74","11.73","23.34","","","","",""
"2022-03-09","2022068","10:41","18.0","54.9481","32.0","","","4.6","","7.6","85","","11","","30.81","11.71","23.39","","","","",""
"2022-03-09","2022068","10:41","18.0","54.9481","33.0","","","4.2","","7.6","85","","11","","30.85","11.71","23.42","","","","",""
"2022-03-09","2022068","10:41","18.0","54.9481","34.0","","","4.1","","7.6","85","","12","","30.89","11.70","23.46","","","","",""
"2022-03-09","2022068","10:41","18.0","54.9481","35.0","","","4.8","","7.5","85","","12","","30.94","11.69","23.50","","","","",""
"2022-03-09","2022068","10:41","18.0","54.9481","36.0","","","4.9","","7.5","84","","14","","30.95","11.69","23.50","","","","",""
"2022-03-09","2022068","10:41","18.0","54.9481","37.0","4.7","0.59","4.6","","7.5","84","15.6","14","","31.01","11.68","23.55","","","","",""
"2022-03-09","2022068","10:24","20.0","51.4501","1.0","","","4.2","","8.3","93","","7","0.70","28.79","12.48","21.69","","","","",""
"2022-03-09","2022068","10:24","20.0","51.4501","2.0","4.7","0.79","4.4","","8.3","93","","4","","28.80","12.47","21.69","","","","",""
"2022-03-09","2022068","10:24","20.0","51.4501","3.0","","","4.7","","8.3","93","","4","","28.80","12.46","21.70","","","","",""
"2022-03-09","2022068","10:24","20.0","51.4501","4.0","","","4.5","","8.2","93","","4","","28.82","12.44","21.72","","","","",""
"2022-03-09","2022068","10:24","20.0","51.4501","5.0","","","4.5","","8.2","92","","5","","28.84","12.41","21.74","","","","",""
"2022-03-09","2022068","10:24","20.0","51.4501","6.0","","","4.6","","8.2","93","","5","","28.85","12.41","21.74","","","","",""
"2022-03-09","2022068","10:24","20.0","51.4501","7.0","","","4.6","","8.2","93","","5","","28.86","12.41","21.75","","","","",""
"2022-03-09","2022068","10:24","20.0","51.4501","8.0","","","4.4","","8.2","93","","6","","28.86","12.41","21.75","","","","",""
"2022-03-09","2022068","10:24","20.0","51.4501","9.0","","","4.4","","8.2","93","","6","","28.86","12.41","21.75","","","","",""
"2022-03-09","2022068","10:24","20.0","51.4501","10.0","","","4.7","","8.2","93","","6","","28.87","12.41","21.76","","","","",""
"2022-03-09","2022068","10:24","20.0","51.4501","11.0","","","4.8","","8.2","92","","7","","28.89","12.41","21.77","","","","",""
"2022-03-09","2022068","10:24","20.0","51.4501","12.0","","","4.8","","8.2","93","","7","","28.89","12.41","21.78","","","","",""
"2022-03-09","2022068","10:24","20.0","51.4501","13.0","","","5.0","","8.2","92","","8","","28.90","12.41","21.78","","","","",""
"2022-03-09","2022068","10:24","20.0","51.4501","14.0","","","4.5","","8.2","92","","8","","28.90","12.41","21.78","","","","",""
"2022-03-09","2022068","10:24","20.0","51.4501","15.0","","","4.7","","8.2","92","","8","","28.92","12.42","21.79","","","","",""
"2022-03-09","2022068","10:24","20.0","51.4501","16.0","","","4.8","","8.2","92","","9","","28.93","12.42","21.81","","","","",""
"2022-03-09","2022068","10:24","20.0","51.4501","17.0","","","5.1","","8.2","92","","10","","28.95","12.42","21.82","","","","",""
"2022-03-09","2022068","10:24","20.0","51.4501","18.0","","","5.1","","8.2","92","","10","","28.97","12.42","21.84","","","","",""
"2022-03-09","2022068","10:24","20.0","51.4501","19.0","","","5.0","","8.2","92","","11","","29.04","12.39","21.89","","","","",""
"2022-03-09","2022068","10:24","20.0","51.4501","20.0","","","5.3","","8.1","91","","10","","29.10","12.37","21.94","","","","",""
"2022-03-09","2022068","10:24","20.0","51.4501","21.0","","","5.0","","8.1","91","","10","","29.18","12.33","22.01","","","","",""
"2022-03-09","2022068","10:24","20.0","51.4501","22.0","","","5.4","","8.1","91","","10","","29.24","12.30","22.07","","","","",""
"2022-03-09","2022068","10:24","20.0","51.4501","23.0","","","5.0","","8.1","91","","9","","29.31","12.28","22.12","","","","",""
"2022-03-09","2022068","10:24","20.0","51.4501","24.0","","","5.1","","8.1","91","","9","","29.32","12.27","22.14","","","","",""
"2022-03-09","2022068","10:24","20.0","51.4501","25.0","","","5.0","","8.1","91","","9","","29.33","12.27","22.14","","","","",""
"2022-03-09","2022068","10:10","21.0","46.6266","1.0","","","5.3","","8.4","95","","15","1.20","28.29","12.78","21.24","","","","",""
"2022-03-09","2022068","10:10","21.0","46.6266","2.0","6.0","0.81","5.8","","8.4","95","","15","","28.29","12.79","21.24","","","","",""
"2022-03-09","2022068","10:10","21.0","46.6266","3.0","","","5.9","","8.4","95","","15","","28.29","12.79","21.24","","","","",""
"2022-03-09","2022068","10:10","21.0","46.6266","4.0","","","5.7","","8.4","95","","16","","28.30","12.79","21.25","","","","",""
"2022-03-09","2022068","10:10","21.0","46.6266","5.0","","","5.2","","8.4","95","","15","","28.30","12.79","21.25","","","","",""
"2022-03-09","2022068","10:10","21.0","46.6266","6.0","","","5.4","","8.4","95","","16","","28.31","12.79","21.25","","","","",""
"2022-03-09","2022068","10:10","21.0","46.6266","7.0","","","5.5","","8.4","95","","17","","28.32","12.78","21.27","","","","",""
"2022-03-09","2022068","10:10","21.0","46.6266","8.0","","","5.3","","8.4","95","","16","","28.34","12.76","21.28","","","","",""
"2022-03-09","2022068","10:10","21.0","46.6266","9.0","","","5.4","","8.3","94","","18","","28.39","12.72","21.33","","","","",""
"2022-03-09","2022068","10:10","21.0","46.6266","10.0","","","5.4","","8.3","94","","19","","28.47","12.67","21.40","","","","",""
"2022-03-09","2022068","10:10","21.0","46.6266","11.0","","","5.3","","8.3","94","","21","","28.52","12.65","21.44","","","","",""
"2022-03-09","2022068","10:10","21.0","46.6266","12.0","","","5.7","","8.3","94","","22","","28.57","12.62","21.48","","","","",""
"2022-03-09","2022068","10:10","21.0","46.6266","13.0","","","5.5","","8.3","93","","23","","28.58","12.61","21.50","","","","",""
"2022-03-09","2022068","10:10","21.0","46.6266","14.0","","","5.6","","8.3","93","","24","","28.59","12.61","21.51","","","","",""
"2022-03-09","2022068","10:10","21.0","46.6266","15.0","","","5.3","","8.3","93","","24","","28.60","12.60","21.52","","","","",""
"2022-03-09","2022068","10:10","21.0","46.6266","16.0","","","5.1","","8.3","93","","25","","28.61","12.59","21.53","","","","",""
"2022-03-09","2022068","10:10","21.0","46.6266","17.0","","","5.2","","8.3","93","","26","","28.61","12.59","21.53","","","","",""
"2022-03-09","2022068","9:59","22.0","43.9210","1.0","","","4.0","","8.4","94","","8","0.90","28.51","12.57","21.45","","","","",""
"2022-03-09","2022068","9:59","22.0","43.9210","2.0","4.8","0.79","4.8","","8.4","94","8.6","8","","28.51","12.56","21.45","0.99","26.13","4.36","2.25","48.42"
"2022-03-09","2022068","9:59","22.0","43.9210","3.0","","","4.9","","8.4","94","","8","","28.51","12.56","21.45","","","","",""
"2022-03-09","2022068","9:59","22.0","43.9210","4.0","","","4.7","","8.4","94","","9","","28.52","12.54","21.46","","","","",""
"2022-03-09","2022068","9:59","22.0","43.9210","5.0","","","4.8","","8.4","94","","9","","28.52","12.54","21.46","","","","",""
"2022-03-09","2022068","9:59","22.0","43.9210","6.0","","","4.5","","8.3","94","","9","","28.53","12.53","21.47","","","","",""
"2022-03-09","2022068","9:59","22.0","43.9210","7.0","","","4.3","","8.3","94","","10","","28.54","12.53","21.48","","","","",""
"2022-03-09","2022068","9:59","22.0","43.9210","8.0","","","4.6","","8.3","94","","10","","28.55","12.53","21.49","","","","",""
"2022-03-09","2022068","9:59","22.0","43.9210","9.0","","","4.2","","8.3","93","","11","","28.56","12.52","21.50","","","","",""
"2022-03-09","2022068","9:59","22.0","43.9210","10.0","","","4.4","","8.3","93","","11","","28.60","12.51","21.53","","","","",""
"2022-03-09","2022068","9:59","22.0","43.9210","11.0","","","4.4","","8.3","93","","12","","28.61","12.51","21.54","","","","",""
"2022-03-09","2022068","9:59","22.0","43.9210","12.0","","","4.6","","8.3","93","","13","","28.62","12.51","21.55","","","","",""
"2022-03-09","2022068","9:59","22.0","43.9210","13.0","","","4.6","","8.2","93","","14","","28.63","12.50","21.55","","","","",""
"2022-03-09","2022068","9:59","22.0","43.9210","14.0","","","4.8","","8.2","93","","15","","28.64","12.50","21.57","","","","",""
"2022-03-09","2022068","9:59","22.0","43.9210","15.0","","","4.5","","8.2","93","","15","","28.64","12.50","21.57","","","","",""
"2022-03-09","2022068","9:59","22.0","43.9210","16.0","","","4.6","","8.2","93","","16","","28.65","12.50","21.58","","","","",""
"2022-03-09","2022068","9:59","22.0","43.9210","17.0","5.4","0.69","4.7","","8.2","93","19.1","17","","28.65","12.50","21.58","","","","",""
"2022-03-09","2022068","9:25","23.0","39.6557","1.0","","","2.5","","8.6","97","","5","0.80","27.50","13.09","20.57","","","","",""
"2022-03-09","2022068","9:25","23.0","39.6557","2.0","","","3.2","","8.5","96","","6","","27.70","13.04","20.74","","","","",""
"2022-03-09","2022068","9:25","23.0","39.6557","3.0","","","3.8","","8.4","95","","7","","27.83","13.01","20.84","","","","",""
"2022-03-09","2022068","9:25","23.0","39.6557","4.0","","","4.0","","8.4","95","","8","","27.98","12.90","20.98","","","","",""
"2022-03-09","2022068","9:25","23.0","39.6557","5.0","","","3.6","","8.4","94","","7","","28.19","12.77","21.16","","","","",""
"2022-03-09","2022068","9:25","23.0","39.6557","6.0","","","3.4","","8.4","94","","8","","28.20","12.76","21.18","","","","",""
"2022-03-09","2022068","9:25","23.0","39.6557","7.0","","","3.4","","8.4","94","","8","","28.29","12.72","21.25","","","","",""
"2022-03-09","2022068","9:25","23.0","39.6557","8.0","","","3.4","","8.4","94","","8","","28.31","12.70","21.27","","","","",""
"2022-03-09","2022068","9:25","23.0","39.6557","9.0","","","3.3","","8.4","94","","8","","28.34","12.69","21.30","","","","",""
"2022-03-09","2022068","9:25","23.0","39.6557","10.0","","","3.3","","8.4","94","","8","","28.35","12.68","21.31","","","","",""
"2022-03-09","2022068","9:25","23.0","39.6557","11.0","","","3.1","","8.4","94","","8","","28.38","12.66","21.34","","","","",""
"2022-03-09","2022068","9:25","23.0","39.6557","12.0","","","3.3","","8.4","94","","8","","28.41","12.65","21.36","","","","",""
"2022-03-09","2022068","9:25","23.0","39.6557","13.0","","","3.2","","8.4","94","","9","","28.41","12.65","21.36","","","","",""
"2022-03-09","2022068","9:25","23.0","39.6557","14.0","","","3.0","","8.4","94","","9","","28.42","12.64","21.37","","","","",""
"2022-03-09","2022068","9:25","23.0","39.6557","15.0","","","3.0","","8.4","94","","9","","28.42","12.64","21.37","","","","",""
"2022-03-09","2022068","9:14","24.0","37.0911","1.0","","","2.5","","8.5","96","","7","0.90","27.72","12.91","20.78","","","","",""
"2022-03-09","2022068","9:14","24.0","37.0911","2.0","4.3","0.85","3.6","","8.5","95","8.5","8","","27.74","12.89","20.79","1.13","28.41","3.93","3.02","45.93"
"2022-03-09","2022068","9:14","24.0","37.0911","3.0","","","3.6","","8.4","95","","8","","27.90","12.88","20.92","","","","",""
"2022-03-09","2022068","9:14","24.0","37.0911","4.0","","","3.7","","8.3","94","","9","","28.11","12.85","21.09","","","","",""
"2022-03-09","2022068","9:14","24.0","37.0911","5.0","","","3.3","","8.3","94","","9","","28.21","12.83","21.17","","","","",""
"2022-03-09","2022068","9:14","24.0","37.0911","6.0","","","3.4","","8.3","94","","9","","28.23","12.82","21.19","","","","",""
"2022-03-09","2022068","9:14","24.0","37.0911","7.0","","","3.1","","8.3","94","","10","","28.28","12.81","21.23","","","","",""
"2022-03-09","2022068","9:14","24.0","37.0911","8.0","","","3.0","","8.3","94","","10","","28.28","12.81","21.23","","","","",""
"2022-03-09","2022068","9:14","24.0","37.0911","9.0","","","2.8","","8.3","94","","10","","28.28","12.81","21.23","","","","",""
"2022-03-09","2022068","9:14","24.0","37.0911","10.0","3.3","0.73","2.9","","8.3","94","10.7","10","","28.31","12.80","21.25","","","","",""
"2022-03-09","2022068","9:03","25.0","32.8382","1.0","","","4.9","","8.7","98","","8","1.00","27.57","12.87","20.67","","","","",""
"2022-03-09","2022068","9:03","25.0","32.8382","2.0","","","4.7","","8.6","97","","9","","27.76","12.87","20.81","","","","",""
"2022-03-09","2022068","9:03","25.0","32.8382","3.0","","","4.9","","8.5","96","","14","","27.97","12.91","20.97","","","","",""
"2022-03-09","2022068","9:03","25.0","32.8382","4.0","","","4.4","","8.4","95","","20","","28.03","12.92","21.01","","","","",""
"2022-03-09","2022068","9:03","25.0","32.8382","5.0","","","4.1","","8.4","95","","22","","28.08","12.93","21.06","","","","",""
"2022-03-09","2022068","9:03","25.0","32.8382","6.0","","","4.2","","8.4","95","","25","","28.12","12.93","21.08","","","","",""
"2022-03-09","2022068","9:03","25.0","32.8382","7.0","","","4.7","","8.4","95","","28","","28.14","12.94","21.09","","","","",""
"2022-03-09","2022068","8:51","26.0","28.7560","1.0","","","5.6","","8.8","99","","8","1.00","27.20","13.06","20.34","","","","",""
"2022-03-09","2022068","8:51","26.0","28.7560","2.0","","","6.3","","8.7","98","","9","","27.25","13.04","20.39","","","","",""
"2022-03-09","2022068","8:51","26.0","28.7560","3.0","","","6.3","","8.5","96","","10","","27.37","13.03","20.49","","","","",""
"2022-03-09","2022068","8:51","26.0","28.7560","4.0","","","6.4","","8.5","96","","12","","27.46","13.01","20.56","","","","",""
"2022-03-09","2022068","8:51","26.0","28.7560","5.0","","","5.7","","8.5","96","","13","","27.58","12.98","20.66","","","","",""
"2022-03-09","2022068","8:51","26.0","28.7560","6.0","","","5.4","","8.4","95","","15","","27.75","12.95","20.79","","","","",""
"2022-03-09","2022068","8:51","26.0","28.7560","7.0","","","5.2","","8.4","95","","19","","27.85","12.93","20.88","","","","",""
"2022-03-09","2022068","8:51","26.0","28.7560","8.0","","","5.0","","8.4","95","","21","","27.89","12.93","20.90","","","","",""
"2022-03-09","2022068","8:51","26.0","28.7560","9.0","","","4.8","","8.4","95","","24","","27.92","12.92","20.93","","","","",""
"2022-03-09","2022068","8:51","26.0","28.7560","10.0","","","4.6","","8.4","95","","25","","27.94","12.92","20.95","","","","",""
"2022-03-09","2022068","8:39","27.0","26.1872","1.0","","","5.0","","8.7","98","","7","1.10","26.90","13.16","20.10","","","","",""
"2022-03-09","2022068","8:39","27.0","26.1872","2.0","7.0","0.90","6.5","","8.7","98","9.1","9","","26.91","13.15","20.11","1.01","30.41","3.57","3.73","48.07"
"2022-03-09","2022068","8:39","27.0","26.1872","3.0","","","6.4","","8.7","98","","9","","26.95","13.17","20.13","","","","",""
"2022-03-09","2022068","8:39","27.0","26.1872","4.0","","","6.2","","8.7","99","","9","","27.01","13.24","20.17","","","","",""
"2022-03-09","2022068","8:39","27.0","26.1872","5.0","","","5.9","","8.7","98","","8","","27.07","13.28","20.21","","","","",""
"2022-03-09","2022068","8:39","27.0","26.1872","6.0","","","5.8","","8.6","98","","9","","27.14","13.21","20.27","","","","",""
"2022-03-09","2022068","8:39","27.0","26.1872","7.0","","","6.1","","8.5","96","","12","","27.23","13.12","20.36","","","","",""
"2022-03-09","2022068","8:39","27.0","26.1872","8.0","","","6.8","","8.5","96","","25","","27.27","13.08","20.40","","","","",""
"2022-03-09","2022068","8:39","27.0","26.1872","9.0","","","7.8","","8.5","96","","35","","27.27","13.07","20.40","","","","",""
"2022-03-09","2022068","8:39","27.0","26.1872","10.0","8.8","0.73","8.2","","8.5","96","40.2","38","","27.28","13.07","20.41","","","","",""
"2022-03-09","2022068","8:30","28.0","23.5695","1.0","","","6.6","","8.6","97","","13","1.00","26.86","13.16","20.07","","","","",""
"2022-03-09","2022068","8:30","28.0","23.5695","2.0","","","6.4","","8.6","97","","13","","26.88","13.18","20.08","","","","",""
"2022-03-09","2022068","8:30","28.0","23.5695","3.0","","","6.1","","8.6","97","","14","","26.90","13.20","20.09","","","","",""
"2022-03-09","2022068","8:30","28.0","23.5695","4.0","","","6.3","","8.6","97","","15","","26.94","13.24","20.11","","","","",""
"2022-03-09","2022068","8:30","28.0","23.5695","5.0","","","6.0","","8.6","97","","16","","26.96","13.26","20.13","","","","",""
"2022-03-09","2022068","8:30","28.0","23.5695","6.0","","","6.0","","8.6","97","","16","","26.98","13.27","20.14","","","","",""
"2022-03-09","2022068","8:30","28.0","23.5695","7.0","","","6.1","","8.6","97","","19","","27.03","13.27","20.18","","","","",""
"2022-03-09","2022068","8:30","28.0","23.5695","8.0","","","6.4","","8.5","97","","21","","27.04","13.26","20.19","","","","",""
"2022-03-09","2022068","8:30","28.0","23.5695","9.0","","","6.1","","8.5","96","","23","","27.06","13.25","20.21","","","","",""
"2022-03-09","2022068","8:30","28.0","23.5695","10.0","","","7.1","","8.5","96","","30","","27.10","13.23","20.24","","","","",""
"2022-03-09","2022068","8:30","28.0","23.5695","11.0","","","7.5","","8.5","96","","38","","27.11","13.22","20.25","","","","",""
"2022-03-09","2022068","8:30","28.0","23.5695","12.0","","","7.1","","8.5","96","","43","","27.11","13.22","20.25","","","","",""
"2022-03-09","2022068","8:30","28.0","23.5695","13.0","","","7.0","","8.5","96","","45","","27.12","13.21","20.26","","","","",""
"2022-03-09","2022068","8:19","29.0","20.2526","1.0","","","5.2","","8.5","96","","12","1.30","26.68","13.18","19.93","","","","",""
"2022-03-09","2022068","8:19","29.0","20.2526","2.0","","","5.7","","8.5","96","","14","","26.73","13.16","19.97","","","","",""
"2022-03-09","2022068","8:19","29.0","20.2526","3.0","","","5.9","","8.5","96","","16","","26.74","13.15","19.98","","","","",""
"2022-03-09","2022068","8:19","29.0","20.2526","4.0","","","6.0","","8.5","96","","20","","26.75","13.15","19.98","","","","",""
"2022-03-09","2022068","8:19","29.0","20.2526","5.0","","","6.2","","8.5","96","","25","","26.76","13.15","19.99","","","","",""
"2022-03-09","2022068","8:19","29.0","20.2526","6.0","","","6.7","","8.5","96","","27","","26.76","13.15","19.99","","","","",""
"2022-03-09","2022068","8:19","29.0","20.2526","7.0","","","6.3","","8.5","96","","29","","26.77","13.15","20.00","","","","",""
"2022-03-09","2022068","8:19","29.0","20.2526","8.0","","","6.5","","8.5","96","","30","","26.78","13.16","20.00","","","","",""
"2022-03-09","2022068","8:19","29.0","20.2526","9.0","","","6.8","","8.5","96","","32","","26.78","13.16","20.01","","","","",""
"2022-03-09","2022068","8:19","29.0","20.2526","10.0","","","7.1","","8.5","96","","35","","26.80","13.18","20.01","","","","",""
"2022-03-09","2022068","8:19","29.0","20.2526","11.0","","","7.1","","8.5","96","","40","","26.80","13.18","20.01","","","","",""
"2022-03-09","2022068","8:19","29.0","20.2526","12.0","","","7.2","","8.5","96","","40","","26.80","13.18","20.01","","","","",""
"2022-03-09","2022068","8:19","29.0","20.2526","13.0","","","7.5","","8.5","96","","43","","26.81","13.20","20.02","","","","",""
"2022-03-09","2022068","8:19","29.0","20.2526","14.0","","","7.5","","8.5","96","","47","","26.81","13.20","20.02","","","","",""
"2022-03-09","2022068","8:05","30.0","14.7543","1.0","","","7.2","","8.5","95","","12","1.20","26.33","12.82","19.72","","","","",""
"2022-03-09","2022068","8:05","30.0","14.7543","2.0","6.5","0.86","6.7","","8.5","95","9.9","12","","26.34","12.82","19.73","0.94","29.99","4.07","4.23","44.51"
"2022-03-09","2022068","8:05","30.0","14.7543","3.0","","","6.9","","8.6","96","","12","","26.37","12.83","19.75","","","","",""
"2022-03-09","2022068","8:05","30.0","14.7543","4.0","","","7.2","","8.6","96","","13","","26.42","12.85","19.79","","","","",""
"2022-03-09","2022068","8:05","30.0","14.7543","5.0","","","8.2","","8.5","95","","15","","26.43","12.85","19.79","","","","",""
"2022-03-09","2022068","8:05","30.0","14.7543","6.0","","","8.3","","8.4","94","","19","","26.47","12.85","19.82","","","","",""
"2022-03-09","2022068","8:05","30.0","14.7543","7.0","","","8.6","","8.4","94","","38","","26.49","12.86","19.84","","","","",""
"2022-03-09","2022068","8:05","30.0","14.7543","8.0","","","9.0","","8.4","94","","46","","26.51","12.86","19.85","","","","",""
"2022-03-09","2022068","8:05","30.0","14.7543","9.0","","","9.2","","8.4","93","","62","","26.52","12.87","19.86","","","","",""
"2022-03-09","2022068","8:05","30.0","14.7543","10.0","10.7","0.69","10.0","","8.3","93","64.4","65","","26.52","12.87","19.86","","","","",""
"2022-03-09","2022068","7:53","31.0","10.6065","1.0","","","9.8","","8.5","95","","22","1.50","26.11","12.97","19.53","","","","",""
"2022-03-09","2022068","7:53","31.0","10.6065","2.0","","","9.6","","8.5","95","","22","","26.13","12.98","19.53","","","","",""
"2022-03-09","2022068","7:53","31.0","10.6065","3.0","","","9.3","","8.5","95","","23","","26.15","12.99","19.55","","","","",""
"2022-03-09","2022068","7:53","31.0","10.6065","4.0","","","9.4","","8.5","95","","27","","26.18","12.99","19.57","","","","",""
"2022-03-09","2022068","7:53","31.0","10.6065","5.0","","","9.6","","8.5","95","","33","","26.20","12.98","19.59","","","","",""
"2022-03-09","2022068","7:53","31.0","10.6065","6.0","","","9.6","","8.4","94","","40","","26.22","12.97","19.61","","","","",""
"2022-03-09","2022068","7:53","31.0","10.6065","7.0","","","9.5","","8.4","94","","43","","26.22","12.97","19.61","","","","",""
"2022-03-09","2022068","7:53","31.0","10.6065","8.0","","","9.5","","8.4","94","","45","","26.24","12.95","19.62","","","","",""
"2022-03-09","2022068","7:53","31.0","10.6065","9.0","","","9.6","","8.4","94","","55","","26.25","12.94","19.64","","","","",""
"2022-03-09","2022068","7:53","31.0","10.6065","10.0","","","9.6","","8.4","94","","58","","26.24","12.94","19.63","","","","",""
"2022-03-09","2022068","7:53","31.0","10.6065","11.0","","","9.7","","8.4","94","","60","","26.25","12.93","19.64","","","","",""
"2022-03-09","2022068","7:53","31.0","10.6065","12.0","","","9.8","","8.4","94","","67","","26.26","12.93","19.64","","","","",""
"2022-03-09","2022068","7:43","32.0","8.1507","1.0","","","10.9","","8.6","96","","31","1.80","25.97","13.10","19.39","","","","",""
"2022-03-09","2022068","7:43","32.0","8.1507","2.0","10.3","0.84","10.0","","8.6","96","","31","","25.96","13.10","19.39","0.90","31.13","2.78","4.65","47.36"
"2022-03-09","2022068","7:43","32.0","8.1507","3.0","","","9.8","","8.6","96","","31","","25.96","13.10","19.38","","","","",""
"2022-03-09","2022068","7:43","32.0","8.1507","4.0","","","9.8","","8.6","96","","31","","25.96","13.10","19.39","","","","",""
"2022-03-09","2022068","7:43","32.0","8.1507","5.0","","","9.8","","8.5","96","","32","","26.01","13.10","19.42","","","","",""
"2022-03-09","2022068","7:43","32.0","8.1507","6.0","","","9.9","","8.5","96","","39","","26.03","13.10","19.44","","","","",""
"2022-03-09","2022068","7:43","32.0","8.1507","7.0","","","9.9","","8.5","96","","54","","26.05","13.09","19.46","","","","",""
"2022-03-09","2022068","7:43","32.0","8.1507","8.0","","","9.9","","8.6","96","","62","","26.06","13.08","19.46","","","","",""
"2022-03-09","2022068","7:43","32.0","8.1507","9.0","","","10.2","","8.6","96","","72","","26.06","13.08","19.47","","","","",""
"2022-03-09","2022068","7:43","32.0","8.1507","10.0","11.2","0.69","10.4","","8.6","96","","80","","26.06","13.08","19.47","","","","",""
"2022-03-09","2022068","7:35","33.0","6.8085","1.0","","","10.8","","8.4","94","","28","2.10","25.84","12.95","19.32","","","","",""
"2022-03-09","2022068","7:35","33.0","6.8085","2.0","","","10.0","","8.4","94","26.5","28","","25.84","12.95","19.32","","","","",""
"2022-03-09","2022068","7:35","33.0","6.8085","3.0","","","9.9","","8.4","94","","29","","25.84","12.95","19.32","","","","",""
"2022-03-09","2022068","7:35","33.0","6.8085","4.0","","","10.0","","8.4","93","","29","","25.86","12.96","19.33","","","","",""
"2022-03-09","2022068","7:35","33.0","6.8085","5.0","","","9.9","","8.4","94","","30","","25.86","12.96","19.33","","","","",""
"2022-03-09","2022068","7:35","33.0","6.8085","6.0","","","10.0","","8.4","94","","30","","25.86","12.96","19.33","","","","",""
"2022-03-09","2022068","7:35","33.0","6.8085","7.0","","","10.0","","8.4","94","","30","","25.86","12.96","19.33","","","","",""
"2022-03-09","2022068","7:35","33.0","6.8085","8.0","","","10.0","","8.4","94","","30","","25.86","12.96","19.33","","","","",""
"2022-03-09","2022068","7:35","33.0","6.8085","9.0","","","10.0","","8.4","94","","27","","25.86","12.96","19.33","","","","",""
"2022-03-09","2022068","7:35","33.0","6.8085","10.0","","","10.0","","8.4","94","","24","","25.86","12.96","19.33","","","","",""
"2022-03-09","2022068","7:35","33.0","6.8085","11.0","","","10.0","","8.4","94","","23","","25.87","12.96","19.34","","","","",""
"2022-03-09","2022068","7:35","33.0","6.8085","12.0","","","10.1","","8.4","94","","34","","25.87","12.96","19.34","","","","",""
"2022-03-09","2022068","7:26","34.0","3.5290","1.0","","","10.2","","8.2","91","","18","1.80","25.29","12.80","18.92","","","","",""
"2022-03-09","2022068","7:26","34.0","3.5290","2.0","9.8","0.81","10.1","","8.2","91","25.4","22","","25.35","12.83","18.96","","","","",""
"2022-03-09","2022068","7:26","34.0","3.5290","3.0","","","10.2","","8.2","91","","26","","25.39","12.84","18.99","","","","",""
"2022-03-09","2022068","7:26","34.0","3.5290","4.0","","","10.1","","8.2","91","","28","","25.42","12.85","19.01","","","","",""
"2022-03-09","2022068","7:26","34.0","3.5290","5.0","","","10.3","","8.2","91","","29","","25.43","12.85","19.02","","","","",""
"2022-03-09","2022068","7:26","34.0","3.5290","6.0","","","10.2","","8.2","91","","26","","25.43","12.82","19.02","","","","",""
"2022-03-09","2022068","7:26","34.0","3.5290","7.0","","","10.1","","8.2","91","","25","","25.44","12.82","19.04","","","","",""
"2022-03-09","2022068","7:26","34.0","3.5290","8.0","","","10.1","","8.2","91","","25","","25.45","12.82","19.04","","","","",""
"2022-03-09","2022068","7:26","34.0","3.5290","9.0","","","10.2","","8.2","91","","25","","25.45","12.82","19.04","","","","",""
"2022-03-09","2022068","7:26","34.0","3.5290","10.0","10.4","0.77","10.2","","8.2","91","","25","","25.46","12.81","19.05","","","","",""
"2022-03-09","2022068","7:15","35.0","1.6576","1.0","","","10.5","","8.2","91","","20","1.70","25.33","12.90","18.94","","","","",""
"2022-03-09","2022068","7:15","35.0","1.6576","2.0","10.0","0.83","10.3","","8.2","91","19.1","20","","25.35","12.92","18.94","","","","",""
"2022-03-09","2022068","7:15","35.0","1.6576","3.0","","","10.2","","8.2","91","","20","","25.37","12.95","18.96","","","","",""
"2022-03-09","2022068","7:15","35.0","1.6576","4.0","","","10.3","","8.3","92","","19","","25.40","12.95","18.98","","","","",""
"2022-03-09","2022068","7:15","35.0","1.6576","5.0","","","10.4","","8.3","92","","21","","25.47","12.99","19.03","","","","",""
"2022-03-09","2022068","7:15","35.0","1.6576","6.0","","","10.3","","8.3","92","","26","","25.51","13.00","19.05","","","","",""
"2022-03-09","2022068","7:15","35.0","1.6576","7.0","","","10.1","","8.2","92","","38","","25.54","12.99","19.08","","","","",""
"2022-03-09","2022068","7:07","36.0","0.0000","1.0","","","12.6","","8.1","90","","18","1.90","24.67","12.74","18.45","","","","",""
"2022-03-09","2022068","7:07","36.0","0.0000","2.0","11.1","0.81","11.0","","8.2","91","15.9","17","","25.09","12.92","18.74","1.33","43.27","3.07","6.77","56.26"
"2022-03-09","2022068","7:07","36.0","0.0000","3.0","","","10.6","","8.2","91","","24","","25.26","12.98","18.86","","","","",""
"2022-03-09","2022068","7:07","36.0","0.0000","4.0","","","10.5","","8.2","91","","26","","25.30","12.99","18.90","","","","",""
"2022-03-09","2022068","7:07","36.0","0.0000","5.0","10.4","0.79","10.4","","8.2","91","31.1","31","","25.33","13.00","18.92","","","","",""
"2022-03-09","2022068","16:03","649.0","132.9388","1.0","","","2.5","","10.4","99","","17","1.10","0.08","13.11","","","","","",""
"2022-03-09","2022068","16:03","649.0","132.9388","2.0","3.0","0.77","3.1","","10.4","99","10.5","12","","0.08","13.10","","0.13","16.21","1.00","0.92","233.22"
"2022-03-09","2022068","16:03","649.0","132.9388","3.0","","","3.3","","10.4","99","","12","","0.08","13.10","","","","","",""
"2022-03-09","2022068","16:03","649.0","132.9388","4.0","","","3.4","","10.4","99","","12","","0.08","13.09","","","","","",""
"2022-03-09","2022068","16:03","649.0","132.9388","5.0","","","3.3","","10.4","99","","13","","0.08","13.09","","","","","",""
"2022-03-09","2022068","16:03","649.0","132.9388","6.0","","","3.3","","10.4","99","","12","","0.08","13.09","","","","","",""
"2022-03-09","2022068","16:03","649.0","132.9388","7.0","","","3.3","","10.4","99","","12","","0.08","13.09","","","","","",""
"2022-03-09","2022068","16:03","649.0","132.9388","8.0","","","3.4","","10.4","99","","13","","0.08","13.09","","","","","",""
"2022-03-09","2022068","16:03","649.0","132.9388","9.0","","","3.7","","10.4","99","","12","","0.08","13.09","","","","","",""
"2022-03-09","2022068","16:03","649.0","132.9388","10.0","","","3.7","","10.4","99","","13","","0.08","13.09","","","","","",""
"2022-03-09","2022068","16:03","649.0","132.9388","11.0","3.0","0.69","3.6","","10.4","99","12.7","13","","0.08","13.09","","","","","",""
"2022-03-09","2022068","16:49","657.0","147.2548","1.0","","","1.6","","10.5","100","","14","0.80","0.07","13.13","","","","","",""
"2022-03-09","2022068","16:49","657.0","147.2548","2.0","1.7","0.56","1.6","","10.5","100","","14","","0.07","13.13","","0.14","13.07","1.50","0.82","223.25"
"2022-03-09","2022068","16:49","657.0","147.2548","3.0","","","1.5","","10.5","100","","14","","0.07","13.13","","","","","",""
"2022-03-09","2022068","16:49","657.0","147.2548","4.0","","","1.6","","10.5","100","","14","","0.07","13.13","","","","","",""
"2022-03-09","2022068","16:49","657.0","147.2548","5.0","","","1.5","","10.5","100","","14","","0.07","13.13","","","","","",""
"2022-03-09","2022068","16:49","657.0","147.2548","6.0","","","1.5","","10.5","100","","14","","0.07","13.13","","","","","",""
"2022-03-09","2022068","16:49","657.0","147.2548","7.0","","","1.5","","10.5","100","","14","","0.07","13.13","","","","","",""
"2022-03-09","2022068","16:49","657.0","147.2548","8.0","","","1.4","","10.5","100","","14","","0.07","13.13","","","","","",""
"2022-03-09","2022068","16:49","657.0","147.2548","9.0","1.8","0.58","1.6","","10.5","100","","14","","0.07","13.13","","","","","",""
"2022-03-25","2022084","10:54","18.0","54.9481","1.0","","","5.3","","8.2","94","","9","0.90","29.45","13.12","22.08","","","","",""
"2022-03-25","2022084","10:54","18.0","54.9481","2.0","5.0","0.68","5.4","","8.2","94","9.0","9","","29.43","13.12","22.06","0.63","16.99","2.43","1.83","43.44"
"2022-03-25","2022084","10:54","18.0","54.9481","3.0","","","5.5","","8.2","94","","9","","29.36","13.15","22.00","","","","",""
"2022-03-25","2022084","10:54","18.0","54.9481","4.0","","","5.4","","8.2","94","","8","","29.40","13.13","22.03","","","","",""
"2022-03-25","2022084","10:54","18.0","54.9481","5.0","","","5.4","","8.2","94","","8","","29.29","13.16","21.95","","","","",""
"2022-03-25","2022084","10:54","18.0","54.9481","6.0","","","5.6","","8.2","94","","8","","29.27","13.16","21.93","","","","",""
"2022-03-25","2022084","10:54","18.0","54.9481","7.0","","","5.7","","8.2","94","","8","","29.26","13.16","21.92","","","","",""
"2022-03-25","2022084","10:54","18.0","54.9481","8.0","","","5.5","","8.2","94","","8","","29.33","13.15","21.98","","","","",""
"2022-03-25","2022084","10:54","18.0","54.9481","9.0","","","5.4","","8.2","94","","8","","29.32","13.15","21.97","","","","",""
"2022-03-25","2022084","10:54","18.0","54.9481","10.0","","","5.2","","8.2","94","","8","","29.29","13.15","21.94","","","","",""
"2022-03-25","2022084","10:54","18.0","54.9481","11.0","","","5.6","","8.2","94","","8","","29.30","13.16","21.95","","","","",""
"2022-03-25","2022084","10:54","18.0","54.9481","12.0","","","6.1","","8.2","94","","8","","29.34","13.15","21.98","","","","",""
"2022-03-25","2022084","10:54","18.0","54.9481","13.0","","","5.7","","8.2","94","","8","","29.38","13.13","22.02","","","","",""
"2022-03-25","2022084","10:54","18.0","54.9481","14.0","","","5.9","","8.2","94","","8","","29.40","13.13","22.04","","","","",""
"2022-03-25","2022084","10:54","18.0","54.9481","15.0","","","6.0","","8.2","94","","8","","29.38","13.14","22.02","","","","",""
"2022-03-25","2022084","10:54","18.0","54.9481","16.0","","","6.1","","8.2","94","","8","","29.33","13.15","21.98","","","","",""
"2022-03-25","2022084","10:54","18.0","54.9481","17.0","","","6.2","","8.2","94","","8","","29.41","13.13","22.04","","","","",""
"2022-03-25","2022084","10:54","18.0","54.9481","18.0","","","6.0","","8.2","94","","8","","29.40","13.13","22.03","","","","",""
"2022-03-25","2022084","10:54","18.0","54.9481","19.0","","","6.2","","8.2","94","","8","","29.37","13.14","22.01","","","","",""
"2022-03-25","2022084","10:54","18.0","54.9481","20.0","","","6.8","","8.1","93","","8","","29.40","13.13","22.04","","","","",""
"2022-03-25","2022084","10:54","18.0","54.9481","21.0","","","6.2","","7.9","91","","8","","29.63","13.06","22.23","","","","",""
"2022-03-25","2022084","10:54","18.0","54.9481","22.0","","","5.7","","7.9","91","","10","","29.96","12.91","22.51","","","","",""
"2022-03-25","2022084","10:54","18.0","54.9481","23.0","","","5.5","","7.9","90","","11","","29.98","12.91","22.52","","","","",""
"2022-03-25","2022084","10:54","18.0","54.9481","24.0","","","5.7","","7.9","90","","11","","29.99","12.90","22.53","","","","",""
"2022-03-25","2022084","10:54","18.0","54.9481","25.0","","","5.7","","7.9","90","","11","","29.98","12.90","22.53","","","","",""
"2022-03-25","2022084","10:54","18.0","54.9481","26.0","","","5.6","","7.9","90","","11","","29.99","12.91","22.53","","","","",""
"2022-03-25","2022084","10:54","18.0","54.9481","27.0","","","6.1","","7.9","90","","11","","30.00","12.91","22.54","","","","",""
"2022-03-25","2022084","10:54","18.0","54.9481","28.0","","","5.8","","7.9","90","","11","","30.01","12.91","22.54","","","","",""
"2022-03-25","2022084","10:54","18.0","54.9481","29.0","","","5.8","","7.9","90","","11","","30.00","12.90","22.54","","","","",""
"2022-03-25","2022084","10:54","18.0","54.9481","30.0","","","5.5","","7.9","90","","11","","29.99","12.91","22.53","","","","",""
"2022-03-25","2022084","10:54","18.0","54.9481","31.0","","","5.5","","7.9","90","","11","","29.98","12.91","22.53","","","","",""
"2022-03-25","2022084","10:54","18.0","54.9481","32.0","","","5.6","","7.9","90","","11","","29.98","12.91","22.52","","","","",""
"2022-03-25","2022084","10:54","18.0","54.9481","33.0","","","5.7","","7.9","90","","11","","29.99","12.89","22.54","","","","",""
"2022-03-25","2022084","10:54","18.0","54.9481","34.0","","","5.7","","7.8","89","","11","","30.00","12.89","22.54","","","","",""
"2022-03-25","2022084","10:54","18.0","54.9481","35.0","","","5.9","","7.7","88","","12","","30.27","12.72","22.78","","","","",""
"2022-03-25","2022084","10:54","18.0","54.9481","36.0","","","6.1","","7.7","88","","13","","30.47","12.60","22.96","","","","",""
"2022-03-25","2022084","10:54","18.0","54.9481","37.0","","","6.1","","7.7","87","","14","","30.52","12.56","23.01","","","","",""
"2022-03-25","2022084","10:54","18.0","54.9481","38.0","","","6.6","","7.6","87","","15","","30.68","12.47","23.15","","","","",""
"2022-03-25","2022084","10:54","18.0","54.9481","39.0","","","6.5","","7.6","87","","18","","30.76","12.42","23.22","","","","",""
"2022-03-25","2022084","10:54","18.0","54.9481","40.0","","","6.7","","7.6","86","","18","","30.75","12.42","23.21","","","","",""
"2022-03-25","2022084","10:54","18.0","54.9481","41.0","","","7.0","","7.5","86","","20","","30.83","12.38","23.28","","","","",""
"2022-03-25","2022084","10:54","18.0","54.9481","42.0","","","6.9","","7.5","85","","21","","30.87","12.35","23.32","","","","",""
"2022-03-25","2022084","10:54","18.0","54.9481","43.0","8.3","0.54","7.5","","7.5","85","29.4","27","","30.91","12.33","23.35","","","","",""
"2022-03-25","2022084","10:42","20.0","51.4501","1.0","","","5.4","","7.9","91","","7","0.80","29.63","13.25","22.19","","","","",""
"2022-03-25","2022084","10:42","20.0","51.4501","2.0","5.6","0.70","5.5","","7.9","90","","7","","29.64","13.25","22.19","","","","",""
"2022-03-25","2022084","10:42","20.0","51.4501","3.0","","","5.4","","7.9","90","","8","","29.66","13.23","22.22","","","","",""
"2022-03-25","2022084","10:42","20.0","51.4501","4.0","","","5.5","","7.8","90","","8","","29.69","13.20","22.25","","","","",""
"2022-03-25","2022084","10:42","20.0","51.4501","5.0","","","5.5","","7.8","90","","9","","29.71","13.19","22.26","","","","",""
"2022-03-25","2022084","10:42","20.0","51.4501","6.0","","","5.7","","7.8","90","","9","","29.72","13.19","22.27","","","","",""
"2022-03-25","2022084","10:42","20.0","51.4501","7.0","","","5.7","","7.8","90","","10","","29.72","13.19","22.27","","","","",""
"2022-03-25","2022084","10:42","20.0","51.4501","8.0","","","5.5","","7.8","90","","10","","29.72","13.19","22.27","","","","",""
"2022-03-25","2022084","10:42","20.0","51.4501","9.0","","","5.8","","7.8","89","","11","","29.76","13.17","22.30","","","","",""
"2022-03-25","2022084","10:42","20.0","51.4501","10.0","","","5.8","","7.8","89","","13","","29.79","13.15","22.33","","","","",""
"2022-03-25","2022084","10:42","20.0","51.4501","11.0","","","6.7","","7.8","89","","13","","29.80","13.14","22.34","","","","",""
"2022-03-25","2022084","10:42","20.0","51.4501","12.0","","","6.9","","7.8","89","","14","","29.82","13.13","22.36","","","","",""
"2022-03-25","2022084","10:42","20.0","51.4501","13.0","","","6.6","","7.8","89","","14","","29.83","13.12","22.37","","","","",""
"2022-03-25","2022084","10:42","20.0","51.4501","14.0","","","6.9","","7.8","89","","14","","29.83","13.12","22.37","","","","",""
"2022-03-25","2022084","10:42","20.0","51.4501","15.0","","","6.7","","7.8","89","","14","","29.84","13.12","22.38","","","","",""
"2022-03-25","2022084","10:42","20.0","51.4501","16.0","","","6.6","","7.8","89","","15","","29.85","13.11","22.38","","","","",""
"2022-03-25","2022084","10:42","20.0","51.4501","17.0","","","6.6","","7.8","89","","15","","29.85","13.11","22.39","","","","",""
"2022-03-25","2022084","10:42","20.0","51.4501","18.0","","","6.7","","7.8","89","","15","","29.85","13.11","22.39","","","","",""
"2022-03-25","2022084","10:42","20.0","51.4501","19.0","","","7.0","","7.8","89","","16","","29.84","13.12","22.38","","","","",""
"2022-03-25","2022084","10:42","20.0","51.4501","20.0","","","6.9","","7.8","89","","15","","29.84","13.12","22.37","","","","",""
"2022-03-25","2022084","10:42","20.0","51.4501","21.0","","","7.7","","7.8","89","","15","","29.85","13.11","22.39","","","","",""
"2022-03-25","2022084","10:42","20.0","51.4501","22.0","","","7.8","","7.8","89","","15","","29.85","13.11","22.38","","","","",""
"2022-03-25","2022084","10:42","20.0","51.4501","23.0","","","7.2","","7.8","89","","15","","29.85","13.11","22.39","","","","",""
"2022-03-25","2022084","10:42","20.0","51.4501","24.0","","","7.3","","7.8","89","","17","","29.87","13.10","22.40","","","","",""
"2022-03-25","2022084","10:29","21.0","46.6266","1.0","","","7.8","","8.0","92","","21","1.40","29.23","13.56","21.82","","","","",""
"2022-03-25","2022084","10:29","21.0","46.6266","2.0","6.5","0.64","7.3","","8.0","92","","21","","29.23","13.56","21.82","","","","",""
"2022-03-25","2022084","10:29","21.0","46.6266","3.0","","","7.2","","8.0","92","","21","","29.24","13.56","21.82","","","","",""
"2022-03-25","2022084","10:29","21.0","46.6266","4.0","","","7.0","","8.0","92","","21","","29.24","13.56","21.83","","","","",""
"2022-03-25","2022084","10:29","21.0","46.6266","5.0","","","7.2","","8.0","92","","22","","29.25","13.55","21.84","","","","",""
"2022-03-25","2022084","10:29","21.0","46.6266","6.0","","","7.6","","8.0","92","","23","","29.26","13.54","21.85","","","","",""
"2022-03-25","2022084","10:29","21.0","46.6266","7.0","","","7.1","","8.0","92","","22","","29.26","13.54","21.85","","","","",""
"2022-03-25","2022084","10:29","21.0","46.6266","8.0","","","7.8","","8.0","92","","22","","29.26","13.54","21.84","","","","",""
"2022-03-25","2022084","10:29","21.0","46.6266","9.0","","","7.9","","8.0","92","","22","","29.26","13.54","21.85","","","","",""
"2022-03-25","2022084","10:29","21.0","46.6266","10.0","","","7.2","","8.0","92","","22","","28.72","13.53","21.43","","","","",""
"2022-03-25","2022084","10:29","21.0","46.6266","11.0","","","7.4","","7.9","92","","22","","29.25","13.54","21.84","","","","",""
"2022-03-25","2022084","10:29","21.0","46.6266","12.0","","","7.5","","7.9","92","","22","","29.30","13.51","21.89","","","","",""
"2022-03-25","2022084","10:29","21.0","46.6266","13.0","","","7.9","","7.9","91","","25","","29.31","13.50","21.90","","","","",""
"2022-03-25","2022084","10:29","21.0","46.6266","14.0","","","7.2","","7.9","91","","25","","29.32","13.50","21.90","","","","",""
"2022-03-25","2022084","10:29","21.0","46.6266","15.0","","","7.6","","7.9","91","","25","","29.32","13.50","21.90","","","","",""
"2022-03-25","2022084","10:29","21.0","46.6266","16.0","","","7.9","","7.9","91","","27","","29.32","13.49","21.90","","","","",""
"2022-03-25","2022084","10:29","21.0","46.6266","17.0","","","7.4","","7.9","91","","27","","29.32","13.49","21.90","","","","",""
"2022-03-25","2022084","10:20","22.0","43.9210","1.0","","","5.5","","8.0","93","","11","1.00","29.15","13.65","21.74","","","","",""
"2022-03-25","2022084","10:20","22.0","43.9210","2.0","5.4","0.71","5.5","","8.0","93","11.1","11","","29.15","13.65","21.74","0.84","21.13","4.43","2.15","38.45"
"2022-03-25","2022084","10:20","22.0","43.9210","3.0","","","5.5","","8.0","93","","11","","29.15","13.65","21.74","","","","",""
"2022-03-25","2022084","10:20","22.0","43.9210","4.0","","","5.3","","8.0","92","","11","","29.16","13.63","21.75","","","","",""
"2022-03-25","2022084","10:20","22.0","43.9210","5.0","","","5.5","","8.0","92","","12","","29.19","13.58","21.78","","","","",""
"2022-03-25","2022084","10:20","22.0","43.9210","6.0","","","5.6","","7.9","92","","14","","29.27","13.51","21.86","","","","",""
"2022-03-25","2022084","10:20","22.0","43.9210","7.0","","","6.2","","7.9","92","","17","","29.28","13.49","21.87","","","","",""
"2022-03-25","2022084","10:20","22.0","43.9210","8.0","","","5.7","","7.9","91","","18","","29.28","13.49","21.87","","","","",""
"2022-03-25","2022084","10:20","22.0","43.9210","9.0","","","5.9","","7.9","91","","18","","29.29","13.49","21.88","","","","",""
"2022-03-25","2022084","10:20","22.0","43.9210","10.0","","","6.0","","7.9","92","","18","","29.29","13.48","21.88","","","","",""
"2022-03-25","2022084","10:20","22.0","43.9210","11.0","","","6.2","","7.9","91","","19","","29.29","13.48","21.88","","","","",""
"2022-03-25","2022084","10:20","22.0","43.9210","12.0","","","6.3","","7.9","91","","19","","28.99","13.46","21.65","","","","",""
"2022-03-25","2022084","10:20","22.0","43.9210","13.0","","","6.2","","7.9","91","","21","","29.06","13.45","21.71","","","","",""
"2022-03-25","2022084","10:20","22.0","43.9210","14.0","","","6.6","","7.9","91","","22","","29.32","13.46","21.91","","","","",""
"2022-03-25","2022084","10:20","22.0","43.9210","15.0","","","6.7","","7.9","91","","22","","29.32","13.45","21.91","","","","",""
"2022-03-25","2022084","10:20","22.0","43.9210","16.0","","","7.0","","7.9","91","","22","","29.33","13.45","21.92","","","","",""
"2022-03-25","2022084","10:20","22.0","43.9210","17.0","","","6.4","","7.9","91","","23","","29.34","13.44","21.93","","","","",""
"2022-03-25","2022084","10:20","22.0","43.9210","18.0","","","6.2","","7.9","91","","23","","29.38","13.41","21.96","","","","",""
"2022-03-25","2022084","10:20","22.0","43.9210","19.0","6.6","0.59","6.3","","7.9","91","28.1","26","","29.39","13.40","21.97","","","","",""
"2022-03-25","2022084","10:07","23.0","39.6557","1.0","","","6.4","","8.0","94","","10","1.00","28.21","14.35","20.88","","","","",""
"2022-03-25","2022084","10:07","23.0","39.6557","2.0","","","6.1","","8.0","93","","10","","28.42","14.20","21.07","","","","",""
"2022-03-25","2022084","10:07","23.0","39.6557","3.0","","","5.3","","8.0","93","","11","","28.54","14.11","21.18","","","","",""
"2022-03-25","2022084","10:07","23.0","39.6557","4.0","","","5.1","","8.0","93","","12","","28.68","14.00","21.31","","","","",""
"2022-03-25","2022084","10:07","23.0","39.6557","5.0","","","4.9","","8.0","93","","13","","28.77","13.93","21.39","","","","",""
"2022-03-25","2022084","10:07","23.0","39.6557","6.0","","","5.0","","8.0","93","","13","","28.85","13.87","21.47","","","","",""
"2022-03-25","2022084","10:07","23.0","39.6557","7.0","","","5.4","","8.0","93","","14","","28.88","13.85","21.49","","","","",""
"2022-03-25","2022084","10:07","23.0","39.6557","8.0","","","4.9","","8.0","93","","15","","28.90","13.82","21.51","","","","",""
"2022-03-25","2022084","10:07","23.0","39.6557","9.0","","","5.2","","8.0","93","","16","","28.95","13.78","21.56","","","","",""
"2022-03-25","2022084","10:07","23.0","39.6557","10.0","","","5.4","","8.0","93","","17","","28.98","13.75","21.59","","","","",""
"2022-03-25","2022084","10:07","23.0","39.6557","11.0","","","6.2","","8.0","93","","18","","28.98","13.75","21.59","","","","",""
"2022-03-25","2022084","10:07","23.0","39.6557","12.0","","","5.5","","8.0","93","","19","","29.00","13.73","21.61","","","","",""
"2022-03-25","2022084","10:07","23.0","39.6557","13.0","","","5.4","","8.0","93","","20","","29.02","13.71","21.62","","","","",""
"2022-03-25","2022084","10:07","23.0","39.6557","14.0","","","5.5","","8.0","93","","22","","29.01","13.71","21.62","","","","",""
"2022-03-25","2022084","10:07","23.0","39.6557","15.0","","","5.7","","8.0","93","","21","","29.02","13.71","21.63","","","","",""
"2022-03-25","2022084","9:57","24.0","37.0911","1.0","","","6.6","","8.1","94","","11","1.20","28.08","14.39","20.77","","","","",""
"2022-03-25","2022084","9:57","24.0","37.0911","2.0","6.4","0.85","6.5","","8.0","93","9.8","11","","28.11","14.38","20.79","1.14","25.84","6.28","2.86","36.32"
"2022-03-25","2022084","9:57","24.0","37.0911","3.0","","","6.0","","7.9","93","","17","","28.41","14.25","21.05","","","","",""
"2022-03-25","2022084","9:57","24.0","37.0911","4.0","","","5.9","","7.9","92","","29","","28.50","14.20","21.13","","","","",""
"2022-03-25","2022084","9:57","24.0","37.0911","5.0","","","5.8","","7.9","92","","33","","28.54","14.17","21.17","","","","",""
"2022-03-25","2022084","9:57","24.0","37.0911","6.0","","","5.9","","7.9","92","","36","","28.56","14.16","21.18","","","","",""
"2022-03-25","2022084","9:57","24.0","37.0911","7.0","","","5.7","","7.9","92","","37","","28.56","14.16","21.19","","","","",""
"2022-03-25","2022084","9:57","24.0","37.0911","8.0","","","5.8","","7.9","92","","38","","28.58","14.15","21.20","","","","",""
"2022-03-25","2022084","9:57","24.0","37.0911","9.0","","","6.1","","7.9","92","","41","","28.58","14.15","21.20","","","","",""
"2022-03-25","2022084","9:57","24.0","37.0911","10.0","6.0","0.56","6.1","","7.9","92","41.3","41","","28.57","14.15","21.20","","","","",""
"2022-03-25","2022084","9:47","25.0","32.8382","1.0","","","6.4","","8.1","95","","19","1.50","28.20","14.37","20.86","","","","",""
"2022-03-25","2022084","9:47","25.0","32.8382","2.0","","","6.1","","8.1","95","","23","","28.26","14.33","20.92","","","","",""
"2022-03-25","2022084","9:47","25.0","32.8382","3.0","","","6.5","","8.1","94","","28","","28.29","14.31","20.95","","","","",""
"2022-03-25","2022084","9:47","25.0","32.8382","4.0","","","6.3","","8.0","94","","33","","28.33","14.30","20.98","","","","",""
"2022-03-25","2022084","9:47","25.0","32.8382","5.0","","","6.0","","8.0","94","","39","","28.33","14.30","20.98","","","","",""
"2022-03-25","2022084","9:47","25.0","32.8382","6.0","","","5.8","","8.0","94","","39","","28.34","14.29","20.99","","","","",""
"2022-03-25","2022084","9:47","25.0","32.8382","7.0","","","6.3","","8.0","94","","43","","28.35","14.29","21.00","","","","",""
"2022-03-25","2022084","9:36","26.0","28.7560","1.0","","","8.0","","8.3","97","","14","1.20","27.93","14.64","20.60","","","","",""
"2022-03-25","2022084","9:36","26.0","28.7560","2.0","","","7.0","","8.3","97","","14","","27.93","14.64","20.60","","","","",""
"2022-03-25","2022084","9:36","26.0","28.7560","3.0","","","7.1","","8.3","97","","14","","27.93","14.64","20.60","","","","",""
"2022-03-25","2022084","9:36","26.0","28.7560","4.0","","","7.1","","8.2","97","","14","","27.94","14.64","20.61","","","","",""
"2022-03-25","2022084","9:36","26.0","28.7560","5.0","","","7.3","","8.2","96","","15","","27.99","14.59","20.66","","","","",""
"2022-03-25","2022084","9:36","26.0","28.7560","6.0","","","6.8","","8.2","96","","16","","28.09","14.47","20.76","","","","",""
"2022-03-25","2022084","9:36","26.0","28.7560","7.0","","","6.6","","8.2","95","","20","","28.17","14.38","20.84","","","","",""
"2022-03-25","2022084","9:36","26.0","28.7560","8.0","","","6.6","","8.2","95","","23","","28.23","14.32","20.89","","","","",""
"2022-03-25","2022084","9:36","26.0","28.7560","9.0","","","6.7","","8.2","95","","27","","28.24","14.31","20.91","","","","",""
"2022-03-25","2022084","9:36","26.0","28.7560","10.0","","","6.9","","8.2","95","","30","","28.24","14.30","20.91","","","","",""
"2022-03-25","2022084","9:26","27.0","26.1872","1.0","","","7.1","","8.1","96","","14","1.20","27.64","14.95","20.32","","","","",""
"2022-03-25","2022084","9:26","27.0","26.1872","2.0","6.8","0.79","6.8","","8.1","96","11.6","14","","27.64","14.96","20.32","0.86","23.77","3.50","3.30","36.32"
"2022-03-25","2022084","9:26","27.0","26.1872","3.0","","","6.6","","8.1","95","","14","","27.65","14.96","20.32","","","","",""
"2022-03-25","2022084","9:26","27.0","26.1872","4.0","","","6.0","","8.1","96","","15","","27.68","14.97","20.34","","","","",""
"2022-03-25","2022084","9:26","27.0","26.1872","5.0","","","6.0","","8.2","96","","15","","27.76","14.92","20.42","","","","",""
"2022-03-25","2022084","9:26","27.0","26.1872","6.0","","","6.3","","8.2","96","","16","","27.86","14.82","20.51","","","","",""
"2022-03-25","2022084","9:26","27.0","26.1872","7.0","","","6.9","","8.2","96","","20","","27.96","14.70","20.62","","","","",""
"2022-03-25","2022084","9:26","27.0","26.1872","8.0","","","7.5","","8.2","96","","25","","28.04","14.59","20.69","","","","",""
"2022-03-25","2022084","9:26","27.0","26.1872","9.0","","","8.0","","8.2","96","","40","","28.09","14.49","20.76","","","","",""
"2022-03-25","2022084","9:26","27.0","26.1872","10.0","9.5","0.63","8.7","","8.2","96","59.3","60","","28.10","14.48","20.76","","","","",""
"2022-03-25","2022084","9:16","28.0","23.5695","1.0","","","6.6","","8.0","94","","15","1.20","27.59","14.94","20.28","","","","",""
"2022-03-25","2022084","9:16","28.0","23.5695","2.0","","","6.0","","8.0","94","","15","","27.59","14.94","20.28","","","","",""
"2022-03-25","2022084","9:16","28.0","23.5695","3.0","","","6.0","","8.0","94","","15","","27.59","14.93","20.28","","","","",""
"2022-03-25","2022084","9:16","28.0","23.5695","4.0","","","5.5","","8.0","94","","15","","27.60","14.94","20.28","","","","",""
"2022-03-25","2022084","9:16","28.0","23.5695","5.0","","","5.6","","8.0","94","","16","","27.64","14.97","20.31","","","","",""
"2022-03-25","2022084","9:16","28.0","23.5695","6.0","","","5.8","","8.0","94","","19","","27.70","14.99","20.35","","","","",""
"2022-03-25","2022084","9:16","28.0","23.5695","7.0","","","6.1","","8.0","94","","23","","27.72","14.98","20.37","","","","",""
"2022-03-25","2022084","9:16","28.0","23.5695","8.0","","","6.6","","8.0","94","","27","","27.74","14.97","20.39","","","","",""
"2022-03-25","2022084","9:16","28.0","23.5695","9.0","","","6.3","","8.0","94","","30","","27.77","14.94","20.42","","","","",""
"2022-03-25","2022084","9:16","28.0","23.5695","10.0","","","6.7","","8.0","94","","42","","27.78","14.93","20.43","","","","",""
"2022-03-25","2022084","9:16","28.0","23.5695","11.0","","","6.9","","8.0","94","","48","","27.78","14.93","20.43","","","","",""
"2022-03-25","2022084","9:16","28.0","23.5695","12.0","","","7.2","","8.0","95","","49","","27.79","14.92","20.44","","","","",""
"2022-03-25","2022084","9:16","28.0","23.5695","13.0","","","7.1","","8.0","94","","59","","27.81","14.90","20.45","","","","",""
"2022-03-25","2022084","9:05","29.0","20.2526","1.0","","","8.0","","8.0","94","","18","1.30","27.46","15.00","20.17","","","","",""
"2022-03-25","2022084","9:05","29.0","20.2526","2.0","","","7.2","","8.0","94","","18","","27.46","15.00","20.17","","","","",""
"2022-03-25","2022084","9:05","29.0","20.2526","3.0","","","7.0","","8.0","94","","18","","27.47","15.00","20.17","","","","",""
"2022-03-25","2022084","9:05","29.0","20.2526","4.0","","","6.8","","8.0","94","","18","","27.47","15.00","20.17","","","","",""
"2022-03-25","2022084","9:05","29.0","20.2526","5.0","","","6.6","","8.0","94","","18","","27.47","15.01","20.17","","","","",""
"2022-03-25","2022084","9:05","29.0","20.2526","6.0","","","6.6","","8.0","94","","18","","27.47","15.02","20.17","","","","",""
"2022-03-25","2022084","9:05","29.0","20.2526","7.0","","","6.3","","8.0","94","","18","","27.49","15.06","20.18","","","","",""
"2022-03-25","2022084","9:05","29.0","20.2526","8.0","","","6.6","","8.0","94","","19","","27.52","15.10","20.19","","","","",""
"2022-03-25","2022084","9:05","29.0","20.2526","9.0","","","6.7","","8.0","94","","24","","27.54","15.12","20.21","","","","",""
"2022-03-25","2022084","9:05","29.0","20.2526","10.0","","","6.7","","8.0","94","","28","","27.55","15.12","20.21","","","","",""
"2022-03-25","2022084","9:05","29.0","20.2526","11.0","","","6.8","","8.0","94","","40","","27.56","15.13","20.22","","","","",""
"2022-03-25","2022084","9:05","29.0","20.2526","12.0","","","7.0","","8.0","94","","39","","27.56","15.13","20.22","","","","",""
"2022-03-25","2022084","9:05","29.0","20.2526","13.0","","","7.3","","8.0","94","","39","","27.56","15.13","20.22","","","","",""
"2022-03-25","2022084","9:05","29.0","20.2526","14.0","","","7.2","","8.0","94","","47","","27.57","15.13","20.22","","","","",""
"2022-03-25","2022084","8:56","29.5","17.5640","1.0","","","8.2","","7.9","93","","21","1.30","27.35","15.06","20.07","","","","",""
"2022-03-25","2022084","8:56","29.5","17.5640","2.0","","","7.5","","7.9","94","","21","","27.36","15.06","20.08","","","","",""
"2022-03-25","2022084","8:56","29.5","17.5640","3.0","","","7.2","","8.0","94","","22","","27.37","15.07","20.09","","","","",""
"2022-03-25","2022084","8:56","29.5","17.5640","4.0","","","7.2","","7.9","94","","22","","27.38","15.08","20.09","","","","",""
"2022-03-25","2022084","8:56","29.5","17.5640","5.0","","","7.2","","8.0","94","","22","","27.38","15.08","20.09","","","","",""
"2022-03-25","2022084","8:56","29.5","17.5640","6.0","","","7.1","","8.0","94","","22","","27.40","15.08","20.10","","","","",""
"2022-03-25","2022084","8:56","29.5","17.5640","7.0","","","6.4","","8.0","94","","21","","27.40","15.08","20.11","","","","",""
"2022-03-25","2022084","8:56","29.5","17.5640","8.0","","","6.4","","8.0","94","","21","","27.40","15.08","20.11","","","","",""
"2022-03-25","2022084","8:56","29.5","17.5640","9.0","","","6.9","","8.0","94","","21","","27.40","15.07","20.11","","","","",""
"2022-03-25","2022084","8:56","29.5","17.5640","10.0","","","7.2","","8.0","94","","21","","27.40","15.08","20.11","","","","",""
"2022-03-25","2022084","8:56","29.5","17.5640","11.0","","","6.9","","8.0","94","","23","","27.42","15.10","20.12","","","","",""
"2022-03-25","2022084","8:56","29.5","17.5640","12.0","","","7.0","","8.0","94","","39","","27.43","15.11","20.12","","","","",""
"2022-03-25","2022084","8:56","29.5","17.5640","13.0","","","7.3","","8.0","94","","42","","27.43","15.11","20.12","","","","",""
"2022-03-25","2022084","8:56","29.5","17.5640","14.0","","","7.4","","7.9","94","","47","","27.44","15.13","20.12","","","","",""
"2022-03-25","2022084","8:46","30.0","14.7543","1.0","","","11.4","","7.8","92","","34","1.90","27.13","15.10","19.89","","","","",""
"2022-03-25","2022084","8:46","30.0","14.7543","2.0","10.1","0.75","10.2","","7.8","92","","34","","27.13","15.11","19.89","0.73","22.35","3.50","3.77","29.20"
"2022-03-25","2022084","8:46","30.0","14.7543","3.0","","","10.3","","7.8","92","","36","","27.13","15.11","19.89","","","","",""
"2022-03-25","2022084","8:46","30.0","14.7543","4.0","","","10.0","","7.8","91","","37","","27.13","15.11","19.89","","","","",""
"2022-03-25","2022084","8:46","30.0","14.7543","5.0","","","10.9","","7.8","91","","38","","27.17","15.12","19.92","","","","",""
"2022-03-25","2022084","8:46","30.0","14.7543","6.0","","","11.1","","7.8","92","","42","","27.21","15.10","19.95","","","","",""
"2022-03-25","2022084","8:46","30.0","14.7543","7.0","","","10.5","","7.8","92","","49","","27.23","15.09","19.97","","","","",""
"2022-03-25","2022084","8:46","30.0","14.7543","8.0","","","10.9","","7.8","92","","59","","27.24","15.09","19.98","","","","",""
"2022-03-25","2022084","8:46","30.0","14.7543","9.0","","","11.1","","7.8","92","","62","","27.24","15.08","19.98","","","","",""
"2022-03-25","2022084","8:46","30.0","14.7543","10.0","","","10.4","","7.8","92","","64","","27.24","15.08","19.98","","","","",""
"2022-03-25","2022084","8:46","30.0","14.7543","11.0","10.1","0.58","10.6","","7.8","92","67.2","68","","27.26","15.08","20.00","","","","",""
"2022-03-25","2022084","8:34","31.0","10.6065","1.0","","","12.7","","7.7","91","","19","1.70","26.94","15.32","19.70","","","","",""
"2022-03-25","2022084","8:34","31.0","10.6065","2.0","","","12.3","","7.7","91","","20","","26.94","15.33","19.70","","","","",""
"2022-03-25","2022084","8:34","31.0","10.6065","3.0","","","12.0","","7.7","91","","21","","26.95","15.34","19.70","","","","",""
"2022-03-25","2022084","8:34","31.0","10.6065","4.0","","","12.3","","7.7","91","","22","","26.95","15.34","19.71","","","","",""
"2022-03-25","2022084","8:34","31.0","10.6065","5.0","","","12.5","","7.7","91","","22","","26.96","15.32","19.71","","","","",""
"2022-03-25","2022084","8:34","31.0","10.6065","6.0","","","12.4","","7.7","91","","22","","26.96","15.29","19.73","","","","",""
"2022-03-25","2022084","8:34","31.0","10.6065","7.0","","","12.3","","7.7","91","","23","","26.98","15.30","19.74","","","","",""
"2022-03-25","2022084","8:34","31.0","10.6065","8.0","","","11.9","","7.7","91","","24","","27.01","15.33","19.75","","","","",""
"2022-03-25","2022084","8:34","31.0","10.6065","9.0","","","12.0","","7.7","91","","27","","27.04","15.30","19.78","","","","",""
"2022-03-25","2022084","8:34","31.0","10.6065","10.0","","","12.3","","7.7","91","","35","","27.06","15.28","19.80","","","","",""
"2022-03-25","2022084","8:34","31.0","10.6065","11.0","","","12.2","","7.7","91","","41","","27.07","15.27","19.81","","","","",""
"2022-03-25","2022084","8:34","31.0","10.6065","12.0","","","12.0","","7.7","91","","46","","27.07","15.27","19.81","","","","",""
"2022-03-25","2022084","8:26","32.0","8.1507","1.0","","","18.0","","7.7","92","","27","2.20","26.77","15.67","19.50","","","","",""
"2022-03-25","2022084","8:26","32.0","8.1507","2.0","19.3","0.87","18.3","","7.7","92","29.9","28","","26.78","15.67","19.50","0.59","18.63","1.21","4.08","18.87"
"2022-03-25","2022084","8:26","32.0","8.1507","3.0","","","18.0","","7.8","93","","30","","26.79","15.68","19.51","","","","",""
"2022-03-25","2022084","8:26","32.0","8.1507","4.0","","","17.8","","7.8","93","","31","","26.80","15.70","19.52","","","","",""
"2022-03-25","2022084","8:26","32.0","8.1507","5.0","","","18.4","","7.8","93","","37","","26.83","15.72","19.54","","","","",""
"2022-03-25","2022084","8:26","32.0","8.1507","6.0","","","18.3","","7.8","93","","44","","26.84","15.69","19.55","","","","",""
"2022-03-25","2022084","8:26","32.0","8.1507","7.0","","","18.8","","7.8","93","","51","","26.85","15.68","19.56","","","","",""
"2022-03-25","2022084","8:26","32.0","8.1507","8.0","","","18.3","","7.8","92","","55","","26.85","15.66","19.56","","","","",""
"2022-03-25","2022084","8:26","32.0","8.1507","9.0","","","18.4","","7.8","92","","68","","26.85","15.65","19.57","","","","",""
"2022-03-25","2022084","8:26","32.0","8.1507","10.0","19.2","0.66","18.7","","7.8","92","","74","","26.85","15.65","19.57","","","","",""
"2022-03-25","2022084","8:19","33.0","6.8085","1.0","","","21.0","","7.8","93","","44","2.80","26.83","15.94","19.48","","","","",""
"2022-03-25","2022084","8:19","33.0","6.8085","2.0","","","20.8","","7.8","93","50.8","46","","26.83","15.95","19.48","","","","",""
"2022-03-25","2022084","8:19","33.0","6.8085","3.0","","","20.3","","7.8","93","","45","","26.83","15.95","19.48","","","","",""
"2022-03-25","2022084","8:19","33.0","6.8085","4.0","","","20.6","","7.8","93","","45","","26.83","15.96","19.49","","","","",""
"2022-03-25","2022084","8:19","33.0","6.8085","5.0","","","20.5","","7.8","93","","46","","26.84","15.97","19.49","","","","",""
"2022-03-25","2022084","8:19","33.0","6.8085","6.0","","","20.5","","7.8","93","","46","","26.85","15.99","19.49","","","","",""
"2022-03-25","2022084","8:19","33.0","6.8085","7.0","","","20.7","","7.8","93","","53","","26.86","15.99","19.50","","","","",""
"2022-03-25","2022084","8:19","33.0","6.8085","8.0","","","20.7","","7.7","93","","64","","26.87","16.00","19.50","","","","",""
"2022-03-25","2022084","8:19","33.0","6.8085","9.0","","","21.9","","7.7","93","","90","","26.88","16.01","19.51","","","","",""
"2022-03-25","2022084","8:19","33.0","6.8085","10.0","","","22.2","","7.7","93","","93","","26.88","16.02","19.51","","","","",""
"2022-03-25","2022084","8:19","33.0","6.8085","11.0","","","22.4","","7.7","93","","98","","26.89","16.03","19.51","","","","",""
"2022-03-25","2022084","8:19","33.0","6.8085","12.0","","","23.1","","7.7","93","","107","","26.89","16.04","19.51","","","","",""
"2022-03-25","2022084","8:09","34.0","3.5290","1.0","","","24.7","","7.7","92","","41","2.90","26.85","16.07","19.47","","","","",""
"2022-03-25","2022084","8:09","34.0","3.5290","2.0","25.2","0.87","24.6","","7.7","92","40.6","42","","26.85","16.08","19.47","","","","",""
"2022-03-25","2022084","8:09","34.0","3.5290","3.0","","","24.8","","7.7","92","","45","","26.85","16.08","19.47","","","","",""
"2022-03-25","2022084","8:09","34.0","3.5290","4.0","","","24.7","","7.7","92","","46","","26.85","16.08","19.47","","","","",""
"2022-03-25","2022084","8:09","34.0","3.5290","5.0","","","24.7","","7.7","92","","44","","26.85","16.08","19.47","","","","",""
"2022-03-25","2022084","8:09","34.0","3.5290","6.0","","","24.7","","7.7","92","","46","","26.85","16.08","19.47","","","","",""
"2022-03-25","2022084","8:09","34.0","3.5290","7.0","","","24.6","","7.7","92","","55","","26.85","16.09","19.47","","","","",""
"2022-03-25","2022084","8:09","34.0","3.5290","8.0","","","24.7","","7.7","92","","60","","26.85","16.08","19.47","","","","",""
"2022-03-25","2022084","8:09","34.0","3.5290","9.0","25.9","0.77","24.8","","7.7","92","","73","","26.85","16.08","19.47","","","","",""
"2022-03-25","2022084","8:00","35.0","1.6576","1.0","","","22.1","","7.3","88","","45","3.10","26.54","16.11","19.23","","","","",""
"2022-03-25","2022084","8:00","35.0","1.6576","2.0","17.3","0.82","21.8","","7.3","88","","45","","26.59","16.14","19.26","","","","",""
"2022-03-25","2022084","8:00","35.0","1.6576","3.0","","","22.7","","7.4","88","","48","","26.57","16.13","19.25","","","","",""
"2022-03-25","2022084","8:00","35.0","1.6576","4.0","","","22.8","","7.4","89","","47","","26.59","16.15","19.26","","","","",""
"2022-03-25","2022084","8:00","35.0","1.6576","5.0","","","23.5","","7.4","89","","50","","26.66","16.22","19.30","","","","",""
"2022-03-25","2022084","8:00","35.0","1.6576","6.0","","","23.3","","7.5","89","","53","","26.66","16.22","19.30","","","","",""
"2022-03-25","2022084","7:52","36.0","0.0000","1.0","","","21.0","","7.1","85","","40","2.90","26.34","16.07","19.09","","","","",""
"2022-03-25","2022084","7:52","36.0","0.0000","2.0","19.6","0.85","21.0","","7.1","85","34.9","40","","26.37","16.15","19.09","0.67","20.49","1.78","4.88","22.08"
"2022-03-25","2022084","7:52","36.0","0.0000","3.0","","","23.0","","7.1","85","","53","","26.37","16.15","19.09","","","","",""
"2022-03-25","2022084","7:52","36.0","0.0000","4.0","","","22.8","","7.1","85","","65","","26.38","16.14","19.10","","","","",""
"2022-03-25","2022084","7:52","36.0","0.0000","5.0","20.6","0.79","22.4","","7.1","85","66.3","67","","26.40","16.15","19.11","","","","",""
"2022-04-11","2022101","11:11","18.0","54.9481","1.0","","","5.2","","7.3","84","","3","0.40","30.87","13.17","23.16","","","","",""
"2022-04-11","2022101","11:11","18.0","54.9481","2.0","4.6","0.76","4.7","","7.3","84","3.5","3","","30.87","13.17","23.16","0.70","20.63","2.93","2.01","38.45"
"2022-04-11","2022101","11:11","18.0","54.9481","3.0","","","4.7","","7.2","84","","3","","30.87","13.16","23.16","","","","",""
"2022-04-11","2022101","11:11","18.0","54.9481","4.0","","","5.0","","7.2","83","","3","","30.91","13.11","23.20","","","","",""
"2022-04-11","2022101","11:11","18.0","54.9481","5.0","","","6.0","","7.1","82","","3","","30.97","13.04","23.27","","","","",""
"2022-04-11","2022101","11:11","18.0","54.9481","6.0","","","6.1","","7.0","81","","3","","31.17","12.86","23.45","","","","",""
"2022-04-11","2022101","11:11","18.0","54.9481","7.0","","","6.0","","7.0","81","","3","","31.26","12.77","23.55","","","","",""
"2022-04-11","2022101","11:11","18.0","54.9481","8.0","","","6.0","","7.0","80","","4","","31.27","12.76","23.55","","","","",""
"2022-04-11","2022101","11:11","18.0","54.9481","9.0","","","5.9","","6.9","79","","3","","31.31","12.72","23.59","","","","",""
"2022-04-11","2022101","11:11","18.0","54.9481","10.0","","","5.7","","6.9","79","","4","","31.72","12.34","23.98","","","","",""
"2022-04-11","2022101","11:11","18.0","54.9481","11.0","","","5.5","","6.9","78","","4","","31.82","12.24","24.08","","","","",""
"2022-04-11","2022101","11:11","18.0","54.9481","12.0","","","5.7","","6.9","78","","4","","31.91","12.16","24.16","","","","",""
"2022-04-11","2022101","11:11","18.0","54.9481","13.0","","","5.7","","6.8","78","","5","","31.95","12.12","24.20","","","","",""
"2022-04-11","2022101","11:11","18.0","54.9481","14.0","","","5.7","","6.9","78","","5","","31.96","12.11","24.21","","","","",""
"2022-04-11","2022101","11:11","18.0","54.9481","15.0","","","5.8","","6.8","78","","4","","31.96","12.11","24.21","","","","",""
"2022-04-11","2022101","11:11","18.0","54.9481","16.0","","","5.7","","6.8","77","","5","","32.01","12.04","24.26","","","","",""
"2022-04-11","2022101","11:11","18.0","54.9481","17.0","","","5.5","","6.8","77","","4","","32.11","11.92","24.36","","","","",""
"2022-04-11","2022101","11:11","18.0","54.9481","18.0","","","5.4","","6.8","77","","4","","32.24","11.75","24.49","","","","",""
"2022-04-11","2022101","11:11","18.0","54.9481","19.0","","","5.4","","6.8","76","","3","","32.39","11.58","24.64","","","","",""
"2022-04-11","2022101","11:11","18.0","54.9481","20.0","","","5.2","","6.8","76","","3","","32.47","11.49","24.72","","","","",""
"2022-04-11","2022101","11:11","18.0","54.9481","21.0","","","5.2","","6.8","76","","4","","32.48","11.47","24.73","","","","",""
"2022-04-11","2022101","11:11","18.0","54.9481","22.0","","","5.0","","6.7","76","","4","","32.49","11.46","24.74","","","","",""
"2022-04-11","2022101","11:11","18.0","54.9481","23.0","","","5.1","","6.7","76","","4","","32.51","11.43","24.76","","","","",""
"2022-04-11","2022101","11:11","18.0","54.9481","24.0","","","5.1","","6.7","76","","4","","32.53","11.41","24.78","","","","",""
"2022-04-11","2022101","11:11","18.0","54.9481","25.0","","","5.0","","6.7","76","","4","","32.54","11.40","24.79","","","","",""
"2022-04-11","2022101","11:11","18.0","54.9481","26.0","","","5.2","","6.7","76","","4","","32.56","11.38","24.81","","","","",""
"2022-04-11","2022101","11:11","18.0","54.9481","27.0","","","5.0","","6.7","75","","4","","32.58","11.36","24.83","","","","",""
"2022-04-11","2022101","11:11","18.0","54.9481","28.0","","","5.3","","6.7","75","","5","","32.59","11.35","24.84","","","","",""
"2022-04-11","2022101","11:11","18.0","54.9481","29.0","","","5.2","","6.7","75","","4","","32.60","11.34","24.85","","","","",""
"2022-04-11","2022101","11:11","18.0","54.9481","30.0","","","5.2","","6.7","75","","5","","32.62","11.32","24.86","","","","",""
"2022-04-11","2022101","11:11","18.0","54.9481","31.0","","","5.3","","6.7","75","","5","","32.63","11.31","24.88","","","","",""
"2022-04-11","2022101","11:11","18.0","54.9481","32.0","","","5.5","","6.7","75","","5","","32.66","11.28","24.91","","","","",""
"2022-04-11","2022101","11:11","18.0","54.9481","33.0","","","5.5","","6.7","75","","6","","32.66","11.28","24.91","","","","",""
"2022-04-11","2022101","11:11","18.0","54.9481","34.0","","","5.6","","6.7","75","","6","","32.67","11.27","24.91","","","","",""
"2022-04-11","2022101","11:11","18.0","54.9481","35.0","","","5.6","","6.7","75","","6","","32.67","11.27","24.91","","","","",""
"2022-04-11","2022101","11:11","18.0","54.9481","36.0","","","5.6","","6.7","75","","7","","32.68","11.27","24.92","","","","",""
"2022-04-11","2022101","11:11","18.0","54.9481","37.0","","","5.7","","6.7","75","","7","","32.67","11.27","24.92","","","","",""
"2022-04-11","2022101","11:11","18.0","54.9481","38.0","","","5.6","","6.6","75","","7","","32.70","11.24","24.95","","","","",""
"2022-04-11","2022101","11:11","18.0","54.9481","39.0","","","6.0","","6.7","75","","8","","32.71","11.23","24.95","","","","",""
"2022-04-11","2022101","11:11","18.0","54.9481","40.0","","","6.0","","6.6","75","","8","","32.71","11.23","24.95","","","","",""
"2022-04-11","2022101","11:11","18.0","54.9481","41.0","","","5.8","","6.6","75","","9","","32.71","11.23","24.96","","","","",""
"2022-04-11","2022101","11:11","18.0","54.9481","42.0","","","5.9","","6.6","75","","8","","32.72","11.22","24.96","","","","",""
"2022-04-11","2022101","11:11","18.0","54.9481","43.0","","","6.0","","6.6","75","","10","","32.72","11.22","24.96","","","","",""
"2022-04-11","2022101","11:11","18.0","54.9481","44.0","6.8","0.52","6.5","","6.6","74","12.4","11","","32.72","11.22","24.96","","","","",""
"2022-04-11","2022101","10:58","20.0","51.4501","1.0","","","8.6","","7.9","93","","5","0.60","29.33","14.64","21.68","","","","",""
"2022-04-11","2022101","10:58","20.0","51.4501","2.0","9.7","0.83","9.1","","7.7","91","","5","","29.36","14.57","21.72","","","","",""
"2022-04-11","2022101","10:58","20.0","51.4501","3.0","","","9.1","","7.7","90","","5","","29.50","14.32","21.88","","","","",""
"2022-04-11","2022101","10:58","20.0","51.4501","4.0","","","8.9","","7.6","90","","6","","29.72","14.08","22.09","","","","",""
"2022-04-11","2022101","10:58","20.0","51.4501","5.0","","","8.2","","7.6","89","","5","","29.81","14.04","22.17","","","","",""
"2022-04-11","2022101","10:58","20.0","51.4501","6.0","","","8.0","","7.6","89","","5","","29.87","14.00","22.23","","","","",""
"2022-04-11","2022101","10:58","20.0","51.4501","7.0","","","7.0","","7.5","88","","5","","29.92","13.94","22.28","","","","",""
"2022-04-11","2022101","10:58","20.0","51.4501","8.0","","","6.3","","7.2","84","","4","","29.95","13.90","22.31","","","","",""
"2022-04-11","2022101","10:58","20.0","51.4501","9.0","","","5.8","","7.0","81","","5","","30.54","13.42","22.86","","","","",""
"2022-04-11","2022101","10:58","20.0","51.4501","10.0","","","5.2","","7.0","81","","4","","30.99","13.04","23.28","","","","",""
"2022-04-11","2022101","10:58","20.0","51.4501","11.0","","","4.9","","6.9","80","","6","","31.28","12.78","23.55","","","","",""
"2022-04-11","2022101","10:58","20.0","51.4501","12.0","","","4.9","","6.9","79","","6","","31.37","12.71","23.64","","","","",""
"2022-04-11","2022101","10:58","20.0","51.4501","13.0","","","4.8","","6.9","79","","6","","31.42","12.67","23.69","","","","",""
"2022-04-11","2022101","10:58","20.0","51.4501","14.0","","","5.0","","6.9","79","","6","","31.47","12.63","23.73","","","","",""
"2022-04-11","2022101","10:58","20.0","51.4501","15.0","","","5.1","","6.9","79","","6","","31.54","12.58","23.80","","","","",""
"2022-04-11","2022101","10:58","20.0","51.4501","16.0","","","4.7","","6.8","78","","6","","31.58","12.55","23.83","","","","",""
"2022-04-11","2022101","10:58","20.0","51.4501","17.0","","","4.9","","6.8","78","","6","","31.66","12.49","23.91","","","","",""
"2022-04-11","2022101","10:58","20.0","51.4501","18.0","","","5.0","","6.8","78","","5","","31.72","12.44","23.96","","","","",""
"2022-04-11","2022101","10:58","20.0","51.4501","19.0","","","5.0","","6.8","78","","6","","31.75","12.41","23.99","","","","",""
"2022-04-11","2022101","10:58","20.0","51.4501","20.0","","","5.0","","6.8","78","","6","","31.82","12.34","24.06","","","","",""
"2022-04-11","2022101","10:58","20.0","51.4501","21.0","","","5.1","","6.8","78","","5","","31.87","12.29","24.11","","","","",""
"2022-04-11","2022101","10:58","20.0","51.4501","22.0","","","5.1","","6.8","78","","4","","31.93","12.22","24.17","","","","",""
"2022-04-11","2022101","10:58","20.0","51.4501","23.0","","","5.0","","6.8","78","","5","","32.01","12.14","24.24","","","","",""
"2022-04-11","2022101","10:58","20.0","51.4501","24.0","","","5.0","","6.8","77","","5","","32.09","12.05","24.32","","","","",""
"2022-04-11","2022101","10:58","20.0","51.4501","25.0","","","5.0","","6.8","77","","5","","32.13","12.01","24.36","","","","",""
"2022-04-11","2022101","10:58","20.0","51.4501","26.0","","","5.2","","6.8","77","","7","","32.17","11.96","24.40","","","","",""
"2022-04-11","2022101","10:44","21.0","46.6266","1.0","","","8.5","","7.8","92","","9","0.50","29.36","14.63","21.71","","","","",""
"2022-04-11","2022101","10:44","21.0","46.6266","2.0","8.9","0.87","8.9","","7.8","92","","9","","29.36","14.63","21.71","","","","",""
"2022-04-11","2022101","10:44","21.0","46.6266","3.0","","","9.0","","7.8","92","","9","","29.38","14.63","21.72","","","","",""
"2022-04-11","2022101","10:44","21.0","46.6266","4.0","","","10.8","","7.7","91","","9","","29.39","14.63","21.73","","","","",""
"2022-04-11","2022101","10:44","21.0","46.6266","5.0","","","10.6","","7.7","91","","10","","29.43","14.64","21.75","","","","",""
"2022-04-11","2022101","10:44","21.0","46.6266","6.0","","","10.4","","7.6","90","","11","","29.45","14.62","21.78","","","","",""
"2022-04-11","2022101","10:44","21.0","46.6266","7.0","","","9.9","","7.3","87","","11","","29.54","14.56","21.85","","","","",""
"2022-04-11","2022101","10:44","21.0","46.6266","8.0","","","8.8","","7.3","85","","10","","30.13","13.93","22.44","","","","",""
"2022-04-11","2022101","10:44","21.0","46.6266","9.0","","","6.2","","7.3","85","","8","","30.27","13.75","22.58","","","","",""
"2022-04-11","2022101","10:44","21.0","46.6266","10.0","","","5.8","","7.2","84","","8","","30.29","13.73","22.61","","","","",""
"2022-04-11","2022101","10:44","21.0","46.6266","11.0","","","5.6","","7.0","82","","8","","30.35","13.66","22.66","","","","",""
"2022-04-11","2022101","10:44","21.0","46.6266","12.0","","","5.1","","7.0","81","","6","","30.86","13.18","23.15","","","","",""
"2022-04-11","2022101","10:44","21.0","46.6266","13.0","","","4.7","","7.0","80","","4","","31.13","12.95","23.41","","","","",""
"2022-04-11","2022101","10:44","21.0","46.6266","14.0","","","4.9","","7.0","80","","5","","31.17","12.93","23.44","","","","",""
"2022-04-11","2022101","10:44","21.0","46.6266","15.0","","","5.2","","6.9","80","","7","","31.20","12.91","23.47","","","","",""
"2022-04-11","2022101","10:44","21.0","46.6266","16.0","","","5.4","","6.9","80","","10","","31.21","12.90","23.48","","","","",""
"2022-04-11","2022101","10:44","21.0","46.6266","17.0","","","5.6","","6.9","80","","13","","31.21","12.89","23.48","","","","",""
"2022-04-11","2022101","10:44","21.0","46.6266","18.0","","","5.5","","6.9","80","","14","","31.21","12.89","23.48","","","","",""
"2022-04-11","2022101","10:34","22.0","43.9210","1.0","","","6.2","","7.7","90","","4","0.40","29.40","14.32","21.80","","","","",""
"2022-04-11","2022101","10:34","22.0","43.9210","2.0","5.8","0.83","6.3","","7.6","90","4.5","4","","29.42","14.28","21.82","0.74","19.42","4.43","2.02","37.03"
"2022-04-11","2022101","10:34","22.0","43.9210","3.0","","","7.3","","7.7","90","","4","","29.43","14.27","21.83","","","","",""
"2022-04-11","2022101","10:34","22.0","43.9210","4.0","","","7.2","","7.6","90","","4","","29.43","14.27","21.83","","","","",""
"2022-04-11","2022101","10:34","22.0","43.9210","5.0","","","7.0","","7.7","90","","4","","29.42","14.28","21.83","","","","",""
"2022-04-11","2022101","10:34","22.0","43.9210","6.0","","","7.0","","7.6","89","","4","","29.42","14.28","21.82","","","","",""
"2022-04-11","2022101","10:34","22.0","43.9210","7.0","","","6.9","","7.5","88","","4","","29.48","14.22","21.88","","","","",""
"2022-04-11","2022101","10:34","22.0","43.9210","8.0","","","6.5","","7.4","87","","4","","29.54","14.17","21.94","","","","",""
"2022-04-11","2022101","10:34","22.0","43.9210","9.0","","","6.1","","7.3","85","","4","","29.81","13.97","22.18","","","","",""
"2022-04-11","2022101","10:34","22.0","43.9210","10.0","","","5.4","","7.2","84","","4","","30.12","13.77","22.47","","","","",""
"2022-04-11","2022101","10:34","22.0","43.9210","11.0","","","4.9","","7.1","82","","3","","30.35","13.59","22.68","","","","",""
"2022-04-11","2022101","10:34","22.0","43.9210","12.0","","","4.6","","7.1","82","","4","","30.71","13.32","23.01","","","","",""
"2022-04-11","2022101","10:34","22.0","43.9210","13.0","","","4.8","","7.0","81","","4","","30.79","13.25","23.09","","","","",""
"2022-04-11","2022101","10:34","22.0","43.9210","14.0","","","4.7","","7.0","81","","5","","30.85","13.21","23.14","","","","",""
"2022-04-11","2022101","10:34","22.0","43.9210","15.0","","","5.0","","7.0","81","","5","","30.87","13.20","23.16","","","","",""
"2022-04-11","2022101","10:34","22.0","43.9210","16.0","","","5.0","","7.0","81","","6","","30.89","13.18","23.17","","","","",""
"2022-04-11","2022101","10:34","22.0","43.9210","17.0","","","5.1","","7.0","80","","7","","30.92","13.16","23.20","","","","",""
"2022-04-11","2022101","10:34","22.0","43.9210","18.0","","","5.1","","6.9","80","","8","","30.93","13.15","23.21","","","","",""
"2022-04-11","2022101","10:34","22.0","43.9210","19.0","5.2","0.69","5.2","","6.9","80","6.3","8","","30.94","13.15","23.22","","","","",""
"2022-04-11","2022101","10:19","23.0","39.6557","1.0","","","6.5","","7.7","91","","12","0.70","29.25","14.73","21.60","","","","",""
"2022-04-11","2022101","10:19","23.0","39.6557","2.0","","","7.1","","7.7","91","","12","","29.25","14.72","21.60","","","","",""
"2022-04-11","2022101","10:19","23.0","39.6557","3.0","","","7.2","","7.6","90","","12","","29.25","14.67","21.61","","","","",""
"2022-04-11","2022101","10:19","23.0","39.6557","4.0","","","6.9","","7.6","90","","12","","29.25","14.62","21.62","","","","",""
"2022-04-11","2022101","10:19","23.0","39.6557","5.0","","","6.9","","7.6","90","","12","","29.25","14.58","21.63","","","","",""
"2022-04-11","2022101","10:19","23.0","39.6557","6.0","","","7.0","","7.6","89","","12","","29.27","14.54","21.66","","","","",""
"2022-04-11","2022101","10:19","23.0","39.6557","7.0","","","6.8","","7.6","89","","12","","29.30","14.50","21.68","","","","",""
"2022-04-11","2022101","10:19","23.0","39.6557","8.0","","","6.3","","7.6","89","","12","","29.29","14.49","21.68","","","","",""
"2022-04-11","2022101","10:19","23.0","39.6557","9.0","","","5.9","","7.6","89","","12","","29.30","14.47","21.69","","","","",""
"2022-04-11","2022101","10:19","23.0","39.6557","10.0","","","5.7","","7.6","89","","12","","29.29","14.46","21.69","","","","",""
"2022-04-11","2022101","10:19","23.0","39.6557","11.0","","","5.7","","7.6","89","","12","","29.30","14.47","21.69","","","","",""
"2022-04-11","2022101","10:19","23.0","39.6557","12.0","","","5.6","","7.6","89","","12","","29.30","14.47","21.69","","","","",""
"2022-04-11","2022101","10:19","23.0","39.6557","13.0","","","5.7","","7.5","89","","12","","29.33","14.50","21.71","","","","",""
"2022-04-11","2022101","10:19","23.0","39.6557","14.0","","","5.7","","7.5","88","","12","","29.34","14.51","21.72","","","","",""
"2022-04-11","2022101","10:19","23.0","39.6557","15.0","","","5.7","","7.4","88","","12","","29.39","14.54","21.74","","","","",""
"2022-04-11","2022101","10:19","23.0","39.6557","16.0","","","5.6","","7.4","88","","12","","29.41","14.55","21.76","","","","",""
"2022-04-11","2022101","10:06","24.0","37.0911","1.0","","","5.6","","7.6","90","","12","0.60","29.25","14.49","21.65","","","","",""
"2022-04-11","2022101","10:06","24.0","37.0911","2.0","5.0","0.79","5.8","","7.6","90","11.6","12","","29.25","14.49","21.65","0.79","18.63","4.93","2.08","36.32"
"2022-04-11","2022101","10:06","24.0","37.0911","3.0","","","5.8","","7.6","90","","12","","29.25","14.49","21.65","","","","",""
"2022-04-11","2022101","10:06","24.0","37.0911","4.0","","","6.4","","7.6","90","","12","","29.25","14.49","21.65","","","","",""
"2022-04-11","2022101","10:06","24.0","37.0911","5.0","","","6.4","","7.6","90","","12","","29.25","14.49","21.65","","","","",""
"2022-04-11","2022101","10:06","24.0","37.0911","6.0","","","6.3","","7.6","89","","12","","29.25","14.49","21.65","","","","",""
"2022-04-11","2022101","10:06","24.0","37.0911","7.0","","","6.0","","7.6","90","","12","","29.25","14.49","21.65","","","","",""
"2022-04-11","2022101","10:06","24.0","37.0911","8.0","","","5.8","","7.6","90","","12","","29.25","14.49","21.65","","","","",""
"2022-04-11","2022101","10:06","24.0","37.0911","9.0","","","5.7","","7.6","90","","12","","29.25","14.49","21.65","","","","",""
"2022-04-11","2022101","10:06","24.0","37.0911","10.0","5.0","0.79","5.6","","7.6","89","15.1","12","","29.25","14.49","21.65","","","","",""
"2022-04-11","2022101","9:37","27.0","26.1872","1.0","","","12.1","","7.9","96","","19","1.70","28.31","16.23","20.56","","","","",""
"2022-04-11","2022101","9:37","27.0","26.1872","2.0","12.6","0.87","11.9","","7.9","96","15.4","19","","28.31","16.23","20.56","0.85","18.42","3.78","3.24","23.14"
"2022-04-11","2022101","9:37","27.0","26.1872","3.0","","","11.7","","7.9","96","","19","","28.31","16.23","20.56","","","","",""
"2022-04-11","2022101","9:37","27.0","26.1872","4.0","","","11.1","","7.9","96","","19","","28.32","16.24","20.56","","","","",""
"2022-04-11","2022101","9:37","27.0","26.1872","5.0","","","11.5","","7.9","96","","19","","28.32","16.24","20.56","","","","",""
"2022-04-11","2022101","9:37","27.0","26.1872","6.0","","","11.0","","7.9","95","","20","","28.33","16.24","20.58","","","","",""
"2022-04-11","2022101","9:37","27.0","26.1872","7.0","","","10.2","","7.9","95","","20","","28.36","16.23","20.60","","","","",""
"2022-04-11","2022101","9:37","27.0","26.1872","8.0","","","10.0","","7.9","95","","20","","28.40","16.20","20.63","","","","",""
"2022-04-11","2022101","9:37","27.0","26.1872","9.0","","","9.9","","7.9","95","","21","","28.44","16.15","20.68","","","","",""
"2022-04-11","2022101","9:37","27.0","26.1872","10.0","","","9.6","","7.9","95","","21","","28.50","16.06","20.74","","","","",""
"2022-04-11","2022101","9:37","27.0","26.1872","11.0","10.2","0.81","9.6","","7.9","96","21.9","22","","28.57","15.91","20.83","","","","",""
"2022-04-11","2022101","9:27","28.0","23.5695","1.0","","","19.2","","7.8","95","","24","2.10","27.95","16.67","20.19","","","","",""
"2022-04-11","2022101","9:27","28.0","23.5695","2.0","","","19.2","","7.7","94","","24","","27.95","16.67","20.19","","","","",""
"2022-04-11","2022101","9:27","28.0","23.5695","3.0","","","19.4","","7.7","93","","25","","28.00","16.64","20.23","","","","",""
"2022-04-11","2022101","9:27","28.0","23.5695","4.0","","","17.3","","7.7","93","","24","","28.29","16.37","20.51","","","","",""
"2022-04-11","2022101","9:27","28.0","23.5695","5.0","","","13.9","","7.8","95","","23","","28.52","16.03","20.76","","","","",""
"2022-04-11","2022101","9:27","28.0","23.5695","6.0","","","12.1","","8.0","96","","22","","28.69","15.66","20.98","","","","",""
"2022-04-11","2022101","9:27","28.0","23.5695","7.0","","","11.0","","8.0","96","","21","","28.75","15.52","21.05","","","","",""
"2022-04-11","2022101","9:27","28.0","23.5695","8.0","","","10.3","","8.0","96","","21","","28.77","15.45","21.08","","","","",""
"2022-04-11","2022101","9:27","28.0","23.5695","9.0","","","9.5","","8.0","96","","21","","28.81","15.33","21.13","","","","",""
"2022-04-11","2022101","9:27","28.0","23.5695","10.0","","","9.4","","8.0","96","","21","","28.82","15.29","21.15","","","","",""
"2022-04-11","2022101","9:27","28.0","23.5695","11.0","","","9.5","","8.1","96","","21","","28.90","15.09","21.25","","","","",""
"2022-04-11","2022101","9:27","28.0","23.5695","12.0","","","9.5","","8.1","96","","23","","28.93","15.00","21.30","","","","",""
"2022-04-11","2022101","9:27","28.0","23.5695","13.0","","","9.1","","8.1","96","","26","","28.94","14.99","21.31","","","","",""
"2022-04-11","2022101","9:27","28.0","23.5695","14.0","","","8.8","","8.1","96","","28","","28.94","14.99","21.31","","","","",""
"2022-04-11","2022101","9:16","29.0","20.2526","1.0","","","21.5","","7.8","94","","26","2.20","27.94","16.52","20.21","","","","",""
"2022-04-11","2022101","9:16","29.0","20.2526","2.0","","","19.0","","7.8","94","","26","","28.07","16.47","20.32","","","","",""
"2022-04-11","2022101","9:16","29.0","20.2526","3.0","","","18.2","","7.8","94","","25","","28.23","16.30","20.48","","","","",""
"2022-04-11","2022101","9:16","29.0","20.2526","4.0","","","16.3","","7.8","95","","25","","28.32","16.15","20.58","","","","",""
"2022-04-11","2022101","9:16","29.0","20.2526","5.0","","","15.0","","7.9","95","","25","","28.38","16.03","20.66","","","","",""
"2022-04-11","2022101","9:16","29.0","20.2526","6.0","","","14.4","","7.9","95","","25","","28.42","15.94","20.71","","","","",""
"2022-04-11","2022101","9:16","29.0","20.2526","7.0","","","13.9","","7.9","95","","25","","28.50","15.79","20.80","","","","",""
"2022-04-11","2022101","9:16","29.0","20.2526","8.0","","","13.0","","8.0","95","","24","","28.58","15.64","20.90","","","","",""
"2022-04-11","2022101","9:16","29.0","20.2526","9.0","","","12.3","","8.0","95","","24","","28.61","15.57","20.93","","","","",""
"2022-04-11","2022101","9:16","29.0","20.2526","10.0","","","12.3","","8.0","96","","26","","28.65","15.49","20.98","","","","",""
"2022-04-11","2022101","9:16","29.0","20.2526","11.0","","","11.8","","8.0","96","","28","","28.66","15.48","20.99","","","","",""
"2022-04-11","2022101","9:16","29.0","20.2526","12.0","","","11.2","","8.0","96","","28","","28.67","15.47","21.00","","","","",""
"2022-04-11","2022101","9:16","29.0","20.2526","13.0","","","11.1","","8.0","96","","26","","28.69","15.45","21.02","","","","",""
"2022-04-11","2022101","9:16","29.0","20.2526","14.0","","","11.0","","8.0","96","","30","","28.69","15.43","21.02","","","","",""
"2022-04-11","2022101","9:16","29.0","20.2526","15.0","","","11.2","","8.0","96","","30","","28.69","15.42","21.02","","","","",""
"2022-04-11","2022101","9:06","29.5","17.5640","1.0","","","23.2","","7.8","95","","27","2.30","27.83","16.63","20.10","","","","",""
"2022-04-11","2022101","9:06","29.5","17.5640","2.0","","","20.5","","7.7","94","","27","","27.84","16.62","20.11","","","","",""
"2022-04-11","2022101","9:06","29.5","17.5640","3.0","","","21.1","","7.7","93","","27","","27.95","16.46","20.23","","","","",""
"2022-04-11","2022101","9:06","29.5","17.5640","4.0","","","21.0","","7.7","93","","29","","28.04","16.35","20.33","","","","",""
"2022-04-11","2022101","9:06","29.5","17.5640","5.0","","","19.9","","7.7","93","","30","","28.05","16.36","20.33","","","","",""
"2022-04-11","2022101","9:06","29.5","17.5640","6.0","","","18.9","","7.7","93","","30","","28.08","16.37","20.35","","","","",""
"2022-04-11","2022101","9:06","29.5","17.5640","7.0","","","17.7","","7.7","94","","30","","28.12","16.35","20.39","","","","",""
"2022-04-11","2022101","9:06","29.5","17.5640","8.0","","","15.7","","7.7","94","","30","","28.14","16.34","20.41","","","","",""
"2022-04-11","2022101","9:06","29.5","17.5640","9.0","","","14.8","","7.8","94","","29","","28.23","16.25","20.49","","","","",""
"2022-04-11","2022101","9:06","29.5","17.5640","10.0","","","14.5","","7.8","94","","29","","28.25","16.21","20.52","","","","",""
"2022-04-11","2022101","9:06","29.5","17.5640","11.0","","","14.6","","7.7","94","","29","","28.26","16.20","20.53","","","","",""
"2022-04-11","2022101","9:06","29.5","17.5640","12.0","","","14.0","","7.8","94","","29","","28.36","16.04","20.63","","","","",""
"2022-04-11","2022101","9:06","29.5","17.5640","13.0","","","13.8","","7.8","94","","36","","28.45","15.81","20.76","","","","",""
"2022-04-11","2022101","9:06","29.5","17.5640","14.0","","","13.8","","7.8","94","","42","","28.45","15.81","20.76","","","","",""
"2022-04-11","2022101","8:56","30.0","14.7543","1.0","","","17.7","","7.9","95","","25","2.00","28.06","16.32","20.35","","","","",""
"2022-04-11","2022101","8:56","30.0","14.7543","2.0","17.1","0.88","17.3","","7.9","95","25.0","25","","28.06","16.32","20.35","0.73","17.21","2.00","3.47","21.01"
"2022-04-11","2022101","8:56","30.0","14.7543","3.0","","","17.0","","7.8","95","","25","","28.07","16.32","20.36","","","","",""
"2022-04-11","2022101","8:56","30.0","14.7543","4.0","","","17.0","","7.8","94","","26","","28.12","16.29","20.40","","","","",""
"2022-04-11","2022101","8:56","30.0","14.7543","5.0","","","17.0","","7.8","94","","28","","28.14","16.28","20.42","","","","",""
"2022-04-11","2022101","8:56","30.0","14.7543","6.0","","","16.7","","7.8","94","","30","","28.14","16.26","20.42","","","","",""
"2022-04-11","2022101","8:56","30.0","14.7543","7.0","","","16.2","","7.8","95","","31","","28.14","16.24","20.43","","","","",""
"2022-04-11","2022101","8:56","30.0","14.7543","8.0","","","15.7","","7.8","94","","32","","28.14","16.24","20.43","","","","",""
"2022-04-11","2022101","8:56","30.0","14.7543","9.0","","","15.7","","7.8","95","","32","","28.14","16.19","20.43","","","","",""
"2022-04-11","2022101","8:56","30.0","14.7543","10.0","","","15.5","","7.8","95","","35","","28.14","16.13","20.45","","","","",""
"2022-04-11","2022101","8:56","30.0","14.7543","11.0","16.6","0.84","15.9","","7.9","95","","39","","28.14","16.10","20.46","","","","",""
"2022-04-11","2022101","8:44","31.0","10.6065","1.0","","","21.1","","7.9","95","","34","2.80","27.93","16.22","20.27","","","","",""
"2022-04-11","2022101","8:44","31.0","10.6065","2.0","","","20.3","","7.9","95","","35","","27.93","16.22","20.27","","","","",""
"2022-04-11","2022101","8:44","31.0","10.6065","3.0","","","20.9","","7.9","95","","34","","27.93","16.23","20.27","","","","",""
"2022-04-11","2022101","8:44","31.0","10.6065","4.0","","","20.1","","7.9","95","","35","","27.93","16.23","20.27","","","","",""
"2022-04-11","2022101","8:44","31.0","10.6065","5.0","","","19.5","","7.9","95","","35","","27.94","16.24","20.27","","","","",""
"2022-04-11","2022101","8:44","31.0","10.6065","6.0","","","19.2","","7.9","95","","37","","27.94","16.24","20.27","","","","",""
"2022-04-11","2022101","8:44","31.0","10.6065","7.0","","","19.1","","7.9","95","","38","","27.94","16.23","20.27","","","","",""
"2022-04-11","2022101","8:44","31.0","10.6065","8.0","","","19.0","","7.9","95","","39","","27.95","16.24","20.28","","","","",""
"2022-04-11","2022101","8:44","31.0","10.6065","9.0","","","19.6","","7.9","95","","42","","27.97","16.23","20.30","","","","",""
"2022-04-11","2022101","8:44","31.0","10.6065","10.0","","","19.4","","7.9","95","","42","","27.97","16.23","20.30","","","","",""
"2022-04-11","2022101","8:44","31.0","10.6065","11.0","","","19.2","","7.9","95","","43","","27.98","16.22","20.31","","","","",""
"2022-04-11","2022101","8:44","31.0","10.6065","12.0","","","20.0","","7.9","95","","50","","27.98","16.20","20.31","","","","",""
"2022-04-11","2022101","8:35","32.0","8.1507","1.0","","","23.2","","7.7","94","","38","3.20","27.87","16.27","20.21","","","","",""
"2022-04-11","2022101","8:35","32.0","8.1507","2.0","19.8","0.87","21.8","","7.7","94","40.4","38","","27.87","16.26","20.21","0.65","17.42","1.07","3.75","19.58"
"2022-04-11","2022101","8:35","32.0","8.1507","3.0","","","22.1","","7.7","94","","38","","27.87","16.27","20.21","","","","",""
"2022-04-11","2022101","8:35","32.0","8.1507","4.0","","","22.1","","7.7","94","","38","","27.87","16.26","20.21","","","","",""
"2022-04-11","2022101","8:35","32.0","8.1507","5.0","","","21.8","","7.7","93","","38","","27.87","16.26","20.21","","","","",""
"2022-04-11","2022101","8:35","32.0","8.1507","6.0","","","22.1","","7.7","93","","41","","27.87","16.22","20.22","","","","",""
"2022-04-11","2022101","8:35","32.0","8.1507","7.0","","","21.7","","7.7","93","","45","","27.87","16.21","20.23","","","","",""
"2022-04-11","2022101","8:35","32.0","8.1507","8.0","","","21.2","","7.7","93","","50","","27.87","16.19","20.23","","","","",""
"2022-04-11","2022101","8:35","32.0","8.1507","9.0","","","21.2","","7.7","93","","58","","27.88","16.16","20.24","","","","",""
"2022-04-11","2022101","8:35","32.0","8.1507","10.0","22.6","0.80","21.4","","7.7","93","","65","","27.89","16.12","20.26","","","","",""
"2022-04-11","2022101","8:28","33.0","6.8085","1.0","","","25.2","","7.7","93","","41","3.20","27.83","16.18","20.20","","","","",""
"2022-04-11","2022101","8:28","33.0","6.8085","2.0","","","23.1","","7.7","93","","40","","27.83","16.19","20.20","","","","",""
"2022-04-11","2022101","8:28","33.0","6.8085","3.0","","","22.5","","7.7","92","","40","","27.84","16.17","20.21","","","","",""
"2022-04-11","2022101","8:28","33.0","6.8085","4.0","","","22.1","","7.7","92","","44","","27.84","16.16","20.21","","","","",""
"2022-04-11","2022101","8:28","33.0","6.8085","5.0","","","22.5","","7.7","92","","47","","27.85","16.08","20.24","","","","",""
"2022-04-11","2022101","8:28","33.0","6.8085","6.0","","","23.1","","7.7","92","","52","","27.86","16.03","20.25","","","","",""
"2022-04-11","2022101","8:28","33.0","6.8085","7.0","","","22.7","","7.7","92","","58","","27.87","15.95","20.28","","","","",""
"2022-04-11","2022101","8:28","33.0","6.8085","8.0","","","21.9","","7.7","92","","65","","27.88","15.88","20.30","","","","",""
"2022-04-11","2022101","8:28","33.0","6.8085","9.0","","","20.8","","7.7","92","","74","","27.89","15.79","20.33","","","","",""
"2022-04-11","2022101","8:28","33.0","6.8085","10.0","","","20.2","","7.7","92","","79","","27.90","15.75","20.35","","","","",""
"2022-04-11","2022101","8:28","33.0","6.8085","11.0","","","20.4","","7.7","92","","79","","27.91","15.66","20.38","","","","",""
"2022-04-11","2022101","8:28","33.0","6.8085","12.0","","","20.0","","7.7","92","","77","","27.92","15.62","20.39","","","","",""
"2022-04-11","2022101","8:28","33.0","6.8085","13.0","","","19.8","","7.7","92","","76","","27.93","15.60","20.40","","","","",""
"2022-04-11","2022101","8:17","34.0","3.5290","1.0","","","20.3","","7.5","90","","37","2.80","27.28","16.18","19.78","","","","",""
"2022-04-11","2022101","8:17","34.0","3.5290","2.0","20.6","0.91","20.5","","7.4","89","36.7","38","","27.41","16.15","19.89","","","","",""
"2022-04-11","2022101","8:17","34.0","3.5290","3.0","","","21.2","","7.5","90","","46","","27.63","15.85","20.12","","","","",""
"2022-04-11","2022101","8:17","34.0","3.5290","4.0","","","20.2","","7.6","90","","68","","27.72","15.53","20.25","","","","",""
"2022-04-11","2022101","8:17","34.0","3.5290","5.0","","","20.5","","7.6","90","","95","","27.77","15.41","20.32","","","","",""
"2022-04-11","2022101","8:17","34.0","3.5290","6.0","","","21.5","","7.6","90","","122","","27.80","15.40","20.34","","","","",""
"2022-04-11","2022101","8:17","34.0","3.5290","7.0","","","22.7","","7.6","90","","151","","27.80","15.42","20.34","","","","",""
"2022-04-11","2022101","8:17","34.0","3.5290","8.0","28.1","0.64","28.0","","7.6","90","","183","","27.80","15.43","20.34","","","","",""
"2022-04-11","2022101","8:06","35.0","1.6576","1.0","","","24.0","","7.3","88","","51","3.90","26.89","16.18","19.49","","","","",""
"2022-04-11","2022101","8:06","35.0","1.6576","2.0","23.1","0.85","24.0","","7.3","88","60.6","61","","27.00","16.29","19.55","","","","",""
"2022-04-11","2022101","8:06","35.0","1.6576","3.0","","","27.0","","7.3","88","","78","","27.18","16.42","19.65","","","","",""
"2022-04-11","2022101","8:06","35.0","1.6576","4.0","","","28.0","","7.2","87","","95","","27.21","16.44","19.67","","","","",""
"2022-04-11","2022101","8:06","35.0","1.6576","5.0","","","28.2","","7.2","87","","124","","27.20","16.43","19.67","","","","",""
"2022-04-11","2022101","8:06","35.0","1.6576","6.0","","","28.9","","7.3","88","","158","","27.24","16.36","19.71","","","","",""
"2022-04-11","2022101","7:57","36.0","0.0000","1.0","","","18.2","","7.4","87","","43","2.80","25.83","16.09","18.77","","","","",""
"2022-04-11","2022101","7:57","36.0","0.0000","2.0","18.2","0.84","18.1","","7.3","87","","44","","26.35","16.09","19.13","1.63","32.27","3.36","7.93","39.17"
"2022-04-11","2022101","7:57","36.0","0.0000","3.0","","","22.8","","7.3","87","","59","","26.72","16.09","19.37","","","","",""
"2022-04-11","2022101","7:57","36.0","0.0000","4.0","","","23.9","","7.3","87","","82","","26.81","16.15","19.43","","","","",""
"2022-04-11","2022101","7:57","36.0","0.0000","5.0","","","24.2","","7.3","87","","105","","26.85","16.17","19.46","","","","",""
"2022-04-11","2022101","7:57","36.0","0.0000","6.0","24.8","0.61","24.3","","7.3","87","","126","","26.88","16.17","19.47","","","","",""
"2022-04-19","2022109","14:19","2.0","127.7053","1.0","","","10.8","","9.3","96","","42","","1.26","16.20","","","","","",""
"2022-04-19","2022109","14:19","2.0","127.7053","2.0","","","11.0","","9.3","95","","47","","1.35","16.02","","","","","",""
"2022-04-19","2022109","14:19","2.0","127.7053","3.0","","","11.0","","9.3","95","","48","","1.38","16.00","0.01","","","","",""
"2022-04-19","2022109","14:19","2.0","127.7053","4.0","","","10.9","","9.2","94","","50","","1.43","16.01","0.05","","","","",""
"2022-04-19","2022109","14:19","2.0","127.7053","5.0","","","10.6","","9.0","93","","51","","1.55","16.08","0.13","","","","",""
"2022-04-19","2022109","14:19","2.0","127.7053","6.0","","","10.1","","9.0","92","","50","","1.68","16.14","0.22","","","","",""
"2022-04-19","2022109","14:19","2.0","127.7053","7.0","","","9.5","","9.0","93","","48","","1.77","16.10","0.29","","","","",""
"2022-04-19","2022109","14:19","2.0","127.7053","8.0","","","9.4","","9.1","93","","48","","1.77","16.10","0.29","","","","",""
"2022-04-19","2022109","14:19","2.0","127.7053","9.0","","","9.6","","9.1","93","","49","","1.80","16.10","0.31","","","","",""
"2022-04-19","2022109","14:19","2.0","127.7053","10.0","","","9.7","","9.1","93","","51","","1.83","16.08","0.34","","","","",""
"2022-04-19","2022109","14:09","3.0","125.3243","1.0","","","6.2","","9.3","96","","44","","1.91","16.04","0.41","","","","",""
"2022-04-19","2022109","14:09","3.0","125.3243","2.0","6.8","0.67","6.6","","9.2","95","37.7","43","","1.91","16.04","0.41","0.34","12.71","4.21","2.01","198.32"
"2022-04-19","2022109","14:09","3.0","125.3243","3.0","","","6.9","","9.2","95","","45","","2.00","15.98","0.49","","","","",""
"2022-04-19","2022109","14:09","3.0","125.3243","4.0","","","7.0","","9.2","94","","60","","2.17","15.87","0.63","","","","",""
"2022-04-19","2022109","14:09","3.0","125.3243","5.0","","","7.3","","9.2","94","","77","","2.25","15.82","0.71","","","","",""
"2022-04-19","2022109","14:09","3.0","125.3243","6.0","","","7.4","","9.2","94","","93","","2.30","15.81","0.74","","","","",""
"2022-04-19","2022109","14:09","3.0","125.3243","7.0","","","7.3","","9.2","94","","105","","2.34","15.81","0.78","","","","",""
"2022-04-19","2022109","14:09","3.0","125.3243","8.0","","","7.1","","9.2","94","","116","","2.44","15.80","0.85","","","","",""
"2022-04-19","2022109","14:09","3.0","125.3243","9.0","","","7.1","","9.2","94","","118","","2.59","15.84","0.96","","","","",""
"2022-04-19","2022109","14:09","3.0","125.3243","10.0","","","6.8","","9.1","94","","108","","2.74","15.86","1.08","","","","",""
"2022-04-19","2022109","14:09","3.0","125.3243","11.0","","","5.2","","9.1","94","","88","","2.88","15.87","1.18","","","","",""
"2022-04-19","2022109","14:09","3.0","125.3243","12.0","5.3","0.46","5.2","","9.1","94","82.8","89","","2.89","15.87","1.19","","","","",""
"2022-04-19","2022109","13:53","4.0","119.8957","1.0","","","4.9","","9.1","94","","83","","3.11","15.71","1.38","","","","",""
"2022-04-19","2022109","13:53","4.0","119.8957","2.0","","","4.5","","9.1","94","","89","","3.12","15.70","1.40","","","","",""
"2022-04-19","2022109","13:53","4.0","119.8957","3.0","","","4.8","","9.1","94","","90","","3.14","15.70","1.41","","","","",""
"2022-04-19","2022109","13:53","4.0","119.8957","4.0","","","4.7","","9.1","94","","92","","3.17","15.69","1.44","","","","",""
"2022-04-19","2022109","13:53","4.0","119.8957","5.0","","","4.6","","9.1","94","","92","","3.17","15.69","1.44","","","","",""
"2022-04-19","2022109","13:53","4.0","119.8957","6.0","","","4.6","","9.2","94","","90","","3.18","15.69","1.44","","","","",""
"2022-04-19","2022109","13:53","4.0","119.8957","7.0","","","4.6","","9.2","94","","87","","3.18","15.69","1.44","","","","",""
"2022-04-19","2022109","13:53","4.0","119.8957","8.0","","","5.0","","9.2","94","","88","","3.18","15.69","1.44","","","","",""
"2022-04-19","2022109","13:53","4.0","119.8957","9.0","","","4.7","","9.2","94","","88","","3.17","15.69","1.44","","","","",""
"2022-04-19","2022109","13:53","4.0","119.8957","10.0","","","4.5","","9.1","94","","87","","3.17","15.69","1.44","","","","",""
"2022-04-19","2022109","13:53","4.0","119.8957","11.0","","","4.8","","9.1","94","","85","","3.18","15.69","1.44","","","","",""
"2022-04-19","2022109","13:53","4.0","119.8957","12.0","","","4.6","","9.1","94","","83","","3.19","15.69","1.45","","","","",""
"2022-04-19","2022109","13:53","4.0","119.8957","13.0","","","4.5","","9.1","94","","81","","3.20","15.69","1.45","","","","",""
"2022-04-19","2022109","13:53","4.0","119.8957","14.0","","","4.4","","9.1","94","","80","","3.25","15.69","1.50","","","","",""
"2022-04-19","2022109","13:53","4.0","119.8957","15.0","","","4.5","","9.1","94","","79","","3.27","15.69","1.51","","","","",""
"2022-04-19","2022109","13:53","4.0","119.8957","16.0","","","4.5","","9.1","94","","81","","3.30","15.69","1.54","","","","",""
"2022-04-19","2022109","13:53","4.0","119.8957","17.0","","","5.1","","9.1","94","","93","","3.31","15.69","1.54","","","","",""
"2022-04-19","2022109","13:39","5.0","115.6252","1.0","","","1.7","","9.1","94","","60","","4.29","15.67","2.29","","","","",""
"2022-04-19","2022109","13:39","5.0","115.6252","2.0","","","2.1","","9.1","94","","70","","4.34","15.66","2.33","","","","",""
"2022-04-19","2022109","13:39","5.0","115.6252","3.0","","","2.4","","9.1","94","","75","","4.34","15.66","2.34","","","","",""
"2022-04-19","2022109","13:39","5.0","115.6252","4.0","","","2.4","","9.1","94","","74","","4.34","15.66","2.34","","","","",""
"2022-04-19","2022109","13:39","5.0","115.6252","5.0","","","2.3","","9.1","94","","73","","4.36","15.66","2.35","","","","",""
"2022-04-19","2022109","13:39","5.0","115.6252","6.0","","","2.4","","9.1","94","","77","","4.36","15.66","2.35","","","","",""
"2022-04-19","2022109","13:39","5.0","115.6252","7.0","","","2.3","","9.1","94","","76","","4.37","15.66","2.36","","","","",""
"2022-04-19","2022109","13:39","5.0","115.6252","8.0","","","2.4","","9.1","94","","84","","4.39","15.66","2.37","","","","",""
"2022-04-19","2022109","13:39","5.0","115.6252","9.0","","","2.9","","9.1","94","","90","","4.40","15.66","2.38","","","","",""
"2022-04-19","2022109","13:39","5.0","115.6252","10.0","","","3.2","","9.1","94","","96","","4.40","15.66","2.38","","","","",""
"2022-04-19","2022109","13:22","6.0","110.8977","1.0","","","1.8","","9.0","95","","47","","6.24","15.86","3.76","","","","",""
"2022-04-19","2022109","13:22","6.0","110.8977","2.0","2.2","0.44","1.8","","9.0","95","58.8","57","","6.27","15.83","3.79","0.58","15.21","5.93","2.37","187.29"
"2022-04-19","2022109","13:22","6.0","110.8977","3.0","","","1.6","","9.0","95","","58","","6.29","15.82","3.80","","","","",""
"2022-04-19","2022109","13:22","6.0","110.8977","4.0","","","1.9","","9.0","95","","60","","6.35","15.80","3.85","","","","",""
"2022-04-19","2022109","13:22","6.0","110.8977","5.0","","","2.4","","9.0","95","","67","","6.43","15.77","3.91","","","","",""
"2022-04-19","2022109","13:22","6.0","110.8977","6.0","","","2.7","","9.0","94","","68","","6.45","15.77","3.94","","","","",""
"2022-04-19","2022109","13:22","6.0","110.8977","7.0","","","2.7","","9.0","94","","69","","6.53","15.75","4.00","","","","",""
"2022-04-19","2022109","13:22","6.0","110.8977","8.0","","","2.9","","9.0","94","","70","","6.62","15.74","4.07","","","","",""
"2022-04-19","2022109","13:22","6.0","110.8977","9.0","","","2.2","","9.0","95","","74","","6.67","15.77","4.10","","","","",""
"2022-04-19","2022109","13:22","6.0","110.8977","10.0","2.1","0.33","2.1","","9.0","95","91.9","89","","6.81","15.78","4.21","","","","",""
"2022-04-19","2022109","13:00","7.0","104.9810","1.0","","","2.3","","8.8","94","","63","","9.62","15.65","6.38","","","","",""
"2022-04-19","2022109","13:00","7.0","104.9810","2.0","2.0","0.42","2.3","","8.8","94","62.1","64","","9.65","15.64","6.40","","","","",""
"2022-04-19","2022109","13:00","7.0","104.9810","3.0","","","2.5","","8.8","94","","68","","9.70","15.62","6.45","","","","",""
"2022-04-19","2022109","13:00","7.0","104.9810","4.0","","","2.4","","8.8","94","","77","","9.75","15.61","6.49","","","","",""
"2022-04-19","2022109","13:00","7.0","104.9810","5.0","","","2.7","","8.8","94","","77","","9.75","15.61","6.48","","","","",""
"2022-04-19","2022109","13:00","7.0","104.9810","6.0","","","2.6","","8.8","94","","78","","9.77","15.60","6.50","","","","",""
"2022-04-19","2022109","13:00","7.0","104.9810","7.0","","","2.9","","8.8","94","","84","","9.82","15.60","6.54","","","","",""
"2022-04-19","2022109","13:00","7.0","104.9810","8.0","","","3.3","","8.8","94","","90","","9.88","15.59","6.58","","","","",""
"2022-04-19","2022109","13:00","7.0","104.9810","9.0","","","3.4","","8.8","94","","90","","9.87","15.60","6.58","","","","",""
"2022-04-19","2022109","13:00","7.0","104.9810","10.0","","","3.4","","8.8","94","","92","","9.94","15.59","6.63","","","","",""
"2022-04-19","2022109","13:00","7.0","104.9810","11.0","","","3.7","","8.8","94","","98","","10.00","15.58","6.68","","","","",""
"2022-04-19","2022109","13:00","7.0","104.9810","12.0","","","3.9","","8.7","94","","99","","10.14","15.57","6.79","","","","",""
"2022-04-19","2022109","13:00","7.0","104.9810","13.0","","","3.9","","8.7","94","","103","","10.24","15.56","6.87","","","","",""
"2022-04-19","2022109","13:00","7.0","104.9810","14.0","","","4.0","","8.7","93","","107","","10.34","15.55","6.95","","","","",""
"2022-04-19","2022109","12:39","8.0","99.7699","1.0","","","6.6","","8.8","94","","119","","10.26","15.63","6.87","","","","",""
"2022-04-19","2022109","12:39","8.0","99.7699","2.0","","","6.8","","8.8","94","119.6","121","","10.65","15.44","7.20","","","","",""
"2022-04-19","2022109","12:39","8.0","99.7699","3.0","","","6.4","","8.8","94","","119","","11.07","15.37","7.54","","","","",""
"2022-04-19","2022109","12:39","8.0","99.7699","4.0","","","5.5","","8.8","94","","124","","11.27","15.42","7.68","","","","",""
"2022-04-19","2022109","12:39","8.0","99.7699","5.0","","","4.1","","8.7","94","","112","","11.42","15.44","7.80","","","","",""
"2022-04-19","2022109","12:39","8.0","99.7699","6.0","","","3.4","","8.7","94","","97","","11.53","15.44","7.88","","","","",""
"2022-04-19","2022109","12:39","8.0","99.7699","7.0","","","3.0","","8.7","94","","90","","11.54","15.44","7.88","","","","",""
"2022-04-19","2022109","12:39","8.0","99.7699","8.0","","","2.5","","8.7","94","","87","","11.54","15.44","7.88","","","","",""
"2022-04-19","2022109","12:39","8.0","99.7699","9.0","","","2.6","","8.7","94","","89","","11.65","15.45","7.97","","","","",""
"2022-04-19","2022109","12:39","8.0","99.7699","10.0","","","2.6","","8.7","94","","94","","11.68","15.45","7.99","","","","",""
"2022-04-19","2022109","12:39","8.0","99.7699","11.0","","","2.7","","8.7","94","","87","","11.75","15.45","8.04","","","","",""
"2022-04-19","2022109","12:39","8.0","99.7699","12.0","","","2.7","","8.7","94","","86","","11.77","15.45","8.06","","","","",""
"2022-04-19","2022109","12:39","8.0","99.7699","13.0","","","2.8","","8.7","94","","86","","11.76","15.45","8.05","","","","",""
"2022-04-19","2022109","12:39","8.0","99.7699","14.0","","","3.0","","8.7","94","","82","","11.88","15.46","8.14","","","","",""
"2022-04-19","2022109","12:39","8.0","99.7699","15.0","","","2.5","","8.7","94","","89","","11.91","15.46","8.16","","","","",""
"2022-04-19","2022109","12:39","8.0","99.7699","16.0","","","3.0","","8.7","94","","92","","11.93","15.46","8.18","","","","",""
"2022-04-19","2022109","12:17","9.0","96.7889","1.0","","","2.1","","8.7","94","","59","4.36","12.55","15.43","8.66","","","","",""
"2022-04-19","2022109","12:17","9.0","96.7889","2.0","2.7","0.51","2.8","","8.7","94","69.3","63","","12.78","15.37","8.84","0.76","17.63","6.07","2.59","150.61"
"2022-04-19","2022109","12:17","9.0","96.7889","3.0","","","3.4","","8.7","94","","75","","12.85","15.36","8.90","","","","",""
"2022-04-19","2022109","12:17","9.0","96.7889","4.0","","","4.1","","8.6","94","","80","","12.98","15.34","9.00","","","","",""
"2022-04-19","2022109","12:17","9.0","96.7889","5.0","","","3.9","","8.6","94","","89","","13.03","15.33","9.05","","","","",""
"2022-04-19","2022109","12:17","9.0","96.7889","6.0","","","4.9","","8.6","94","","92","","13.08","15.33","9.08","","","","",""
"2022-04-19","2022109","12:17","9.0","96.7889","7.0","","","4.5","","8.6","94","","92","","13.06","15.33","9.07","","","","",""
"2022-04-19","2022109","12:17","9.0","96.7889","8.0","","","4.4","","8.6","94","","93","","13.09","15.32","9.09","","","","",""
"2022-04-19","2022109","12:17","9.0","96.7889","9.0","","","4.3","","8.6","93","","94","","13.12","15.32","9.11","","","","",""
"2022-04-19","2022109","12:17","9.0","96.7889","10.0","","","4.6","","8.6","93","","97","","13.18","15.31","9.16","","","","",""
"2022-04-19","2022109","12:17","9.0","96.7889","11.0","","","4.4","","8.6","93","","102","","13.18","15.31","9.17","","","","",""
"2022-04-19","2022109","12:17","9.0","96.7889","12.0","","","4.7","","8.6","93","","102","","13.20","15.31","9.18","","","","",""
"2022-04-19","2022109","12:17","9.0","96.7889","13.0","","","4.9","","8.6","93","","105","","13.21","15.31","9.19","","","","",""
"2022-04-19","2022109","12:17","9.0","96.7889","14.0","","","5.0","","8.6","93","","108","","13.24","15.30","9.21","","","","",""
"2022-04-19","2022109","12:17","9.0","96.7889","15.0","","","5.6","","8.6","93","","109","","13.23","15.30","9.21","","","","",""
"2022-04-19","2022109","12:17","9.0","96.7889","16.0","","","4.9","","8.6","94","","108","","13.22","15.30","9.19","","","","",""
"2022-04-19","2022109","12:17","9.0","96.7889","17.0","","","5.1","","8.6","93","","107","","13.19","15.31","9.17","","","","",""
"2022-04-19","2022109","12:17","9.0","96.7889","18.0","","","5.2","","8.6","93","","106","","13.24","15.30","9.21","","","","",""
"2022-04-19","2022109","12:17","9.0","96.7889","19.0","","","5.2","","8.6","93","","109","","13.24","15.30","9.21","","","","",""
"2022-04-19","2022109","12:17","9.0","96.7889","20.0","","","4.7","","8.6","93","","110","","13.26","15.30","9.22","","","","",""
"2022-04-19","2022109","12:17","9.0","96.7889","21.0","","","4.6","","8.6","93","","110","","13.26","15.30","9.23","","","","",""
"2022-04-19","2022109","12:17","9.0","96.7889","22.0","","","4.9","","8.6","93","","112","","13.28","15.30","9.24","","","","",""
"2022-04-19","2022109","12:17","9.0","96.7889","23.0","","","4.9","","8.6","93","","112","","13.31","15.30","9.26","","","","",""
"2022-04-19","2022109","12:17","9.0","96.7889","24.0","","","5.0","","8.6","93","","110","","13.33","15.30","9.28","","","","",""
"2022-04-19","2022109","12:17","9.0","96.7889","25.0","","","5.2","","8.6","93","","112","","13.36","15.30","9.30","","","","",""
"2022-04-19","2022109","12:17","9.0","96.7889","26.0","","","5.0","","8.6","93","","112","","13.39","15.30","9.33","","","","",""
"2022-04-19","2022109","12:17","9.0","96.7889","27.0","","","5.2","","8.6","93","","121","","13.54","15.29","9.44","","","","",""
"2022-04-19","2022109","12:07","10.0","93.5951","1.0","","","1.9","","8.6","93","","60","4.20","13.79","15.34","9.62","","","","",""
"2022-04-19","2022109","12:07","10.0","93.5951","2.0","","","1.8","","8.6","93","","56","","13.79","15.34","9.62","","","","",""
"2022-04-19","2022109","12:07","10.0","93.5951","3.0","","","1.7","","8.6","93","","61","","13.84","15.30","9.67","","","","",""
"2022-04-19","2022109","12:07","10.0","93.5951","4.0","","","2.0","","8.6","93","","76","","13.89","15.28","9.71","","","","",""
"2022-04-19","2022109","12:07","10.0","93.5951","5.0","","","2.4","","8.5","93","","77","","13.94","15.28","9.75","","","","",""
"2022-04-19","2022109","12:07","10.0","93.5951","6.0","","","2.8","","8.5","93","","80","","14.00","15.28","9.79","","","","",""
"2022-04-19","2022109","12:07","10.0","93.5951","7.0","","","2.4","","8.5","93","","84","","14.08","15.27","9.86","","","","",""
"2022-04-19","2022109","12:07","10.0","93.5951","8.0","","","2.5","","8.5","93","","84","","14.29","15.26","10.02","","","","",""
"2022-04-19","2022109","12:07","10.0","93.5951","9.0","","","2.4","","8.5","92","","84","","14.51","15.25","10.19","","","","",""
"2022-04-19","2022109","12:07","10.0","93.5951","10.0","","","2.7","","8.4","92","","90","","14.78","15.25","10.40","","","","",""
"2022-04-19","2022109","12:07","10.0","93.5951","11.0","","","2.8","","8.4","92","","96","","15.14","15.25","10.68","","","","",""
"2022-04-19","2022109","12:07","10.0","93.5951","12.0","","","2.9","","8.4","92","","103","","15.48","15.24","10.94","","","","",""
"2022-04-19","2022109","12:07","10.0","93.5951","13.0","","","3.2","","8.4","92","","109","","15.76","15.24","11.15","","","","",""
"2022-04-19","2022109","12:07","10.0","93.5951","14.0","","","3.3","","8.4","92","","127","","15.99","15.24","11.33","","","","",""
"2022-04-19","2022109","12:07","10.0","93.5951","15.0","","","4.0","","8.4","92","","132","","16.05","15.24","11.37","","","","",""
"2022-04-19","2022109","12:07","10.0","93.5951","16.0","","","3.9","","8.3","92","","166","","16.20","15.24","11.49","","","","",""
"2022-04-19","2022109","11:48","11.0","89.7672","1.0","","","0.7","","8.3","92","","8","2.86","17.09","15.53","12.11","","","","",""
"2022-04-19","2022109","11:48","11.0","89.7672","2.0","","","0.7","","8.3","92","","9","","17.53","15.30","12.49","","","","",""
"2022-04-19","2022109","11:48","11.0","89.7672","3.0","","","0.8","","8.2","92","","39","","17.71","15.26","12.64","","","","",""
"2022-04-19","2022109","11:48","11.0","89.7672","4.0","","","0.9","","8.2","92","","49","","17.84","15.24","12.74","","","","",""
"2022-04-19","2022109","11:48","11.0","89.7672","5.0","","","1.0","","8.2","92","","65","","17.99","15.23","12.86","","","","",""
"2022-04-19","2022109","11:48","11.0","89.7672","6.0","","","1.2","","8.2","92","","75","","18.08","15.23","12.93","","","","",""
"2022-04-19","2022109","11:48","11.0","89.7672","7.0","","","1.6","","8.2","92","","75","","18.11","15.23","12.95","","","","",""
"2022-04-19","2022109","11:48","11.0","89.7672","8.0","","","1.9","","8.2","92","","73","","18.20","15.22","13.02","","","","",""
"2022-04-19","2022109","11:48","11.0","89.7672","9.0","","","2.2","","8.2","92","","74","","18.26","15.22","13.07","","","","",""
"2022-04-19","2022109","11:48","11.0","89.7672","10.0","","","2.4","","8.2","92","","75","","18.32","15.22","13.11","","","","",""
"2022-04-19","2022109","11:48","11.0","89.7672","11.0","","","2.4","","8.2","92","","72","","18.33","15.22","13.12","","","","",""
"2022-04-19","2022109","11:48","11.0","89.7672","12.0","","","2.3","","8.2","92","","71","","18.39","15.22","13.16","","","","",""
"2022-04-19","2022109","11:48","11.0","89.7672","13.0","","","1.9","","8.2","92","","71","","18.45","15.21","13.21","","","","",""
"2022-04-19","2022109","11:48","11.0","89.7672","14.0","","","2.0","","8.2","92","","71","","18.47","15.21","13.23","","","","",""
"2022-04-19","2022109","11:48","11.0","89.7672","15.0","","","2.7","","8.2","92","","72","","18.52","15.21","13.27","","","","",""
"2022-04-19","2022109","11:48","11.0","89.7672","16.0","","","2.7","","8.2","92","","73","","18.57","15.21","13.31","","","","",""
"2022-04-19","2022109","11:48","11.0","89.7672","17.0","","","2.1","","8.2","92","","75","","18.64","15.21","13.36","","","","",""
"2022-04-19","2022109","11:48","11.0","89.7672","18.0","","","2.1","","8.2","92","","79","","18.81","15.21","13.49","","","","",""
"2022-04-19","2022109","11:48","11.0","89.7672","19.0","","","2.0","","8.2","92","","79","","18.91","15.21","13.57","","","","",""
"2022-04-19","2022109","11:48","11.0","89.7672","20.0","","","1.7","","8.2","92","","81","","19.07","15.21","13.69","","","","",""
"2022-04-19","2022109","11:48","11.0","89.7672","21.0","","","1.7","","8.2","92","","83","","19.19","15.21","13.79","","","","",""
"2022-04-19","2022109","11:34","12.0","84.4458","1.0","","","0.6","","8.1","92","","21","3.61","20.19","15.25","14.54","","","","",""
"2022-04-19","2022109","11:34","12.0","84.4458","2.0","","","0.6","","8.1","92","","32","","20.22","15.22","14.57","","","","",""
"2022-04-19","2022109","11:34","12.0","84.4458","3.0","","","1.0","","8.1","92","","36","","20.24","15.22","14.58","","","","",""
"2022-04-19","2022109","11:34","12.0","84.4458","4.0","","","1.5","","8.1","92","","41","","20.26","15.21","14.60","","","","",""
"2022-04-19","2022109","11:34","12.0","84.4458","5.0","","","1.9","","8.1","92","","46","","20.27","15.21","14.61","","","","",""
"2022-04-19","2022109","11:34","12.0","84.4458","6.0","","","2.0","","8.1","92","","45","","20.28","15.21","14.62","","","","",""
"2022-04-19","2022109","11:34","12.0","84.4458","7.0","","","2.2","","8.1","92","","48","","20.30","15.20","14.63","","","","",""
"2022-04-19","2022109","11:34","12.0","84.4458","8.0","","","2.5","","8.1","92","","51","","20.32","15.20","14.65","","","","",""
"2022-04-19","2022109","11:04","13.0","78.5444","1.0","","","3.9","","8.0","92","","71","5.19","22.31","15.09","16.19","","","","",""
"2022-04-19","2022109","11:04","13.0","78.5444","2.0","4.1","0.51","4.4","","8.0","92","79.8","77","","22.31","15.09","16.19","0.89","17.35","4.36","2.56","96.49"
"2022-04-19","2022109","11:04","13.0","78.5444","3.0","","","4.7","","8.1","92","","78","","22.32","15.08","16.20","","","","",""
"2022-04-19","2022109","11:04","13.0","78.5444","4.0","","","4.8","","8.1","92","","80","","22.32","15.08","16.21","","","","",""
"2022-04-19","2022109","11:04","13.0","78.5444","5.0","","","4.6","","8.1","92","","83","","22.32","15.08","16.21","","","","",""
"2022-04-19","2022109","11:04","13.0","78.5444","6.0","","","5.0","","8.1","92","","80","","22.32","15.08","16.21","","","","",""
"2022-04-19","2022109","11:04","13.0","78.5444","7.0","","","4.8","","8.1","92","","80","","22.33","15.08","16.21","","","","",""
"2022-04-19","2022109","11:04","13.0","78.5444","8.0","","","4.7","","8.1","92","","81","","22.33","15.08","16.21","","","","",""
"2022-04-19","2022109","11:04","13.0","78.5444","9.0","4.2","0.47","4.7","","8.1","92","","84","","22.33","15.08","16.21","","","","",""
"2022-04-19","2022109","10:51","14.0","74.4288","1.0","","","6.8","","8.0","92","","70","3.65","24.14","14.79","17.66","","","","",""
"2022-04-19","2022109","10:51","14.0","74.4288","2.0","","","6.9","","8.0","92","","93","","24.16","14.77","17.68","","","","",""
"2022-04-19","2022109","10:51","14.0","74.4288","3.0","","","7.3","","8.0","92","","106","","24.18","14.76","17.70","","","","",""
"2022-04-19","2022109","10:51","14.0","74.4288","4.0","","","7.4","","8.0","92","","110","","24.21","14.76","17.72","","","","",""
"2022-04-19","2022109","10:51","14.0","74.4288","5.0","","","7.5","","8.0","92","","113","","24.23","14.75","17.73","","","","",""
"2022-04-19","2022109","10:51","14.0","74.4288","6.0","","","7.6","","8.0","92","","116","","24.25","14.74","17.75","","","","",""
"2022-04-19","2022109","10:51","14.0","74.4288","7.0","","","7.4","","8.0","92","","111","","24.27","14.74","17.77","","","","",""
"2022-04-19","2022109","10:51","14.0","74.4288","8.0","","","7.4","","8.0","92","","110","","24.28","14.73","17.78","","","","",""
"2022-04-19","2022109","10:51","14.0","74.4288","9.0","","","7.5","","8.0","92","","104","","24.40","14.70","17.88","","","","",""
"2022-04-19","2022109","10:51","14.0","74.4288","10.0","","","7.7","","8.0","92","","104","","24.48","14.69","17.94","","","","",""
"2022-04-19","2022109","10:51","14.0","74.4288","11.0","","","8.0","","8.0","92","","113","","24.55","14.68","17.99","","","","",""
"2022-04-19","2022109","10:51","14.0","74.4288","12.0","","","8.5","","8.0","92","","130","","24.62","14.66","18.06","","","","",""
"2022-04-19","2022109","10:51","14.0","74.4288","13.0","","","8.5","","8.0","92","","140","","24.66","14.65","18.09","","","","",""
"2022-04-19","2022109","10:51","14.0","74.4288","14.0","","","8.7","","8.0","92","","145","","24.70","14.64","18.12","","","","",""
"2022-04-19","2022109","10:36","15.0","69.9895","1.0","","","9.1","","8.1","93","","32","2.04","23.77","14.89","17.35","","","","",""
"2022-04-19","2022109","10:36","15.0","69.9895","2.0","7.8","0.81","8.7","","8.1","93","30.8","33","","23.90","14.85","17.46","0.83","19.78","3.57","2.55","84.39"
"2022-04-19","2022109","10:36","15.0","69.9895","3.0","","","9.5","","8.1","93","","38","","24.08","14.80","17.61","","","","",""
"2022-04-19","2022109","10:36","15.0","69.9895","4.0","","","9.7","","8.1","93","","48","","24.24","14.76","17.74","","","","",""
"2022-04-19","2022109","10:36","15.0","69.9895","5.0","","","9.4","","8.1","93","","55","","24.52","14.68","17.98","","","","",""
"2022-04-19","2022109","10:36","15.0","69.9895","6.0","","","8.8","","8.1","93","","66","","24.77","14.62","18.18","","","","",""
"2022-04-19","2022109","10:36","15.0","69.9895","7.0","","","8.8","","8.0","92","","92","","24.85","14.60","18.25","","","","",""
"2022-04-19","2022109","10:36","15.0","69.9895","8.0","","","9.2","","8.0","92","","113","","24.90","14.59","18.28","","","","",""
"2022-04-19","2022109","10:36","15.0","69.9895","9.0","","","9.2","","8.0","92","","118","","24.95","14.58","18.32","","","","",""
"2022-04-19","2022109","10:36","15.0","69.9895","10.0","","","8.8","","8.0","92","","118","","25.08","14.56","18.43","","","","",""
"2022-04-19","2022109","10:36","15.0","69.9895","11.0","","","8.3","","8.0","92","","114","","25.56","14.47","18.81","","","","",""
"2022-04-19","2022109","10:36","15.0","69.9895","12.0","","","7.8","","8.0","92","","99","","25.92","14.39","19.11","","","","",""
"2022-04-19","2022109","10:36","15.0","69.9895","13.0","","","7.4","","8.0","92","","84","","25.96","14.38","19.14","","","","",""
"2022-04-19","2022109","10:36","15.0","69.9895","14.0","","","7.0","","8.0","92","","78","","26.09","14.35","19.25","","","","",""
"2022-04-19","2022109","10:36","15.0","69.9895","15.0","","","6.9","","8.0","92","","78","","26.12","14.34","19.27","","","","",""
"2022-04-19","2022109","10:36","15.0","69.9895","16.0","","","6.9","","7.9","91","","77","","26.23","14.32","19.36","","","","",""
"2022-04-19","2022109","10:36","15.0","69.9895","17.0","","","6.9","","7.9","91","","79","","26.25","14.31","19.37","","","","",""
"2022-04-19","2022109","10:36","15.0","69.9895","18.0","","","7.2","","8.0","92","","80","","26.29","14.30","19.41","","","","",""
"2022-04-19","2022109","10:36","15.0","69.9895","19.0","","","7.1","","7.9","91","","83","","26.29","14.30","19.41","","","","",""
"2022-04-19","2022109","10:36","15.0","69.9895","20.0","","","7.1","","7.9","91","","86","","26.43","14.27","19.52","","","","",""
"2022-04-19","2022109","10:36","15.0","69.9895","21.0","","","7.0","","7.9","91","","98","","26.47","14.26","19.55","","","","",""
"2022-04-19","2022109","10:36","15.0","69.9895","22.0","","","6.8","","7.9","91","104.6","102","","26.49","14.26","19.57","","","","",""
"2022-04-19","2022109","10:16","16.0","63.0794","1.0","","","6.7","","8.0","92","","40","2.24","25.95","14.45","19.12","","","","",""
"2022-04-19","2022109","10:16","16.0","63.0794","2.0","","","6.4","","8.0","92","","42","","26.19","14.34","19.33","","","","",""
"2022-04-19","2022109","10:16","16.0","63.0794","3.0","","","6.2","","8.0","92","","51","","26.25","14.31","19.37","","","","",""
"2022-04-19","2022109","10:16","16.0","63.0794","4.0","","","6.3","","8.0","92","","52","","26.32","14.28","19.43","","","","",""
"2022-04-19","2022109","10:16","16.0","63.0794","5.0","","","6.3","","8.0","92","","55","","26.35","14.27","19.46","","","","",""
"2022-04-19","2022109","10:16","16.0","63.0794","6.0","","","6.2","","7.9","91","","60","","26.39","14.26","19.49","","","","",""
"2022-04-19","2022109","10:16","16.0","63.0794","7.0","","","6.3","","8.0","92","","64","","26.44","14.25","19.53","","","","",""
"2022-04-19","2022109","10:16","16.0","63.0794","8.0","","","6.8","","8.0","92","","88","","26.48","14.23","19.57","","","","",""
"2022-04-19","2022109","10:16","16.0","63.0794","9.0","","","7.3","","8.0","92","","96","","26.49","14.23","19.58","","","","",""
"2022-04-19","2022109","10:16","16.0","63.0794","10.0","","","7.2","","8.0","92","","101","","26.50","14.23","19.59","","","","",""
"2022-04-19","2022109","10:16","16.0","63.0794","11.0","","","7.4","","8.0","92","","105","","26.50","14.23","19.59","","","","",""
"2022-04-19","2022109","10:16","16.0","63.0794","12.0","","","7.4","","7.9","91","","107","","26.51","14.22","19.59","","","","",""
"2022-04-19","2022109","10:01","17.0","58.8909","1.0","","","4.1","","7.9","91","","23","1.38","28.60","13.77","21.29","","","","",""
"2022-04-19","2022109","10:01","17.0","58.8909","2.0","4.8","0.75","5.2","","7.9","91","","26","","28.71","13.68","21.39","","","","",""
"2022-04-19","2022109","10:01","17.0","58.8909","3.0","","","4.9","","7.9","91","","29","","28.74","13.66","21.43","","","","",""
"2022-04-19","2022109","10:01","17.0","58.8909","4.0","","","4.8","","7.9","91","","31","","28.76","13.65","21.44","","","","",""
"2022-04-19","2022109","10:01","17.0","58.8909","5.0","","","4.9","","7.8","90","","33","","28.77","13.64","21.45","","","","",""
"2022-04-19","2022109","10:01","17.0","58.8909","6.0","","","5.2","","7.8","90","","36","","28.81","13.62","21.48","","","","",""
"2022-04-19","2022109","10:01","17.0","58.8909","7.0","","","5.2","","7.8","90","","39","","28.90","13.59","21.56","","","","",""
"2022-04-19","2022109","10:01","17.0","58.8909","8.0","","","5.3","","7.8","90","","39","","29.09","13.52","21.72","","","","",""
"2022-04-19","2022109","10:01","17.0","58.8909","9.0","","","5.3","","7.8","90","","40","","29.34","13.44","21.93","","","","",""
"2022-04-19","2022109","10:01","17.0","58.8909","10.0","","","5.9","","7.8","90","","41","","29.50","13.39","22.06","","","","",""
"2022-04-19","2022109","10:01","17.0","58.8909","11.0","","","6.0","","7.8","90","","46","","29.61","13.35","22.15","","","","",""
"2022-04-19","2022109","9:43","18.0","54.9481","1.0","","","6.2","","7.9","90","","22","1.22","31.27","12.58","23.59","","","","",""
"2022-04-19","2022109","9:43","18.0","54.9481","2.0","6.9","0.68","6.7","","7.8","90","16.7","22","","31.27","12.58","23.58","0.74","21.70","2.71","2.09","39.52"
"2022-04-19","2022109","9:43","18.0","54.9481","3.0","","","6.8","","7.8","90","","22","","31.26","12.58","23.58","","","","",""
"2022-04-19","2022109","9:43","18.0","54.9481","4.0","","","7.0","","7.9","90","","22","","31.27","12.58","23.58","","","","",""
"2022-04-19","2022109","9:43","18.0","54.9481","5.0","","","6.7","","7.8","90","","22","","31.27","12.58","23.58","","","","",""
"2022-04-19","2022109","9:43","18.0","54.9481","6.0","","","6.6","","7.8","90","","22","","31.27","12.57","23.59","","","","",""
"2022-04-19","2022109","9:43","18.0","54.9481","7.0","","","6.4","","7.8","90","","26","","31.27","12.57","23.59","","","","",""
"2022-04-19","2022109","9:43","18.0","54.9481","8.0","","","6.1","","7.9","90","","27","","31.28","12.57","23.60","","","","",""
"2022-04-19","2022109","9:43","18.0","54.9481","9.0","","","6.5","","7.8","90","","26","","31.28","12.57","23.60","","","","",""
"2022-04-19","2022109","9:43","18.0","54.9481","10.0","","","6.7","","7.8","90","","26","","31.28","12.56","23.60","","","","",""
"2022-04-19","2022109","9:43","18.0","54.9481","11.0","","","6.8","","7.8","90","","26","","31.28","12.57","23.60","","","","",""
"2022-04-19","2022109","9:43","18.0","54.9481","12.0","","","7.1","","7.8","90","","26","","31.28","12.57","23.60","","","","",""
"2022-04-19","2022109","9:43","18.0","54.9481","13.0","","","6.6","","7.8","90","","25","","31.29","12.56","23.60","","","","",""
"2022-04-19","2022109","9:43","18.0","54.9481","14.0","","","7.1","","7.8","90","","25","","31.30","12.55","23.62","","","","",""
"2022-04-19","2022109","9:43","18.0","54.9481","15.0","","","7.0","","7.9","90","","25","","31.30","12.55","23.62","","","","",""
"2022-04-19","2022109","9:43","18.0","54.9481","16.0","","","6.9","","7.9","90","","25","","31.30","12.55","23.62","","","","",""
"2022-04-19","2022109","9:43","18.0","54.9481","17.0","","","7.2","","7.8","90","","26","","31.30","12.55","23.62","","","","",""
"2022-04-19","2022109","9:43","18.0","54.9481","18.0","","","7.1","","7.9","90","","25","","31.29","12.56","23.61","","","","",""
"2022-04-19","2022109","9:43","18.0","54.9481","19.0","","","6.9","","7.8","90","","25","","31.30","12.55","23.61","","","","",""
"2022-04-19","2022109","9:43","18.0","54.9481","20.0","","","7.2","","7.9","90","","26","","31.31","12.55","23.62","","","","",""
"2022-04-19","2022109","9:43","18.0","54.9481","21.0","","","7.7","","7.8","90","","29","","31.31","12.55","23.62","","","","",""
"2022-04-19","2022109","9:43","18.0","54.9481","22.0","","","7.7","","7.8","90","","29","","31.31","12.55","23.62","","","","",""
"2022-04-19","2022109","9:43","18.0","54.9481","23.0","","","7.9","","7.8","90","","29","","31.31","12.55","23.62","","","","",""
"2022-04-19","2022109","9:43","18.0","54.9481","24.0","","","7.8","","7.9","90","","29","","31.31","12.55","23.62","","","","",""
"2022-04-19","2022109","9:43","18.0","54.9481","25.0","","","8.1","","7.8","90","","29","","31.32","12.54","23.63","","","","",""
"2022-04-19","2022109","9:43","18.0","54.9481","26.0","","","8.0","","7.8","90","","28","","31.32","12.54","23.64","","","","",""
"2022-04-19","2022109","9:43","18.0","54.9481","27.0","","","7.9","","7.9","90","","30","","31.34","12.53","23.65","","","","",""
"2022-04-19","2022109","9:43","18.0","54.9481","28.0","","","7.9","","7.9","90","","33","","31.34","12.53","23.65","","","","",""
"2022-04-19","2022109","9:43","18.0","54.9481","29.0","","","8.2","","7.9","90","","34","","31.33","12.53","23.64","","","","",""
"2022-04-19","2022109","9:43","18.0","54.9481","30.0","","","8.1","","7.9","90","","31","","31.33","12.53","23.64","","","","",""
"2022-04-19","2022109","9:43","18.0","54.9481","31.0","","","7.7","","7.9","90","","30","","31.33","12.53","23.64","","","","",""
"2022-04-19","2022109","9:43","18.0","54.9481","32.0","","","8.3","","7.8","90","","31","","31.33","12.53","23.64","","","","",""
"2022-04-19","2022109","9:43","18.0","54.9481","33.0","","","8.4","","7.8","90","","30","","31.33","12.53","23.64","","","","",""
"2022-04-19","2022109","9:43","18.0","54.9481","34.0","","","7.7","","7.8","90","","30","","31.33","12.53","23.64","","","","",""
"2022-04-19","2022109","9:43","18.0","54.9481","35.0","","","8.1","","7.9","90","","31","","31.33","12.53","23.64","","","","",""
"2022-04-19","2022109","9:43","18.0","54.9481","36.0","","","7.5","","7.9","90","","30","","31.33","12.53","23.64","","","","",""
"2022-04-19","2022109","9:43","18.0","54.9481","37.0","","","8.3","","7.9","90","","31","","31.34","12.53","23.65","","","","",""
"2022-04-19","2022109","9:43","18.0","54.9481","38.0","","","8.3","","7.9","90","","32","","31.33","12.53","23.64","","","","",""
"2022-04-19","2022109","9:43","18.0","54.9481","39.0","","","7.9","","7.9","90","","33","","31.33","12.53","23.64","","","","",""
"2022-04-19","2022109","9:43","18.0","54.9481","40.0","","","8.2","","7.9","90","","33","","31.33","12.53","23.64","","","","",""
"2022-04-19","2022109","9:43","18.0","54.9481","41.0","","","8.4","","7.9","90","","34","","31.33","12.53","23.64","","","","",""
"2022-04-19","2022109","9:43","18.0","54.9481","42.0","","","8.3","","7.9","90","","34","","31.33","12.53","23.64","","","","",""
"2022-04-19","2022109","9:43","18.0","54.9481","43.0","","","8.0","","7.8","90","","34","","31.34","12.53","23.65","","","","",""
"2022-04-19","2022109","9:43","18.0","54.9481","44.0","8.8","0.49","8.0","","7.8","90","51.7","35","","31.34","12.53","23.65","","","","",""
"2022-04-19","2022109","9:30","20.0","51.4501","1.0","","","12.4","","8.0","94","","30","1.76","29.66","14.40","21.98","","","","",""
"2022-04-19","2022109","9:30","20.0","51.4501","2.0","10.9","0.79","11.2","","7.9","93","","31","","29.72","14.34","22.04","","","","",""
"2022-04-19","2022109","9:30","20.0","51.4501","3.0","","","10.5","","7.9","93","","35","","29.75","14.30","22.08","","","","",""
"2022-04-19","2022109","9:30","20.0","51.4501","4.0","","","10.9","","7.9","93","","36","","29.77","14.28","22.09","","","","",""
"2022-04-19","2022109","9:30","20.0","51.4501","5.0","","","11.0","","7.9","93","","37","","29.85","14.20","22.17","","","","",""
"2022-04-19","2022109","9:30","20.0","51.4501","6.0","","","11.1","","7.9","93","","38","","29.87","14.17","22.19","","","","",""
"2022-04-19","2022109","9:30","20.0","51.4501","7.0","","","10.8","","7.9","92","","39","","29.94","14.09","22.26","","","","",""
"2022-04-19","2022109","9:30","20.0","51.4501","8.0","","","10.2","","7.9","92","","41","","29.95","14.07","22.28","","","","",""
"2022-04-19","2022109","9:30","20.0","51.4501","9.0","","","11.0","","7.9","92","","43","","29.96","14.06","22.28","","","","",""
"2022-04-19","2022109","9:30","20.0","51.4501","10.0","","","10.5","","7.9","92","","45","","29.96","14.06","22.29","","","","",""
"2022-04-19","2022109","9:30","20.0","51.4501","11.0","","","10.6","","7.9","92","","45","","29.96","14.06","22.28","","","","",""
"2022-04-19","2022109","9:30","20.0","51.4501","12.0","","","10.5","","7.9","92","","46","","29.99","14.03","22.31","","","","",""
"2022-04-19","2022109","9:30","20.0","51.4501","13.0","","","11.3","","7.9","92","","49","","30.02","13.98","22.35","","","","",""
"2022-04-19","2022109","9:30","20.0","51.4501","14.0","","","11.0","","7.9","92","","50","","30.03","13.97","22.35","","","","",""
"2022-04-19","2022109","9:30","20.0","51.4501","15.0","","","11.0","","7.9","92","","51","","30.04","13.96","22.36","","","","",""
"2022-04-19","2022109","9:30","20.0","51.4501","16.0","","","12.2","","7.9","92","","51","","30.05","13.94","22.38","","","","",""
"2022-04-19","2022109","9:30","20.0","51.4501","17.0","","","11.0","","7.9","92","","52","","30.11","13.88","22.43","","","","",""
"2022-04-19","2022109","9:30","20.0","51.4501","18.0","","","11.5","","7.9","92","","52","","30.13","13.85","22.46","","","","",""
"2022-04-19","2022109","9:30","20.0","51.4501","19.0","","","12.0","","7.9","92","","52","","30.14","13.84","22.47","","","","",""
"2022-04-19","2022109","9:30","20.0","51.4501","20.0","","","12.0","","7.9","92","","52","","30.16","13.82","22.49","","","","",""
"2022-04-19","2022109","9:30","20.0","51.4501","21.0","","","11.7","","7.9","92","","52","","30.18","13.79","22.51","","","","",""
"2022-04-19","2022109","9:30","20.0","51.4501","22.0","","","12.6","","7.9","92","","50","","30.19","13.78","22.52","","","","",""
"2022-04-19","2022109","9:30","20.0","51.4501","23.0","","","11.9","","7.9","92","","50","","30.20","13.77","22.52","","","","",""
"2022-04-19","2022109","9:30","20.0","51.4501","24.0","","","11.7","","7.9","92","","52","","30.21","13.76","22.54","","","","",""
"2022-04-19","2022109","9:30","20.0","51.4501","25.0","","","11.9","","7.9","92","","58","","30.22","13.75","22.55","","","","",""
"2022-04-19","2022109","9:16","21.0","46.6266","1.0","","","13.7","","7.9","94","","40","2.18","29.17","14.90","21.50","","","","",""
"2022-04-19","2022109","9:16","21.0","46.6266","2.0","12.9","0.82","12.4","","7.9","94","","42","","29.19","14.87","21.52","","","","",""
"2022-04-19","2022109","9:16","21.0","46.6266","3.0","","","13.4","","7.9","94","","48","","29.20","14.86","21.53","","","","",""
"2022-04-19","2022109","9:16","21.0","46.6266","4.0","","","13.5","","7.9","94","","51","","29.21","14.85","21.55","","","","",""
"2022-04-19","2022109","9:16","21.0","46.6266","5.0","","","13.0","","7.9","94","","54","","29.23","14.84","21.56","","","","",""
"2022-04-19","2022109","9:16","21.0","46.6266","6.0","","","13.9","","7.9","93","","56","","29.24","14.83","21.57","","","","",""
"2022-04-19","2022109","9:16","21.0","46.6266","7.0","","","13.6","","7.9","93","","59","","29.24","14.82","21.57","","","","",""
"2022-04-19","2022109","9:16","21.0","46.6266","8.0","","","13.3","","7.9","93","","61","","29.26","14.81","21.59","","","","",""
"2022-04-19","2022109","9:16","21.0","46.6266","9.0","","","13.9","","7.9","93","","64","","29.28","14.79","21.61","","","","",""
"2022-04-19","2022109","9:16","21.0","46.6266","10.0","","","14.4","","7.9","93","","66","","29.29","14.79","21.62","","","","",""
"2022-04-19","2022109","9:16","21.0","46.6266","11.0","","","13.6","","7.9","93","","70","","29.32","14.77","21.65","","","","",""
"2022-04-19","2022109","9:16","21.0","46.6266","12.0","","","13.4","","7.9","93","","74","","29.36","14.74","21.68","","","","",""
"2022-04-19","2022109","9:16","21.0","46.6266","13.0","","","13.2","","7.9","93","","77","","29.38","14.72","21.70","","","","",""
"2022-04-19","2022109","9:16","21.0","46.6266","14.0","","","12.6","","7.9","93","","80","","29.38","14.72","21.70","","","","",""
"2022-04-19","2022109","9:16","21.0","46.6266","15.0","","","13.9","","7.9","93","","81","","29.39","14.71","21.71","","","","",""
"2022-04-19","2022109","9:16","21.0","46.6266","16.0","","","13.7","","7.9","93","","85","","29.40","14.70","21.72","","","","",""
"2022-04-19","2022109","9:05","22.0","43.9210","1.0","","","11.2","","7.9","93","","35","2.14","29.42","14.64","21.75","","","","",""
"2022-04-19","2022109","9:05","22.0","43.9210","2.0","10.5","0.78","10.3","","7.9","93","29.4","37","","29.42","14.63","21.75","0.98","21.28","4.57","2.61","32.76"
"2022-04-19","2022109","9:05","22.0","43.9210","3.0","","","10.6","","7.9","93","","38","","29.43","14.63","21.76","","","","",""
"2022-04-19","2022109","9:05","22.0","43.9210","4.0","","","10.5","","7.8","93","","40","","29.45","14.62","21.77","","","","",""
"2022-04-19","2022109","9:05","22.0","43.9210","5.0","","","10.8","","7.8","93","","43","","29.46","14.61","21.79","","","","",""
"2022-04-19","2022109","9:05","22.0","43.9210","6.0","","","10.9","","7.8","93","","48","","29.49","14.57","21.82","","","","",""
"2022-04-19","2022109","9:05","22.0","43.9210","7.0","","","10.6","","7.8","92","","50","","29.52","14.55","21.84","","","","",""
"2022-04-19","2022109","9:05","22.0","43.9210","8.0","","","10.0","","7.8","93","","51","","29.57","14.49","21.90","","","","",""
"2022-04-19","2022109","9:05","22.0","43.9210","9.0","","","10.6","","7.8","93","","51","","29.61","14.46","21.93","","","","",""
"2022-04-19","2022109","9:05","22.0","43.9210","10.0","","","10.5","","7.8","92","","52","","29.64","14.43","21.96","","","","",""
"2022-04-19","2022109","9:05","22.0","43.9210","11.0","","","10.3","","7.8","92","","53","","29.65","14.43","21.97","","","","",""
"2022-04-19","2022109","9:05","22.0","43.9210","12.0","","","10.2","","7.8","92","","53","","29.65","14.42","21.97","","","","",""
"2022-04-19","2022109","9:05","22.0","43.9210","13.0","","","10.0","","7.8","92","","53","","29.65","14.42","21.97","","","","",""
"2022-04-19","2022109","9:05","22.0","43.9210","14.0","","","9.9","","7.8","92","","54","","29.66","14.42","21.98","","","","",""
"2022-04-19","2022109","9:05","22.0","43.9210","15.0","","","9.9","","7.8","92","","54","","29.68","14.40","22.00","","","","",""
"2022-04-19","2022109","9:05","22.0","43.9210","16.0","","","9.7","","7.8","92","","54","","29.68","14.40","22.00","","","","",""
"2022-04-19","2022109","9:05","22.0","43.9210","17.0","","","9.5","","7.8","92","","55","","29.68","14.39","22.00","","","","",""
"2022-04-19","2022109","9:05","22.0","43.9210","18.0","11.0","0.66","10.7","","7.8","92","63.7","56","","29.69","14.38","22.01","","","","",""
"2022-04-19","2022109","8:52","23.0","39.6557","1.0","","","12.7","","7.9","94","","63","3.32","28.98","14.89","21.36","","","","",""
"2022-04-19","2022109","8:52","23.0","39.6557","2.0","","","13.5","","7.9","93","","64","","28.99","14.88","21.37","","","","",""
"2022-04-19","2022109","8:52","23.0","39.6557","3.0","","","14.0","","7.9","93","","87","","28.99","14.88","21.37","","","","",""
"2022-04-19","2022109","8:52","23.0","39.6557","4.0","","","14.3","","7.9","93","","91","","29.00","14.88","21.38","","","","",""
"2022-04-19","2022109","8:52","23.0","39.6557","5.0","","","14.0","","7.9","93","","94","","29.00","14.88","21.38","","","","",""
"2022-04-19","2022109","8:52","23.0","39.6557","6.0","","","15.4","","7.9","93","","99","","29.01","14.88","21.39","","","","",""
"2022-04-19","2022109","8:52","23.0","39.6557","7.0","","","14.6","","7.9","93","","102","","29.02","14.88","21.39","","","","",""
"2022-04-19","2022109","8:52","23.0","39.6557","8.0","","","14.6","","7.8","93","","106","","29.03","14.87","21.40","","","","",""
"2022-04-19","2022109","8:52","23.0","39.6557","9.0","","","14.8","","7.8","93","","107","","29.06","14.86","21.43","","","","",""
"2022-04-19","2022109","8:52","23.0","39.6557","10.0","","","14.4","","7.8","92","","111","","29.11","14.84","21.47","","","","",""
"2022-04-19","2022109","8:52","23.0","39.6557","11.0","","","13.4","","7.8","92","","115","","29.14","14.83","21.50","","","","",""
"2022-04-19","2022109","8:52","23.0","39.6557","12.0","","","13.9","","7.8","92","","123","","29.15","14.82","21.50","","","","",""
"2022-04-19","2022109","8:52","23.0","39.6557","13.0","","","14.4","","7.8","92","","129","","29.16","14.81","21.51","","","","",""
"2022-04-19","2022109","8:52","23.0","39.6557","14.0","","","15.4","","7.8","92","","136","","29.16","14.81","21.52","","","","",""
"2022-04-19","2022109","8:42","24.0","37.0911","1.0","","","13.5","","8.0","95","","73","3.85","28.91","14.91","21.30","","","","",""
"2022-04-19","2022109","8:42","24.0","37.0911","2.0","13.5","0.74","13.6","","8.0","95","60.9","74","","28.91","14.91","21.30","","","","",""
"2022-04-19","2022109","8:42","24.0","37.0911","3.0","","","14.0","","8.0","95","","85","","28.91","14.91","21.30","","","","",""
"2022-04-19","2022109","8:42","24.0","37.0911","4.0","","","14.3","","8.0","95","","88","","28.91","14.91","21.30","","","","",""
"2022-04-19","2022109","8:42","24.0","37.0911","5.0","","","14.5","","8.0","95","","88","","28.91","14.91","21.30","","","","",""
"2022-04-19","2022109","8:42","24.0","37.0911","6.0","","","13.9","","8.0","95","","93","","28.91","14.91","21.31","","","","",""
"2022-04-19","2022109","8:42","24.0","37.0911","7.0","","","14.8","","8.0","94","","95","","28.92","14.90","21.31","","","","",""
"2022-04-19","2022109","8:42","24.0","37.0911","8.0","","","14.7","","8.0","95","","99","","28.92","14.90","21.31","","","","",""
"2022-04-19","2022109","8:42","24.0","37.0911","9.0","14.7","0.64","15.0","","8.0","95","119.3","112","","28.92","14.91","21.31","","","","",""
"2022-04-19","2022109","8:29","25.0","32.8382","1.0","","","13.5","","8.1","96","","162","8.51","28.67","15.02","21.09","","","","",""
"2022-04-19","2022109","8:29","25.0","32.8382","2.0","","","14.8","","8.1","96","","190","","28.67","15.02","21.09","","","","",""
"2022-04-19","2022109","8:29","25.0","32.8382","3.0","","","15.6","","8.1","96","","199","","28.67","15.02","21.09","","","","",""
"2022-04-19","2022109","8:29","25.0","32.8382","4.0","","","15.6","","8.1","96","","198","","28.67","15.02","21.10","","","","",""
"2022-04-19","2022109","8:29","25.0","32.8382","5.0","","","15.2","","8.1","96","","219","","28.67","15.02","21.10","","","","",""
"2022-04-19","2022109","8:29","25.0","32.8382","6.0","","","15.8","","8.1","96","","237","","28.67","15.02","21.10","","","","",""
"2022-04-19","2022109","8:16","26.0","28.7560","1.0","","","13.8","","8.0","95","","163","8.56","28.54","15.07","20.98","","","","",""
"2022-04-19","2022109","8:16","26.0","28.7560","2.0","","","15.2","","8.0","95","","192","","28.54","15.07","20.98","","","","",""
"2022-04-19","2022109","8:16","26.0","28.7560","3.0","","","15.1","","8.0","95","","198","","28.54","15.07","20.98","","","","",""
"2022-04-19","2022109","8:16","26.0","28.7560","4.0","","","15.5","","8.0","95","","203","","28.54","15.07","20.98","","","","",""
"2022-04-19","2022109","8:16","26.0","28.7560","5.0","","","15.3","","8.0","95","","199","","28.54","15.07","20.98","","","","",""
"2022-04-19","2022109","8:16","26.0","28.7560","6.0","","","16.1","","8.0","95","","221","","28.54","15.07","20.98","","","","",""
"2022-04-19","2022109","8:16","26.0","28.7560","7.0","","","16.5","","8.0","95","","220","","28.54","15.07","20.98","","","","",""
"2022-04-19","2022109","8:16","26.0","28.7560","8.0","","","16.3","","8.0","95","","220","","28.54","15.07","20.98","","","","",""
"2022-04-19","2022109","8:16","26.0","28.7560","9.0","","","17.0","","8.0","95","","222","","28.54","15.07","20.98","","","","",""
"2022-04-19","2022109","8:07","27.0","26.1872","1.0","","","17.1","","7.9","94","","243","15.13","28.42","15.08","20.89","","","","",""
"2022-04-19","2022109","8:07","27.0","26.1872","2.0","17.4","0.59","18.3","","7.9","94","230.4","244","","28.42","15.08","20.89","0.87","20.92","4.21","3.60","23.86"
"2022-04-19","2022109","8:07","27.0","26.1872","3.0","","","18.3","","7.9","94","","297","","28.42","15.08","20.89","","","","",""
"2022-04-19","2022109","8:07","27.0","26.1872","4.0","","","18.2","","7.9","93","","308","","28.42","15.08","20.89","","","","",""
"2022-04-19","2022109","8:07","27.0","26.1872","5.0","","","18.5","","7.9","94","","316","","28.42","15.08","20.89","","","","",""
"2022-04-19","2022109","8:07","27.0","26.1872","6.0","","","18.8","","7.9","93","","328","","28.42","15.08","20.89","","","","",""
"2022-04-19","2022109","8:07","27.0","26.1872","7.0","","","19.3","","7.9","94","","343","","28.42","15.08","20.89","","","","",""
"2022-04-19","2022109","8:07","27.0","26.1872","8.0","","","20.5","","7.9","94","","390","","28.42","15.08","20.89","","","","",""
"2022-04-19","2022109","8:07","27.0","26.1872","9.0","","","20.7","","7.9","94","","396","","28.43","15.08","20.89","","","","",""
"2022-04-19","2022109","8:07","27.0","26.1872","10.0","21.9","0.47","21.1","","7.9","94","426.8","426","","28.42","15.08","20.89","","","","",""
"2022-04-19","2022109","7:57","28.0","23.5695","1.0","","","14.5","","7.9","93","","150","8.10","28.36","15.12","20.83","","","","",""
"2022-04-19","2022109","7:57","28.0","23.5695","2.0","","","15.3","","7.9","93","","168","","28.36","15.11","20.84","","","","",""
"2022-04-19","2022109","7:57","28.0","23.5695","3.0","","","15.9","","7.9","93","","190","","28.37","15.11","20.84","","","","",""
"2022-04-19","2022109","7:57","28.0","23.5695","4.0","","","15.9","","7.9","93","","238","","28.37","15.11","20.84","","","","",""
"2022-04-19","2022109","7:57","28.0","23.5695","5.0","","","16.0","","7.9","93","","249","","28.37","15.11","20.85","","","","",""
"2022-04-19","2022109","7:57","28.0","23.5695","6.0","","","16.3","","7.9","93","","253","","28.37","15.11","20.85","","","","",""
"2022-04-19","2022109","7:57","28.0","23.5695","7.0","","","16.8","","7.9","93","","257","","28.37","15.11","20.85","","","","",""
"2022-04-19","2022109","7:57","28.0","23.5695","8.0","","","16.8","","7.9","93","","266","","28.37","15.10","20.85","","","","",""
"2022-04-19","2022109","7:57","28.0","23.5695","9.0","","","16.9","","7.9","93","","293","","28.37","15.10","20.85","","","","",""
"2022-04-19","2022109","7:57","28.0","23.5695","10.0","","","18.3","","7.9","93","","324","","28.37","15.10","20.85","","","","",""
"2022-04-19","2022109","7:57","28.0","23.5695","11.0","","","18.8","","7.9","93","","353","","28.37","15.10","20.85","","","","",""
"2022-04-19","2022109","7:57","28.0","23.5695","12.0","","","18.4","","7.9","93","","339","","28.37","15.10","20.85","","","","",""
"2022-04-19","2022109","7:48","29.0","20.2526","1.0","","","11.8","","7.7","92","","22","2.79","28.29","15.33","20.74","","","","",""
"2022-04-19","2022109","7:48","29.0","20.2526","2.0","","","12.1","","7.7","92","","27","","28.31","15.27","20.76","","","","",""
"2022-04-19","2022109","7:48","29.0","20.2526","3.0","","","12.9","","7.7","92","","49","","28.32","15.24","20.78","","","","",""
"2022-04-19","2022109","7:48","29.0","20.2526","4.0","","","13.5","","7.7","92","","80","","28.32","15.21","20.79","","","","",""
"2022-04-19","2022109","7:48","29.0","20.2526","5.0","","","14.3","","7.7","92","","121","","28.33","15.19","20.79","","","","",""
"2022-04-19","2022109","7:48","29.0","20.2526","6.0","","","17.4","","7.7","92","","288","","28.33","15.17","20.80","","","","",""
"2022-04-19","2022109","7:48","29.0","20.2526","7.0","","","20.0","","7.8","92","","361","","28.33","15.17","20.80","","","","",""
"2022-04-19","2022109","7:48","29.0","20.2526","8.0","","","21.9","","7.8","93","","436","","28.34","15.16","20.81","","","","",""
"2022-04-19","2022109","7:48","29.0","20.2526","9.0","","","22.0","","7.8","93","","440","","28.34","15.16","20.81","","","","",""
"2022-04-19","2022109","7:48","29.0","20.2526","10.0","","","22.3","","7.8","93","","454","","28.34","15.15","20.81","","","","",""
"2022-04-19","2022109","7:48","29.0","20.2526","11.0","","","23.1","","7.8","93","","488","","28.34","15.15","20.81","","","","",""
"2022-04-19","2022109","7:48","29.0","20.2526","12.0","","","22.9","","7.8","93","","475","","28.34","15.15","20.81","","","","",""
"2022-04-19","2022109","7:48","29.0","20.2526","13.0","","","23.8","","7.8","93","","490","","28.34","15.15","20.81","","","","",""
"2022-04-19","2022109","7:35","30.0","14.7543","1.0","","","21.6","","7.8","93","","185","9.29","28.17","15.23","20.67","","","","",""
"2022-04-19","2022109","7:35","30.0","14.7543","2.0","22.6","0.71","22.2","","7.8","93","184.6","187","","28.18","15.23","20.68","0.86","21.92","2.86","3.93","21.01"
"2022-04-19","2022109","7:35","30.0","14.7543","3.0","","","22.2","","7.9","93","","255","","28.20","15.21","20.70","","","","",""
"2022-04-19","2022109","7:35","30.0","14.7543","4.0","","","22.8","","7.9","93","","271","","28.21","15.21","20.70","","","","",""
"2022-04-19","2022109","7:35","30.0","14.7543","5.0","","","23.1","","7.9","93","","284","","28.24","15.19","20.72","","","","",""
"2022-04-19","2022109","7:35","30.0","14.7543","6.0","","","23.1","","7.9","93","","299","","28.24","15.19","20.73","","","","",""
"2022-04-19","2022109","7:35","30.0","14.7543","7.0","","","23.2","","7.9","93","","301","","28.25","15.18","20.74","","","","",""
"2022-04-19","2022109","7:35","30.0","14.7543","8.0","","","23.5","","7.9","93","","303","","28.25","15.18","20.74","","","","",""
"2022-04-19","2022109","7:35","30.0","14.7543","9.0","","","23.3","","7.9","93","","315","","28.26","15.18","20.75","","","","",""
"2022-04-19","2022109","7:35","30.0","14.7543","10.0","24.4","0.58","23.7","","7.9","93","369.5","354","","28.28","15.17","20.76","","","","",""
"2022-04-19","2022109","7:23","31.0","10.6065","1.0","","","25.6","","7.8","93","","139","7.51","27.78","15.48","20.32","","","","",""
"2022-04-19","2022109","7:23","31.0","10.6065","2.0","","","23.0","","7.8","93","","143","","27.79","15.47","20.32","","","","",""
"2022-04-19","2022109","7:23","31.0","10.6065","3.0","","","23.2","","7.8","93","","149","","27.79","15.47","20.33","","","","",""
"2022-04-19","2022109","7:23","31.0","10.6065","4.0","","","23.2","","7.8","93","","151","","27.80","15.47","20.33","","","","",""
"2022-04-19","2022109","7:23","31.0","10.6065","5.0","","","23.6","","7.8","92","","162","","27.81","15.46","20.34","","","","",""
"2022-04-19","2022109","7:23","31.0","10.6065","6.0","","","23.3","","7.8","93","","167","","27.81","15.46","20.34","","","","",""
"2022-04-19","2022109","7:23","31.0","10.6065","7.0","","","23.7","","7.8","93","","173","","27.82","15.46","20.35","","","","",""
"2022-04-19","2022109","7:23","31.0","10.6065","8.0","","","24.3","","7.8","93","","180","","27.82","15.46","20.35","","","","",""
"2022-04-19","2022109","7:23","31.0","10.6065","9.0","","","24.2","","7.8","93","","189","","27.84","15.45","20.37","","","","",""
"2022-04-19","2022109","7:23","31.0","10.6065","10.0","","","23.9","","7.8","93","","206","","27.85","15.44","20.38","","","","",""
"2022-04-19","2022109","7:15","32.0","8.1507","1.0","","","24.2","","7.6","91","","136","7.01","27.53","15.53","20.11","","","","",""
"2022-04-19","2022109","7:15","32.0","8.1507","2.0","23.0","0.77","23.5","","7.6","90","146.8","138","","27.53","15.53","20.11","1.32","29.20","3.43","5.14","23.86"
"2022-04-19","2022109","7:15","32.0","8.1507","3.0","","","24.5","","7.6","90","","149","","27.57","15.52","20.14","","","","",""
"2022-04-19","2022109","7:15","32.0","8.1507","4.0","","","26.0","","7.6","90","","229","","27.58","15.52","20.15","","","","",""
"2022-04-19","2022109","7:15","32.0","8.1507","5.0","","","26.2","","7.6","90","","240","","27.58","15.51","20.16","","","","",""
"2022-04-19","2022109","7:15","32.0","8.1507","6.0","","","27.2","","7.6","90","","245","","27.59","15.51","20.16","","","","",""
"2022-04-19","2022109","7:15","32.0","8.1507","7.0","","","27.1","","7.6","90","","265","","27.60","15.51","20.17","","","","",""
"2022-04-19","2022109","7:15","32.0","8.1507","8.0","","","27.7","","7.6","90","","285","","27.61","15.51","20.18","","","","",""
"2022-04-19","2022109","7:15","32.0","8.1507","9.0","27.6","0.67","28.1","","7.6","90","","292","","27.61","15.51","20.17","","","","",""
"2022-04-19","2022109","7:08","33.0","6.8085","1.0","","","17.6","","7.5","90","","168","8.73","27.33","15.60","19.94","","","","",""
"2022-04-19","2022109","7:08","33.0","6.8085","2.0","17.8","0.71","17.8","","7.5","90","176.8","174","","27.32","15.61","19.94","","","","",""
"2022-04-19","2022109","7:08","33.0","6.8085","3.0","","","18.3","","7.5","90","","174","","27.33","15.61","19.94","","","","",""
"2022-04-19","2022109","7:08","33.0","6.8085","4.0","","","17.8","","7.5","89","","175","","27.33","15.60","19.94","","","","",""
"2022-04-19","2022109","7:08","33.0","6.8085","5.0","","","18.3","","7.5","89","","182","","27.32","15.60","19.94","","","","",""
"2022-04-19","2022109","7:08","33.0","6.8085","6.0","","","19.4","","7.5","90","","208","","27.40","15.58","20.00","","","","",""
"2022-04-19","2022109","7:08","33.0","6.8085","7.0","","","19.5","","7.5","89","","235","","27.41","15.57","20.01","","","","",""
"2022-04-19","2022109","7:08","33.0","6.8085","8.0","","","19.0","","7.5","90","","244","","27.40","15.58","20.00","","","","",""
"2022-04-19","2022109","7:08","33.0","6.8085","9.0","","","19.2","","7.5","90","","254","","27.48","15.56","20.06","","","","",""
"2022-04-19","2022109","7:08","33.0","6.8085","10.0","","","20.0","","7.5","90","","276","","27.45","15.56","20.05","","","","",""
"2022-04-19","2022109","7:08","33.0","6.8085","11.0","","","19.2","","7.6","90","","273","","27.48","15.56","20.07","","","","",""
"2022-04-19","2022109","6:58","34.0","3.5290","1.0","21.9","0.64","21.9","","6.8","81","308.0","312","","26.35","15.61","19.19","","","","",""
"2022-04-19","2022109","6:58","34.0","3.5290","2.0","","","20.8","","6.8","81","","313","","26.57","15.59","19.36","2.60","43.55","7.78","7.38","40.59"
"2022-04-19","2022109","6:58","34.0","3.5290","3.0","","","20.1","","6.8","81","","318","","26.60","15.59","19.39","","","","",""
"2022-04-19","2022109","6:58","34.0","3.5290","4.0","","","19.4","","6.8","81","","307","","26.58","15.59","19.37","","","","",""
"2022-04-19","2022109","6:58","34.0","3.5290","5.0","","","19.5","","6.8","81","","305","","26.61","15.59","19.39","","","","",""
"2022-04-19","2022109","6:58","34.0","3.5290","6.0","","","19.3","","6.9","82","","305","","26.66","15.59","19.43","","","","",""
"2022-04-19","2022109","6:58","34.0","3.5290","7.0","","","19.4","","6.9","82","","309","","26.73","15.60","19.48","","","","",""
"2022-04-19","2022109","6:58","34.0","3.5290","8.0","19.1","0.64","19.1","","6.9","82","321.1","323","","27.13","15.60","19.79","","","","",""
"2022-04-19","2022109","14:33","649.0","132.9388","1.0","","","8.9","","9.3","96","","38","","0.19","16.52","","","","","",""
"2022-04-19","2022109","14:33","649.0","132.9388","2.0","8.4","0.72","8.4","","9.3","95","39.3","39","","0.20","16.43","","0.21","16.42","1.43","2.18","223.60"
"2022-04-19","2022109","14:33","649.0","132.9388","3.0","","","9.7","","9.3","95","","50","","0.23","16.27","","","","","",""
"2022-04-19","2022109","14:33","649.0","132.9388","4.0","","","9.8","","9.3","95","","56","","0.26","16.19","","","","","",""
"2022-04-19","2022109","14:33","649.0","132.9388","5.0","","","9.9","","9.3","95","","62","","0.33","16.11","","","","","",""
"2022-04-19","2022109","14:33","649.0","132.9388","6.0","","","9.3","","9.4","95","","47","","0.41","16.08","","","","","",""
"2022-04-19","2022109","14:33","649.0","132.9388","7.0","","","8.2","","9.3","95","","40","","0.45","16.08","","","","","",""
"2022-04-19","2022109","14:33","649.0","132.9388","8.0","","","8.4","","9.3","95","","42","","0.46","16.07","","","","","",""
"2022-04-19","2022109","14:33","649.0","132.9388","9.0","","","8.8","","9.3","95","","46","","0.48","16.07","","","","","",""
"2022-04-19","2022109","14:33","649.0","132.9388","10.0","","","9.0","","9.3","95","","49","","0.49","16.06","","","","","",""
"2022-04-19","2022109","14:33","649.0","132.9388","11.0","5.5","0.52","9.0","","9.3","95","52.2","52","","0.69","16.10","","","","","",""
"2022-04-19","2022109","15:18","657.0","147.2548","1.0","","","0.8","","9.3","95","","6","","0.08","16.34","","","","","",""
"2022-04-19","2022109","15:18","657.0","147.2548","2.0","1.4","0.61","1.2","","9.3","95","7.7","7","","0.08","16.34","","0.21","15.14","2.00","2.54","241.76"
"2022-04-19","2022109","15:18","657.0","147.2548","3.0","","","1.6","","9.3","95","","7","","0.08","16.33","","","","","",""
"2022-04-19","2022109","15:18","657.0","147.2548","4.0","","","1.5","","9.3","95","","7","","0.08","16.33","","","","","",""
"2022-04-19","2022109","15:18","657.0","147.2548","5.0","","","1.5","","9.3","95","","7","","0.08","16.32","","","","","",""
"2022-04-19","2022109","15:18","657.0","147.2548","6.0","","","1.4","","9.3","95","","7","","0.08","16.31","","","","","",""
"2022-04-19","2022109","15:18","657.0","147.2548","7.0","","","1.5","","9.3","95","","7","","0.08","16.29","","","","","",""
"2022-04-19","2022109","15:18","657.0","147.2548","8.0","1.4","0.54","1.6","","9.3","95","6.0","7","","0.08","16.27","","","","","",""
"2022-04-25","2022115","11:08","18.0","54.9481","1.0","","","4.7","","8.4","99","","5","","30.76","13.92","22.93","","","","",""
"2022-04-25","2022115","11:08","18.0","54.9481","2.0","4.5","0.78","4.7","","8.4","99","3.6","4","","30.79","13.86","22.97","0.71","12.99","4.28","1.96","35.96"
"2022-04-25","2022115","11:08","18.0","54.9481","3.0","","","4.7","","8.5","99","","4","","30.79","13.86","22.96","","","","",""
"2022-04-25","2022115","11:08","18.0","54.9481","4.0","","","5.4","","8.5","99","","4","","30.79","13.86","22.96","","","","",""
"2022-04-25","2022115","11:08","18.0","54.9481","5.0","","","5.6","","8.4","99","","4","","30.76","13.91","22.93","","","","",""
"2022-04-25","2022115","11:08","18.0","54.9481","6.0","","","5.7","","8.5","99","","4","","30.77","13.90","22.94","","","","",""
"2022-04-25","2022115","11:08","18.0","54.9481","7.0","","","5.7","","8.5","99","","4","","30.78","13.87","22.96","","","","",""
"2022-04-25","2022115","11:08","18.0","54.9481","8.0","","","5.8","","8.5","99","","4","","30.78","13.88","22.95","","","","",""
"2022-04-25","2022115","11:08","18.0","54.9481","9.0","","","5.5","","8.5","99","","4","","30.77","13.90","22.94","","","","",""
"2022-04-25","2022115","11:08","18.0","54.9481","10.0","","","5.4","","8.5","99","","4","","30.77","13.91","22.94","","","","",""
"2022-04-25","2022115","11:08","18.0","54.9481","11.0","","","5.4","","8.5","99","","4","","30.79","13.88","22.96","","","","",""
"2022-04-25","2022115","11:08","18.0","54.9481","12.0","","","5.3","","8.5","99","","3","","30.81","13.86","22.98","","","","",""
"2022-04-25","2022115","11:08","18.0","54.9481","13.0","","","5.2","","8.5","99","","4","","30.81","13.85","22.98","","","","",""
"2022-04-25","2022115","11:08","18.0","54.9481","14.0","","","5.3","","8.5","99","","3","","30.83","13.85","23.00","","","","",""
"2022-04-25","2022115","11:08","18.0","54.9481","15.0","","","5.4","","8.5","99","","4","","31.04","13.79","23.17","","","","",""
"2022-04-25","2022115","11:08","18.0","54.9481","16.0","","","5.0","","8.5","99","","3","","31.25","13.63","23.36","","","","",""
"2022-04-25","2022115","11:08","18.0","54.9481","17.0","","","4.8","","8.4","99","","3","","31.34","13.52","23.45","","","","",""
"2022-04-25","2022115","11:08","18.0","54.9481","18.0","","","4.9","","8.4","98","","3","","31.43","13.40","23.55","","","","",""
"2022-04-25","2022115","11:08","18.0","54.9481","19.0","","","5.0","","8.4","97","","3","","31.52","13.29","23.64","","","","",""
"2022-04-25","2022115","11:08","18.0","54.9481","20.0","","","5.2","","8.4","98","","4","","31.78","13.08","23.88","","","","",""
"2022-04-25","2022115","11:08","18.0","54.9481","21.0","","","5.4","","8.4","98","","4","","31.89","12.99","23.98","","","","",""
"2022-04-25","2022115","11:08","18.0","54.9481","22.0","","","5.2","","8.4","98","","4","","31.92","12.96","24.02","","","","",""
"2022-04-25","2022115","11:08","18.0","54.9481","23.0","","","5.0","","8.4","98","","4","","31.93","12.96","24.02","","","","",""
"2022-04-25","2022115","11:08","18.0","54.9481","24.0","","","5.3","","8.4","98","","4","","31.94","12.95","24.03","","","","",""
"2022-04-25","2022115","11:08","18.0","54.9481","25.0","","","5.6","","8.4","98","","4","","31.97","12.93","24.06","","","","",""
"2022-04-25","2022115","11:08","18.0","54.9481","26.0","","","5.3","","8.4","98","","5","","32.03","12.88","24.12","","","","",""
"2022-04-25","2022115","11:08","18.0","54.9481","27.0","","","5.5","","8.4","98","","6","","32.05","12.87","24.14","","","","",""
"2022-04-25","2022115","11:08","18.0","54.9481","28.0","","","5.5","","8.4","98","","6","","32.08","12.84","24.17","","","","",""
"2022-04-25","2022115","11:08","18.0","54.9481","29.0","","","5.4","","8.4","98","","6","","32.13","12.81","24.21","","","","",""
"2022-04-25","2022115","11:08","18.0","54.9481","30.0","","","5.6","","8.4","98","","6","","32.16","12.79","24.23","","","","",""
"2022-04-25","2022115","11:08","18.0","54.9481","31.0","","","5.3","","8.4","98","","7","","32.18","12.77","24.26","","","","",""
"2022-04-25","2022115","11:08","18.0","54.9481","32.0","","","5.4","","8.4","98","","7","","32.21","12.75","24.28","","","","",""
"2022-04-25","2022115","11:08","18.0","54.9481","33.0","","","5.9","","8.4","98","","7","","32.21","12.75","24.29","","","","",""
"2022-04-25","2022115","11:08","18.0","54.9481","34.0","","","5.5","","8.4","98","","8","","32.21","12.75","24.28","","","","",""
"2022-04-25","2022115","11:08","18.0","54.9481","35.0","","","5.5","","8.4","98","","7","","32.21","12.75","24.28","","","","",""
"2022-04-25","2022115","11:08","18.0","54.9481","36.0","","","5.7","","8.5","98","","8","","32.24","12.73","24.31","","","","",""
"2022-04-25","2022115","11:08","18.0","54.9481","37.0","","","5.5","","8.5","98","","9","","32.27","12.71","24.33","","","","",""
"2022-04-25","2022115","11:08","18.0","54.9481","38.0","6.3","0.38","5.9","","8.5","98","13.9","10","","32.26","12.71","24.33","","","","",""
"2022-04-25","2022115","10:54","20.0","51.4501","1.0","","","5.3","","8.3","98","","6","","30.34","14.15","22.55","","","","",""
"2022-04-25","2022115","10:54","20.0","51.4501","2.0","6.0","0.82","5.7","","8.3","97","","6","","30.34","14.15","22.56","","","","",""
"2022-04-25","2022115","10:54","20.0","51.4501","3.0","","","6.8","","8.2","97","","5","","30.41","13.97","22.65","","","","",""
"2022-04-25","2022115","10:54","20.0","51.4501","4.0","","","6.9","","8.3","97","","5","","30.51","13.87","22.75","","","","",""
"2022-04-25","2022115","10:54","20.0","51.4501","5.0","","","6.4","","8.3","97","","5","","30.71","13.77","22.92","","","","",""
"2022-04-25","2022115","10:54","20.0","51.4501","6.0","","","6.1","","8.3","97","","6","","30.79","13.71","23.00","","","","",""
"2022-04-25","2022115","10:54","20.0","51.4501","7.0","","","5.9","","8.3","96","","5","","30.96","13.59","23.15","","","","",""
"2022-04-25","2022115","10:54","20.0","51.4501","8.0","","","5.9","","8.3","96","","5","","31.18","13.43","23.35","","","","",""
"2022-04-25","2022115","10:54","20.0","51.4501","9.0","","","5.9","","8.3","97","","5","","31.30","13.35","23.46","","","","",""
"2022-04-25","2022115","10:54","20.0","51.4501","10.0","","","6.1","","8.3","97","","5","","31.48","13.24","23.62","","","","",""
"2022-04-25","2022115","10:54","20.0","51.4501","11.0","","","6.2","","8.3","97","","5","","31.59","13.17","23.72","","","","",""
"2022-04-25","2022115","10:54","20.0","51.4501","12.0","","","5.8","","8.3","97","","5","","31.60","13.16","23.73","","","","",""
"2022-04-25","2022115","10:54","20.0","51.4501","13.0","","","5.8","","8.3","97","","5","","31.61","13.16","23.73","","","","",""
"2022-04-25","2022115","10:54","20.0","51.4501","14.0","","","5.8","","8.3","97","","5","","31.61","13.16","23.74","","","","",""
"2022-04-25","2022115","10:54","20.0","51.4501","15.0","","","5.6","","8.3","97","","5","","31.63","13.15","23.75","","","","",""
"2022-04-25","2022115","10:54","20.0","51.4501","16.0","","","5.7","","8.3","97","","5","","31.65","13.13","23.77","","","","",""
"2022-04-25","2022115","10:54","20.0","51.4501","17.0","","","5.8","","8.3","97","","5","","31.66","13.13","23.78","","","","",""
"2022-04-25","2022115","10:54","20.0","51.4501","18.0","","","5.7","","8.4","97","","5","","31.69","13.11","23.81","","","","",""
"2022-04-25","2022115","10:54","20.0","51.4501","19.0","","","5.6","","8.4","97","","5","","31.76","13.07","23.87","","","","",""
"2022-04-25","2022115","10:54","20.0","51.4501","20.0","","","6.0","","8.4","98","","5","","31.81","13.04","23.92","","","","",""
"2022-04-25","2022115","10:54","20.0","51.4501","21.0","","","5.8","","8.4","98","","6","","31.90","12.99","23.99","","","","",""
"2022-04-25","2022115","10:54","20.0","51.4501","22.0","","","6.0","","8.5","98","","6","","31.93","12.97","24.02","","","","",""
"2022-04-25","2022115","10:54","20.0","51.4501","23.0","","","6.2","","8.5","98","","7","","31.97","12.94","24.06","","","","",""
"2022-04-25","2022115","10:54","20.0","51.4501","24.0","","","6.6","","8.5","98","","10","","32.05","12.88","24.13","","","","",""
"2022-04-25","2022115","10:54","20.0","51.4501","25.0","","","7.2","","8.5","99","","15","","32.04","12.89","24.13","","","","",""
"2022-04-25","2022115","10:37","21.0","46.6266","1.0","","","4.1","","8.4","100","","6","","30.25","14.82","22.35","","","","",""
"2022-04-25","2022115","10:37","21.0","46.6266","2.0","6.3","0.83","5.9","","8.3","98","","6","","30.50","14.18","22.68","","","","",""
"2022-04-25","2022115","10:37","21.0","46.6266","3.0","","","7.9","","8.3","97","","6","","30.60","14.01","22.79","","","","",""
"2022-04-25","2022115","10:37","21.0","46.6266","4.0","","","7.6","","8.3","97","","6","","30.79","13.81","22.98","","","","",""
"2022-04-25","2022115","10:37","21.0","46.6266","5.0","","","6.9","","8.3","97","","5","","30.90","13.69","23.08","","","","",""
"2022-04-25","2022115","10:37","21.0","46.6266","6.0","","","6.3","","8.3","96","","5","","30.99","13.60","23.17","","","","",""
"2022-04-25","2022115","10:37","21.0","46.6266","7.0","","","5.9","","8.3","96","","5","","31.14","13.48","23.31","","","","",""
"2022-04-25","2022115","10:37","21.0","46.6266","8.0","","","5.4","","8.3","96","","4","","31.17","13.46","23.34","","","","",""
"2022-04-25","2022115","10:37","21.0","46.6266","9.0","","","5.5","","8.3","96","","4","","31.21","13.43","23.38","","","","",""
"2022-04-25","2022115","10:37","21.0","46.6266","10.0","","","5.6","","8.3","96","","5","","31.29","13.38","23.45","","","","",""
"2022-04-25","2022115","10:37","21.0","46.6266","11.0","","","5.7","","8.3","96","","5","","31.36","13.33","23.51","","","","",""
"2022-04-25","2022115","10:37","21.0","46.6266","12.0","","","5.7","","8.3","96","","6","","31.37","13.32","23.52","","","","",""
"2022-04-25","2022115","10:37","21.0","46.6266","13.0","","","5.8","","8.3","97","","9","","31.44","13.28","23.58","","","","",""
"2022-04-25","2022115","10:37","21.0","46.6266","14.0","","","6.0","","8.3","97","","10","","31.44","13.28","23.58","","","","",""
"2022-04-25","2022115","10:37","21.0","46.6266","15.0","","","5.9","","8.3","97","","9","","31.44","13.28","23.58","","","","",""
"2022-04-25","2022115","10:37","21.0","46.6266","16.0","","","5.9","","8.3","97","","10","","31.44","13.28","23.58","","","","",""
"2022-04-25","2022115","10:37","21.0","46.6266","17.0","","","6.1","","8.3","97","","11","","31.46","13.27","23.60","","","","",""
"2022-04-25","2022115","10:37","21.0","46.6266","18.0","","","6.4","","8.3","97","","14","","31.47","13.26","23.61","","","","",""
"2022-04-25","2022115","10:26","22.0","43.9210","1.0","","","5.5","","8.5","100","","4","","30.53","14.17","22.70","","","","",""
"2022-04-25","2022115","10:26","22.0","43.9210","2.0","5.1","0.82","5.5","","8.4","99","3.8","4","","30.57","14.09","22.75","0.78","16.99","4.57","2.08","38.45"
"2022-04-25","2022115","10:26","22.0","43.9210","3.0","","","5.5","","8.4","99","","4","","30.60","13.99","22.79","","","","",""
"2022-04-25","2022115","10:26","22.0","43.9210","4.0","","","5.5","","8.4","98","","4","","30.61","13.98","22.80","","","","",""
"2022-04-25","2022115","10:26","22.0","43.9210","5.0","","","6.1","","8.3","98","","4","","30.67","13.92","22.86","","","","",""
"2022-04-25","2022115","10:26","22.0","43.9210","6.0","","","6.0","","8.3","97","","4","","30.73","13.85","22.92","","","","",""
"2022-04-25","2022115","10:26","22.0","43.9210","7.0","","","6.0","","8.3","97","","4","","30.87","13.70","23.06","","","","",""
"2022-04-25","2022115","10:26","22.0","43.9210","8.0","","","5.9","","8.3","97","","4","","30.90","13.67","23.09","","","","",""
"2022-04-25","2022115","10:26","22.0","43.9210","9.0","","","5.8","","8.3","97","","4","","30.91","13.65","23.10","","","","",""
"2022-04-25","2022115","10:26","22.0","43.9210","10.0","","","5.7","","8.3","96","","4","","30.94","13.63","23.12","","","","",""
"2022-04-25","2022115","10:26","22.0","43.9210","11.0","","","5.5","","8.3","96","","4","","30.95","13.62","23.14","","","","",""
"2022-04-25","2022115","10:26","22.0","43.9210","12.0","","","5.7","","8.3","96","","4","","30.95","13.62","23.14","","","","",""
"2022-04-25","2022115","10:26","22.0","43.9210","13.0","","","5.6","","8.2","96","","4","","30.96","13.61","23.15","","","","",""
"2022-04-25","2022115","10:26","22.0","43.9210","14.0","","","5.5","","8.2","96","","4","","30.98","13.59","23.16","","","","",""
"2022-04-25","2022115","10:26","22.0","43.9210","15.0","","","5.5","","8.2","96","","5","","31.01","13.57","23.20","","","","",""
"2022-04-25","2022115","10:26","22.0","43.9210","16.0","","","5.5","","8.2","96","","7","","31.04","13.55","23.22","","","","",""
"2022-04-25","2022115","10:26","22.0","43.9210","17.0","","","5.8","","8.2","96","","8","","31.06","13.53","23.24","","","","",""
"2022-04-25","2022115","10:26","22.0","43.9210","18.0","","","5.9","","8.2","96","","8","","31.07","13.52","23.25","","","","",""
"2022-04-25","2022115","10:26","22.0","43.9210","19.0","","","6.0","","8.2","96","","10","","31.08","13.52","23.26","","","","",""
"2022-04-25","2022115","10:26","22.0","43.9210","20.0","6.0","0.55","6.0","","8.2","96","14.1","12","","31.09","13.51","23.27","","","","",""
"2022-04-25","2022115","10:14","23.0","39.6557","1.0","","","6.1","","8.2","96","","5","","30.11","14.35","22.34","","","","",""
"2022-04-25","2022115","10:14","23.0","39.6557","2.0","","","6.4","","8.1","96","","5","","30.14","14.22","22.39","","","","",""
"2022-04-25","2022115","10:14","23.0","39.6557","3.0","","","6.7","","8.1","95","","6","","30.14","14.18","22.40","","","","",""
"2022-04-25","2022115","10:14","23.0","39.6557","4.0","","","6.7","","8.0","95","","7","","30.15","14.16","22.41","","","","",""
"2022-04-25","2022115","10:14","23.0","39.6557","5.0","","","6.4","","8.0","94","","8","","30.15","14.15","22.41","","","","",""
"2022-04-25","2022115","10:14","23.0","39.6557","6.0","","","6.3","","8.0","94","","9","","30.17","14.14","22.43","","","","",""
"2022-04-25","2022115","10:14","23.0","39.6557","7.0","","","5.9","","8.0","94","","9","","30.18","14.14","22.44","","","","",""
"2022-04-25","2022115","10:14","23.0","39.6557","8.0","","","5.9","","8.0","94","","9","","30.21","14.12","22.46","","","","",""
"2022-04-25","2022115","10:14","23.0","39.6557","9.0","","","6.2","","8.0","94","","9","","30.25","14.09","22.50","","","","",""
"2022-04-25","2022115","10:14","23.0","39.6557","10.0","","","6.0","","8.0","94","","9","","30.32","14.03","22.56","","","","",""
"2022-04-25","2022115","10:14","23.0","39.6557","11.0","","","6.2","","8.0","94","","11","","30.37","13.99","22.62","","","","",""
"2022-04-25","2022115","10:14","23.0","39.6557","12.0","","","6.6","","8.1","94","","11","","30.38","13.98","22.63","","","","",""
"2022-04-25","2022115","10:14","23.0","39.6557","13.0","","","6.9","","8.0","94","","12","","30.39","13.97","22.64","","","","",""
"2022-04-25","2022115","10:14","23.0","39.6557","14.0","","","6.9","","8.0","94","","12","","30.40","13.97","22.64","","","","",""
"2022-04-25","2022115","10:03","24.0","37.0911","1.0","","","6.0","","8.2","96","","6","","30.07","14.37","22.30","","","","",""
"2022-04-25","2022115","10:03","24.0","37.0911","2.0","5.4","0.87","6.0","","8.2","96","5.2","5","","30.10","14.30","22.34","0.91","20.13","4.93","2.29","37.74"
"2022-04-25","2022115","10:03","24.0","37.0911","3.0","","","6.4","","8.1","96","","5","","30.11","14.30","22.35","","","","",""
"2022-04-25","2022115","10:03","24.0","37.0911","4.0","","","6.2","","8.1","95","","6","","30.13","14.30","22.37","","","","",""
"2022-04-25","2022115","10:03","24.0","37.0911","5.0","","","6.1","","8.1","95","","6","","30.17","14.29","22.40","","","","",""
"2022-04-25","2022115","10:03","24.0","37.0911","6.0","","","5.9","","8.0","95","","6","","30.18","14.27","22.41","","","","",""
"2022-04-25","2022115","10:03","24.0","37.0911","7.0","","","5.8","","8.0","94","","6","","30.19","14.24","22.42","","","","",""
"2022-04-25","2022115","10:03","24.0","37.0911","8.0","","","5.7","","8.0","94","","8","","30.19","14.20","22.43","","","","",""
"2022-04-25","2022115","10:03","24.0","37.0911","9.0","","","5.7","","8.0","94","","11","","30.19","14.20","22.43","","","","",""
"2022-04-25","2022115","10:03","24.0","37.0911","10.0","","","5.6","","8.0","94","","13","","30.19","14.20","22.43","","","","",""
"2022-04-25","2022115","10:03","24.0","37.0911","11.0","5.3","0.70","5.6","","8.0","94","14.2","16","","30.19","14.20","22.43","","","","",""
"2022-04-25","2022115","9:53","25.0","32.8382","1.0","","","6.4","","7.8","93","","18","","29.62","14.86","21.86","","","","",""
"2022-04-25","2022115","9:53","25.0","32.8382","2.0","","","7.1","","7.8","92","","21","","29.64","14.79","21.89","","","","",""
"2022-04-25","2022115","9:53","25.0","32.8382","3.0","","","6.8","","7.8","93","","21","","29.68","14.74","21.93","","","","",""
"2022-04-25","2022115","9:53","25.0","32.8382","4.0","","","6.4","","7.8","93","","20","","29.71","14.72","21.95","","","","",""
"2022-04-25","2022115","9:53","25.0","32.8382","5.0","","","6.4","","7.8","93","","19","","29.73","14.69","21.97","","","","",""
"2022-04-25","2022115","9:53","25.0","32.8382","6.0","","","6.6","","7.8","92","","20","","29.73","14.69","21.98","","","","",""
"2022-04-25","2022115","9:53","25.0","32.8382","7.0","","","6.7","","7.8","92","","21","","29.74","14.68","21.99","","","","",""
"2022-04-25","2022115","9:53","25.0","32.8382","8.0","","","6.7","","7.8","92","","23","","29.76","14.66","22.00","","","","",""
"2022-04-25","2022115","9:53","25.0","32.8382","9.0","","","6.2","","7.8","92","","26","","29.77","14.65","22.02","","","","",""
"2022-04-25","2022115","9:39","26.0","28.7560","1.0","","","6.9","","8.0","95","","15","","29.57","14.96","21.80","","","","",""
"2022-04-25","2022115","9:39","26.0","28.7560","2.0","","","7.7","","7.9","94","","15","","29.58","14.90","21.82","","","","",""
"2022-04-25","2022115","9:39","26.0","28.7560","3.0","","","7.0","","7.9","94","","16","","29.59","14.85","21.84","","","","",""
"2022-04-25","2022115","9:39","26.0","28.7560","4.0","","","6.5","","7.9","93","","17","","29.59","14.83","21.84","","","","",""
"2022-04-25","2022115","9:39","26.0","28.7560","5.0","","","6.1","","7.9","93","","17","","29.60","14.82","21.85","","","","",""
"2022-04-25","2022115","9:39","26.0","28.7560","6.0","","","6.0","","7.9","93","","18","","29.61","14.81","21.86","","","","",""
"2022-04-25","2022115","9:39","26.0","28.7560","7.0","","","6.1","","7.9","93","","19","","29.62","14.80","21.87","","","","",""
"2022-04-25","2022115","9:39","26.0","28.7560","8.0","","","6.0","","7.9","93","","18","","29.65","14.79","21.89","","","","",""
"2022-04-25","2022115","9:39","26.0","28.7560","9.0","","","6.2","","7.8","93","","17","","29.66","14.79","21.90","","","","",""
"2022-04-25","2022115","9:39","26.0","28.7560","10.0","","","6.1","","7.8","93","","17","","29.66","14.79","21.90","","","","",""
"2022-04-25","2022115","9:39","26.0","28.7560","11.0","","","6.1","","7.8","93","","18","","29.66","14.79","21.91","","","","",""
"2022-04-25","2022115","9:30","27.0","26.1872","1.0","","","7.1","","8.0","97","","16","","29.17","15.61","21.36","","","","",""
"2022-04-25","2022115","9:30","27.0","26.1872","2.0","7.7","0.84","7.1","","8.0","96","12.7","16","","29.19","15.57","21.38","0.88","14.28","3.50","2.87","24.92"
"2022-04-25","2022115","9:30","27.0","26.1872","3.0","","","7.1","","8.0","96","","19","","29.22","15.53","21.41","","","","",""
"2022-04-25","2022115","9:30","27.0","26.1872","4.0","","","7.2","","8.0","97","","19","","29.27","15.48","21.45","","","","",""
"2022-04-25","2022115","9:30","27.0","26.1872","5.0","","","7.3","","8.1","97","","19","","29.35","15.38","21.54","","","","",""
"2022-04-25","2022115","9:30","27.0","26.1872","6.0","","","7.4","","8.1","97","","22","","29.36","15.36","21.55","","","","",""
"2022-04-25","2022115","9:30","27.0","26.1872","7.0","","","7.8","","8.0","96","","25","","29.36","15.35","21.56","","","","",""
"2022-04-25","2022115","9:30","27.0","26.1872","8.0","","","7.8","","8.1","97","","26","","29.39","15.32","21.58","","","","",""
"2022-04-25","2022115","9:30","27.0","26.1872","9.0","","","7.8","","8.1","97","","26","","29.47","15.19","21.67","","","","",""
"2022-04-25","2022115","9:30","27.0","26.1872","10.0","","","8.4","","8.1","97","","28","","29.57","15.08","21.77","","","","",""
"2022-04-25","2022115","9:30","27.0","26.1872","11.0","","","8.2","","8.1","97","","33","","29.61","15.03","21.82","","","","",""
"2022-04-25","2022115","9:30","27.0","26.1872","12.0","8.9","0.68","9.8","","8.1","97","38.6","38","","29.61","15.03","21.82","","","","",""
"2022-04-25","2022115","9:19","28.0","23.5695","1.0","","","7.4","","7.8","94","","17","","28.70","16.02","20.90","","","","",""
"2022-04-25","2022115","9:19","28.0","23.5695","2.0","","","7.4","","7.8","94","","18","","28.71","15.96","20.93","","","","",""
"2022-04-25","2022115","9:19","28.0","23.5695","3.0","","","6.2","","7.7","94","","19","","28.74","15.93","20.96","","","","",""
"2022-04-25","2022115","9:19","28.0","23.5695","4.0","","","6.2","","7.8","94","","18","","28.76","15.92","20.97","","","","",""
"2022-04-25","2022115","9:19","28.0","23.5695","5.0","","","6.3","","7.7","94","","19","","28.77","15.92","20.98","","","","",""
"2022-04-25","2022115","9:19","28.0","23.5695","6.0","","","6.2","","7.7","94","","19","","28.79","15.90","21.00","","","","",""
"2022-04-25","2022115","9:19","28.0","23.5695","7.0","","","6.4","","7.7","93","","19","","28.80","15.90","21.01","","","","",""
"2022-04-25","2022115","9:19","28.0","23.5695","8.0","","","6.0","","7.7","93","","20","","28.80","15.90","21.01","","","","",""
"2022-04-25","2022115","9:19","28.0","23.5695","9.0","","","6.1","","7.7","94","","22","","28.80","15.89","21.01","","","","",""
"2022-04-25","2022115","9:19","28.0","23.5695","10.0","","","6.4","","7.8","94","","23","","28.84","15.90","21.04","","","","",""
"2022-04-25","2022115","9:19","28.0","23.5695","11.0","","","6.7","","7.8","94","","28","","28.86","15.90","21.06","","","","",""
"2022-04-25","2022115","9:19","28.0","23.5695","12.0","","","6.9","","7.8","94","","31","","28.89","15.91","21.08","","","","",""
"2022-04-25","2022115","9:19","28.0","23.5695","13.0","","","7.1","","7.9","95","","30","","29.04","15.84","21.20","","","","",""
"2022-04-25","2022115","9:19","28.0","23.5695","14.0","","","7.4","","7.9","96","","33","","29.14","15.76","21.30","","","","",""
"2022-04-25","2022115","9:09","29.0","20.2526","1.0","","","7.8","","7.8","94","","16","","28.62","16.04","20.84","","","","",""
"2022-04-25","2022115","9:09","29.0","20.2526","2.0","","","7.2","","7.7","94","","16","","28.62","16.03","20.84","","","","",""
"2022-04-25","2022115","9:09","29.0","20.2526","3.0","","","6.8","","7.7","94","","16","","28.63","16.03","20.85","","","","",""
"2022-04-25","2022115","9:09","29.0","20.2526","4.0","","","6.8","","7.7","93","","17","","28.63","16.01","20.85","","","","",""
"2022-04-25","2022115","9:09","29.0","20.2526","5.0","","","6.9","","7.7","93","","18","","28.63","16.01","20.85","","","","",""
"2022-04-25","2022115","9:09","29.0","20.2526","6.0","","","7.0","","7.7","93","","18","","28.64","16.00","20.86","","","","",""
"2022-04-25","2022115","9:09","29.0","20.2526","7.0","","","6.9","","7.7","93","","19","","28.66","15.99","20.88","","","","",""
"2022-04-25","2022115","9:09","29.0","20.2526","8.0","","","7.3","","7.7","93","","27","","28.73","15.99","20.93","","","","",""
"2022-04-25","2022115","9:09","29.0","20.2526","9.0","","","7.3","","7.7","93","","30","","28.75","16.01","20.95","","","","",""
"2022-04-25","2022115","9:09","29.0","20.2526","10.0","","","7.1","","7.7","93","","28","","28.76","16.01","20.95","","","","",""
"2022-04-25","2022115","9:09","29.0","20.2526","11.0","","","7.2","","7.7","93","","28","","28.77","16.02","20.96","","","","",""
"2022-04-25","2022115","9:09","29.0","20.2526","12.0","","","7.1","","7.7","93","","28","","28.81","16.01","20.99","","","","",""
"2022-04-25","2022115","9:09","29.0","20.2526","13.0","","","7.6","","7.7","94","","32","","28.86","16.00","21.03","","","","",""
"2022-04-25","2022115","9:09","29.0","20.2526","14.0","","","7.8","","7.7","94","","41","","28.87","15.99","21.04","","","","",""
"2022-04-25","2022115","9:09","29.0","20.2526","15.0","","","8.3","","7.7","94","","48","","28.87","15.99","21.04","","","","",""
"2022-04-25","2022115","8:59","29.5","17.5640","1.0","","","8.3","","7.6","92","","24","","28.49","16.02","20.74","","","","",""
"2022-04-25","2022115","8:59","29.5","17.5640","2.0","","","8.0","","7.6","91","","25","","28.49","16.00","20.75","","","","",""
"2022-04-25","2022115","8:59","29.5","17.5640","3.0","","","7.6","","7.6","91","","28","","28.50","15.98","20.75","","","","",""
"2022-04-25","2022115","8:59","29.5","17.5640","4.0","","","7.5","","7.6","91","","30","","28.50","15.98","20.76","","","","",""
"2022-04-25","2022115","8:59","29.5","17.5640","5.0","","","7.5","","7.6","91","","32","","28.51","15.99","20.77","","","","",""
"2022-04-25","2022115","8:59","29.5","17.5640","6.0","","","7.9","","7.6","91","","33","","28.52","15.99","20.78","","","","",""
"2022-04-25","2022115","8:59","29.5","17.5640","7.0","","","7.8","","7.6","91","","32","","28.52","15.99","20.77","","","","",""
"2022-04-25","2022115","8:59","29.5","17.5640","8.0","","","7.5","","7.6","92","","32","","28.53","15.99","20.78","","","","",""
"2022-04-25","2022115","8:59","29.5","17.5640","9.0","","","7.4","","7.6","92","","31","","28.53","15.99","20.78","","","","",""
"2022-04-25","2022115","8:59","29.5","17.5640","10.0","","","7.2","","7.6","92","","31","","28.54","15.98","20.79","","","","",""
"2022-04-25","2022115","8:59","29.5","17.5640","11.0","","","7.1","","7.6","92","","32","","28.54","15.98","20.79","","","","",""
"2022-04-25","2022115","8:59","29.5","17.5640","12.0","","","7.6","","7.6","91","","34","","28.54","15.98","20.79","","","","",""
"2022-04-25","2022115","8:59","29.5","17.5640","13.0","","","7.4","","7.6","92","","42","","28.54","15.98","20.79","","","","",""
"2022-04-25","2022115","8:59","29.5","17.5640","14.0","","","7.4","","7.6","91","","48","","28.54","15.98","20.79","","","","",""
"2022-04-25","2022115","8:59","29.5","17.5640","15.0","","","7.9","","7.6","92","","49","","28.54","15.98","20.79","","","","",""
"2022-04-25","2022115","8:49","30.0","14.7543","1.0","","","8.6","","7.7","93","","23","","28.42","16.05","20.68","","","","",""
"2022-04-25","2022115","8:49","30.0","14.7543","2.0","8.9","0.81","8.5","","7.6","92","22.0","23","","28.43","16.00","20.70","0.96","13.64","5.35","3.66","21.01"
"2022-04-25","2022115","8:49","30.0","14.7543","3.0","","","7.8","","7.6","92","","23","","28.44","16.00","20.71","","","","",""
"2022-04-25","2022115","8:49","30.0","14.7543","4.0","","","7.9","","7.6","92","","24","","28.44","16.00","20.71","","","","",""
"2022-04-25","2022115","8:49","30.0","14.7543","5.0","","","7.9","","7.6","92","","27","","28.44","16.01","20.71","","","","",""
"2022-04-25","2022115","8:49","30.0","14.7543","6.0","","","8.3","","7.6","92","","28","","28.44","16.01","20.71","","","","",""
"2022-04-25","2022115","8:49","30.0","14.7543","7.0","","","8.3","","7.6","92","","30","","28.44","16.01","20.71","","","","",""
"2022-04-25","2022115","8:49","30.0","14.7543","8.0","","","8.4","","7.6","92","","33","","28.44","16.01","20.70","","","","",""
"2022-04-25","2022115","8:49","30.0","14.7543","9.0","","","8.6","","7.6","92","","36","","28.43","16.01","20.70","","","","",""
"2022-04-25","2022115","8:49","30.0","14.7543","10.0","","","8.9","","7.6","92","","42","","28.43","16.01","20.70","","","","",""
"2022-04-25","2022115","8:49","30.0","14.7543","11.0","9.2","0.69","8.9","","7.6","92","47.7","47","","28.43","16.01","20.70","","","","",""
"2022-04-25","2022115","8:37","31.0","10.6065","1.0","","","13.2","","7.7","94","","23","","28.15","16.25","20.43","","","","",""
"2022-04-25","2022115","8:37","31.0","10.6065","2.0","","","13.0","","7.7","93","","28","","28.15","16.22","20.44","","","","",""
"2022-04-25","2022115","8:37","31.0","10.6065","3.0","","","13.3","","7.6","92","","31","","28.16","16.21","20.45","","","","",""
"2022-04-25","2022115","8:37","31.0","10.6065","4.0","","","12.4","","7.6","92","","33","","28.18","16.18","20.47","","","","",""
"2022-04-25","2022115","8:37","31.0","10.6065","5.0","","","11.7","","7.6","92","","33","","28.19","16.16","20.49","","","","",""
"2022-04-25","2022115","8:37","31.0","10.6065","6.0","","","11.2","","7.6","92","","33","","28.21","16.14","20.50","","","","",""
"2022-04-25","2022115","8:37","31.0","10.6065","7.0","","","10.9","","7.6","92","","36","","28.21","16.14","20.50","","","","",""
"2022-04-25","2022115","8:37","31.0","10.6065","8.0","","","10.9","","7.6","92","","36","","28.22","16.14","20.51","","","","",""
"2022-04-25","2022115","8:37","31.0","10.6065","9.0","","","11.1","","7.6","92","","38","","28.22","16.13","20.51","","","","",""
"2022-04-25","2022115","8:37","31.0","10.6065","10.0","","","11.0","","7.6","92","","41","","28.22","16.13","20.51","","","","",""
"2022-04-25","2022115","8:37","31.0","10.6065","11.0","","","11.0","","7.6","91","","44","","28.22","16.13","20.51","","","","",""
"2022-04-25","2022115","8:37","31.0","10.6065","12.0","","","11.3","","7.6","91","","48","","28.22","16.13","20.51","","","","",""
"2022-04-25","2022115","8:27","32.0","8.1507","1.0","","","16.6","","7.6","93","","28","","28.04","16.40","20.31","","","","",""
"2022-04-25","2022115","8:27","32.0","8.1507","2.0","17.2","0.86","16.6","","7.5","91","36.1","34","","28.06","16.37","20.34","0.94","14.92","2.14","4.03","14.24"
"2022-04-25","2022115","8:27","32.0","8.1507","3.0","","","14.9","","7.5","90","","39","","28.13","16.33","20.40","","","","",""
"2022-04-25","2022115","8:27","32.0","8.1507","4.0","","","14.0","","7.4","90","","42","","28.15","16.32","20.42","","","","",""
"2022-04-25","2022115","8:27","32.0","8.1507","5.0","","","13.2","","7.4","90","","43","","28.16","16.32","20.42","","","","",""
"2022-04-25","2022115","8:27","32.0","8.1507","6.0","","","13.4","","7.4","90","","44","","28.16","16.32","20.42","","","","",""
"2022-04-25","2022115","8:27","32.0","8.1507","7.0","","","13.3","","7.4","90","","44","","28.15","16.33","20.42","","","","",""
"2022-04-25","2022115","8:27","32.0","8.1507","8.0","","","13.2","","7.4","90","","59","","28.15","16.33","20.42","","","","",""
"2022-04-25","2022115","8:27","32.0","8.1507","9.0","","","13.4","","7.4","90","","66","","28.15","16.32","20.41","","","","",""
"2022-04-25","2022115","8:27","32.0","8.1507","10.0","","","13.8","","7.4","90","","78","","28.14","16.33","20.41","","","","",""
"2022-04-25","2022115","8:27","32.0","8.1507","11.0","15.0","0.58","14.1","","7.4","90","","77","","28.14","16.33","20.41","","","","",""
"2022-04-25","2022115","8:20","33.0","6.8085","1.0","","","16.3","","7.8","95","","40","","28.02","16.49","20.28","","","","",""
"2022-04-25","2022115","8:20","33.0","6.8085","2.0","","","16.1","","7.8","94","47.8","51","","28.03","16.48","20.29","","","","",""
"2022-04-25","2022115","8:20","33.0","6.8085","3.0","","","16.1","","7.7","94","","57","","28.03","16.47","20.29","","","","",""
"2022-04-25","2022115","8:20","33.0","6.8085","4.0","","","16.5","","7.7","94","","64","","28.03","16.46","20.29","","","","",""
"2022-04-25","2022115","8:20","33.0","6.8085","5.0","","","16.3","","7.7","94","","67","","28.03","16.46","20.29","","","","",""
"2022-04-25","2022115","8:20","33.0","6.8085","6.0","","","16.6","","7.7","94","","77","","28.03","16.47","20.29","","","","",""
"2022-04-25","2022115","8:20","33.0","6.8085","7.0","","","16.8","","7.7","94","","83","","28.03","16.48","20.29","","","","",""
"2022-04-25","2022115","8:20","33.0","6.8085","8.0","","","17.1","","7.7","94","","87","","28.03","16.49","20.29","","","","",""
"2022-04-25","2022115","8:20","33.0","6.8085","9.0","","","17.1","","7.7","94","","92","","28.04","16.50","20.29","","","","",""
"2022-04-25","2022115","8:20","33.0","6.8085","10.0","","","17.2","","7.7","94","","99","","28.04","16.51","20.29","","","","",""
"2022-04-25","2022115","8:20","33.0","6.8085","11.0","","","17.5","","7.7","94","","97","","28.05","16.52","20.30","","","","",""
"2022-04-25","2022115","8:20","33.0","6.8085","12.0","","","17.4","","7.7","94","","104","","28.06","16.54","20.30","","","","",""
"2022-04-25","2022115","8:20","33.0","6.8085","13.0","","","17.9","","7.7","94","","105","","28.06","16.54","20.30","","","","",""
"2022-04-25","2022115","8:10","34.0","3.5290","1.0","","","21.8","","7.4","91","","65","","27.78","16.95","19.99","","","","",""
"2022-04-25","2022115","8:10","34.0","3.5290","2.0","20.1","0.84","20.0","","7.5","92","67.2","70","","27.79","16.85","20.02","","","","",""
"2022-04-25","2022115","8:10","34.0","3.5290","3.0","","","19.8","","7.6","93","","72","","27.80","16.79","20.04","","","","",""
"2022-04-25","2022115","8:10","34.0","3.5290","4.0","","","18.8","","7.6","93","","74","","27.81","16.72","20.07","","","","",""
"2022-04-25","2022115","8:10","34.0","3.5290","5.0","","","18.1","","7.6","93","","76","","27.81","16.71","20.07","","","","",""
"2022-04-25","2022115","8:10","34.0","3.5290","6.0","","","18.0","","7.6","93","","81","","27.80","16.71","20.06","","","","",""
"2022-04-25","2022115","8:10","34.0","3.5290","7.0","","","17.8","","7.6","93","","82","","27.80","16.71","20.06","","","","",""
"2022-04-25","2022115","8:10","34.0","3.5290","8.0","19.8","0.76","19.0","","7.6","93","","85","","27.80","16.71","20.06","","","","",""
"2022-04-25","2022115","8:00","35.0","1.6576","1.0","","","16.4","","7.4","90","","68","","27.47","16.62","19.83","","","","",""
"2022-04-25","2022115","8:00","35.0","1.6576","2.0","14.9","0.75","16.2","","7.4","90","68.6","66","","27.46","16.62","19.82","","","","",""
"2022-04-25","2022115","8:00","35.0","1.6576","3.0","","","16.5","","7.4","90","","71","","27.45","16.62","19.82","","","","",""
"2022-04-25","2022115","8:00","35.0","1.6576","4.0","","","16.6","","7.4","90","","76","","27.46","16.62","19.82","","","","",""
"2022-04-25","2022115","8:00","35.0","1.6576","5.0","","","16.4","","7.4","90","","71","","27.48","16.63","19.83","","","","",""
"2022-04-25","2022115","8:00","35.0","1.6576","6.0","","","16.7","","7.4","90","","71","","27.48","16.63","19.83","","","","",""
"2022-04-25","2022115","8:00","35.0","1.6576","7.0","","","16.7","","7.4","90","","70","","27.48","16.63","19.83","","","","",""
"2022-04-25","2022115","8:00","35.0","1.6576","8.0","","","17.1","","7.4","90","","71","","27.47","16.63","19.83","","","","",""
"2022-04-25","2022115","7:51","36.0","0.0000","1.0","","","16.7","","7.2","88","","72","","27.15","16.62","19.58","","","","",""
"2022-04-25","2022115","7:51","36.0","0.0000","2.0","13.9","0.73","16.7","","7.2","88","76.9","76","","27.15","16.62","19.58","1.34","20.49","3.00","5.74","23.14"
"2022-04-25","2022115","7:51","36.0","0.0000","3.0","","","17.4","","7.2","88","","80","","27.15","16.62","19.58","","","","",""
"2022-04-25","2022115","7:51","36.0","0.0000","4.0","","","17.4","","7.2","88","","84","","27.15","16.62","19.58","","","","",""
"2022-04-25","2022115","7:51","36.0","0.0000","5.0","","","17.4","","7.2","88","","88","","27.15","16.62","19.58","","","","",""
"2022-04-25","2022115","7:51","36.0","0.0000","6.0","16.3","0.68","17.4","","7.2","87","87.7","87","","27.14","16.62","19.58","","","","",""
"2022-05-09","2022129","14:30","2.0","127.7053","1.0","","","3.2","","9.3","97","","59","","2.39","16.90","0.63","","","","",""
"2022-05-09","2022129","14:30","2.0","127.7053","2.0","","","3.2","","9.2","97","","60","","2.43","16.87","0.66","","","","",""
"2022-05-09","2022129","14:30","2.0","127.7053","3.0","","","3.3","","9.2","97","","71","","2.48","16.83","0.71","","","","",""
"2022-05-09","2022129","14:30","2.0","127.7053","4.0","","","3.4","","9.3","97","","77","","2.50","16.83","0.72","","","","",""
"2022-05-09","2022129","14:30","2.0","127.7053","5.0","","","3.4","","9.2","97","","83","","2.52","16.82","0.74","","","","",""
"2022-05-09","2022129","14:30","2.0","127.7053","6.0","","","3.5","","9.2","97","","85","","2.54","16.82","0.76","","","","",""
"2022-05-09","2022129","14:30","2.0","127.7053","7.0","","","3.5","","9.2","97","","85","","2.60","16.80","0.81","","","","",""
"2022-05-09","2022129","14:30","2.0","127.7053","8.0","","","3.5","","9.2","96","","91","","2.64","16.79","0.84","","","","",""
"2022-05-09","2022129","14:30","2.0","127.7053","9.0","","","3.6","","9.1","96","","92","","2.94","16.72","1.08","","","","",""
"2022-05-09","2022129","14:30","2.0","127.7053","10.0","","","3.6","","9.2","96","","98","","3.35","16.64","1.41","","","","",""
"2022-05-09","2022129","14:16","3.0","125.3243","1.0","","","2.9","","9.2","97","","28","","2.86","17.00","0.97","","","","",""
"2022-05-09","2022129","14:16","3.0","125.3243","2.0","2.8","0.69","2.9","","9.2","97","19.6","28","","2.90","17.00","1.00","0.60","11.85","5.07","2.31","211.50"
"2022-05-09","2022129","14:16","3.0","125.3243","3.0","","","3.1","","9.2","97","","31","","2.92","16.99","1.02","","","","",""
"2022-05-09","2022129","14:16","3.0","125.3243","4.0","","","3.1","","9.2","97","","35","","2.92","16.93","1.03","","","","",""
"2022-05-09","2022129","14:16","3.0","125.3243","5.0","","","3.2","","9.1","96","","52","","2.94","16.90","1.05","","","","",""
"2022-05-09","2022129","14:16","3.0","125.3243","6.0","","","3.3","","9.1","96","","73","","2.93","16.87","1.05","","","","",""
"2022-05-09","2022129","14:16","3.0","125.3243","7.0","","","3.4","","9.1","96","","86","","2.96","16.84","1.08","","","","",""
"2022-05-09","2022129","14:16","3.0","125.3243","8.0","","","3.4","","9.1","96","","89","","3.19","16.84","1.25","","","","",""
"2022-05-09","2022129","14:16","3.0","125.3243","9.0","","","3.4","","9.1","96","","91","","3.76","16.85","1.69","","","","",""
"2022-05-09","2022129","14:16","3.0","125.3243","10.0","","","3.5","","9.1","97","","96","","3.98","16.87","1.85","","","","",""
"2022-05-09","2022129","14:16","3.0","125.3243","11.0","2.2","0.33","3.5","","9.1","97","105.5","102","","4.06","16.87","1.91","","","","",""
"2022-05-09","2022129","13:58","4.0","119.8957","1.0","","","3.0","","9.2","98","","28","","4.73","17.04","2.39","","","","",""
"2022-05-09","2022129","13:58","4.0","119.8957","2.0","","","3.1","","9.2","98","","26","","4.72","17.02","2.39","","","","",""
"2022-05-09","2022129","13:58","4.0","119.8957","3.0","","","3.1","","9.2","98","","26","","4.72","17.02","2.39","","","","",""
"2022-05-09","2022129","13:58","4.0","119.8957","4.0","","","3.1","","9.2","98","","26","","4.75","16.98","2.42","","","","",""
"2022-05-09","2022129","13:58","4.0","119.8957","5.0","","","3.0","","9.2","98","","26","","4.79","16.96","2.45","","","","",""
"2022-05-09","2022129","13:58","4.0","119.8957","6.0","","","3.0","","9.1","97","","26","","4.93","16.92","2.57","","","","",""
"2022-05-09","2022129","13:58","4.0","119.8957","7.0","","","2.9","","9.1","97","","29","","5.17","16.90","2.75","","","","",""
"2022-05-09","2022129","13:58","4.0","119.8957","8.0","","","3.1","","9.1","97","","42","","5.43","16.88","2.95","","","","",""
"2022-05-09","2022129","13:58","4.0","119.8957","9.0","","","3.3","","9.0","97","","55","","5.74","16.87","3.19","","","","",""
"2022-05-09","2022129","13:58","4.0","119.8957","10.0","","","3.4","","9.0","97","","70","","5.72","16.87","3.18","","","","",""
"2022-05-09","2022129","13:58","4.0","119.8957","11.0","","","3.4","","9.0","97","","73","","5.74","16.87","3.19","","","","",""
"2022-05-09","2022129","13:58","4.0","119.8957","12.0","","","3.4","","9.0","97","","71","","5.79","16.87","3.24","","","","",""
"2022-05-09","2022129","13:58","4.0","119.8957","13.0","","","3.5","","9.0","97","","81","","5.89","16.86","3.31","","","","",""
"2022-05-09","2022129","13:58","4.0","119.8957","14.0","","","3.6","","9.0","97","","86","","5.90","16.86","3.32","","","","",""
"2022-05-09","2022129","13:58","4.0","119.8957","15.0","","","3.6","","9.0","97","","85","","5.91","16.86","3.33","","","","",""
"2022-05-09","2022129","13:58","4.0","119.8957","16.0","","","3.6","","9.0","96","","87","","5.93","16.86","3.34","","","","",""
"2022-05-09","2022129","13:58","4.0","119.8957","17.0","","","3.5","","8.9","96","","89","","5.93","16.86","3.34","","","","",""
"2022-05-09","2022129","13:44","5.0","115.6252","1.0","","","2.8","","9.1","98","","27","","6.33","16.99","3.62","","","","",""
"2022-05-09","2022129","13:44","5.0","115.6252","2.0","","","3.0","","9.1","98","","24","","6.33","16.99","3.62","","","","",""
"2022-05-09","2022129","13:44","5.0","115.6252","3.0","","","3.1","","9.0","97","","24","","6.34","16.97","3.64","","","","",""
"2022-05-09","2022129","13:44","5.0","115.6252","4.0","","","3.0","","8.9","96","","25","","6.69","16.91","3.91","","","","",""
"2022-05-09","2022129","13:44","5.0","115.6252","5.0","","","3.0","","8.9","96","","41","","7.48","16.84","4.52","","","","",""
"2022-05-09","2022129","13:44","5.0","115.6252","6.0","","","3.2","","8.9","96","","54","","7.84","16.82","4.80","","","","",""
"2022-05-09","2022129","13:44","5.0","115.6252","7.0","","","3.3","","8.9","96","","62","","8.12","16.84","5.01","","","","",""
"2022-05-09","2022129","13:44","5.0","115.6252","8.0","","","3.4","","8.8","96","","64","","8.43","16.81","5.26","","","","",""
"2022-05-09","2022129","13:44","5.0","115.6252","9.0","","","3.4","","8.8","96","","73","","8.72","16.76","5.49","","","","",""
"2022-05-09","2022129","13:44","5.0","115.6252","10.0","","","3.7","","8.8","96","","89","","9.35","16.72","5.97","","","","",""
"2022-05-09","2022129","13:27","6.0","110.8977","1.0","","","2.9","","9.2","99","","19","","7.50","17.02","4.51","","","","",""
"2022-05-09","2022129","13:27","6.0","110.8977","2.0","3.5","0.80","3.6","","9.1","99","16.4","19","","7.71","16.98","4.68","1.04","24.99","6.43","2.72","184.08"
"2022-05-09","2022129","13:27","6.0","110.8977","3.0","","","3.5","","9.1","99","","23","","8.14","16.91","5.02","","","","",""
"2022-05-09","2022129","13:27","6.0","110.8977","4.0","","","3.3","","9.1","99","","30","","8.27","16.89","5.12","","","","",""
"2022-05-09","2022129","13:27","6.0","110.8977","5.0","","","3.3","","9.1","99","","30","","8.38","16.86","5.21","","","","",""
"2022-05-09","2022129","13:27","6.0","110.8977","6.0","","","3.3","","9.0","98","","34","","8.50","16.85","5.30","","","","",""
"2022-05-09","2022129","13:27","6.0","110.8977","7.0","","","3.3","","9.0","98","","34","","8.65","16.82","5.42","","","","",""
"2022-05-09","2022129","13:27","6.0","110.8977","8.0","","","3.4","","8.9","97","","40","","8.98","16.77","5.69","","","","",""
"2022-05-09","2022129","13:27","6.0","110.8977","9.0","","","3.4","","8.8","97","","52","","9.68","16.70","6.24","","","","",""
"2022-05-09","2022129","13:27","6.0","110.8977","10.0","2.6","0.58","3.5","","8.8","96","49.0","52","","10.88","16.63","7.16","","","","",""
"2022-05-09","2022129","13:06","7.0","104.9810","1.0","","","5.7","","9.3","102","","18","","10.46","16.43","6.88","","","","",""
"2022-05-09","2022129","13:06","7.0","104.9810","2.0","4.8","0.83","5.3","","9.0","98","16.9","18","","10.52","16.35","6.94","","","","",""
"2022-05-09","2022129","13:06","7.0","104.9810","3.0","","","5.4","","8.9","97","","18","","11.08","16.06","7.42","","","","",""
"2022-05-09","2022129","13:06","7.0","104.9810","4.0","","","3.7","","8.9","97","","24","","11.61","15.98","7.84","","","","",""
"2022-05-09","2022129","13:06","7.0","104.9810","5.0","","","3.4","","8.8","96","","28","","11.77","16.00","7.96","","","","",""
"2022-05-09","2022129","13:06","7.0","104.9810","6.0","","","3.4","","8.8","96","","31","","12.27","16.05","8.33","","","","",""
"2022-05-09","2022129","13:06","7.0","104.9810","7.0","","","3.3","","8.7","96","","35","","12.99","16.15","8.86","","","","",""
"2022-05-09","2022129","13:06","7.0","104.9810","8.0","","","3.5","","8.7","96","","40","","13.27","16.26","9.06","","","","",""
"2022-05-09","2022129","13:06","7.0","104.9810","9.0","","","3.7","","8.6","95","","43","","13.58","16.33","9.28","","","","",""
"2022-05-09","2022129","13:06","7.0","104.9810","10.0","","","3.8","","8.5","95","","42","","14.53","16.47","9.97","","","","",""
"2022-05-09","2022129","13:06","7.0","104.9810","11.0","","","3.7","","8.4","95","","42","","15.16","16.57","10.44","","","","",""
"2022-05-09","2022129","13:06","7.0","104.9810","12.0","","","3.6","","8.4","94","","42","","15.28","16.58","10.53","","","","",""
"2022-05-09","2022129","13:06","7.0","104.9810","13.0","","","3.7","","8.4","94","","43","","15.38","16.59","10.60","","","","",""
"2022-05-09","2022129","13:06","7.0","104.9810","14.0","","","3.4","","8.4","94","","45","","15.47","16.61","10.66","","","","",""
"2022-05-09","2022129","12:46","8.0","99.7699","1.0","","","4.1","","8.9","99","","12","","13.85","16.27","9.49","","","","",""
"2022-05-09","2022129","12:46","8.0","99.7699","2.0","","","4.7","","8.9","99","11.8","12","","13.89","16.32","9.52","","","","",""
"2022-05-09","2022129","12:46","8.0","99.7699","3.0","","","5.5","","8.8","98","","13","","13.92","16.35","9.53","","","","",""
"2022-05-09","2022129","12:46","8.0","99.7699","4.0","","","5.3","","8.8","98","","13","","14.09","16.35","9.67","","","","",""
"2022-05-09","2022129","12:46","8.0","99.7699","5.0","","","4.7","","8.7","97","","13","","14.22","16.28","9.78","","","","",""
"2022-05-09","2022129","12:46","8.0","99.7699","6.0","","","3.9","","8.6","96","","13","","14.93","16.35","10.30","","","","",""
"2022-05-09","2022129","12:46","8.0","99.7699","7.0","","","3.1","","8.4","96","","13","","15.99","16.54","11.08","","","","",""
"2022-05-09","2022129","12:46","8.0","99.7699","8.0","","","3.0","","8.3","95","","12","","16.92","16.66","11.76","","","","",""
"2022-05-09","2022129","12:46","8.0","99.7699","9.0","","","3.0","","8.2","95","","12","","17.81","16.74","12.42","","","","",""
"2022-05-09","2022129","12:46","8.0","99.7699","10.0","","","3.0","","8.2","95","","13","","18.36","16.78","12.83","","","","",""
"2022-05-09","2022129","12:46","8.0","99.7699","11.0","","","3.4","","8.2","95","","13","","18.81","16.80","13.17","","","","",""
"2022-05-09","2022129","12:46","8.0","99.7699","12.0","","","3.9","","8.1","95","","15","","19.36","16.85","13.59","","","","",""
"2022-05-09","2022129","12:46","8.0","99.7699","13.0","","","4.0","","8.1","95","","14","","19.40","16.86","13.61","","","","",""
"2022-05-09","2022129","12:46","8.0","99.7699","14.0","","","3.8","","8.1","94","","12","","19.48","16.87","13.67","","","","",""
"2022-05-09","2022129","12:46","8.0","99.7699","15.0","","","3.6","","8.1","94","","11","","19.79","16.89","13.90","","","","",""
"2022-05-09","2022129","12:46","8.0","99.7699","16.0","","","4.0","","8.0","94","","11","","20.43","16.91","14.39","","","","",""
"2022-05-09","2022129","12:28","9.0","96.7889","1.0","","","4.1","","8.7","99","","8","","16.22","16.54","11.25","","","","",""
"2022-05-09","2022129","12:28","9.0","96.7889","2.0","4.5","0.87","4.6","","8.7","98","8.9","8","","16.20","16.51","11.24","1.09","25.20","7.28","2.83","125.69"
"2022-05-09","2022129","12:28","9.0","96.7889","3.0","","","4.9","","8.6","97","","8","","16.25","16.52","11.28","","","","",""
"2022-05-09","2022129","12:28","9.0","96.7889","4.0","","","4.8","","8.6","97","","10","","16.38","16.54","11.37","","","","",""
"2022-05-09","2022129","12:28","9.0","96.7889","5.0","","","4.6","","8.6","98","","12","","16.41","16.51","11.40","","","","",""
"2022-05-09","2022129","12:28","9.0","96.7889","6.0","","","4.6","","8.6","98","","13","","16.46","16.50","11.44","","","","",""
"2022-05-09","2022129","12:28","9.0","96.7889","7.0","","","4.7","","8.5","97","","13","","16.60","16.50","11.55","","","","",""
"2022-05-09","2022129","12:28","9.0","96.7889","8.0","","","4.6","","8.4","96","","14","","17.64","16.56","12.33","","","","",""
"2022-05-09","2022129","12:28","9.0","96.7889","9.0","","","4.5","","8.3","95","","16","","18.31","16.65","12.82","","","","",""
"2022-05-09","2022129","12:28","9.0","96.7889","10.0","","","4.2","","8.2","95","","20","","18.52","16.70","12.97","","","","",""
"2022-05-09","2022129","12:28","9.0","96.7889","11.0","","","4.1","","8.2","94","","22","","18.68","16.73","13.09","","","","",""
"2022-05-09","2022129","12:28","9.0","96.7889","12.0","","","4.2","","8.2","94","","29","","18.90","16.78","13.25","","","","",""
"2022-05-09","2022129","12:28","9.0","96.7889","13.0","","","4.1","","8.2","95","","29","","18.99","16.79","13.31","","","","",""
"2022-05-09","2022129","12:28","9.0","96.7889","14.0","","","4.3","","8.2","95","","30","","19.13","16.80","13.42","","","","",""
"2022-05-09","2022129","12:28","9.0","96.7889","15.0","","","4.2","","8.1","95","","34","","19.75","16.82","13.89","","","","",""
"2022-05-09","2022129","12:28","9.0","96.7889","16.0","","","5.2","","8.1","94","","46","","20.69","16.85","14.60","","","","",""
"2022-05-09","2022129","12:28","9.0","96.7889","17.0","","","5.7","","8.1","94","","47","","20.78","16.85","14.67","","","","",""
"2022-05-09","2022129","12:28","9.0","96.7889","18.0","","","5.6","","8.1","95","","46","","20.85","16.85","14.72","","","","",""
"2022-05-09","2022129","12:28","9.0","96.7889","19.0","","","5.7","","8.1","94","","44","","20.88","16.85","14.74","","","","",""
"2022-05-09","2022129","12:28","9.0","96.7889","20.0","","","5.6","","8.0","94","","43","","20.92","16.84","14.77","","","","",""
"2022-05-09","2022129","12:28","9.0","96.7889","21.0","","","5.3","","8.0","94","","45","","20.99","16.83","14.83","","","","",""
"2022-05-09","2022129","12:28","9.0","96.7889","22.0","","","5.7","","8.0","94","","39","","21.20","16.81","14.99","","","","",""
"2022-05-09","2022129","12:28","9.0","96.7889","23.0","","","5.8","","8.0","94","","36","","21.56","16.78","15.28","","","","",""
"2022-05-09","2022129","12:28","9.0","96.7889","24.0","","","5.6","","8.0","94","","31","","21.73","16.76","15.41","","","","",""
"2022-05-09","2022129","12:28","9.0","96.7889","25.0","","","5.8","","8.0","94","","31","","21.88","16.73","15.53","","","","",""
"2022-05-09","2022129","12:28","9.0","96.7889","26.0","","","6.1","","7.9","93","","33","","21.98","16.71","15.61","","","","",""
"2022-05-09","2022129","12:28","9.0","96.7889","27.0","","","6.0","","7.9","93","","37","","22.15","16.66","15.75","","","","",""
"2022-05-09","2022129","12:28","9.0","96.7889","28.0","","","6.0","","7.9","93","","36","","22.59","16.55","16.11","","","","",""
"2022-05-09","2022129","12:28","9.0","96.7889","29.0","","","6.2","","7.9","94","","26","","23.22","16.38","16.63","","","","",""
"2022-05-09","2022129","12:17","10.0","93.5951","1.0","","","2.4","","8.5","97","","11","","17.04","16.36","11.91","","","","",""
"2022-05-09","2022129","12:17","10.0","93.5951","2.0","","","3.8","","8.4","96","","9","","17.60","16.39","12.33","","","","",""
"2022-05-09","2022129","12:17","10.0","93.5951","3.0","","","4.4","","8.4","96","","9","","17.69","16.41","12.40","","","","",""
"2022-05-09","2022129","12:17","10.0","93.5951","4.0","","","3.9","","8.5","97","","11","","17.82","16.42","12.49","","","","",""
"2022-05-09","2022129","12:17","10.0","93.5951","5.0","","","3.7","","8.3","96","","10","","18.13","16.46","12.73","","","","",""
"2022-05-09","2022129","12:17","10.0","93.5951","6.0","","","3.7","","8.1","95","","9","","20.21","16.77","14.25","","","","",""
"2022-05-09","2022129","12:17","10.0","93.5951","7.0","","","3.9","","8.1","94","","7","","20.57","16.79","14.52","","","","",""
"2022-05-09","2022129","12:17","10.0","93.5951","8.0","","","4.0","","8.0","94","","8","","21.26","16.74","15.06","","","","",""
"2022-05-09","2022129","12:17","10.0","93.5951","9.0","","","4.3","","8.0","94","","11","","21.40","16.73","15.17","","","","",""
"2022-05-09","2022129","12:17","10.0","93.5951","10.0","","","4.6","","8.0","94","","12","","21.47","16.73","15.22","","","","",""
"2022-05-09","2022129","12:17","10.0","93.5951","11.0","","","4.8","","8.0","94","","10","","21.59","16.71","15.31","","","","",""
"2022-05-09","2022129","12:17","10.0","93.5951","12.0","","","4.7","","8.0","94","","12","","22.15","16.59","15.77","","","","",""
"2022-05-09","2022129","12:17","10.0","93.5951","13.0","","","4.9","","8.0","94","","16","","22.45","16.52","16.01","","","","",""
"2022-05-09","2022129","12:17","10.0","93.5951","14.0","","","5.4","","8.0","94","","16","","22.67","16.47","16.19","","","","",""
"2022-05-09","2022129","12:17","10.0","93.5951","15.0","","","5.7","","8.0","94","","17","","22.81","16.44","16.30","","","","",""
"2022-05-09","2022129","12:17","10.0","93.5951","16.0","","","5.8","","7.9","93","","18","","22.88","16.42","16.36","","","","",""
"2022-05-09","2022129","12:17","10.0","93.5951","17.0","","","5.5","","7.9","94","","17","","23.40","16.29","16.79","","","","",""
"2022-05-09","2022129","12:17","10.0","93.5951","18.0","","","5.4","","7.9","93","","18","","23.65","16.23","16.99","","","","",""
"2022-05-09","2022129","11:58","11.0","89.7672","1.0","","","3.2","","8.5","98","","5","","18.45","16.78","12.90","","","","",""
"2022-05-09","2022129","11:58","11.0","89.7672","2.0","","","3.8","","8.5","98","","5","","18.75","16.69","13.15","","","","",""
"2022-05-09","2022129","11:58","11.0","89.7672","3.0","","","5.6","","8.4","97","","5","","19.31","16.60","13.60","","","","",""
"2022-05-09","2022129","11:58","11.0","89.7672","4.0","","","5.9","","8.2","96","","5","","20.26","16.58","14.33","","","","",""
"2022-05-09","2022129","11:58","11.0","89.7672","5.0","","","4.7","","8.2","95","","5","","20.93","16.56","14.85","","","","",""
"2022-05-09","2022129","11:58","11.0","89.7672","6.0","","","4.2","","8.1","95","","4","","21.07","16.56","14.95","","","","",""
"2022-05-09","2022129","11:58","11.0","89.7672","7.0","","","4.1","","8.1","94","","5","","21.22","16.54","15.07","","","","",""
"2022-05-09","2022129","11:58","11.0","89.7672","8.0","","","4.2","","8.0","94","","8","","22.00","16.36","15.70","","","","",""
"2022-05-09","2022129","11:58","11.0","89.7672","9.0","","","5.1","","8.0","94","","13","","22.76","16.18","16.32","","","","",""
"2022-05-09","2022129","11:58","11.0","89.7672","10.0","","","5.6","","8.0","94","","21","","23.10","16.09","16.60","","","","",""
"2022-05-09","2022129","11:58","11.0","89.7672","11.0","","","6.6","","8.0","93","","28","","23.43","16.01","16.87","","","","",""
"2022-05-09","2022129","11:58","11.0","89.7672","12.0","","","7.1","","7.9","93","","40","","23.80","15.95","17.16","","","","",""
"2022-05-09","2022129","11:58","11.0","89.7672","13.0","","","7.5","","7.9","93","","41","","24.09","15.92","17.39","","","","",""
"2022-05-09","2022129","11:58","11.0","89.7672","14.0","","","6.8","","7.9","92","","37","","24.42","15.83","17.66","","","","",""
"2022-05-09","2022129","11:58","11.0","89.7672","15.0","","","6.7","","7.9","92","","31","","24.96","15.64","18.12","","","","",""
"2022-05-09","2022129","11:58","11.0","89.7672","16.0","","","7.0","","7.8","92","","26","","25.76","15.50","18.76","","","","",""
"2022-05-09","2022129","11:58","11.0","89.7672","17.0","","","6.9","","7.9","92","","25","","26.40","15.36","19.28","","","","",""
"2022-05-09","2022129","11:58","11.0","89.7672","18.0","","","6.5","","7.8","92","","26","","26.56","15.33","19.41","","","","",""
"2022-05-09","2022129","11:58","11.0","89.7672","19.0","","","5.5","","7.9","93","","25","","26.63","15.31","19.47","","","","",""
"2022-05-09","2022129","11:58","11.0","89.7672","20.0","","","4.8","","7.8","92","","23","","26.66","15.31","19.49","","","","",""
"2022-05-09","2022129","11:58","11.0","89.7672","21.0","","","4.1","","7.9","93","","21","","26.70","15.31","19.52","","","","",""
"2022-05-09","2022129","11:58","11.0","89.7672","22.0","","","3.8","","7.9","93","","21","","26.76","15.29","19.57","","","","",""
"2022-05-09","2022129","11:43","12.0","84.4458","1.0","","","4.8","","8.6","101","","5","","20.85","16.68","14.76","","","","",""
"2022-05-09","2022129","11:43","12.0","84.4458","2.0","","","6.5","","8.4","98","","5","","21.16","16.56","15.01","","","","",""
"2022-05-09","2022129","11:43","12.0","84.4458","3.0","","","7.7","","8.2","95","","4","","21.72","16.28","15.50","","","","",""
"2022-05-09","2022129","11:43","12.0","84.4458","4.0","","","6.7","","8.1","94","","6","","22.41","15.94","16.11","","","","",""
"2022-05-09","2022129","11:43","12.0","84.4458","5.0","","","6.3","","8.1","94","","7","","23.23","15.71","16.77","","","","",""
"2022-05-09","2022129","11:43","12.0","84.4458","6.0","","","6.3","","7.9","93","","9","","23.93","15.68","17.32","","","","",""
"2022-05-09","2022129","11:43","12.0","84.4458","7.0","","","6.4","","7.9","92","","8","","25.03","15.70","18.16","","","","",""
"2022-05-09","2022129","11:43","12.0","84.4458","8.0","","","5.4","","7.9","92","","8","","26.41","15.26","19.31","","","","",""
"2022-05-09","2022129","11:43","12.0","84.4458","9.0","","","5.3","","7.9","93","","9","","27.31","15.13","20.02","","","","",""
"2022-05-09","2022129","11:24","13.0","78.5444","1.0","","","3.2","","8.6","101","","3","","22.92","16.27","16.42","","","","",""
"2022-05-09","2022129","11:24","13.0","78.5444","2.0","6.5","0.91","6.1","","8.4","99","4.1","4","","23.09","16.05","16.60","0.84","13.07","2.78","2.57","89.01"
"2022-05-09","2022129","11:24","13.0","78.5444","3.0","","","7.7","","8.1","95","","4","","24.47","15.65","17.74","","","","",""
"2022-05-09","2022129","11:24","13.0","78.5444","4.0","","","7.5","","7.9","92","","5","","25.44","15.50","18.52","","","","",""
"2022-05-09","2022129","11:24","13.0","78.5444","5.0","","","5.3","","7.8","92","","4","","27.02","15.24","19.78","","","","",""
"2022-05-09","2022129","11:24","13.0","78.5444","6.0","","","3.8","","7.8","92","","3","","27.82","15.00","20.44","","","","",""
"2022-05-09","2022129","11:24","13.0","78.5444","7.0","","","4.0","","7.8","93","","6","","27.91","14.97","20.52","","","","",""
"2022-05-09","2022129","11:24","13.0","78.5444","8.0","","","4.1","","7.8","92","","9","","27.96","14.96","20.56","","","","",""
"2022-05-09","2022129","11:24","13.0","78.5444","9.0","4.2","0.73","4.4","","7.8","92","19.6","11","","28.00","14.94","20.60","","","","",""
"2022-05-09","2022129","11:10","14.0","74.4288","1.0","","","5.8","","8.7","101","","2","","24.31","15.34","17.68","","","","",""
"2022-05-09","2022129","11:10","14.0","74.4288","2.0","","","6.3","","8.6","100","","2","","24.36","15.28","17.73","","","","",""
"2022-05-09","2022129","11:10","14.0","74.4288","3.0","","","8.4","","8.3","96","","3","","24.64","15.26","17.95","","","","",""
"2022-05-09","2022129","11:10","14.0","74.4288","4.0","","","7.9","","8.0","93","","3","","25.59","15.14","18.70","","","","",""
"2022-05-09","2022129","11:10","14.0","74.4288","5.0","","","5.9","","7.8","93","","3","","27.71","15.11","20.34","","","","",""
"2022-05-09","2022129","11:10","14.0","74.4288","6.0","","","4.3","","7.8","92","","1","","28.43","14.80","20.95","","","","",""
"2022-05-09","2022129","11:10","14.0","74.4288","7.0","","","3.8","","7.7","91","","1","","28.96","14.63","21.40","","","","",""
"2022-05-09","2022129","11:10","14.0","74.4288","8.0","","","3.0","","7.6","90","","1","","29.28","14.51","21.67","","","","",""
"2022-05-09","2022129","11:10","14.0","74.4288","9.0","","","2.7","","7.6","89","","1","","29.52","14.41","21.88","","","","",""
"2022-05-09","2022129","11:10","14.0","74.4288","10.0","","","2.3","","7.6","89","","1","","29.75","14.30","22.07","","","","",""
"2022-05-09","2022129","11:10","14.0","74.4288","11.0","","","2.3","","7.6","89","","5","","29.89","14.23","22.20","","","","",""
"2022-05-09","2022129","11:10","14.0","74.4288","12.0","","","2.5","","7.6","89","","10","","30.01","14.18","22.30","","","","",""
"2022-05-09","2022129","11:10","14.0","74.4288","13.0","","","2.6","","7.6","89","","12","","30.05","14.16","22.33","","","","",""
"2022-05-09","2022129","11:10","14.0","74.4288","14.0","","","2.7","","7.6","89","","17","","30.11","14.14","22.38","","","","",""
"2022-05-09","2022129","11:10","14.0","74.4288","15.0","","","3.4","","7.6","89","","29","","30.13","14.13","22.40","","","","",""
"2022-05-09","2022129","10:53","15.0","69.9895","1.0","","","7.2","","8.5","99","","1","","26.48","15.11","19.39","","","","",""
"2022-05-09","2022129","10:53","15.0","69.9895","2.0","7.0","0.89","7.0","","8.4","99","2.2","1","","26.82","15.04","19.67","0.80","13.64","3.64","2.28","70.14"
"2022-05-09","2022129","10:53","15.0","69.9895","3.0","","","7.1","","8.4","99","","1","","26.99","15.01","19.80","","","","",""
"2022-05-09","2022129","10:53","15.0","69.9895","4.0","","","7.4","","8.4","98","","1","","27.03","15.00","19.84","","","","",""
"2022-05-09","2022129","10:53","15.0","69.9895","5.0","","","7.8","","8.3","97","","1","","27.45","14.92","20.18","","","","",""
"2022-05-09","2022129","10:53","15.0","69.9895","6.0","","","7.9","","8.2","97","","1","","28.07","14.82","20.68","","","","",""
"2022-05-09","2022129","10:53","15.0","69.9895","7.0","","","7.1","","8.2","96","","1","","28.29","14.82","20.84","","","","",""
"2022-05-09","2022129","10:53","15.0","69.9895","8.0","","","6.5","","8.1","96","","1","","28.37","14.74","20.92","","","","",""
"2022-05-09","2022129","10:53","15.0","69.9895","9.0","","","6.1","","8.1","96","","1","","28.37","14.70","20.93","","","","",""
"2022-05-09","2022129","10:53","15.0","69.9895","10.0","","","6.1","","8.1","95","","1","","28.44","14.64","21.00","","","","",""
"2022-05-09","2022129","10:53","15.0","69.9895","11.0","","","5.5","","8.1","95","","1","","28.52","14.52","21.08","","","","",""
"2022-05-09","2022129","10:53","15.0","69.9895","12.0","","","5.2","","7.9","93","","1","","28.83","14.50","21.33","","","","",""
"2022-05-09","2022129","10:53","15.0","69.9895","13.0","","","4.9","","7.8","92","","1","","29.36","14.35","21.76","","","","",""
"2022-05-09","2022129","10:53","15.0","69.9895","14.0","","","4.0","","7.7","91","","1","","30.12","14.08","22.41","","","","",""
"2022-05-09","2022129","10:53","15.0","69.9895","15.0","","","3.3","","7.7","91","","3","","30.25","14.04","22.51","","","","",""
"2022-05-09","2022129","10:53","15.0","69.9895","16.0","","","3.1","","7.7","90","","4","","30.33","14.01","22.58","","","","",""
"2022-05-09","2022129","10:53","15.0","69.9895","17.0","","","3.2","","7.7","90","","9","","30.39","13.98","22.63","","","","",""
"2022-05-09","2022129","10:53","15.0","69.9895","18.0","","","3.5","","7.7","90","","10","","30.40","13.97","22.64","","","","",""
"2022-05-09","2022129","10:53","15.0","69.9895","19.0","","","3.6","","7.7","90","","13","","30.40","13.97","22.64","","","","",""
"2022-05-09","2022129","10:53","15.0","69.9895","20.0","","","3.5","","7.7","90","","14","","30.42","13.96","22.66","","","","",""
"2022-05-09","2022129","10:53","15.0","69.9895","21.0","","","3.5","","7.7","90","","15","","30.43","13.96","22.67","","","","",""
"2022-05-09","2022129","10:53","15.0","69.9895","22.0","","","3.8","","7.7","90","","19","","30.44","13.95","22.68","","","","",""
"2022-05-09","2022129","10:53","15.0","69.9895","23.0","4.3","0.53","3.8","","7.7","90","","22","","30.45","13.94","22.68","","","","",""
"2022-05-09","2022129","10:34","16.0","63.0794","1.0","","","4.4","","8.0","94","","4","","29.35","14.36","21.75","","","","",""
"2022-05-09","2022129","10:34","16.0","63.0794","2.0","","","5.5","","7.8","92","","4","","29.99","14.09","22.30","","","","",""
"2022-05-09","2022129","10:34","16.0","63.0794","3.0","","","6.0","","7.7","90","","4","","30.41","13.90","22.66","","","","",""
"2022-05-09","2022129","10:34","16.0","63.0794","4.0","","","5.6","","7.6","89","","4","","30.69","13.73","22.91","","","","",""
"2022-05-09","2022129","10:34","16.0","63.0794","5.0","","","4.8","","7.5","88","","4","","31.02","13.51","23.21","","","","",""
"2022-05-09","2022129","10:34","16.0","63.0794","6.0","","","4.3","","7.5","87","","4","","31.33","13.31","23.49","","","","",""
"2022-05-09","2022129","10:34","16.0","63.0794","7.0","","","4.3","","7.5","87","","4","","31.42","13.25","23.57","","","","",""
"2022-05-09","2022129","10:34","16.0","63.0794","8.0","","","4.0","","7.5","87","","5","","31.56","13.14","23.70","","","","",""
"2022-05-09","2022129","10:34","16.0","63.0794","9.0","","","4.3","","7.5","87","","6","","31.62","13.09","23.76","","","","",""
"2022-05-09","2022129","10:34","16.0","63.0794","10.0","","","4.3","","7.5","87","","6","","31.63","13.09","23.77","","","","",""
"2022-05-09","2022129","10:34","16.0","63.0794","11.0","","","4.2","","7.5","87","","6","","31.67","13.06","23.80","","","","",""
"2022-05-09","2022129","10:34","16.0","63.0794","12.0","","","4.4","","7.5","87","","7","","31.70","13.03","23.83","","","","",""
"2022-05-09","2022129","10:19","17.0","58.8909","1.0","","","3.4","","8.1","94","","4","","30.12","13.77","22.46","","","","",""
"2022-05-09","2022129","10:19","17.0","58.8909","2.0","4.4","0.87","3.6","","8.0","93","","4","","30.44","13.69","22.72","","","","",""
"2022-05-09","2022129","10:19","17.0","58.8909","3.0","","","4.5","","8.0","93","","4","","30.67","13.63","22.92","","","","",""
"2022-05-09","2022129","10:19","17.0","58.8909","4.0","","","5.2","","7.9","92","","4","","30.79","13.58","23.02","","","","",""
"2022-05-09","2022129","10:19","17.0","58.8909","5.0","","","5.8","","7.8","91","","3","","30.95","13.50","23.16","","","","",""
"2022-05-09","2022129","10:19","17.0","58.8909","6.0","","","5.7","","7.6","89","","3","","31.40","13.26","23.56","","","","",""
"2022-05-09","2022129","10:19","17.0","58.8909","7.0","","","5.1","","7.6","88","","4","","31.74","13.01","23.87","","","","",""
"2022-05-09","2022129","10:19","17.0","58.8909","8.0","","","4.5","","7.5","87","","4","","31.78","12.97","23.91","","","","",""
"2022-05-09","2022129","10:19","17.0","58.8909","9.0","","","4.5","","7.5","87","","4","","31.79","12.96","23.92","","","","",""
"2022-05-09","2022129","10:19","17.0","58.8909","10.0","","","4.6","","7.5","87","","5","","31.81","12.94","23.93","","","","",""
"2022-05-09","2022129","10:19","17.0","58.8909","11.0","","","4.5","","7.5","87","","5","","31.82","12.93","23.94","","","","",""
"2022-05-09","2022129","10:02","18.0","54.9481","1.0","","","4.7","","8.2","96","","5","","30.54","13.62","22.82","","","","",""
"2022-05-09","2022129","10:02","18.0","54.9481","2.0","5.7","0.87","5.3","","8.2","96","1.4","3","","30.53","13.61","22.82","0.78","13.92","3.78","2.18","51.63"
"2022-05-09","2022129","10:02","18.0","54.9481","3.0","","","5.1","","8.2","95","","4","","30.53","13.61","22.82","","","","",""
"2022-05-09","2022129","10:02","18.0","54.9481","4.0","","","5.9","","8.2","96","","4","","30.53","13.62","22.82","","","","",""
"2022-05-09","2022129","10:02","18.0","54.9481","5.0","","","6.4","","8.2","96","","4","","30.53","13.61","22.82","","","","",""
"2022-05-09","2022129","10:02","18.0","54.9481","6.0","","","6.4","","8.2","96","","4","","30.53","13.61","22.81","","","","",""
"2022-05-09","2022129","10:02","18.0","54.9481","7.0","","","6.1","","8.2","96","","4","","30.52","13.61","22.81","","","","",""
"2022-05-09","2022129","10:02","18.0","54.9481","8.0","","","6.0","","8.2","96","","4","","30.52","13.61","22.81","","","","",""
"2022-05-09","2022129","10:02","18.0","54.9481","9.0","","","6.1","","8.2","96","","4","","30.52","13.61","22.81","","","","",""
"2022-05-09","2022129","10:02","18.0","54.9481","10.0","","","6.2","","8.2","96","","4","","30.52","13.61","22.81","","","","",""
"2022-05-09","2022129","10:02","18.0","54.9481","11.0","","","6.3","","8.2","96","","4","","30.52","13.61","22.80","","","","",""
"2022-05-09","2022129","10:02","18.0","54.9481","12.0","","","6.1","","8.2","96","","4","","30.51","13.60","22.80","","","","",""
"2022-05-09","2022129","10:02","18.0","54.9481","13.0","","","6.1","","8.2","95","","4","","30.52","13.60","22.80","","","","",""
"2022-05-09","2022129","10:02","18.0","54.9481","14.0","","","6.1","","8.0","94","","4","","30.60","13.58","22.87","","","","",""
"2022-05-09","2022129","10:02","18.0","54.9481","15.0","","","5.7","","7.9","92","","4","","30.92","13.48","23.14","","","","",""
"2022-05-09","2022129","10:02","18.0","54.9481","16.0","","","5.1","","7.8","91","","4","","31.19","13.37","23.37","","","","",""
"2022-05-09","2022129","10:02","18.0","54.9481","17.0","","","4.9","","7.7","90","","4","","31.29","13.32","23.46","","","","",""
"2022-05-09","2022129","10:02","18.0","54.9481","18.0","","","4.9","","7.7","90","","4","","31.42","13.24","23.58","","","","",""
"2022-05-09","2022129","10:02","18.0","54.9481","19.0","","","5.0","","7.7","89","","4","","31.49","13.19","23.64","","","","",""
"2022-05-09","2022129","10:02","18.0","54.9481","20.0","","","4.9","","7.7","89","","4","","31.55","13.15","23.69","","","","",""
"2022-05-09","2022129","10:02","18.0","54.9481","21.0","","","5.1","","7.6","88","","5","","31.70","13.03","23.83","","","","",""
"2022-05-09","2022129","10:02","18.0","54.9481","22.0","","","5.2","","7.6","88","","6","","31.84","12.91","23.97","","","","",""
"2022-05-09","2022129","10:02","18.0","54.9481","23.0","","","5.4","","7.5","87","","7","","31.96","12.79","24.08","","","","",""
"2022-05-09","2022129","10:02","18.0","54.9481","24.0","","","5.4","","7.5","86","","8","","32.23","12.56","24.33","","","","",""
"2022-05-09","2022129","10:02","18.0","54.9481","25.0","","","6.0","","7.5","86","","12","","32.39","12.39","24.48","","","","",""
"2022-05-09","2022129","10:02","18.0","54.9481","26.0","","","6.4","","7.4","85","","15","","32.44","12.33","24.54","","","","",""
"2022-05-09","2022129","10:02","18.0","54.9481","27.0","","","6.6","","7.4","85","","18","","32.51","12.25","24.61","","","","",""
"2022-05-09","2022129","10:02","18.0","54.9481","28.0","","","7.4","","7.4","84","","16","","32.60","12.13","24.70","","","","",""
"2022-05-09","2022129","10:02","18.0","54.9481","29.0","","","6.9","","7.3","84","","14","","32.69","12.01","24.79","","","","",""
"2022-05-09","2022129","10:02","18.0","54.9481","30.0","","","6.5","","7.3","84","","14","","32.75","11.93","24.86","","","","",""
"2022-05-09","2022129","10:02","18.0","54.9481","31.0","","","6.5","","7.3","83","","12","","32.75","11.92","24.86","","","","",""
"2022-05-09","2022129","10:02","18.0","54.9481","32.0","","","6.2","","7.3","84","","12","","32.75","11.92","24.86","","","","",""
"2022-05-09","2022129","10:02","18.0","54.9481","33.0","","","6.0","","7.3","83","","11","","32.74","11.93","24.85","","","","",""
"2022-05-09","2022129","10:02","18.0","54.9481","34.0","","","6.4","","7.3","83","","11","","32.75","11.92","24.86","","","","",""
"2022-05-09","2022129","10:02","18.0","54.9481","35.0","","","6.3","","7.3","83","","11","","32.75","11.92","24.86","","","","",""
"2022-05-09","2022129","10:02","18.0","54.9481","36.0","","","6.1","","7.3","83","","12","","32.75","11.91","24.86","","","","",""
"2022-05-09","2022129","10:02","18.0","54.9481","37.0","","","6.6","","7.3","83","","11","","32.76","11.91","24.87","","","","",""
"2022-05-09","2022129","10:02","18.0","54.9481","38.0","","","6.1","","7.3","83","","11","","32.77","11.89","24.88","","","","",""
"2022-05-09","2022129","10:02","18.0","54.9481","39.0","","","6.1","","7.3","83","","11","","32.80","11.84","24.91","","","","",""
"2022-05-09","2022129","10:02","18.0","54.9481","40.0","","","6.1","","7.3","83","","10","","32.82","11.82","24.93","","","","",""
"2022-05-09","2022129","10:02","18.0","54.9481","41.0","5.2","0.49","6.1","","7.3","83","14.2","11","","32.90","11.71","25.01","","","","",""
"2022-05-09","2022129","9:49","20.0","51.4501","1.0","","","6.3","","8.1","97","","4","","30.29","14.72","22.40","","","","",""
"2022-05-09","2022129","9:49","20.0","51.4501","2.0","6.7","0.88","6.4","","8.0","95","","5","","30.31","14.66","22.43","","","","",""
"2022-05-09","2022129","9:49","20.0","51.4501","3.0","","","6.4","","8.0","94","","4","","30.44","14.36","22.59","","","","",""
"2022-05-09","2022129","9:49","20.0","51.4501","4.0","","","6.3","","8.0","94","","4","","30.51","14.19","22.68","","","","",""
"2022-05-09","2022129","9:49","20.0","51.4501","5.0","","","6.5","","8.0","94","","4","","30.56","14.13","22.73","","","","",""
"2022-05-09","2022129","9:49","20.0","51.4501","6.0","","","6.6","","8.0","94","","4","","30.59","14.10","22.76","","","","",""
"2022-05-09","2022129","9:49","20.0","51.4501","7.0","","","6.6","","7.9","93","","3","","30.63","14.08","22.79","","","","",""
"2022-05-09","2022129","9:49","20.0","51.4501","8.0","","","6.2","","7.9","93","","3","","30.69","14.04","22.85","","","","",""
"2022-05-09","2022129","9:49","20.0","51.4501","9.0","","","6.0","","7.8","92","","3","","30.75","14.02","22.90","","","","",""
"2022-05-09","2022129","9:49","20.0","51.4501","10.0","","","5.5","","7.7","90","","3","","30.90","13.93","23.04","","","","",""
"2022-05-09","2022129","9:49","20.0","51.4501","11.0","","","5.2","","7.6","89","","3","","31.28","13.60","23.40","","","","",""
"2022-05-09","2022129","9:49","20.0","51.4501","12.0","","","4.6","","7.6","89","","3","","31.51","13.37","23.62","","","","",""
"2022-05-09","2022129","9:49","20.0","51.4501","13.0","","","4.6","","7.6","88","","3","","31.59","13.29","23.70","","","","",""
"2022-05-09","2022129","9:49","20.0","51.4501","14.0","","","4.8","","7.5","88","","3","","31.69","13.19","23.79","","","","",""
"2022-05-09","2022129","9:49","20.0","51.4501","15.0","","","4.8","","7.5","87","","3","","31.78","13.09","23.89","","","","",""
"2022-05-09","2022129","9:49","20.0","51.4501","16.0","","","4.9","","7.5","87","","4","","31.95","12.92","24.05","","","","",""
"2022-05-09","2022129","9:49","20.0","51.4501","17.0","","","5.0","","7.5","87","","4","","31.98","12.89","24.07","","","","",""
"2022-05-09","2022129","9:49","20.0","51.4501","18.0","","","5.0","","7.5","86","","4","","32.05","12.82","24.14","","","","",""
"2022-05-09","2022129","9:49","20.0","51.4501","19.0","","","5.3","","7.5","86","","4","","32.09","12.78","24.19","","","","",""
"2022-05-09","2022129","9:49","20.0","51.4501","20.0","","","4.8","","7.5","86","","5","","32.11","12.76","24.20","","","","",""
"2022-05-09","2022129","9:49","20.0","51.4501","21.0","","","4.7","","7.4","86","","5","","32.13","12.74","24.22","","","","",""
"2022-05-09","2022129","9:49","20.0","51.4501","22.0","","","4.8","","7.4","86","","5","","32.13","12.73","24.22","","","","",""
"2022-05-09","2022129","9:49","20.0","51.4501","23.0","","","4.6","","7.4","86","","6","","32.14","12.73","24.23","","","","",""
"2022-05-09","2022129","9:49","20.0","51.4501","24.0","","","4.6","","7.4","86","","7","","32.15","12.72","24.24","","","","",""
"2022-05-09","2022129","9:49","20.0","51.4501","25.0","","","4.7","","7.4","86","","7","","32.15","12.72","24.24","","","","",""
"2022-05-09","2022129","9:49","20.0","51.4501","26.0","","","4.8","","7.4","86","","8","","32.15","12.72","24.24","","","","",""
"2022-05-09","2022129","9:35","21.0","46.6266","1.0","","","5.5","","8.0","96","","4","","30.40","14.76","22.48","","","","",""
"2022-05-09","2022129","9:35","21.0","46.6266","2.0","6.0","0.86","5.6","","8.0","96","","4","","30.40","14.74","22.48","","","","",""
"2022-05-09","2022129","9:35","21.0","46.6266","3.0","","","6.2","","8.0","95","","4","","30.41","14.70","22.50","","","","",""
"2022-05-09","2022129","9:35","21.0","46.6266","4.0","","","7.1","","8.0","96","","4","","30.41","14.69","22.50","","","","",""
"2022-05-09","2022129","9:35","21.0","46.6266","5.0","","","7.2","","8.0","95","","4","","30.41","14.70","22.50","","","","",""
"2022-05-09","2022129","9:35","21.0","46.6266","6.0","","","7.1","","8.0","96","","4","","30.41","14.69","22.50","","","","",""
"2022-05-09","2022129","9:35","21.0","46.6266","7.0","","","7.2","","8.0","95","","4","","30.41","14.66","22.51","","","","",""
"2022-05-09","2022129","9:35","21.0","46.6266","8.0","","","7.2","","7.8","92","","4","","30.41","14.63","22.51","","","","",""
"2022-05-09","2022129","9:35","21.0","46.6266","9.0","","","7.1","","7.6","90","","4","","30.63","14.32","22.74","","","","",""
"2022-05-09","2022129","9:35","21.0","46.6266","10.0","","","6.4","","7.6","90","","4","","31.04","13.92","23.14","","","","",""
"2022-05-09","2022129","9:35","21.0","46.6266","11.0","","","5.0","","7.6","89","","4","","31.11","13.84","23.22","","","","",""
"2022-05-09","2022129","9:35","21.0","46.6266","12.0","","","4.6","","7.6","89","","4","","31.17","13.78","23.27","","","","",""
"2022-05-09","2022129","9:35","21.0","46.6266","13.0","","","4.8","","7.6","89","","4","","31.21","13.73","23.32","","","","",""
"2022-05-09","2022129","9:35","21.0","46.6266","14.0","","","4.8","","7.5","88","","4","","31.33","13.61","23.43","","","","",""
"2022-05-09","2022129","9:35","21.0","46.6266","15.0","","","4.7","","7.5","88","","4","","31.36","13.58","23.46","","","","",""
"2022-05-09","2022129","9:35","21.0","46.6266","16.0","","","4.8","","7.5","88","","5","","31.41","13.53","23.51","","","","",""
"2022-05-09","2022129","9:35","21.0","46.6266","17.0","","","4.6","","7.5","88","","5","","31.43","13.52","23.52","","","","",""
"2022-05-09","2022129","9:35","21.0","46.6266","18.0","","","4.3","","7.5","88","","5","","31.45","13.49","23.55","","","","",""
"2022-05-09","2022129","9:26","22.0","43.9210","1.0","","","5.6","","7.8","94","","4","","30.38","14.76","22.47","","","","",""
"2022-05-09","2022129","9:26","22.0","43.9210","2.0","5.3","0.88","5.3","","7.8","93","","4","","30.38","14.75","22.47","0.92","14.35","5.64","2.39","39.17"
"2022-05-09","2022129","9:26","22.0","43.9210","3.0","","","5.3","","7.8","93","","4","","30.39","14.75","22.47","","","","",""
"2022-05-09","2022129","9:26","22.0","43.9210","4.0","","","5.5","","7.8","93","","4","","30.39","14.75","22.47","","","","",""
"2022-05-09","2022129","9:26","22.0","43.9210","5.0","","","5.5","","7.8","93","","4","","30.39","14.73","22.48","","","","",""
"2022-05-09","2022129","9:26","22.0","43.9210","6.0","","","5.3","","7.8","93","","4","","30.39","14.74","22.47","","","","",""
"2022-05-09","2022129","9:26","22.0","43.9210","7.0","","","5.4","","7.8","93","","4","","30.39","14.74","22.47","","","","",""
"2022-05-09","2022129","9:26","22.0","43.9210","8.0","","","5.6","","7.8","93","","4","","30.39","14.74","22.47","","","","",""
"2022-05-09","2022129","9:26","22.0","43.9210","9.0","","","5.4","","7.8","93","","4","","30.40","14.70","22.49","","","","",""
"2022-05-09","2022129","9:26","22.0","43.9210","10.0","","","5.0","","7.7","92","","4","","30.40","14.69","22.49","","","","",""
"2022-05-09","2022129","9:26","22.0","43.9210","11.0","","","5.1","","7.7","91","","4","","30.44","14.63","22.54","","","","",""
"2022-05-09","2022129","9:26","22.0","43.9210","12.0","","","4.8","","7.7","91","","3","","30.63","14.43","22.73","","","","",""
"2022-05-09","2022129","9:26","22.0","43.9210","13.0","","","4.4","","7.7","91","","3","","30.61","14.46","22.70","","","","",""
"2022-05-09","2022129","9:26","22.0","43.9210","14.0","","","4.5","","7.6","91","","3","","30.61","14.45","22.70","","","","",""
"2022-05-09","2022129","9:26","22.0","43.9210","15.0","","","4.4","","7.6","90","","3","","30.69","14.35","22.79","","","","",""
"2022-05-09","2022129","9:26","22.0","43.9210","16.0","","","4.5","","7.6","90","","3","","30.76","14.27","22.86","","","","",""
"2022-05-09","2022129","9:26","22.0","43.9210","17.0","","","4.3","","7.6","90","","3","","30.78","14.25","22.88","","","","",""
"2022-05-09","2022129","9:26","22.0","43.9210","18.0","","","4.3","","7.6","90","","3","","30.83","14.19","22.93","","","","",""
"2022-05-09","2022129","9:26","22.0","43.9210","19.0","3.2","0.83","4.3","","7.6","90","2.1","3","","30.87","14.14","22.97","","","","",""
"2022-05-09","2022129","9:13","23.0","39.6557","1.0","","","5.2","","7.8","93","","5","","30.25","15.08","22.30","","","","",""
"2022-05-09","2022129","9:13","23.0","39.6557","2.0","","","5.0","","7.7","93","","5","","30.25","15.08","22.30","","","","",""
"2022-05-09","2022129","9:13","23.0","39.6557","3.0","","","5.0","","7.7","92","","5","","30.26","15.08","22.30","","","","",""
"2022-05-09","2022129","9:13","23.0","39.6557","4.0","","","4.8","","7.6","92","","5","","30.29","15.07","22.33","","","","",""
"2022-05-09","2022129","9:13","23.0","39.6557","5.0","","","4.6","","7.6","91","","5","","30.30","15.07","22.34","","","","",""
"2022-05-09","2022129","9:13","23.0","39.6557","6.0","","","4.6","","7.6","91","","5","","30.30","15.06","22.34","","","","",""
"2022-05-09","2022129","9:13","23.0","39.6557","7.0","","","4.6","","7.6","91","","5","","30.32","15.04","22.36","","","","",""
"2022-05-09","2022129","9:13","23.0","39.6557","8.0","","","4.5","","7.6","91","","5","","30.36","15.00","22.40","","","","",""
"2022-05-09","2022129","9:13","23.0","39.6557","9.0","","","4.3","","7.6","91","","6","","30.40","14.97","22.43","","","","",""
"2022-05-09","2022129","9:13","23.0","39.6557","10.0","","","4.3","","7.6","91","","6","","30.39","14.97","22.43","","","","",""
"2022-05-09","2022129","9:13","23.0","39.6557","11.0","","","4.3","","7.6","91","","6","","30.40","14.97","22.43","","","","",""
"2022-05-09","2022129","9:13","23.0","39.6557","12.0","","","4.2","","7.6","91","","6","","30.40","14.96","22.44","","","","",""
"2022-05-09","2022129","9:13","23.0","39.6557","13.0","","","4.2","","7.6","91","","7","","30.40","14.96","22.44","","","","",""
"2022-05-09","2022129","9:13","23.0","39.6557","14.0","","","4.2","","7.6","91","","6","","30.40","14.96","22.44","","","","",""
"2022-05-09","2022129","9:13","23.0","39.6557","15.0","","","4.4","","7.6","91","","6","","30.40","14.96","22.44","","","","",""
"2022-05-09","2022129","9:02","24.0","37.0911","1.0","","","4.5","","7.9","94","","6","","30.21","15.14","22.25","","","","",""
"2022-05-09","2022129","9:02","24.0","37.0911","2.0","4.2","0.88","4.4","","7.8","94","4.2","5","","30.21","15.14","22.25","0.96","16.35","5.07","2.52","34.89"
"2022-05-09","2022129","9:02","24.0","37.0911","3.0","","","4.5","","7.8","93","","5","","30.22","15.12","22.26","","","","",""
"2022-05-09","2022129","9:02","24.0","37.0911","4.0","","","4.4","","7.7","92","","6","","30.24","15.09","22.29","","","","",""
"2022-05-09","2022129","9:02","24.0","37.0911","5.0","","","4.2","","7.7","92","","6","","30.26","15.06","22.31","","","","",""
"2022-05-09","2022129","9:02","24.0","37.0911","6.0","","","4.1","","7.7","92","","6","","30.28","15.04","22.32","","","","",""
"2022-05-09","2022129","9:02","24.0","37.0911","7.0","","","3.9","","7.7","92","","7","","30.28","15.04","22.33","","","","",""
"2022-05-09","2022129","9:02","24.0","37.0911","8.0","","","3.9","","7.7","92","","7","","30.28","15.03","22.33","","","","",""
"2022-05-09","2022129","9:02","24.0","37.0911","9.0","","","4.0","","7.6","92","","7","","30.29","15.03","22.33","","","","",""
"2022-05-09","2022129","9:02","24.0","37.0911","10.0","2.8","0.77","3.7","","7.6","91","","7","","30.29","15.03","22.34","","","","",""
"2022-05-09","2022129","8:52","25.0","32.8382","1.0","","","6.6","","7.9","96","","10","","29.61","16.12","21.58","","","","",""
"2022-05-09","2022129","8:52","25.0","32.8382","2.0","","","5.9","","7.8","95","","10","","29.61","16.10","21.59","","","","",""
"2022-05-09","2022129","8:52","25.0","32.8382","3.0","","","6.4","","7.8","95","","10","","29.62","16.06","21.60","","","","",""
"2022-05-09","2022129","8:52","25.0","32.8382","4.0","","","5.9","","7.8","95","","9","","29.64","15.98","21.63","","","","",""
"2022-05-09","2022129","8:52","25.0","32.8382","5.0","","","5.6","","7.7","93","","9","","29.67","15.96","21.67","","","","",""
"2022-05-09","2022129","8:52","25.0","32.8382","6.0","","","5.4","","7.6","92","","10","","29.78","15.89","21.76","","","","",""
"2022-05-09","2022129","8:52","25.0","32.8382","7.0","","","5.1","","7.6","92","","11","","30.10","15.46","22.10","","","","",""
"2022-05-09","2022129","8:52","25.0","32.8382","8.0","","","4.6","","7.7","92","","10","","30.14","15.39","22.14","","","","",""
"2022-05-09","2022129","8:40","26.0","28.7560","1.0","","","7.7","","7.7","94","","15","","29.43","16.39","21.38","","","","",""
"2022-05-09","2022129","8:40","26.0","28.7560","2.0","","","7.7","","7.7","94","","15","","29.43","16.38","21.39","","","","",""
"2022-05-09","2022129","8:40","26.0","28.7560","3.0","","","7.9","","7.7","94","","16","","29.43","16.38","21.39","","","","",""
"2022-05-09","2022129","8:40","26.0","28.7560","4.0","","","7.7","","7.7","94","","15","","29.43","16.38","21.39","","","","",""
"2022-05-09","2022129","8:40","26.0","28.7560","5.0","","","7.7","","7.7","94","","16","","29.43","16.38","21.39","","","","",""
"2022-05-09","2022129","8:40","26.0","28.7560","6.0","","","7.8","","7.7","94","","16","","29.43","16.37","21.39","","","","",""
"2022-05-09","2022129","8:40","26.0","28.7560","7.0","","","7.7","","7.7","94","","16","","29.43","16.37","21.39","","","","",""
"2022-05-09","2022129","8:40","26.0","28.7560","8.0","","","7.6","","7.7","94","","16","","29.43","16.37","21.39","","","","",""
"2022-05-09","2022129","8:40","26.0","28.7560","9.0","","","7.8","","7.7","94","","17","","29.43","16.36","21.39","","","","",""
"2022-05-09","2022129","8:30","27.0","26.1872","1.0","","","8.0","","7.7","94","","18","","29.35","16.49","21.30","","","","",""
"2022-05-09","2022129","8:30","27.0","26.1872","2.0","9.2","0.83","8.2","","7.7","94","17.4","18","","29.35","16.49","21.30","0.69","14.14","2.93","3.36","18.16"
"2022-05-09","2022129","8:30","27.0","26.1872","3.0","","","8.1","","7.6","94","","18","","29.35","16.49","21.30","","","","",""
"2022-05-09","2022129","8:30","27.0","26.1872","4.0","","","7.8","","7.6","94","","18","","29.35","16.49","21.30","","","","",""
"2022-05-09","2022129","8:30","27.0","26.1872","5.0","","","7.8","","7.6","93","","18","","29.35","16.48","21.30","","","","",""
"2022-05-09","2022129","8:30","27.0","26.1872","6.0","","","8.3","","7.6","94","","18","","29.36","16.47","21.31","","","","",""
"2022-05-09","2022129","8:30","27.0","26.1872","7.0","","","8.3","","7.6","94","","18","","29.36","16.47","21.31","","","","",""
"2022-05-09","2022129","8:30","27.0","26.1872","8.0","","","8.0","","7.6","94","","18","","29.37","16.46","21.32","","","","",""
"2022-05-09","2022129","8:30","27.0","26.1872","9.0","","","8.1","","7.6","94","","19","","29.38","16.46","21.33","","","","",""
"2022-05-09","2022129","8:30","27.0","26.1872","10.0","","","8.3","","7.6","94","","21","","29.38","16.46","21.33","","","","",""
"2022-05-09","2022129","8:30","27.0","26.1872","11.0","8.7","0.80","8.3","","7.6","94","26.7","23","","29.38","16.46","21.33","","","","",""
"2022-05-09","2022129","8:20","28.0","23.5695","1.0","","","8.2","","7.6","93","","17","","29.32","16.46","21.28","","","","",""
"2022-05-09","2022129","8:20","28.0","23.5695","2.0","","","8.3","","7.6","93","","17","","29.32","16.46","21.28","","","","",""
"2022-05-09","2022129","8:20","28.0","23.5695","3.0","","","8.3","","7.6","93","","18","","29.32","16.46","21.28","","","","",""
"2022-05-09","2022129","8:20","28.0","23.5695","4.0","","","8.4","","7.6","93","","18","","29.33","16.47","21.29","","","","",""
"2022-05-09","2022129","8:20","28.0","23.5695","5.0","","","8.6","","7.6","93","","19","","29.34","16.48","21.30","","","","",""
"2022-05-09","2022129","8:20","28.0","23.5695","6.0","","","8.4","","7.6","93","","19","","29.36","16.48","21.30","","","","",""
"2022-05-09","2022129","8:20","28.0","23.5695","7.0","","","8.9","","7.6","93","","19","","29.38","16.45","21.33","","","","",""
"2022-05-09","2022129","8:20","28.0","23.5695","8.0","","","8.9","","7.6","93","","19","","29.45","16.35","21.40","","","","",""
"2022-05-09","2022129","8:20","28.0","23.5695","9.0","","","8.3","","7.6","92","","17","","29.51","16.20","21.49","","","","",""
"2022-05-09","2022129","8:20","28.0","23.5695","10.0","","","7.0","","7.6","93","","17","","29.55","16.04","21.55","","","","",""
"2022-05-09","2022129","8:20","28.0","23.5695","11.0","","","6.0","","7.6","93","","17","","29.55","16.03","21.55","","","","",""
"2022-05-09","2022129","8:20","28.0","23.5695","12.0","","","6.0","","7.7","93","","18","","29.55","16.03","21.56","","","","",""
"2022-05-09","2022129","8:20","28.0","23.5695","13.0","","","6.1","","7.7","94","","18","","29.59","15.99","21.59","","","","",""
"2022-05-09","2022129","8:07","29.0","20.2526","1.0","","","9.3","","7.7","94","","21","","29.30","16.32","21.30","","","","",""
"2022-05-09","2022129","8:07","29.0","20.2526","2.0","","","8.8","","7.7","94","","20","","29.30","16.32","21.30","","","","",""
"2022-05-09","2022129","8:07","29.0","20.2526","3.0","","","8.6","","7.7","94","","21","","29.30","16.32","21.30","","","","",""
"2022-05-09","2022129","8:07","29.0","20.2526","4.0","","","8.6","","7.7","94","","21","","29.30","16.31","21.30","","","","",""
"2022-05-09","2022129","8:07","29.0","20.2526","5.0","","","9.0","","7.7","94","","21","","29.30","16.29","21.31","","","","",""
"2022-05-09","2022129","8:07","29.0","20.2526","6.0","","","9.2","","7.7","94","","21","","29.31","16.26","21.32","","","","",""
"2022-05-09","2022129","8:07","29.0","20.2526","7.0","","","9.4","","7.7","94","","20","","29.31","16.26","21.32","","","","",""
"2022-05-09","2022129","8:07","29.0","20.2526","8.0","","","9.6","","7.7","94","","20","","29.31","16.25","21.32","","","","",""
"2022-05-09","2022129","8:07","29.0","20.2526","9.0","","","9.3","","7.7","94","","21","","29.31","16.24","21.32","","","","",""
"2022-05-09","2022129","8:07","29.0","20.2526","10.0","","","9.7","","7.6","93","","21","","29.31","16.22","21.33","","","","",""
"2022-05-09","2022129","8:07","29.0","20.2526","11.0","","","9.6","","7.6","93","","21","","29.37","16.18","21.38","","","","",""
"2022-05-09","2022129","8:07","29.0","20.2526","12.0","","","9.3","","7.6","93","","19","","29.45","16.07","21.47","","","","",""
"2022-05-09","2022129","8:07","29.0","20.2526","13.0","","","8.8","","7.6","92","","16","","29.47","16.04","21.49","","","","",""
"2022-05-09","2022129","8:07","29.0","20.2526","14.0","","","8.6","","7.6","92","","15","","29.50","15.94","21.53","","","","",""
"2022-05-09","2022129","7:52","30.0","14.7543","1.0","","","11.2","","7.8","95","","23","","29.33","16.04","21.38","","","","",""
"2022-05-09","2022129","7:52","30.0","14.7543","2.0","10.4","0.84","10.4","","7.8","95","23.3","22","","29.32","16.04","21.38","0.68","11.42","2.50","3.45","18.51"
"2022-05-09","2022129","7:52","30.0","14.7543","3.0","","","9.9","","7.8","95","","22","","29.31","16.04","21.37","","","","",""
"2022-05-09","2022129","7:52","30.0","14.7543","4.0","","","9.5","","7.8","95","","22","","29.31","16.04","21.37","","","","",""
"2022-05-09","2022129","7:52","30.0","14.7543","5.0","","","9.4","","7.8","95","","22","","29.32","16.04","21.37","","","","",""
"2022-05-09","2022129","7:52","30.0","14.7543","6.0","","","9.7","","7.8","95","","22","","29.33","16.05","21.38","","","","",""
"2022-05-09","2022129","7:52","30.0","14.7543","7.0","","","9.9","","7.8","94","","23","","29.33","16.05","21.38","","","","",""
"2022-05-09","2022129","7:52","30.0","14.7543","8.0","","","10.1","","7.8","94","","23","","29.33","16.05","21.38","","","","",""
"2022-05-09","2022129","7:52","30.0","14.7543","9.0","","","10.4","","7.8","94","","23","","29.33","16.05","21.38","","","","",""
"2022-05-09","2022129","7:52","30.0","14.7543","10.0","","","10.4","","7.8","94","","24","","29.33","16.05","21.38","","","","",""
"2022-05-09","2022129","7:52","30.0","14.7543","11.0","11.3","0.86","10.8","","7.8","95","25.9","24","","29.33","16.05","21.38","","","","",""
"2022-05-09","2022129","7:38","31.0","10.6065","1.0","","","11.2","","7.8","95","","26","","29.31","16.02","21.37","","","","",""
"2022-05-09","2022129","7:38","31.0","10.6065","2.0","","","10.1","","7.8","95","","26","","29.31","16.02","21.37","","","","",""
"2022-05-09","2022129","7:38","31.0","10.6065","3.0","","","10.0","","7.8","95","","27","","29.31","16.04","21.37","","","","",""
"2022-05-09","2022129","7:38","31.0","10.6065","4.0","","","10.7","","7.8","95","","28","","29.31","16.05","21.37","","","","",""
"2022-05-09","2022129","7:38","31.0","10.6065","5.0","","","10.6","","7.8","95","","29","","29.31","16.05","21.37","","","","",""
"2022-05-09","2022129","7:38","31.0","10.6065","6.0","","","10.5","","7.8","94","","28","","29.32","16.05","21.37","","","","",""
"2022-05-09","2022129","7:38","31.0","10.6065","7.0","","","10.8","","7.7","94","","28","","29.32","16.06","21.37","","","","",""
"2022-05-09","2022129","7:38","31.0","10.6065","8.0","","","11.3","","7.7","94","","28","","29.33","16.08","21.37","","","","",""
"2022-05-09","2022129","7:38","31.0","10.6065","9.0","","","11.6","","7.7","94","","28","","29.34","16.09","21.38","","","","",""
"2022-05-09","2022129","7:38","31.0","10.6065","10.0","","","11.8","","7.6","93","","29","","29.35","16.10","21.38","","","","",""
"2022-05-09","2022129","7:38","31.0","10.6065","11.0","","","12.2","","7.6","93","","28","","29.36","16.09","21.39","","","","",""
"2022-05-09","2022129","7:38","31.0","10.6065","12.0","","","12.4","","7.6","92","","29","","29.37","16.01","21.42","","","","",""
"2022-05-09","2022129","7:29","32.0","8.1507","1.0","","","13.3","","7.7","93","","38","","29.35","15.96","21.41","","","","",""
"2022-05-09","2022129","7:29","32.0","8.1507","2.0","12.7","0.82","12.7","","7.7","93","38.6","37","","29.35","15.95","21.42","0.64","12.14","2.36","3.67","21.36"
"2022-05-09","2022129","7:29","32.0","8.1507","3.0","","","12.7","","7.7","93","","37","","29.35","15.95","21.42","","","","",""
"2022-05-09","2022129","7:29","32.0","8.1507","4.0","","","12.1","","7.7","93","","40","","29.35","15.96","21.42","","","","",""
"2022-05-09","2022129","7:29","32.0","8.1507","5.0","","","12.0","","7.7","93","","41","","29.35","15.96","21.42","","","","",""
"2022-05-09","2022129","7:29","32.0","8.1507","6.0","","","12.0","","7.7","93","","41","","29.35","15.95","21.42","","","","",""
"2022-05-09","2022129","7:29","32.0","8.1507","7.0","","","12.3","","7.7","94","","41","","29.36","15.93","21.43","","","","",""
"2022-05-09","2022129","7:29","32.0","8.1507","8.0","","","11.7","","7.7","94","","41","","29.37","15.91","21.44","","","","",""
"2022-05-09","2022129","7:29","32.0","8.1507","9.0","","","11.7","","7.7","94","","40","","29.37","15.89","21.45","","","","",""
"2022-05-09","2022129","7:29","32.0","8.1507","10.0","11.5","0.80","11.7","","7.7","94","","39","","29.38","15.85","21.46","","","","",""
"2022-05-09","2022129","7:22","33.0","6.8085","1.0","","","16.0","","7.6","92","","44","","29.31","15.94","21.39","","","","",""
"2022-05-09","2022129","7:22","33.0","6.8085","2.0","","","14.9","","7.6","92","44.7","43","","29.31","15.94","21.38","","","","",""
"2022-05-09","2022129","7:22","33.0","6.8085","3.0","","","14.8","","7.5","91","","43","","29.31","15.94","21.39","","","","",""
"2022-05-09","2022129","7:22","33.0","6.8085","4.0","","","14.9","","7.5","91","","46","","29.32","15.91","21.41","","","","",""
"2022-05-09","2022129","7:22","33.0","6.8085","5.0","","","15.0","","7.5","91","","50","","29.33","15.89","21.41","","","","",""
"2022-05-09","2022129","7:22","33.0","6.8085","6.0","","","15.0","","7.5","91","","54","","29.34","15.87","21.42","","","","",""
"2022-05-09","2022129","7:22","33.0","6.8085","7.0","","","15.0","","7.5","91","","61","","29.34","15.86","21.43","","","","",""
"2022-05-09","2022129","7:22","33.0","6.8085","8.0","","","15.4","","7.5","91","","63","","29.34","15.86","21.43","","","","",""
"2022-05-09","2022129","7:22","33.0","6.8085","9.0","","","15.3","","7.5","91","","66","","29.35","15.84","21.44","","","","",""
"2022-05-09","2022129","7:22","33.0","6.8085","10.0","","","16.2","","7.5","91","","69","","29.36","15.79","21.46","","","","",""
"2022-05-09","2022129","7:22","33.0","6.8085","11.0","","","17.1","","7.5","91","","74","","29.37","15.74","21.48","","","","",""
"2022-05-09","2022129","7:22","33.0","6.8085","12.0","","","17.8","","7.5","90","","89","","29.39","15.70","21.50","","","","",""
"2022-05-09","2022129","7:11","34.0","3.5290","1.0","","","17.4","","7.5","90","","44","","29.03","15.72","21.22","","","","",""
"2022-05-09","2022129","7:11","34.0","3.5290","2.0","17.3","0.85","17.4","","7.4","90","43.6","45","","29.03","15.73","21.22","","","","",""
"2022-05-09","2022129","7:11","34.0","3.5290","3.0","","","17.6","","7.4","89","","47","","29.12","15.82","21.27","","","","",""
"2022-05-09","2022129","7:11","34.0","3.5290","4.0","","","19.2","","7.3","89","","63","","29.19","15.77","21.33","","","","",""
"2022-05-09","2022129","7:11","34.0","3.5290","5.0","","","20.9","","7.3","88","","81","","29.21","15.75","21.36","","","","",""
"2022-05-09","2022129","7:11","34.0","3.5290","6.0","","","22.5","","7.3","88","","102","","29.21","15.70","21.37","","","","",""
"2022-05-09","2022129","7:11","34.0","3.5290","7.0","","","24.0","","7.3","88","","116","","29.21","15.67","21.37","","","","",""
"2022-05-09","2022129","7:11","34.0","3.5290","8.0","","","26.1","","7.2","87","","127","","29.22","15.65","21.38","","","","",""
"2022-05-09","2022129","7:11","34.0","3.5290","9.0","27.3","0.81","27.4","","7.2","87","","142","","29.25","15.62","21.41","","","","",""
"2022-05-09","2022129","7:00","35.0","1.6576","1.0","","","15.6","","7.5","89","","56","","28.57","15.42","20.94","","","","",""
"2022-05-09","2022129","7:00","35.0","1.6576","2.0","15.0","0.82","14.6","","7.5","89","43.0","55","","28.57","15.42","20.93","","","","",""
"2022-05-09","2022129","7:00","35.0","1.6576","3.0","","","14.7","","7.5","89","","54","","28.57","15.41","20.94","","","","",""
"2022-05-09","2022129","7:00","35.0","1.6576","4.0","","","14.6","","7.5","89","","57","","28.58","15.45","20.94","","","","",""
"2022-05-09","2022129","7:00","35.0","1.6576","5.0","","","15.1","","7.5","89","","68","","28.62","15.51","20.95","","","","",""
"2022-05-09","2022129","7:00","35.0","1.6576","6.0","","","15.7","","7.4","89","","78","","28.68","15.59","20.98","","","","",""
"2022-05-09","2022129","7:00","35.0","1.6576","7.0","","","15.9","","7.4","89","","81","","28.77","15.69","21.03","","","","",""
"2022-05-09","2022129","6:51","36.0","0.0000","1.0","","","14.6","","7.5","88","","54","","28.26","14.88","20.80","","","","",""
"2022-05-09","2022129","6:51","36.0","0.0000","2.0","15.1","0.76","15.4","","7.4","88","60.3","61","","28.31","14.99","20.82","0.86","12.49","4.00","5.87","23.50"
"2022-05-09","2022129","6:51","36.0","0.0000","3.0","","","15.8","","7.4","88","","70","","28.32","15.03","20.83","","","","",""
"2022-05-09","2022129","6:51","36.0","0.0000","4.0","","","15.7","","7.4","88","","74","","28.33","15.04","20.83","","","","",""
"2022-05-09","2022129","6:51","36.0","0.0000","5.0","15.4","0.75","15.7","","7.4","88","84.7","79","","28.34","15.06","20.83","","","","",""
"2022-05-09","2022129","14:46","649.0","132.9388","1.0","","","3.4","","9.3","98","","30","","1.00","17.19","","","","","",""
"2022-05-09","2022129","14:46","649.0","132.9388","2.0","3.6","0.66","3.4","","9.3","98","25.8","30","","1.00","17.19","","0.31","12.14","2.50","1.96","223.25"
"2022-05-09","2022129","14:46","649.0","132.9388","3.0","","","3.4","","9.3","97","","31","","1.02","17.16","","","","","",""
"2022-05-09","2022129","14:46","649.0","132.9388","4.0","","","3.4","","9.3","97","","37","","1.12","17.07","","","","","",""
"2022-05-09","2022129","14:46","649.0","132.9388","5.0","","","3.5","","9.3","97","","44","","1.16","17.04","","","","","",""
"2022-05-09","2022129","14:46","649.0","132.9388","6.0","","","3.5","","9.3","97","","46","","1.20","17.02","","","","","",""
"2022-05-09","2022129","14:46","649.0","132.9388","7.0","","","3.6","","9.3","97","","52","","1.27","16.97","","","","","",""
"2022-05-09","2022129","14:46","649.0","132.9388","8.0","","","3.7","","9.3","97","","66","","1.31","16.93","","","","","",""
"2022-05-09","2022129","14:46","649.0","132.9388","9.0","","","3.8","","9.2","96","","70","","1.37","16.90","","","","","",""
"2022-05-09","2022129","14:46","649.0","132.9388","10.0","","","4.0","","9.2","96","","99","","1.46","16.84","","","","","",""
"2022-05-09","2022129","14:46","649.0","132.9388","11.0","4.5","0.43","4.5","","9.2","96","99.6","99","","1.49","16.82","","","","","",""
"2022-05-09","2022129","15:34","657.0","147.2548","1.0","","","1.8","","8.9","95","","11","","0.07","18.32","","","","","",""
"2022-05-09","2022129","15:34","657.0","147.2548","2.0","2.1","0.57","2.2","","8.9","95","12.5","11","","0.07","18.32","","0.22","13.92","2.00","1.68","259.92"
"2022-05-09","2022129","15:34","657.0","147.2548","3.0","","","2.2","","8.9","95","","11","","0.07","18.32","","","","","",""
"2022-05-09","2022129","15:34","657.0","147.2548","4.0","","","2.2","","8.9","95","","11","","0.07","18.32","","","","","",""
"2022-05-09","2022129","15:34","657.0","147.2548","5.0","","","2.2","","8.9","95","","11","","0.07","18.32","","","","","",""
"2022-05-09","2022129","15:34","657.0","147.2548","6.0","","","2.2","","8.9","95","","11","","0.07","18.32","","","","","",""
"2022-05-09","2022129","15:34","657.0","147.2548","7.0","","","2.2","","8.9","95","","11","","0.07","18.32","","","","","",""
"2022-05-09","2022129","15:34","657.0","147.2548","8.0","","","2.2","","8.9","95","","11","","0.07","18.32","","","","","",""
"2022-05-09","2022129","15:34","657.0","147.2548","9.0","2.3","0.54","2.3","","8.9","95","12.7","11","","0.07","18.32","","","","","",""
"2022-05-25","2022145","11:24","18.0","54.9481","1.0","","","7.4","","7.8","92","","9","","32.07","13.83","23.96","","","","",""
"2022-05-25","2022145","11:24","18.0","54.9481","2.0","6.8","0.77","7.1","","7.8","91","8.3","10","","32.37","13.30","24.30","0.70","14.14","2.78","2.26","45.22"
"2022-05-25","2022145","11:24","18.0","54.9481","3.0","","","7.4","","7.8","91","","11","","32.51","13.05","24.45","","","","",""
"2022-05-25","2022145","11:24","18.0","54.9481","4.0","","","7.8","","7.8","91","","11","","32.54","13.00","24.49","","","","",""
"2022-05-25","2022145","11:24","18.0","54.9481","5.0","","","8.1","","7.8","91","","11","","32.55","12.97","24.50","","","","",""
"2022-05-25","2022145","11:24","18.0","54.9481","6.0","","","7.7","","7.8","91","","11","","32.56","12.95","24.51","","","","",""
"2022-05-25","2022145","11:24","18.0","54.9481","7.0","","","7.7","","7.8","91","","11","","32.57","12.94","24.52","","","","",""
"2022-05-25","2022145","11:24","18.0","54.9481","8.0","","","7.7","","7.8","91","","11","","32.58","12.92","24.53","","","","",""
"2022-05-25","2022145","11:24","18.0","54.9481","9.0","","","7.8","","7.8","91","","11","","32.58","12.91","24.54","","","","",""
"2022-05-25","2022145","11:24","18.0","54.9481","10.0","","","7.8","","7.8","91","","10","","32.61","12.87","24.56","","","","",""
"2022-05-25","2022145","11:24","18.0","54.9481","11.0","","","7.8","","7.8","91","","10","","32.62","12.84","24.58","","","","",""
"2022-05-25","2022145","11:24","18.0","54.9481","12.0","","","7.8","","7.8","91","","10","","32.62","12.84","24.58","","","","",""
"2022-05-25","2022145","11:24","18.0","54.9481","13.0","","","7.8","","7.8","91","","9","","32.62","12.84","24.58","","","","",""
"2022-05-25","2022145","11:24","18.0","54.9481","14.0","","","8.0","","7.8","91","","10","","32.62","12.84","24.58","","","","",""
"2022-05-25","2022145","11:24","18.0","54.9481","15.0","","","8.0","","7.8","91","","9","","32.63","12.83","24.59","","","","",""
"2022-05-25","2022145","11:24","18.0","54.9481","16.0","","","8.4","","7.8","91","","10","","32.63","12.83","24.59","","","","",""
"2022-05-25","2022145","11:24","18.0","54.9481","17.0","","","8.1","","7.8","91","","9","","32.63","12.83","24.59","","","","",""
"2022-05-25","2022145","11:24","18.0","54.9481","18.0","","","8.3","","7.8","91","","9","","32.63","12.83","24.59","","","","",""
"2022-05-25","2022145","11:24","18.0","54.9481","19.0","","","9.2","","7.8","91","","9","","32.63","12.83","24.59","","","","",""
"2022-05-25","2022145","11:24","18.0","54.9481","20.0","","","8.3","","7.8","91","","9","","32.64","12.81","24.60","","","","",""
"2022-05-25","2022145","11:24","18.0","54.9481","21.0","","","8.4","","7.8","91","","9","","32.64","12.81","24.60","","","","",""
"2022-05-25","2022145","11:24","18.0","54.9481","22.0","","","8.3","","7.8","91","","10","","32.65","12.80","24.61","","","","",""
"2022-05-25","2022145","11:24","18.0","54.9481","23.0","","","8.7","","7.8","91","","9","","32.65","12.80","24.61","","","","",""
"2022-05-25","2022145","11:24","18.0","54.9481","24.0","","","8.2","","7.8","91","","9","","32.65","12.80","24.61","","","","",""
"2022-05-25","2022145","11:24","18.0","54.9481","25.0","","","8.5","","7.8","91","","10","","32.65","12.80","24.61","","","","",""
"2022-05-25","2022145","11:24","18.0","54.9481","26.0","","","8.6","","7.8","91","","10","","32.65","12.80","24.61","","","","",""
"2022-05-25","2022145","11:24","18.0","54.9481","27.0","","","8.7","","7.8","91","","10","","32.65","12.79","24.61","","","","",""
"2022-05-25","2022145","11:24","18.0","54.9481","28.0","","","9.0","","7.8","91","","10","","32.65","12.79","24.62","","","","",""
"2022-05-25","2022145","11:24","18.0","54.9481","29.0","","","9.3","","7.8","91","","10","","32.65","12.79","24.62","","","","",""
"2022-05-25","2022145","11:24","18.0","54.9481","30.0","","","9.3","","7.8","91","","10","","32.66","12.79","24.62","","","","",""
"2022-05-25","2022145","11:24","18.0","54.9481","31.0","","","9.3","","7.8","91","","10","","32.66","12.79","24.62","","","","",""
"2022-05-25","2022145","11:24","18.0","54.9481","32.0","","","9.3","","7.8","91","","10","","32.66","12.79","24.62","","","","",""
"2022-05-25","2022145","11:24","18.0","54.9481","33.0","","","9.1","","7.8","91","","10","","32.66","12.78","24.62","","","","",""
"2022-05-25","2022145","11:24","18.0","54.9481","34.0","","","9.4","","7.8","91","","10","","32.66","12.78","24.63","","","","",""
"2022-05-25","2022145","11:24","18.0","54.9481","35.0","","","9.3","","7.8","91","","10","","32.66","12.78","24.63","","","","",""
"2022-05-25","2022145","11:24","18.0","54.9481","36.0","","","9.4","","7.8","91","","10","","32.67","12.77","24.63","","","","",""
"2022-05-25","2022145","11:24","18.0","54.9481","37.0","","","9.5","","7.8","91","","10","","32.67","12.76","24.63","","","","",""
"2022-05-25","2022145","11:24","18.0","54.9481","38.0","","","9.2","","7.8","91","","9","","32.67","12.76","24.64","","","","",""
"2022-05-25","2022145","11:24","18.0","54.9481","39.0","","","9.4","","7.8","91","","9","","32.67","12.76","24.64","","","","",""
"2022-05-25","2022145","11:24","18.0","54.9481","40.0","","","9.2","","7.8","91","","9","","32.67","12.76","24.64","","","","",""
"2022-05-25","2022145","11:24","18.0","54.9481","41.0","","","9.3","","7.8","91","","9","","32.67","12.76","24.64","","","","",""
"2022-05-25","2022145","11:24","18.0","54.9481","42.0","","","9.3","","7.8","90","","9","","32.68","12.75","24.65","","","","",""
"2022-05-25","2022145","11:24","18.0","54.9481","43.0","8.9","0.67","8.9","","7.8","90","13.5","10","","32.69","12.72","24.66","","","","",""
"2022-05-25","2022145","11:09","20.0","51.4501","1.0","","","7.3","","7.9","96","","11","","31.62","15.02","23.36","","","","",""
"2022-05-25","2022145","11:09","20.0","51.4501","2.0","7.8","0.79","7.4","","7.8","94","","11","","31.62","15.00","23.37","","","","",""
"2022-05-25","2022145","11:09","20.0","51.4501","3.0","","","8.0","","7.7","93","","11","","31.66","14.80","23.44","","","","",""
"2022-05-25","2022145","11:09","20.0","51.4501","4.0","","","8.3","","7.7","92","","11","","31.77","14.44","23.61","","","","",""
"2022-05-25","2022145","11:09","20.0","51.4501","5.0","","","8.2","","7.7","92","","11","","31.84","14.28","23.69","","","","",""
"2022-05-25","2022145","11:09","20.0","51.4501","6.0","","","8.2","","7.7","91","","11","","31.88","14.20","23.73","","","","",""
"2022-05-25","2022145","11:09","20.0","51.4501","7.0","","","7.7","","7.7","91","","11","","31.95","14.03","23.82","","","","",""
"2022-05-25","2022145","11:09","20.0","51.4501","8.0","","","7.2","","7.6","90","","11","","32.00","13.93","23.89","","","","",""
"2022-05-25","2022145","11:09","20.0","51.4501","9.0","","","6.9","","7.6","90","","10","","32.08","13.80","23.97","","","","",""
"2022-05-25","2022145","11:09","20.0","51.4501","10.0","","","6.9","","7.6","90","","11","","32.14","13.70","24.04","","","","",""
"2022-05-25","2022145","11:09","20.0","51.4501","11.0","","","7.8","","7.7","90","","11","","32.20","13.59","24.11","","","","",""
"2022-05-25","2022145","11:09","20.0","51.4501","12.0","","","8.0","","7.7","90","","11","","32.23","13.53","24.14","","","","",""
"2022-05-25","2022145","11:09","20.0","51.4501","13.0","","","7.7","","7.7","90","","11","","32.25","13.49","24.17","","","","",""
"2022-05-25","2022145","11:09","20.0","51.4501","14.0","","","7.8","","7.8","91","","11","","32.39","13.26","24.32","","","","",""
"2022-05-25","2022145","11:09","20.0","51.4501","15.0","","","8.1","","7.8","91","","11","","32.50","13.07","24.44","","","","",""
"2022-05-25","2022145","11:09","20.0","51.4501","16.0","","","7.9","","7.8","91","","11","","32.50","13.06","24.45","","","","",""
"2022-05-25","2022145","11:09","20.0","51.4501","17.0","","","8.4","","7.8","91","","11","","32.51","13.05","24.45","","","","",""
"2022-05-25","2022145","11:09","20.0","51.4501","18.0","","","8.4","","7.8","91","","11","","32.51","13.05","24.45","","","","",""
"2022-05-25","2022145","11:09","20.0","51.4501","19.0","","","8.4","","7.8","91","","12","","32.51","13.04","24.46","","","","",""
"2022-05-25","2022145","11:09","20.0","51.4501","20.0","","","8.5","","7.8","91","","12","","32.52","13.02","24.47","","","","",""
"2022-05-25","2022145","11:09","20.0","51.4501","21.0","","","8.2","","7.8","91","","12","","32.53","13.01","24.48","","","","",""
"2022-05-25","2022145","11:09","20.0","51.4501","22.0","","","8.2","","7.8","91","","12","","32.54","12.99","24.49","","","","",""
"2022-05-25","2022145","11:09","20.0","51.4501","23.0","","","8.3","","7.8","91","","12","","32.54","12.99","24.49","","","","",""
"2022-05-25","2022145","11:09","20.0","51.4501","24.0","","","8.4","","7.8","91","","12","","32.54","12.99","24.49","","","","",""
"2022-05-25","2022145","11:09","20.0","51.4501","25.0","","","8.5","","7.8","91","","12","","32.54","12.99","24.49","","","","",""
"2022-05-25","2022145","11:09","20.0","51.4501","26.0","","","8.4","","7.8","91","","12","","32.55","12.98","24.50","","","","",""
"2022-05-25","2022145","11:09","20.0","51.4501","27.0","","","8.4","","7.8","91","","13","","32.55","12.98","24.50","","","","",""
"2022-05-25","2022145","10:55","21.0","46.6266","1.0","","","12.9","","8.5","107","","11","","31.13","17.19","22.50","","","","",""
"2022-05-25","2022145","10:55","21.0","46.6266","2.0","11.8","0.87","11.9","","8.2","103","","12","","31.21","16.80","22.65","","","","",""
"2022-05-25","2022145","10:55","21.0","46.6266","3.0","","","11.1","","8.0","98","","12","","31.33","16.15","22.89","","","","",""
"2022-05-25","2022145","10:55","21.0","46.6266","4.0","","","11.1","","7.9","96","","12","","31.49","15.34","23.20","","","","",""
"2022-05-25","2022145","10:55","21.0","46.6266","5.0","","","10.6","","7.8","94","","12","","31.53","15.13","23.27","","","","",""
"2022-05-25","2022145","10:55","21.0","46.6266","6.0","","","8.9","","7.7","92","","11","","31.56","14.87","23.35","","","","",""
"2022-05-25","2022145","10:55","21.0","46.6266","7.0","","","7.8","","7.7","92","","11","","31.61","14.67","23.43","","","","",""
"2022-05-25","2022145","10:55","21.0","46.6266","8.0","","","7.1","","7.7","92","","11","","31.79","14.26","23.65","","","","",""
"2022-05-25","2022145","10:55","21.0","46.6266","9.0","","","6.6","","7.7","91","","11","","31.83","14.17","23.71","","","","",""
"2022-05-25","2022145","10:55","21.0","46.6266","10.0","","","7.0","","7.7","91","","11","","31.84","14.16","23.72","","","","",""
"2022-05-25","2022145","10:55","21.0","46.6266","11.0","","","6.9","","7.7","91","","11","","31.85","14.14","23.73","","","","",""
"2022-05-25","2022145","10:55","21.0","46.6266","12.0","","","7.0","","7.7","91","","11","","31.86","14.13","23.73","","","","",""
"2022-05-25","2022145","10:55","21.0","46.6266","13.0","","","6.9","","7.7","91","","12","","31.88","14.10","23.76","","","","",""
"2022-05-25","2022145","10:55","21.0","46.6266","14.0","","","7.3","","7.7","91","","12","","31.89","14.07","23.77","","","","",""
"2022-05-25","2022145","10:55","21.0","46.6266","15.0","","","7.5","","7.7","91","","13","","31.91","14.05","23.79","","","","",""
"2022-05-25","2022145","10:55","21.0","46.6266","16.0","","","7.6","","7.7","91","","16","","31.91","14.05","23.79","","","","",""
"2022-05-25","2022145","10:55","21.0","46.6266","17.0","","","7.7","","7.7","91","","15","","31.91","14.04","23.79","","","","",""
"2022-05-25","2022145","10:55","21.0","46.6266","18.0","","","7.9","","7.7","91","","16","","31.92","14.03","23.80","","","","",""
"2022-05-25","2022145","10:45","22.0","43.9210","1.0","","","7.5","","7.8","94","","9","","31.41","15.36","23.13","","","","",""
"2022-05-25","2022145","10:45","22.0","43.9210","2.0","7.9","0.81","7.9","","7.8","93","6.6","10","","31.62","14.51","23.47","0.84","12.92","3.86","2.41","45.22"
"2022-05-25","2022145","10:45","22.0","43.9210","3.0","","","8.0","","7.7","93","","10","","31.62","14.52","23.47","","","","",""
"2022-05-25","2022145","10:45","22.0","43.9210","4.0","","","7.8","","7.7","92","","10","","31.62","14.50","23.47","","","","",""
"2022-05-25","2022145","10:45","22.0","43.9210","5.0","","","7.5","","7.7","92","","11","","31.62","14.50","23.47","","","","",""
"2022-05-25","2022145","10:45","22.0","43.9210","6.0","","","7.3","","7.7","92","","11","","31.63","14.49","23.48","","","","",""
"2022-05-25","2022145","10:45","22.0","43.9210","7.0","","","6.8","","7.6","91","","11","","31.65","14.46","23.50","","","","",""
"2022-05-25","2022145","10:45","22.0","43.9210","8.0","","","6.7","","7.6","91","","11","","31.67","14.43","23.53","","","","",""
"2022-05-25","2022145","10:45","22.0","43.9210","9.0","","","6.6","","7.6","91","","11","","31.67","14.43","23.53","","","","",""
"2022-05-25","2022145","10:45","22.0","43.9210","10.0","","","6.5","","7.7","91","","11","","31.68","14.40","23.54","","","","",""
"2022-05-25","2022145","10:45","22.0","43.9210","11.0","","","7.1","","7.7","91","","11","","31.69","14.38","23.55","","","","",""
"2022-05-25","2022145","10:45","22.0","43.9210","12.0","","","6.8","","7.7","91","","11","","31.70","14.37","23.56","","","","",""
"2022-05-25","2022145","10:45","22.0","43.9210","13.0","","","6.8","","7.7","91","","11","","31.70","14.36","23.57","","","","",""
"2022-05-25","2022145","10:45","22.0","43.9210","14.0","","","6.7","","7.7","91","","11","","31.71","14.35","23.57","","","","",""
"2022-05-25","2022145","10:45","22.0","43.9210","15.0","","","6.9","","7.7","91","","11","","31.71","14.34","23.58","","","","",""
"2022-05-25","2022145","10:45","22.0","43.9210","16.0","","","7.0","","7.7","91","","11","","31.72","14.32","23.59","","","","",""
"2022-05-25","2022145","10:45","22.0","43.9210","17.0","","","6.6","","7.7","91","","11","","31.72","14.32","23.59","","","","",""
"2022-05-25","2022145","10:45","22.0","43.9210","18.0","","","6.6","","7.6","91","","11","","31.72","14.32","23.59","","","","",""
"2022-05-25","2022145","10:45","22.0","43.9210","19.0","","","6.6","","7.6","91","","11","","31.73","14.31","23.60","","","","",""
"2022-05-25","2022145","10:45","22.0","43.9210","20.0","6.1","0.72","6.7","","7.6","91","12.7","11","","31.73","14.31","23.60","","","","",""
"2022-05-25","2022145","10:31","23.0","39.6557","1.0","","","7.2","","7.7","94","","11","","31.21","15.71","22.90","","","","",""
"2022-05-25","2022145","10:31","23.0","39.6557","2.0","","","8.1","","7.6","93","","13","","31.24","15.50","22.97","","","","",""
"2022-05-25","2022145","10:31","23.0","39.6557","3.0","","","8.6","","7.6","93","","14","","31.26","15.43","23.00","","","","",""
"2022-05-25","2022145","10:31","23.0","39.6557","4.0","","","8.5","","7.7","93","","15","","31.30","15.37","23.04","","","","",""
"2022-05-25","2022145","10:31","23.0","39.6557","5.0","","","8.5","","7.7","93","","15","","31.33","15.32","23.08","","","","",""
"2022-05-25","2022145","10:31","23.0","39.6557","6.0","","","8.4","","7.7","93","","14","","31.35","15.28","23.10","","","","",""
"2022-05-25","2022145","10:31","23.0","39.6557","7.0","","","8.7","","7.7","93","","14","","31.36","15.26","23.11","","","","",""
"2022-05-25","2022145","10:31","23.0","39.6557","8.0","","","8.6","","7.7","93","","14","","31.37","15.23","23.13","","","","",""
"2022-05-25","2022145","10:31","23.0","39.6557","9.0","","","8.5","","7.7","93","","13","","31.37","15.23","23.13","","","","",""
"2022-05-25","2022145","10:31","23.0","39.6557","10.0","","","8.5","","7.7","93","","14","","31.37","15.23","23.13","","","","",""
"2022-05-25","2022145","10:31","23.0","39.6557","11.0","","","8.6","","7.6","92","","14","","31.38","15.20","23.14","","","","",""
"2022-05-25","2022145","10:31","23.0","39.6557","12.0","","","8.5","","7.6","92","","13","","31.40","15.07","23.18","","","","",""
"2022-05-25","2022145","10:31","23.0","39.6557","13.0","","","8.1","","7.6","92","","15","","31.41","15.05","23.20","","","","",""
"2022-05-25","2022145","10:31","23.0","39.6557","14.0","","","8.1","","7.6","92","","15","","31.41","15.04","23.20","","","","",""
"2022-05-25","2022145","10:31","23.0","39.6557","15.0","","","8.0","","7.6","92","","15","","31.42","15.02","23.21","","","","",""
"2022-05-25","2022145","10:31","23.0","39.6557","16.0","","","8.7","","7.6","92","","16","","31.42","15.01","23.22","","","","",""
"2022-05-25","2022145","10:19","24.0","37.0911","1.0","","","7.0","","7.6","94","","10","","31.00","16.35","22.60","","","","",""
"2022-05-25","2022145","10:19","24.0","37.0911","2.0","6.8","0.82","7.0","","7.6","93","8.8","11","","31.03","16.12","22.67","0.87","12.49","4.36","2.58","40.59"
"2022-05-25","2022145","10:19","24.0","37.0911","3.0","","","7.0","","7.6","92","","12","","31.06","15.88","22.75","","","","",""
"2022-05-25","2022145","10:19","24.0","37.0911","4.0","","","6.2","","7.6","92","","12","","31.09","15.77","22.79","","","","",""
"2022-05-25","2022145","10:19","24.0","37.0911","5.0","","","6.1","","7.5","92","","12","","31.10","15.75","22.81","","","","",""
"2022-05-25","2022145","10:19","24.0","37.0911","6.0","","","5.8","","7.5","92","","12","","31.12","15.70","22.83","","","","",""
"2022-05-25","2022145","10:19","24.0","37.0911","7.0","","","5.6","","7.5","92","","12","","31.12","15.69","22.83","","","","",""
"2022-05-25","2022145","10:19","24.0","37.0911","8.0","","","5.6","","7.5","92","","13","","31.12","15.68","22.84","","","","",""
"2022-05-25","2022145","10:19","24.0","37.0911","9.0","","","5.5","","7.5","92","","13","","31.12","15.68","22.84","","","","",""
"2022-05-25","2022145","10:19","24.0","37.0911","10.0","5.3","0.74","5.4","","7.5","92","13.7","13","","31.12","15.68","22.84","","","","",""
"2022-05-25","2022145","10:08","25.0","32.8382","1.0","","","8.2","","7.6","94","","15","","30.81","16.69","22.37","","","","",""
"2022-05-25","2022145","10:08","25.0","32.8382","2.0","","","9.0","","7.5","93","","18","","30.82","16.44","22.44","","","","",""
"2022-05-25","2022145","10:08","25.0","32.8382","3.0","","","7.4","","7.5","93","","19","","30.84","16.35","22.47","","","","",""
"2022-05-25","2022145","10:08","25.0","32.8382","4.0","","","7.0","","7.5","93","","19","","30.85","16.33","22.49","","","","",""
"2022-05-25","2022145","10:08","25.0","32.8382","5.0","","","7.1","","7.5","93","","18","","30.86","16.31","22.50","","","","",""
"2022-05-25","2022145","10:08","25.0","32.8382","6.0","","","6.9","","7.5","92","","18","","30.86","16.31","22.50","","","","",""
"2022-05-25","2022145","10:08","25.0","32.8382","7.0","","","6.9","","7.5","92","","19","","30.86","16.29","22.50","","","","",""
"2022-05-25","2022145","10:08","25.0","32.8382","8.0","","","6.6","","7.5","92","","19","","30.87","16.28","22.51","","","","",""
"2022-05-25","2022145","9:54","26.0","28.7560","1.0","","","9.0","","7.7","97","","15","","30.48","17.36","21.96","","","","",""
"2022-05-25","2022145","9:54","26.0","28.7560","2.0","","","9.3","","7.7","96","","17","","30.48","17.21","22.00","","","","",""
"2022-05-25","2022145","9:54","26.0","28.7560","3.0","","","7.8","","7.7","96","","17","","30.51","17.12","22.05","","","","",""
"2022-05-25","2022145","9:54","26.0","28.7560","4.0","","","7.5","","7.7","96","","18","","30.53","17.06","22.07","","","","",""
"2022-05-25","2022145","9:54","26.0","28.7560","5.0","","","7.8","","7.7","96","","18","","30.55","17.00","22.10","","","","",""
"2022-05-25","2022145","9:54","26.0","28.7560","6.0","","","8.1","","7.7","96","","19","","30.56","16.98","22.11","","","","",""
"2022-05-25","2022145","9:54","26.0","28.7560","7.0","","","8.0","","7.7","96","","19","","30.56","16.98","22.11","","","","",""
"2022-05-25","2022145","9:54","26.0","28.7560","8.0","","","8.2","","7.7","96","","19","","30.56","16.98","22.11","","","","",""
"2022-05-25","2022145","9:54","26.0","28.7560","9.0","","","8.1","","7.7","96","","19","","30.56","16.98","22.11","","","","",""
"2022-05-25","2022145","9:54","26.0","28.7560","10.0","","","7.8","","7.7","96","","20","","30.56","16.98","22.11","","","","",""
"2022-05-25","2022145","9:44","27.0","26.1872","1.0","","","9.3","","7.8","98","","15","","30.39","17.59","21.84","","","","",""
"2022-05-25","2022145","9:44","27.0","26.1872","2.0","9.1","0.85","8.8","","7.7","97","15.8","18","","30.39","17.52","21.86","0.84","11.28","2.78","3.01","27.42"
"2022-05-25","2022145","9:44","27.0","26.1872","3.0","","","8.7","","7.7","97","","22","","30.39","17.50","21.86","","","","",""
"2022-05-25","2022145","9:44","27.0","26.1872","4.0","","","8.5","","7.7","97","","25","","30.39","17.49","21.86","","","","",""
"2022-05-25","2022145","9:44","27.0","26.1872","5.0","","","8.7","","7.7","97","","27","","30.39","17.49","21.86","","","","",""
"2022-05-25","2022145","9:44","27.0","26.1872","6.0","","","9.0","","7.7","97","","28","","30.39","17.49","21.86","","","","",""
"2022-05-25","2022145","9:44","27.0","26.1872","7.0","","","9.1","","7.7","97","","27","","30.39","17.46","21.87","","","","",""
"2022-05-25","2022145","9:44","27.0","26.1872","8.0","","","9.4","","7.7","97","","35","","30.40","17.44","21.89","","","","",""
"2022-05-25","2022145","9:44","27.0","26.1872","9.0","","","9.3","","7.7","97","","37","","30.41","17.40","21.90","","","","",""
"2022-05-25","2022145","9:44","27.0","26.1872","10.0","","","9.3","","7.7","97","","43","","30.43","17.32","21.94","","","","",""
"2022-05-25","2022145","9:44","27.0","26.1872","11.0","10.2","0.60","9.6","","7.7","97","77.7","65","","30.44","17.30","21.94","","","","",""
"2022-05-25","2022145","9:34","28.0","23.5695","1.0","","","10.1","","7.8","98","","15","","30.29","17.91","21.69","","","","",""
"2022-05-25","2022145","9:34","28.0","23.5695","2.0","","","9.6","","7.7","98","","16","","30.29","17.81","21.72","","","","",""
"2022-05-25","2022145","9:34","28.0","23.5695","3.0","","","9.0","","7.7","97","","17","","30.30","17.78","21.73","","","","",""
"2022-05-25","2022145","9:34","28.0","23.5695","4.0","","","9.1","","7.7","97","","18","","30.31","17.74","21.74","","","","",""
"2022-05-25","2022145","9:34","28.0","23.5695","5.0","","","8.8","","7.7","97","","20","","30.31","17.71","21.75","","","","",""
"2022-05-25","2022145","9:34","28.0","23.5695","6.0","","","8.4","","7.7","97","","20","","30.31","17.70","21.75","","","","",""
"2022-05-25","2022145","9:34","28.0","23.5695","7.0","","","8.4","","7.6","96","","21","","30.31","17.68","21.76","","","","",""
"2022-05-25","2022145","9:34","28.0","23.5695","8.0","","","8.8","","7.6","96","","21","","30.32","17.67","21.77","","","","",""
"2022-05-25","2022145","9:34","28.0","23.5695","9.0","","","8.5","","7.6","96","","22","","30.32","17.66","21.77","","","","",""
"2022-05-25","2022145","9:34","28.0","23.5695","10.0","","","8.5","","7.6","96","","22","","30.32","17.64","21.78","","","","",""
"2022-05-25","2022145","9:34","28.0","23.5695","11.0","","","8.5","","7.6","96","","22","","30.33","17.60","21.80","","","","",""
"2022-05-25","2022145","9:34","28.0","23.5695","12.0","","","8.9","","7.6","96","","27","","30.34","17.59","21.80","","","","",""
"2022-05-25","2022145","9:34","28.0","23.5695","13.0","","","9.0","","7.6","96","","34","","30.33","17.60","21.80","","","","",""
"2022-05-25","2022145","9:34","28.0","23.5695","14.0","","","9.1","","7.6","96","","49","","30.33","17.60","21.79","","","","",""
"2022-05-25","2022145","9:21","29.0","20.2526","1.0","","","9.3","","7.5","96","","17","","30.24","18.20","21.58","","","","",""
"2022-05-25","2022145","9:21","29.0","20.2526","2.0","","","9.2","","7.5","96","","18","","30.26","18.15","21.61","","","","",""
"2022-05-25","2022145","9:21","29.0","20.2526","3.0","","","9.0","","7.5","96","","18","","30.26","18.13","21.62","","","","",""
"2022-05-25","2022145","9:21","29.0","20.2526","4.0","","","8.6","","7.5","96","","18","","30.27","18.11","21.63","","","","",""
"2022-05-25","2022145","9:21","29.0","20.2526","5.0","","","8.6","","7.5","95","","18","","30.28","18.08","21.64","","","","",""
"2022-05-25","2022145","9:21","29.0","20.2526","6.0","","","8.4","","7.5","95","","18","","30.29","18.06","21.66","","","","",""
"2022-05-25","2022145","9:21","29.0","20.2526","7.0","","","8.2","","7.5","95","","18","","30.30","18.05","21.67","","","","",""
"2022-05-25","2022145","9:21","29.0","20.2526","8.0","","","8.3","","7.5","95","","18","","30.31","18.06","21.67","","","","",""
"2022-05-25","2022145","9:21","29.0","20.2526","9.0","","","8.3","","7.5","95","","18","","30.31","18.06","21.67","","","","",""
"2022-05-25","2022145","9:21","29.0","20.2526","10.0","","","8.5","","7.5","95","","18","","30.32","18.06","21.67","","","","",""
"2022-05-25","2022145","9:21","29.0","20.2526","11.0","","","8.4","","7.5","95","","18","","30.31","18.06","21.67","","","","",""
"2022-05-25","2022145","9:21","29.0","20.2526","12.0","","","8.2","","7.5","95","","19","","30.32","18.06","21.68","","","","",""
"2022-05-25","2022145","9:21","29.0","20.2526","13.0","","","8.7","","7.5","96","","19","","30.33","18.06","21.68","","","","",""
"2022-05-25","2022145","9:21","29.0","20.2526","14.0","","","8.9","","7.5","96","","20","","30.33","18.06","21.68","","","","",""
"2022-05-25","2022145","9:21","29.0","20.2526","15.0","","","8.1","","7.5","96","","21","","30.33","18.06","21.68","","","","",""
"2022-05-25","2022145","9:11","29.5","17.5640","1.0","","","11.6","","7.5","96","","14","","30.17","18.38","21.48","","","","",""
"2022-05-25","2022145","9:11","29.5","17.5640","2.0","","","10.8","","7.4","95","","16","","30.17","18.25","21.52","","","","",""
"2022-05-25","2022145","9:11","29.5","17.5640","3.0","","","9.3","","7.4","94","","16","","30.18","18.21","21.53","","","","",""
"2022-05-25","2022145","9:11","29.5","17.5640","4.0","","","8.6","","7.4","94","","15","","30.18","18.18","21.54","","","","",""
"2022-05-25","2022145","9:11","29.5","17.5640","5.0","","","8.2","","7.3","93","","17","","30.18","18.14","21.55","","","","",""
"2022-05-25","2022145","9:11","29.5","17.5640","6.0","","","8.6","","7.4","94","","20","","30.19","18.12","21.56","","","","",""
"2022-05-25","2022145","9:11","29.5","17.5640","7.0","","","8.8","","7.4","94","","22","","30.19","18.11","21.57","","","","",""
"2022-05-25","2022145","9:11","29.5","17.5640","8.0","","","9.2","","7.3","93","","23","","30.19","18.10","21.57","","","","",""
"2022-05-25","2022145","9:11","29.5","17.5640","9.0","","","9.1","","7.3","93","","26","","30.20","18.10","21.58","","","","",""
"2022-05-25","2022145","9:11","29.5","17.5640","10.0","","","9.6","","7.3","93","","30","","30.20","18.10","21.58","","","","",""
"2022-05-25","2022145","9:11","29.5","17.5640","11.0","","","9.6","","7.3","93","","33","","30.20","18.09","21.58","","","","",""
"2022-05-25","2022145","9:11","29.5","17.5640","12.0","","","9.9","","7.3","93","","41","","30.20","18.10","21.58","","","","",""
"2022-05-25","2022145","9:11","29.5","17.5640","13.0","","","10.8","","7.3","93","","56","","30.20","18.10","21.58","","","","",""
"2022-05-25","2022145","9:11","29.5","17.5640","14.0","","","11.1","","7.3","93","","71","","30.20","18.10","21.57","","","","",""
"2022-05-25","2022145","9:00","30.0","14.7543","1.0","11.5","0.87","10.8","","7.2","93","14.4","14","","30.13","18.53","21.42","","","","",""
"2022-05-25","2022145","9:00","30.0","14.7543","2.0","","","9.1","","7.2","92","","15","","30.14","18.43","21.45","0.70","8.57","2.64","3.85","17.09"
"2022-05-25","2022145","9:00","30.0","14.7543","3.0","","","8.6","","7.2","92","","16","","30.14","18.36","21.47","","","","",""
"2022-05-25","2022145","9:00","30.0","14.7543","4.0","","","8.5","","7.2","92","","19","","30.14","18.35","21.47","","","","",""
"2022-05-25","2022145","9:00","30.0","14.7543","5.0","","","8.7","","7.2","92","","21","","30.14","18.35","21.47","","","","",""
"2022-05-25","2022145","9:00","30.0","14.7543","6.0","","","8.9","","7.2","92","","22","","30.15","18.30","21.49","","","","",""
"2022-05-25","2022145","9:00","30.0","14.7543","7.0","","","9.3","","7.2","92","","27","","30.15","18.28","21.50","","","","",""
"2022-05-25","2022145","9:00","30.0","14.7543","8.0","","","9.3","","7.2","92","","33","","30.15","18.28","21.50","","","","",""
"2022-05-25","2022145","9:00","30.0","14.7543","9.0","","","9.3","","7.2","92","","37","","30.15","18.28","21.50","","","","",""
"2022-05-25","2022145","9:00","30.0","14.7543","10.0","","","9.7","","7.2","92","","40","","30.15","18.30","21.49","","","","",""
"2022-05-25","2022145","9:00","30.0","14.7543","11.0","11.0","0.55","10.9","","7.2","92","","61","","30.15","18.32","21.48","","","","",""
"2022-05-25","2022145","8:45","31.0","10.6065","1.0","","","13.3","","7.2","93","","19","","30.12","19.14","21.26","","","","",""
"2022-05-25","2022145","8:45","31.0","10.6065","2.0","","","11.8","","7.2","93","","25","","30.12","19.04","21.28","","","","",""
"2022-05-25","2022145","8:45","31.0","10.6065","3.0","","","12.9","","7.2","93","","38","","30.12","19.02","21.29","","","","",""
"2022-05-25","2022145","8:45","31.0","10.6065","4.0","","","13.3","","7.2","93","","40","","30.12","19.02","21.29","","","","",""
"2022-05-25","2022145","8:45","31.0","10.6065","5.0","","","13.5","","7.2","93","","47","","30.11","19.02","21.29","","","","",""
"2022-05-25","2022145","8:45","31.0","10.6065","6.0","","","13.9","","7.1","92","","60","","30.11","19.03","21.28","","","","",""
"2022-05-25","2022145","8:45","31.0","10.6065","7.0","","","14.4","","7.1","92","","63","","30.11","19.04","21.28","","","","",""
"2022-05-25","2022145","8:45","31.0","10.6065","8.0","","","14.7","","7.1","92","","74","","30.11","19.05","21.28","","","","",""
"2022-05-25","2022145","8:45","31.0","10.6065","9.0","","","15.0","","7.1","92","","80","","30.11","19.05","21.28","","","","",""
"2022-05-25","2022145","8:45","31.0","10.6065","10.0","","","15.0","","7.1","92","","83","","30.11","19.06","21.27","","","","",""
"2022-05-25","2022145","8:45","31.0","10.6065","11.0","","","15.5","","7.1","92","","92","","30.11","19.07","21.27","","","","",""
"2022-05-25","2022145","8:45","31.0","10.6065","12.0","","","15.7","","7.1","92","","100","","30.11","19.08","21.27","","","","",""
"2022-05-25","2022145","8:35","32.0","8.1507","1.0","","","15.1","","7.1","93","","24","","30.10","19.65","21.12","","","","",""
"2022-05-25","2022145","8:35","32.0","8.1507","2.0","14.7","0.86","14.6","","7.0","92","30.0","27","","30.10","19.42","21.18","0.56","7.00","1.50","4.13","13.17"
"2022-05-25","2022145","8:35","32.0","8.1507","3.0","","","13.8","","7.0","91","","39","","30.11","19.33","21.21","","","","",""
"2022-05-25","2022145","8:35","32.0","8.1507","4.0","","","14.4","","7.0","91","","47","","30.12","19.32","21.22","","","","",""
"2022-05-25","2022145","8:35","32.0","8.1507","5.0","","","13.5","","7.0","91","","51","","30.13","19.32","21.22","","","","",""
"2022-05-25","2022145","8:35","32.0","8.1507","6.0","","","12.8","","7.0","91","","58","","30.13","19.31","21.22","","","","",""
"2022-05-25","2022145","8:35","32.0","8.1507","7.0","","","13.0","","6.9","90","","66","","30.13","19.31","21.22","","","","",""
"2022-05-25","2022145","8:35","32.0","8.1507","8.0","","","13.0","","6.9","90","","80","","30.12","19.29","21.22","","","","",""
"2022-05-25","2022145","8:35","32.0","8.1507","9.0","","","14.7","","6.9","90","","119","","30.11","19.27","21.22","","","","",""
"2022-05-25","2022145","8:35","32.0","8.1507","10.0","16.5","0.52","16.4","","6.9","90","","140","","30.11","19.26","21.22","","","","",""
"2022-05-25","2022145","8:28","33.0","6.8085","1.0","","","15.5","","7.3","95","","30","","30.07","19.59","21.11","","","","",""
"2022-05-25","2022145","8:28","33.0","6.8085","2.0","","","15.5","","7.3","95","32.2","35","","30.09","19.52","21.14","","","","",""
"2022-05-25","2022145","8:28","33.0","6.8085","3.0","","","15.1","","7.3","95","","44","","30.10","19.47","21.17","","","","",""
"2022-05-25","2022145","8:28","33.0","6.8085","4.0","","","15.2","","7.3","95","","50","","30.11","19.45","21.18","","","","",""
"2022-05-25","2022145","8:28","33.0","6.8085","5.0","","","15.5","","7.3","95","","69","","30.12","19.44","21.18","","","","",""
"2022-05-25","2022145","8:28","33.0","6.8085","6.0","","","15.8","","7.3","95","","73","","30.12","19.44","21.18","","","","",""
"2022-05-25","2022145","8:28","33.0","6.8085","7.0","","","15.6","","7.3","95","","74","","30.12","19.44","21.18","","","","",""
"2022-05-25","2022145","8:28","33.0","6.8085","8.0","","","15.7","","7.3","95","","77","","30.12","19.44","21.18","","","","",""
"2022-05-25","2022145","8:28","33.0","6.8085","9.0","","","16.5","","7.3","95","","83","","30.11","19.44","21.18","","","","",""
"2022-05-25","2022145","8:28","33.0","6.8085","10.0","","","16.9","","7.3","95","","93","","30.11","19.44","21.18","","","","",""
"2022-05-25","2022145","8:28","33.0","6.8085","11.0","","","17.1","","7.3","95","","96","","30.11","19.45","21.18","","","","",""
"2022-05-25","2022145","8:28","33.0","6.8085","12.0","","","17.3","","7.3","95","","111","","30.11","19.45","21.18","","","","",""
"2022-05-25","2022145","8:16","34.0","3.5290","1.0","","","13.6","","6.7","88","","43","","29.84","19.85","20.87","","","","",""
"2022-05-25","2022145","8:16","34.0","3.5290","2.0","12.9","0.81","13.4","","6.7","88","43.6","43","","29.86","19.81","20.89","","","","",""
"2022-05-25","2022145","8:16","34.0","3.5290","3.0","","","14.2","","6.7","88","","60","","29.87","19.79","20.91","","","","",""
"2022-05-25","2022145","8:16","34.0","3.5290","4.0","","","14.4","","6.7","88","","67","","29.89","19.77","20.93","","","","",""
"2022-05-25","2022145","8:16","34.0","3.5290","5.0","","","14.5","","6.7","88","","72","","29.89","19.77","20.93","","","","",""
"2022-05-25","2022145","8:16","34.0","3.5290","6.0","","","14.4","","6.7","88","","70","","29.89","19.78","20.92","","","","",""
"2022-05-25","2022145","8:16","34.0","3.5290","7.0","","","14.7","","6.7","88","","77","","29.89","19.78","20.92","","","","",""
"2022-05-25","2022145","8:16","34.0","3.5290","8.0","14.0","0.65","14.5","","6.7","88","","82","","29.88","19.79","20.92","","","","",""
"2022-05-25","2022145","8:04","35.0","1.6576","1.0","","","11.6","","6.4","84","","86","","29.55","20.04","20.60","","","","",""
"2022-05-25","2022145","8:04","35.0","1.6576","2.0","12.3","0.70","12.4","","6.4","84","78.9","87","","29.56","20.03","20.61","","","","",""
"2022-05-25","2022145","8:04","35.0","1.6576","3.0","","","12.2","","6.4","84","","89","","29.56","20.03","20.61","","","","",""
"2022-05-25","2022145","8:04","35.0","1.6576","4.0","","","11.8","","6.4","84","","89","","29.56","20.03","20.61","","","","",""
"2022-05-25","2022145","8:04","35.0","1.6576","5.0","","","11.9","","6.4","84","","91","","29.56","20.03","20.61","","","","",""
"2022-05-25","2022145","8:04","35.0","1.6576","6.0","","","12.1","","6.4","84","","92","","29.56","20.03","20.61","","","","",""
"2022-05-25","2022145","8:04","35.0","1.6576","7.0","","","12.1","","6.4","84","","91","","29.56","20.03","20.61","","","","",""
"2022-05-25","2022145","7:55","36.0","0.0000","1.0","","","11.8","","6.0","78","","122","","29.18","20.09","20.31","","","","",""
"2022-05-25","2022145","7:55","36.0","0.0000","2.0","11.8","0.63","11.8","","6.0","78","115.0","125","","29.18","20.09","20.31","1.56","12.99","5.57","8.36","38.81"
"2022-05-25","2022145","7:55","36.0","0.0000","3.0","","","12.2","","6.0","78","","126","","29.18","20.09","20.31","","","","",""
"2022-05-25","2022145","7:55","36.0","0.0000","4.0","","","12.4","","6.0","78","","128","","29.18","20.08","20.31","","","","",""
"2022-05-25","2022145","7:55","36.0","0.0000","5.0","","","12.4","","6.0","78","","145","","29.18","20.08","20.31","","","","",""
"2022-05-25","2022145","7:55","36.0","0.0000","6.0","13.2","0.59","13.2","","6.0","78","174.6","168","","29.18","20.08","20.31","","","","",""
"2022-06-15","2022166","14:32","2.0","127.7053","1.0","","","2.8","","7.9","93","","18","1.10","2.68","22.39","","","","","",""
"2022-06-15","2022166","14:32","2.0","127.7053","2.0","","","2.9","","7.9","93","","18","","2.70","22.39","","","","","",""
"2022-06-15","2022166","14:32","2.0","127.7053","3.0","","","3.0","","7.9","93","","18","","2.77","22.37","","","","","",""
"2022-06-15","2022166","14:32","2.0","127.7053","4.0","","","3.0","","7.8","92","","17","","3.19","22.16","0.15","","","","",""
"2022-06-15","2022166","14:32","2.0","127.7053","5.0","","","2.8","","7.8","91","","18","","3.53","22.07","0.43","","","","",""
"2022-06-15","2022166","14:32","2.0","127.7053","6.0","","","2.9","","7.8","92","","19","","3.58","22.11","0.46","","","","",""
"2022-06-15","2022166","14:32","2.0","127.7053","7.0","","","2.9","","7.8","92","","19","","3.67","22.17","0.51","","","","",""
"2022-06-15","2022166","14:32","2.0","127.7053","8.0","","","2.9","","7.8","92","","20","","3.85","22.24","0.63","","","","",""
"2022-06-15","2022166","14:32","2.0","127.7053","9.0","","","3.1","","7.8","92","","25","","4.23","22.38","0.89","","","","",""
"2022-06-15","2022166","14:22","3.0","125.3243","1.0","","","3.1","","8.0","94","","17","0.98","3.85","22.13","0.66","","","","",""
"2022-06-15","2022166","14:22","3.0","125.3243","2.0","3.2","0.71","3.3","","8.0","94","17.9","17","","3.85","22.09","0.67","0.31","19.99","2.86","2.23","162.36"
"2022-06-15","2022166","14:22","3.0","125.3243","3.0","","","3.2","","8.0","93","","18","","3.86","22.05","0.68","","","","",""
"2022-06-15","2022166","14:22","3.0","125.3243","4.0","","","3.0","","7.9","93","","18","","3.89","21.97","0.72","","","","",""
"2022-06-15","2022166","14:22","3.0","125.3243","5.0","","","3.0","","7.9","93","","18","","3.95","21.93","0.78","","","","",""
"2022-06-15","2022166","14:22","3.0","125.3243","6.0","","","2.9","","7.9","93","","19","","3.99","21.94","0.81","","","","",""
"2022-06-15","2022166","14:22","3.0","125.3243","7.0","","","2.9","","7.9","93","","18","","4.00","21.94","0.81","","","","",""
"2022-06-15","2022166","14:22","3.0","125.3243","8.0","","","2.9","","7.9","93","","19","","4.05","21.96","0.85","","","","",""
"2022-06-15","2022166","14:22","3.0","125.3243","9.0","","","2.9","","7.9","93","","19","","4.07","21.97","0.87","","","","",""
"2022-06-15","2022166","14:22","3.0","125.3243","10.0","","","2.9","","7.9","93","","19","","4.15","21.99","0.92","","","","",""
"2022-06-15","2022166","14:22","3.0","125.3243","11.0","2.5","0.61","2.8","","7.8","92","25.4","20","","4.65","22.07","1.28","","","","",""
"2022-06-15","2022166","14:06","4.0","119.8957","1.0","","","4.1","","8.3","98","","15","0.92","4.92","22.20","1.45","","","","",""
"2022-06-15","2022166","14:06","4.0","119.8957","2.0","","","4.4","","8.1","96","","15","","4.94","22.16","1.48","","","","",""
"2022-06-15","2022166","14:06","4.0","119.8957","3.0","","","3.9","","8.1","96","","15","","5.20","21.93","1.72","","","","",""
"2022-06-15","2022166","14:06","4.0","119.8957","4.0","","","3.3","","8.1","96","","16","","5.36","21.85","1.86","","","","",""
"2022-06-15","2022166","14:06","4.0","119.8957","5.0","","","3.0","","8.1","96","","17","","5.44","21.80","1.94","","","","",""
"2022-06-15","2022166","14:06","4.0","119.8957","6.0","","","3.1","","8.1","96","","18","","5.50","21.77","1.99","","","","",""
"2022-06-15","2022166","14:06","4.0","119.8957","7.0","","","3.1","","8.1","96","","18","","5.53","21.75","2.02","","","","",""
"2022-06-15","2022166","14:06","4.0","119.8957","8.0","","","3.1","","8.1","96","","19","","5.58","21.74","2.05","","","","",""
"2022-06-15","2022166","14:06","4.0","119.8957","9.0","","","3.1","","8.1","96","","19","","5.60","21.74","2.07","","","","",""
"2022-06-15","2022166","14:06","4.0","119.8957","10.0","","","3.2","","8.1","96","","19","","5.61","21.73","2.08","","","","",""
"2022-06-15","2022166","14:06","4.0","119.8957","11.0","","","3.1","","8.1","96","","20","","5.66","21.71","2.12","","","","",""
"2022-06-15","2022166","14:06","4.0","119.8957","12.0","","","3.2","","8.1","96","","20","","5.82","21.71","2.24","","","","",""
"2022-06-15","2022166","14:06","4.0","119.8957","13.0","","","3.2","","8.1","96","","19","","5.96","21.74","2.34","","","","",""
"2022-06-15","2022166","14:06","4.0","119.8957","14.0","","","3.2","","8.1","96","","19","","6.06","21.79","2.40","","","","",""
"2022-06-15","2022166","14:06","4.0","119.8957","15.0","","","3.3","","8.1","96","","19","","6.46","21.97","2.67","","","","",""
"2022-06-15","2022166","14:06","4.0","119.8957","16.0","","","3.7","","8.1","96","","22","","7.09","22.29","3.06","","","","",""
"2022-06-15","2022166","13:52","5.0","115.6252","1.0","","","3.7","","8.2","99","","15","0.94","6.57","22.27","2.67","","","","",""
"2022-06-15","2022166","13:52","5.0","115.6252","2.0","","","3.7","","8.1","97","","15","","6.57","22.27","2.67","","","","",""
"2022-06-15","2022166","13:52","5.0","115.6252","3.0","","","3.9","","8.1","97","","15","","6.65","21.85","2.83","","","","",""
"2022-06-15","2022166","13:52","5.0","115.6252","4.0","","","3.3","","8.1","96","","16","","6.77","21.75","2.95","","","","",""
"2022-06-15","2022166","13:52","5.0","115.6252","5.0","","","3.1","","8.1","97","","17","","6.87","21.72","3.03","","","","",""
"2022-06-15","2022166","13:52","5.0","115.6252","6.0","","","3.1","","8.1","97","","17","","6.92","21.71","3.07","","","","",""
"2022-06-15","2022166","13:52","5.0","115.6252","7.0","","","3.2","","8.1","97","","17","","7.06","21.71","3.18","","","","",""
"2022-06-15","2022166","13:52","5.0","115.6252","8.0","","","3.2","","8.1","97","","18","","7.37","21.70","3.41","","","","",""
"2022-06-15","2022166","13:52","5.0","115.6252","9.0","","","3.2","","8.1","97","","18","","7.57","21.71","3.56","","","","",""
"2022-06-15","2022166","13:52","5.0","115.6252","10.0","","","3.4","","8.1","97","","21","","7.77","21.74","3.71","","","","",""
"2022-06-15","2022166","13:52","5.0","115.6252","11.0","","","3.7","","8.1","97","","28","","7.80","21.75","3.72","","","","",""
"2022-06-15","2022166","13:35","6.0","110.8977","1.0","","","4.2","","8.1","98","","12","0.89","8.65","22.14","4.28","","","","",""
"2022-06-15","2022166","13:35","6.0","110.8977","2.0","5.3","0.83","4.6","","8.1","98","13.0","12","","8.90","21.84","4.54","0.50","21.63","2.36","2.61","159.16"
"2022-06-15","2022166","13:35","6.0","110.8977","3.0","","","3.5","","8.1","98","","13","","9.09","21.79","4.69","","","","",""
"2022-06-15","2022166","13:35","6.0","110.8977","4.0","","","3.3","","8.1","98","","13","","9.28","21.78","4.83","","","","",""
"2022-06-15","2022166","13:35","6.0","110.8977","5.0","","","3.2","","8.1","98","","14","","9.43","21.79","4.95","","","","",""
"2022-06-15","2022166","13:35","6.0","110.8977","6.0","","","3.1","","8.1","97","","14","","9.76","21.77","5.20","","","","",""
"2022-06-15","2022166","13:35","6.0","110.8977","7.0","","","3.1","","8.0","97","","14","","9.93","21.75","5.33","","","","",""
"2022-06-15","2022166","13:35","6.0","110.8977","8.0","","","3.1","","8.0","97","","15","","10.25","21.72","5.58","","","","",""
"2022-06-15","2022166","13:35","6.0","110.8977","9.0","","","3.1","","8.0","97","","21","","10.48","21.70","5.76","","","","",""
"2022-06-15","2022166","13:35","6.0","110.8977","10.0","2.7","0.45","3.1","","8.0","97","","24","","10.50","21.70","5.77","","","","",""
"2022-06-15","2022166","13:17","7.0","104.9810","1.0","","","4.0","","8.0","99","","12","0.88","12.81","21.89","7.47","","","","",""
"2022-06-15","2022166","13:17","7.0","104.9810","2.0","4.3","0.83","4.0","","7.9","98","16.8","12","","12.81","21.89","7.47","","","","",""
"2022-06-15","2022166","13:17","7.0","104.9810","3.0","","","3.9","","7.8","96","","12","","12.82","21.83","7.49","","","","",""
"2022-06-15","2022166","13:17","7.0","104.9810","4.0","","","3.7","","7.8","96","","13","","13.09","21.60","7.75","","","","",""
"2022-06-15","2022166","13:17","7.0","104.9810","5.0","","","3.3","","7.8","96","","13","","13.21","21.53","7.86","","","","",""
"2022-06-15","2022166","13:17","7.0","104.9810","6.0","","","3.3","","7.8","96","","14","","13.26","21.52","7.90","","","","",""
"2022-06-15","2022166","13:17","7.0","104.9810","7.0","","","3.4","","7.8","96","","15","","13.29","21.52","7.92","","","","",""
"2022-06-15","2022166","13:17","7.0","104.9810","8.0","","","3.5","","7.8","96","","15","","13.31","21.49","7.94","","","","",""
"2022-06-15","2022166","13:17","7.0","104.9810","9.0","","","3.5","","7.8","96","","14","","13.37","21.48","7.99","","","","",""
"2022-06-15","2022166","13:17","7.0","104.9810","10.0","","","3.5","","7.8","96","","15","","13.47","21.46","8.07","","","","",""
"2022-06-15","2022166","13:17","7.0","104.9810","11.0","","","3.6","","7.8","96","","17","","13.55","21.45","8.14","","","","",""
"2022-06-15","2022166","13:17","7.0","104.9810","12.0","","","3.7","","7.8","96","","18","","13.61","21.44","8.18","","","","",""
"2022-06-15","2022166","13:17","7.0","104.9810","13.0","","","3.8","","7.8","95","","21","","13.65","21.44","8.21","","","","",""
"2022-06-15","2022166","13:17","7.0","104.9810","14.0","","","3.9","","7.8","95","","24","","13.65","21.44","8.21","","","","",""
"2022-06-15","2022166","13:17","7.0","104.9810","15.0","","","3.9","","7.8","95","","25","","13.66","21.43","8.22","","","","",""
"2022-06-15","2022166","12:59","8.0","99.7699","1.0","","","3.8","","7.8","96","","33","1.23","15.11","21.21","9.37","","","","",""
"2022-06-15","2022166","12:59","8.0","99.7699","2.0","","","3.8","","7.8","96","30.7","34","","15.10","21.14","9.38","","","","",""
"2022-06-15","2022166","12:59","8.0","99.7699","3.0","","","3.9","","7.8","96","","37","","15.10","21.13","9.38","","","","",""
"2022-06-15","2022166","12:59","8.0","99.7699","4.0","","","3.9","","7.8","96","","38","","15.11","21.14","9.38","","","","",""
"2022-06-15","2022166","12:59","8.0","99.7699","5.0","","","3.9","","7.8","96","","38","","15.11","21.14","9.39","","","","",""
"2022-06-15","2022166","12:59","8.0","99.7699","6.0","","","3.8","","7.7","96","","39","","15.10","21.13","9.39","","","","",""
"2022-06-15","2022166","12:59","8.0","99.7699","7.0","","","3.8","","7.7","95","","39","","15.11","21.13","9.39","","","","",""
"2022-06-15","2022166","12:59","8.0","99.7699","8.0","","","3.9","","7.7","95","","39","","15.11","21.12","9.39","","","","",""
"2022-06-15","2022166","12:59","8.0","99.7699","9.0","","","3.8","","7.7","95","","39","","15.12","21.07","9.41","","","","",""
"2022-06-15","2022166","12:59","8.0","99.7699","10.0","","","3.6","","7.7","95","","38","","15.14","21.03","9.43","","","","",""
"2022-06-15","2022166","12:59","8.0","99.7699","11.0","","","3.6","","7.7","95","","37","","15.21","21.01","9.49","","","","",""
"2022-06-15","2022166","12:59","8.0","99.7699","12.0","","","3.5","","7.7","94","","37","","15.30","21.00","9.57","","","","",""
"2022-06-15","2022166","12:59","8.0","99.7699","13.0","","","3.4","","7.6","94","","36","","15.41","21.00","9.65","","","","",""
"2022-06-15","2022166","12:59","8.0","99.7699","14.0","","","3.3","","7.6","94","","37","","15.60","20.98","9.80","","","","",""
"2022-06-15","2022166","12:59","8.0","99.7699","15.0","","","3.5","","7.6","94","","66","","15.64","20.98","9.83","","","","",""
"2022-06-15","2022166","12:59","8.0","99.7699","16.0","","","3.9","","7.6","94","","95","","15.64","20.98","9.83","","","","",""
"2022-06-15","2022166","12:42","9.0","96.7889","1.0","","","3.5","","7.8","96","","26","1.14","15.92","21.18","9.99","","","","",""
"2022-06-15","2022166","12:42","9.0","96.7889","2.0","3.9","0.77","3.6","","7.7","96","24.7","26","","15.91","21.19","9.98","0.71","24.63","3.28","3.04","126.76"
"2022-06-15","2022166","12:42","9.0","96.7889","3.0","","","3.8","","7.7","95","","26","","15.91","21.15","9.98","","","","",""
"2022-06-15","2022166","12:42","9.0","96.7889","4.0","","","3.8","","7.6","94","","28","","15.90","21.04","10.01","","","","",""
"2022-06-15","2022166","12:42","9.0","96.7889","5.0","","","3.6","","7.7","94","","31","","15.99","20.87","10.11","","","","",""
"2022-06-15","2022166","12:42","9.0","96.7889","6.0","","","3.5","","7.7","95","","36","","16.11","20.85","10.21","","","","",""
"2022-06-15","2022166","12:42","9.0","96.7889","7.0","","","3.7","","7.7","94","","43","","16.18","20.84","10.27","","","","",""
"2022-06-15","2022166","12:42","9.0","96.7889","8.0","","","3.8","","7.6","94","","52","","16.23","20.83","10.31","","","","",""
"2022-06-15","2022166","12:42","9.0","96.7889","9.0","","","3.9","","7.6","94","","56","","16.37","20.81","10.42","","","","",""
"2022-06-15","2022166","12:42","9.0","96.7889","10.0","","","4.0","","7.6","94","","61","","16.74","20.74","10.72","","","","",""
"2022-06-15","2022166","12:42","9.0","96.7889","11.0","","","4.2","","7.6","94","","73","","16.78","20.73","10.75","","","","",""
"2022-06-15","2022166","12:42","9.0","96.7889","12.0","","","4.1","","7.6","94","","77","","16.82","20.72","10.78","","","","",""
"2022-06-15","2022166","12:42","9.0","96.7889","13.0","","","4.3","","7.6","94","","87","","16.85","20.72","10.80","","","","",""
"2022-06-15","2022166","12:42","9.0","96.7889","14.0","","","4.4","","7.6","94","","90","","16.90","20.72","10.84","","","","",""
"2022-06-15","2022166","12:42","9.0","96.7889","15.0","","","4.3","","7.6","93","","89","","16.94","20.71","10.88","","","","",""
"2022-06-15","2022166","12:42","9.0","96.7889","16.0","","","4.4","","7.5","93","","91","","17.13","20.70","11.02","","","","",""
"2022-06-15","2022166","12:42","9.0","96.7889","17.0","","","4.6","","7.5","93","","104","","17.29","20.69","11.15","","","","",""
"2022-06-15","2022166","12:42","9.0","96.7889","18.0","","","4.7","","7.5","93","","119","","17.48","20.66","11.29","","","","",""
"2022-06-15","2022166","12:42","9.0","96.7889","19.0","","","5.0","","7.5","93","","133","","17.69","20.64","11.46","","","","",""
"2022-06-15","2022166","12:42","9.0","96.7889","20.0","","","5.6","","7.5","93","","171","","17.75","20.63","11.51","","","","",""
"2022-06-15","2022166","12:42","9.0","96.7889","21.0","","","5.8","","7.5","93","","202","","17.76","20.63","11.51","","","","",""
"2022-06-15","2022166","12:42","9.0","96.7889","22.0","","","5.8","","7.5","93","","208","","17.76","20.63","11.51","","","","",""
"2022-06-15","2022166","12:42","9.0","96.7889","23.0","","","5.9","","7.5","93","","214","","17.76","20.63","11.51","","","","",""
"2022-06-15","2022166","12:42","9.0","96.7889","24.0","","","5.9","","7.5","93","","213","","17.76","20.63","11.52","","","","",""
"2022-06-15","2022166","12:42","9.0","96.7889","25.0","","","6.0","","7.5","93","","214","","17.77","20.63","11.52","","","","",""
"2022-06-15","2022166","12:42","9.0","96.7889","26.0","","","6.1","","7.5","93","","216","","17.78","20.63","11.53","","","","",""
"2022-06-15","2022166","12:42","9.0","96.7889","27.0","","","6.1","","7.5","93","","227","","17.77","20.63","11.52","","","","",""
"2022-06-15","2022166","12:42","9.0","96.7889","28.0","","","6.3","","7.5","93","","239","","17.77","20.63","11.52","","","","",""
"2022-06-15","2022166","12:42","9.0","96.7889","29.0","","","6.4","","7.5","93","","247","","17.76","20.63","11.51","","","","",""
"2022-06-15","2022166","12:32","10.0","93.5951","1.0","","","3.3","","7.6","94","","29","1.18","16.73","20.98","10.65","","","","",""
"2022-06-15","2022166","12:32","10.0","93.5951","2.0","","","3.5","","7.6","94","","32","","16.80","20.76","10.76","","","","",""
"2022-06-15","2022166","12:32","10.0","93.5951","3.0","","","3.5","","7.6","94","","40","","16.87","20.73","10.81","","","","",""
"2022-06-15","2022166","12:32","10.0","93.5951","4.0","","","3.6","","7.6","94","","46","","16.92","20.72","10.85","","","","",""
"2022-06-15","2022166","12:32","10.0","93.5951","5.0","","","3.7","","7.6","94","","46","","16.97","20.72","10.90","","","","",""
"2022-06-15","2022166","12:32","10.0","93.5951","6.0","","","3.7","","7.6","94","","46","","17.04","20.71","10.95","","","","",""
"2022-06-15","2022166","12:32","10.0","93.5951","7.0","","","3.7","","7.6","94","","45","","17.10","20.70","11.00","","","","",""
"2022-06-15","2022166","12:32","10.0","93.5951","8.0","","","3.7","","7.6","94","","46","","17.19","20.69","11.07","","","","",""
"2022-06-15","2022166","12:32","10.0","93.5951","9.0","","","3.7","","7.6","93","","45","","17.24","20.68","11.11","","","","",""
"2022-06-15","2022166","12:32","10.0","93.5951","10.0","","","3.8","","7.5","93","","45","","17.39","20.66","11.23","","","","",""
"2022-06-15","2022166","12:32","10.0","93.5951","11.0","","","3.8","","7.5","93","","46","","17.52","20.65","11.33","","","","",""
"2022-06-15","2022166","12:32","10.0","93.5951","12.0","","","3.8","","7.5","93","","47","","17.56","20.64","11.36","","","","",""
"2022-06-15","2022166","12:32","10.0","93.5951","13.0","","","3.8","","7.5","93","","48","","17.59","20.64","11.38","","","","",""
"2022-06-15","2022166","12:32","10.0","93.5951","14.0","","","3.8","","7.5","93","","50","","17.63","20.64","11.41","","","","",""
"2022-06-15","2022166","12:32","10.0","93.5951","15.0","","","3.8","","7.5","93","","57","","17.64","20.63","11.42","","","","",""
"2022-06-15","2022166","12:32","10.0","93.5951","16.0","","","3.8","","7.5","93","","56","","17.68","20.63","11.45","","","","",""
"2022-06-15","2022166","12:32","10.0","93.5951","17.0","","","3.9","","7.5","93","","60","","17.85","20.62","11.59","","","","",""
"2022-06-15","2022166","12:13","11.0","89.7672","1.0","","","3.0","","7.4","93","","22","1.04","19.12","20.81","12.50","","","","",""
"2022-06-15","2022166","12:13","11.0","89.7672","2.0","","","3.1","","7.4","92","","23","","19.81","20.48","13.10","","","","",""
"2022-06-15","2022166","12:13","11.0","89.7672","3.0","","","2.9","","7.4","92","","25","","20.06","20.49","13.29","","","","",""
"2022-06-15","2022166","12:13","11.0","89.7672","4.0","","","2.9","","7.4","92","","29","","20.12","20.49","13.33","","","","",""
"2022-06-15","2022166","12:13","11.0","89.7672","5.0","","","2.9","","7.4","93","","29","","20.15","20.49","13.36","","","","",""
"2022-06-15","2022166","12:13","11.0","89.7672","6.0","","","3.0","","7.4","93","","31","","20.16","20.49","13.37","","","","",""
"2022-06-15","2022166","12:13","11.0","89.7672","7.0","","","3.0","","7.4","93","","31","","20.22","20.49","13.41","","","","",""
"2022-06-15","2022166","12:13","11.0","89.7672","8.0","","","3.1","","7.4","93","","31","","20.24","20.49","13.43","","","","",""
"2022-06-15","2022166","12:13","11.0","89.7672","9.0","","","3.1","","7.4","93","","33","","20.29","20.49","13.46","","","","",""
"2022-06-15","2022166","12:13","11.0","89.7672","10.0","","","3.1","","7.4","93","","33","","20.33","20.49","13.49","","","","",""
"2022-06-15","2022166","12:13","11.0","89.7672","11.0","","","3.1","","7.4","93","","33","","20.57","20.49","13.67","","","","",""
"2022-06-15","2022166","12:13","11.0","89.7672","12.0","","","3.1","","7.4","93","","33","","20.89","20.48","13.92","","","","",""
"2022-06-15","2022166","12:13","11.0","89.7672","13.0","","","3.1","","7.3","93","","36","","21.12","20.48","14.09","","","","",""
"2022-06-15","2022166","12:13","11.0","89.7672","14.0","","","3.2","","7.3","93","","43","","21.30","20.50","14.23","","","","",""
"2022-06-15","2022166","12:13","11.0","89.7672","15.0","","","3.3","","7.3","93","","48","","21.43","20.52","14.32","","","","",""
"2022-06-15","2022166","12:13","11.0","89.7672","16.0","","","3.5","","7.3","93","","63","","21.48","20.53","14.36","","","","",""
"2022-06-15","2022166","12:13","11.0","89.7672","17.0","","","3.5","","7.3","93","","70","","21.50","20.54","14.36","","","","",""
"2022-06-15","2022166","12:13","11.0","89.7672","18.0","","","3.8","","7.3","93","","85","","21.51","20.55","14.37","","","","",""
"2022-06-15","2022166","12:13","11.0","89.7672","19.0","","","3.9","","7.3","93","","96","","21.51","20.55","14.37","","","","",""
"2022-06-15","2022166","12:13","11.0","89.7672","20.0","","","4.1","","7.3","93","","99","","21.51","20.55","14.37","","","","",""
"2022-06-15","2022166","12:13","11.0","89.7672","21.0","","","4.1","","7.3","93","","108","","21.60","20.56","14.43","","","","",""
"2022-06-15","2022166","12:00","12.0","84.4458","1.0","","","3.0","","7.4","95","","20","1.00","21.42","20.88","14.22","","","","",""
"2022-06-15","2022166","12:00","12.0","84.4458","2.0","","","3.2","","7.4","93","","18","","21.80","20.64","14.57","","","","",""
"2022-06-15","2022166","12:00","12.0","84.4458","3.0","","","3.0","","7.3","93","","18","","22.02","20.58","14.75","","","","",""
"2022-06-15","2022166","12:00","12.0","84.4458","4.0","","","2.9","","7.3","93","","18","","22.18","20.56","14.88","","","","",""
"2022-06-15","2022166","12:00","12.0","84.4458","5.0","","","2.9","","7.3","93","","20","","22.29","20.56","14.96","","","","",""
"2022-06-15","2022166","12:00","12.0","84.4458","6.0","","","3.1","","7.3","93","","21","","22.39","20.55","15.04","","","","",""
"2022-06-15","2022166","12:00","12.0","84.4458","7.0","","","2.8","","7.3","93","","22","","22.47","20.54","15.10","","","","",""
"2022-06-15","2022166","12:00","12.0","84.4458","8.0","","","2.8","","7.3","93","","24","","22.50","20.53","15.13","","","","",""
"2022-06-15","2022166","11:41","13.0","78.5444","1.0","","","4.1","","7.3","94","","24","1.05","24.66","20.70","16.72","","","","",""
"2022-06-15","2022166","11:41","13.0","78.5444","2.0","4.2","0.82","4.2","","7.2","93","22.3","23","","24.82","20.51","16.89","0.86","20.70","3.43","3.07","70.14"
"2022-06-15","2022166","11:41","13.0","78.5444","3.0","","","4.0","","7.2","93","","24","","24.98","20.35","17.05","","","","",""
"2022-06-15","2022166","11:41","13.0","78.5444","4.0","","","3.7","","7.2","92","","24","","25.10","20.30","17.15","","","","",""
"2022-06-15","2022166","11:41","13.0","78.5444","5.0","","","3.6","","7.2","92","","25","","25.23","20.25","17.26","","","","",""
"2022-06-15","2022166","11:41","13.0","78.5444","6.0","","","3.8","","7.1","92","","25","","25.68","20.09","17.65","","","","",""
"2022-06-15","2022166","11:41","13.0","78.5444","7.0","","","4.0","","7.1","92","","26","","26.39","19.93","18.23","","","","",""
"2022-06-15","2022166","11:41","13.0","78.5444","8.0","","","4.5","","7.1","92","","48","","26.92","19.77","18.67","","","","",""
"2022-06-15","2022166","11:41","13.0","78.5444","9.0","5.5","0.59","5.4","","7.1","92","94.8","105","","27.07","19.71","18.80","","","","",""
"2022-06-15","2022166","11:28","14.0","74.4288","1.0","","","5.3","","7.4","96","","18","0.98","26.10","20.54","17.85","","","","",""
"2022-06-15","2022166","11:28","14.0","74.4288","2.0","","","5.3","","7.3","95","","17","","26.42","20.33","18.15","","","","",""
"2022-06-15","2022166","11:28","14.0","74.4288","3.0","","","5.5","","7.2","93","","17","","26.50","20.09","18.27","","","","",""
"2022-06-15","2022166","11:28","14.0","74.4288","4.0","","","5.0","","7.2","92","","18","","26.60","19.77","18.42","","","","",""
"2022-06-15","2022166","11:28","14.0","74.4288","5.0","","","4.4","","7.2","92","","20","","26.68","19.69","18.50","","","","",""
"2022-06-15","2022166","11:28","14.0","74.4288","6.0","","","4.4","","7.1","92","","21","","26.77","19.64","18.58","","","","",""
"2022-06-15","2022166","11:28","14.0","74.4288","7.0","","","4.7","","7.1","91","","24","","27.00","19.56","18.78","","","","",""
"2022-06-15","2022166","11:28","14.0","74.4288","8.0","","","5.1","","7.1","91","","27","","27.34","19.40","19.08","","","","",""
"2022-06-15","2022166","11:28","14.0","74.4288","9.0","","","5.4","","7.1","91","","48","","27.49","19.32","19.21","","","","",""
"2022-06-15","2022166","11:28","14.0","74.4288","10.0","","","5.6","","7.1","90","","61","","27.57","19.28","19.29","","","","",""
"2022-06-15","2022166","11:28","14.0","74.4288","11.0","","","5.7","","7.1","90","","73","","27.62","19.25","19.33","","","","",""
"2022-06-15","2022166","11:28","14.0","74.4288","12.0","","","5.9","","7.1","90","","78","","27.63","19.25","19.34","","","","",""
"2022-06-15","2022166","11:28","14.0","74.4288","13.0","","","6.3","","7.1","90","","104","","27.64","19.24","19.35","","","","",""
"2022-06-15","2022166","11:28","14.0","74.4288","14.0","","","6.2","","7.1","90","","109","","27.65","19.24","19.35","","","","",""
"2022-06-15","2022166","11:28","14.0","74.4288","15.0","","","6.4","","7.1","90","","125","","27.65","19.24","19.35","","","","",""
"2022-06-15","2022166","11:14","15.0","69.9895","1.0","","","11.2","","7.5","98","","24","1.03","26.03","20.49","17.81","","","","",""
"2022-06-15","2022166","11:14","15.0","69.9895","2.0","11.9","0.88","11.9","","7.5","96","25.9","24","","26.24","20.14","18.06","0.74","14.92","2.21","2.59","62.67"
"2022-06-15","2022166","11:14","15.0","69.9895","3.0","","","9.8","","7.4","95","","27","","26.32","20.01","18.15","","","","",""
"2022-06-15","2022166","11:14","15.0","69.9895","4.0","","","8.6","","7.2","93","","28","","26.42","19.95","18.24","","","","",""
"2022-06-15","2022166","11:14","15.0","69.9895","5.0","","","7.3","","7.2","92","","27","","27.06","19.56","18.83","","","","",""
"2022-06-15","2022166","11:14","15.0","69.9895","6.0","","","5.9","","7.2","92","","25","","27.50","19.29","19.23","","","","",""
"2022-06-15","2022166","11:14","15.0","69.9895","7.0","","","5.6","","7.1","91","","25","","27.72","19.16","19.42","","","","",""
"2022-06-15","2022166","11:14","15.0","69.9895","8.0","","","5.8","","7.1","90","","25","","27.87","19.07","19.56","","","","",""
"2022-06-15","2022166","11:14","15.0","69.9895","9.0","","","5.8","","7.1","90","","25","","28.35","18.80","20.00","","","","",""
"2022-06-15","2022166","11:14","15.0","69.9895","10.0","","","5.8","","7.1","91","","26","","28.45","18.73","20.09","","","","",""
"2022-06-15","2022166","11:14","15.0","69.9895","11.0","","","5.8","","7.1","91","","27","","28.50","18.70","20.13","","","","",""
"2022-06-15","2022166","11:14","15.0","69.9895","12.0","","","5.7","","7.1","91","","27","","28.50","18.69","20.14","","","","",""
"2022-06-15","2022166","11:14","15.0","69.9895","13.0","","","5.9","","7.1","90","","28","","28.52","18.68","20.16","","","","",""
"2022-06-15","2022166","11:14","15.0","69.9895","14.0","","","6.0","","7.1","90","","28","","28.57","18.65","20.20","","","","",""
"2022-06-15","2022166","11:14","15.0","69.9895","15.0","","","5.7","","7.1","90","","29","","28.61","18.63","20.24","","","","",""
"2022-06-15","2022166","11:14","15.0","69.9895","16.0","","","5.8","","7.0","89","","32","","28.73","18.57","20.34","","","","",""
"2022-06-15","2022166","11:14","15.0","69.9895","17.0","","","6.1","","7.0","89","","40","","28.82","18.52","20.42","","","","",""
"2022-06-15","2022166","11:14","15.0","69.9895","18.0","","","6.3","","6.9","88","","62","","28.93","18.48","20.51","","","","",""
"2022-06-15","2022166","11:14","15.0","69.9895","19.0","","","6.8","","6.9","88","","83","","28.98","18.46","20.56","","","","",""
"2022-06-15","2022166","11:14","15.0","69.9895","20.0","","","7.2","","6.9","88","","104","","29.01","18.45","20.59","","","","",""
"2022-06-15","2022166","11:14","15.0","69.9895","21.0","","","7.5","","6.9","88","","125","","29.02","18.44","20.59","","","","",""
"2022-06-15","2022166","11:14","15.0","69.9895","22.0","","","7.7","","6.9","88","","134","","29.04","18.44","20.61","","","","",""
"2022-06-15","2022166","11:14","15.0","69.9895","23.0","7.7","0.49","7.9","","6.9","88","155.6","149","","29.04","18.44","20.61","","","","",""
"2022-06-15","2022166","10:55","16.0","63.0794","1.0","","","8.8","","7.3","95","","18","0.99","27.93","19.64","19.47","","","","",""
"2022-06-15","2022166","10:55","16.0","63.0794","2.0","","","9.9","","7.2","92","","17","","28.14","19.28","19.72","","","","",""
"2022-06-15","2022166","10:55","16.0","63.0794","3.0","","","9.5","","7.2","91","","18","","28.33","18.85","19.97","","","","",""
"2022-06-15","2022166","10:55","16.0","63.0794","4.0","","","8.7","","7.2","91","","20","","28.41","18.74","20.06","","","","",""
"2022-06-15","2022166","10:55","16.0","63.0794","5.0","","","8.9","","7.2","91","","23","","28.55","18.65","20.18","","","","",""
"2022-06-15","2022166","10:55","16.0","63.0794","6.0","","","8.9","","7.2","91","","24","","28.60","18.62","20.23","","","","",""
"2022-06-15","2022166","10:55","16.0","63.0794","7.0","","","9.1","","7.2","91","","25","","28.63","18.60","20.26","","","","",""
"2022-06-15","2022166","10:55","16.0","63.0794","8.0","","","9.3","","7.2","91","","34","","28.67","18.57","20.30","","","","",""
"2022-06-15","2022166","10:55","16.0","63.0794","9.0","","","9.6","","7.2","91","","65","","28.67","18.57","20.30","","","","",""
"2022-06-15","2022166","10:55","16.0","63.0794","10.0","","","11.0","","7.2","91","","120","","28.67","18.57","20.30","","","","",""
"2022-06-15","2022166","10:55","16.0","63.0794","11.0","","","11.2","","7.2","91","","144","","28.66","18.57","20.29","","","","",""
"2022-06-15","2022166","10:55","16.0","63.0794","12.0","","","11.5","","7.1","91","","182","","28.65","18.58","20.28","","","","",""
"2022-06-15","2022166","10:41","17.0","58.8909","1.0","","","9.2","","7.3","92","","15","0.93","29.51","18.32","20.99","","","","",""
"2022-06-15","2022166","10:41","17.0","58.8909","2.0","8.4","0.85","9.2","","7.2","91","","15","","29.60","18.21","21.09","","","","",""
"2022-06-15","2022166","10:41","17.0","58.8909","3.0","","","10.0","","7.1","90","","16","","29.83","17.95","21.33","","","","",""
"2022-06-15","2022166","10:41","17.0","58.8909","4.0","","","10.7","","7.1","89","","16","","30.06","17.68","21.57","","","","",""
"2022-06-15","2022166","10:41","17.0","58.8909","5.0","","","10.7","","7.0","88","","17","","30.23","17.51","21.74","","","","",""
"2022-06-15","2022166","10:41","17.0","58.8909","6.0","","","10.7","","7.0","87","","17","","30.42","17.28","21.94","","","","",""
"2022-06-15","2022166","10:41","17.0","58.8909","7.0","","","10.6","","6.9","87","","20","","30.55","17.15","22.07","","","","",""
"2022-06-15","2022166","10:41","17.0","58.8909","8.0","","","10.6","","6.9","86","","28","","30.84","16.82","22.36","","","","",""
"2022-06-15","2022166","10:41","17.0","58.8909","9.0","","","11.0","","6.9","86","","42","","30.97","16.66","22.51","","","","",""
"2022-06-15","2022166","10:41","17.0","58.8909","10.0","","","11.5","","6.9","86","","65","","31.00","16.62","22.54","","","","",""
"2022-06-15","2022166","10:41","17.0","58.8909","11.0","","","12.0","","6.9","86","","91","","31.00","16.62","22.53","","","","",""
"2022-06-15","2022166","10:21","18.0","54.9481","1.0","","","8.0","","7.4","93","","10","0.82","31.52","17.18","22.81","","","","",""
"2022-06-15","2022166","10:21","18.0","54.9481","2.0","8.5","0.85","8.0","","7.4","93","8.6","10","","31.52","17.18","22.81","0.96","19.70","4.93","2.68","47.36"
"2022-06-15","2022166","10:21","18.0","54.9481","3.0","","","8.2","","7.4","93","","11","","31.52","17.17","22.81","","","","",""
"2022-06-15","2022166","10:21","18.0","54.9481","4.0","","","8.8","","7.3","92","","11","","31.53","17.16","22.81","","","","",""
"2022-06-15","2022166","10:21","18.0","54.9481","5.0","","","9.0","","7.3","92","","11","","31.54","17.11","22.83","","","","",""
"2022-06-15","2022166","10:21","18.0","54.9481","6.0","","","8.8","","7.3","92","","11","","31.54","17.09","22.84","","","","",""
"2022-06-15","2022166","10:21","18.0","54.9481","7.0","","","8.2","","7.3","92","","11","","31.54","17.10","22.84","","","","",""
"2022-06-15","2022166","10:21","18.0","54.9481","8.0","","","8.0","","7.3","92","","12","","31.54","17.10","22.83","","","","",""
"2022-06-15","2022166","10:21","18.0","54.9481","9.0","","","8.0","","7.3","92","","11","","31.53","17.09","22.83","","","","",""
"2022-06-15","2022166","10:21","18.0","54.9481","10.0","","","8.1","","7.3","92","","12","","31.53","17.07","22.84","","","","",""
"2022-06-15","2022166","10:21","18.0","54.9481","11.0","","","8.2","","7.3","92","","11","","31.53","17.06","22.84","","","","",""
"2022-06-15","2022166","10:21","18.0","54.9481","12.0","","","8.3","","7.3","92","","12","","31.53","17.06","22.84","","","","",""
"2022-06-15","2022166","10:21","18.0","54.9481","13.0","","","8.4","","7.3","92","","11","","31.53","17.07","22.84","","","","",""
"2022-06-15","2022166","10:21","18.0","54.9481","14.0","","","8.5","","7.3","92","","12","","31.53","17.06","22.84","","","","",""
"2022-06-15","2022166","10:21","18.0","54.9481","15.0","","","8.5","","7.3","91","","12","","31.53","17.03","22.85","","","","",""
"2022-06-15","2022166","10:21","18.0","54.9481","16.0","","","8.6","","7.3","91","","12","","31.53","17.01","22.85","","","","",""
"2022-06-15","2022166","10:21","18.0","54.9481","17.0","","","8.6","","7.3","91","","12","","31.53","17.01","22.85","","","","",""
"2022-06-15","2022166","10:21","18.0","54.9481","18.0","","","8.5","","7.3","91","","12","","31.53","16.97","22.86","","","","",""
"2022-06-15","2022166","10:21","18.0","54.9481","19.0","","","8.4","","7.3","91","","12","","31.53","16.98","22.85","","","","",""
"2022-06-15","2022166","10:21","18.0","54.9481","20.0","","","8.5","","7.3","91","","12","","31.53","16.98","22.85","","","","",""
"2022-06-15","2022166","10:21","18.0","54.9481","21.0","","","8.4","","7.3","91","","12","","31.53","16.98","22.85","","","","",""
"2022-06-15","2022166","10:21","18.0","54.9481","22.0","","","8.6","","7.3","91","","13","","31.53","16.98","22.85","","","","",""
"2022-06-15","2022166","10:21","18.0","54.9481","23.0","","","8.5","","7.3","91","","12","","31.52","16.98","22.85","","","","",""
"2022-06-15","2022166","10:21","18.0","54.9481","24.0","","","8.6","","7.2","90","","12","","31.52","16.97","22.85","","","","",""
"2022-06-15","2022166","10:21","18.0","54.9481","25.0","","","8.5","","7.2","90","","13","","31.51","16.94","22.85","","","","",""
"2022-06-15","2022166","10:21","18.0","54.9481","26.0","","","8.3","","7.1","89","","13","","31.51","16.82","22.88","","","","",""
"2022-06-15","2022166","10:21","18.0","54.9481","27.0","","","7.8","","7.0","88","","16","","31.50","16.74","22.89","","","","",""
"2022-06-15","2022166","10:21","18.0","54.9481","28.0","","","7.4","","7.1","88","","15","","31.56","16.53","22.98","","","","",""
"2022-06-15","2022166","10:21","18.0","54.9481","29.0","","","7.1","","7.1","88","","15","","31.55","16.57","22.96","","","","",""
"2022-06-15","2022166","10:21","18.0","54.9481","30.0","","","7.1","","7.0","88","","15","","31.54","16.58","22.96","","","","",""
"2022-06-15","2022166","10:21","18.0","54.9481","31.0","","","7.0","","7.0","87","","16","","31.58","16.42","23.02","","","","",""
"2022-06-15","2022166","10:21","18.0","54.9481","32.0","","","6.9","","7.0","87","","16","","31.59","16.40","23.03","","","","",""
"2022-06-15","2022166","10:21","18.0","54.9481","33.0","","","6.9","","7.0","87","","16","","31.59","16.37","23.04","","","","",""
"2022-06-15","2022166","10:21","18.0","54.9481","34.0","","","6.9","","7.1","88","","16","","31.60","16.33","23.06","","","","",""
"2022-06-15","2022166","10:21","18.0","54.9481","35.0","","","6.9","","7.1","88","","16","","31.58","16.44","23.02","","","","",""
"2022-06-15","2022166","10:21","18.0","54.9481","36.0","","","6.9","","7.1","88","","16","","31.57","16.45","23.01","","","","",""
"2022-06-15","2022166","10:21","18.0","54.9481","37.0","","","6.9","","7.1","88","","16","","31.57","16.46","23.01","","","","",""
"2022-06-15","2022166","10:21","18.0","54.9481","38.0","","","6.9","","7.0","87","","15","","31.57","16.48","23.00","","","","",""
"2022-06-15","2022166","10:21","18.0","54.9481","39.0","","","6.8","","7.0","87","","16","","31.59","16.39","23.04","","","","",""
"2022-06-15","2022166","10:21","18.0","54.9481","40.0","","","6.7","","7.0","87","","16","","31.59","16.39","23.04","","","","",""
"2022-06-15","2022166","10:21","18.0","54.9481","41.0","","","6.7","","7.0","87","","17","","31.58","16.42","23.02","","","","",""
"2022-06-15","2022166","10:21","18.0","54.9481","42.0","","","6.8","","7.0","87","","17","","31.59","16.40","23.03","","","","",""
"2022-06-15","2022166","10:21","18.0","54.9481","43.0","","","6.9","","7.0","86","","21","","31.61","16.22","23.09","","","","",""
"2022-06-15","2022166","10:21","18.0","54.9481","44.0","8.3","0.70","6.9","","7.1","87","37.1","28","","31.67","15.93","23.21","","","","",""
"2022-06-15","2022166","10:05","20.0","51.4501","1.0","","","8.0","","7.1","90","","17","0.97","30.59","17.33","22.05","","","","",""
"2022-06-15","2022166","10:05","20.0","51.4501","2.0","7.2","0.82","8.0","","7.1","89","","17","","30.83","17.06","22.30","","","","",""
"2022-06-15","2022166","10:05","20.0","51.4501","3.0","","","8.5","","7.1","89","","17","","30.96","16.93","22.44","","","","",""
"2022-06-15","2022166","10:05","20.0","51.4501","4.0","","","8.8","","7.1","89","","17","","31.01","16.88","22.48","","","","",""
"2022-06-15","2022166","10:05","20.0","51.4501","5.0","","","8.4","","7.1","88","","17","","31.11","16.79","22.58","","","","",""
"2022-06-15","2022166","10:05","20.0","51.4501","6.0","","","8.1","","7.1","88","","19","","31.23","16.67","22.70","","","","",""
"2022-06-15","2022166","10:05","20.0","51.4501","7.0","","","8.1","","7.1","88","","20","","31.23","16.67","22.70","","","","",""
"2022-06-15","2022166","10:05","20.0","51.4501","8.0","","","8.2","","7.1","88","","21","","31.27","16.65","22.73","","","","",""
"2022-06-15","2022166","10:05","20.0","51.4501","9.0","","","8.5","","7.1","88","","22","","31.27","16.65","22.73","","","","",""
"2022-06-15","2022166","10:05","20.0","51.4501","10.0","","","8.6","","7.1","88","","22","","31.27","16.65","22.74","","","","",""
"2022-06-15","2022166","10:05","20.0","51.4501","11.0","","","8.7","","7.1","89","","22","","31.28","16.66","22.74","","","","",""
"2022-06-15","2022166","10:05","20.0","51.4501","12.0","","","8.9","","7.1","89","","25","","31.28","16.70","22.73","","","","",""
"2022-06-15","2022166","10:05","20.0","51.4501","13.0","","","9.1","","7.1","89","","28","","31.28","16.71","22.73","","","","",""
"2022-06-15","2022166","10:05","20.0","51.4501","14.0","","","9.1","","7.1","89","","28","","31.28","16.71","22.73","","","","",""
"2022-06-15","2022166","10:05","20.0","51.4501","15.0","","","8.9","","7.1","89","","28","","31.28","16.71","22.73","","","","",""
"2022-06-15","2022166","10:05","20.0","51.4501","16.0","","","8.9","","7.1","89","","29","","31.28","16.72","22.73","","","","",""
"2022-06-15","2022166","10:05","20.0","51.4501","17.0","","","8.9","","7.1","89","","30","","31.28","16.72","22.73","","","","",""
"2022-06-15","2022166","10:05","20.0","51.4501","18.0","","","9.1","","7.1","89","","30","","31.28","16.72","22.73","","","","",""
"2022-06-15","2022166","10:05","20.0","51.4501","19.0","","","9.2","","7.1","89","","33","","31.27","16.73","22.72","","","","",""
"2022-06-15","2022166","10:05","20.0","51.4501","20.0","","","9.2","","7.1","89","","35","","31.27","16.73","22.72","","","","",""
"2022-06-15","2022166","10:05","20.0","51.4501","21.0","","","9.1","","7.1","89","","35","","31.28","16.73","22.72","","","","",""
"2022-06-15","2022166","10:05","20.0","51.4501","22.0","","","8.8","","7.1","89","","32","","31.28","16.72","22.72","","","","",""
"2022-06-15","2022166","10:05","20.0","51.4501","23.0","","","8.7","","7.1","89","","34","","31.28","16.73","22.72","","","","",""
"2022-06-15","2022166","10:05","20.0","51.4501","24.0","","","8.7","","7.1","89","","32","","31.28","16.72","22.72","","","","",""
"2022-06-15","2022166","10:05","20.0","51.4501","25.0","","","8.7","","7.1","89","","32","","31.28","16.72","22.72","","","","",""
"2022-06-15","2022166","10:05","20.0","51.4501","26.0","","","8.7","","7.1","89","","32","","31.28","16.73","22.72","","","","",""
"2022-06-15","2022166","10:05","20.0","51.4501","27.0","","","8.7","","7.1","89","","39","","31.27","16.73","22.72","","","","",""
"2022-06-15","2022166","9:45","21.0","46.6266","1.0","","","14.4","","7.2","94","","9","0.81","31.19","19.13","22.08","","","","",""
"2022-06-15","2022166","9:45","21.0","46.6266","2.0","13.0","0.85","14.4","","7.1","93","","13","","31.24","18.86","22.19","","","","",""
"2022-06-15","2022166","9:45","21.0","46.6266","3.0","","","13.9","","7.2","93","","12","","31.31","18.59","22.31","","","","",""
"2022-06-15","2022166","9:45","21.0","46.6266","4.0","","","13.0","","7.2","93","","12","","31.32","18.56","22.32","","","","",""
"2022-06-15","2022166","9:45","21.0","46.6266","5.0","","","12.4","","7.2","93","","14","","31.32","18.56","22.32","","","","",""
"2022-06-15","2022166","9:45","21.0","46.6266","6.0","","","11.9","","7.2","93","","16","","31.32","18.56","22.32","","","","",""
"2022-06-15","2022166","9:45","21.0","46.6266","7.0","","","11.7","","7.1","92","","18","","31.32","18.56","22.32","","","","",""
"2022-06-15","2022166","9:45","21.0","46.6266","8.0","","","11.6","","7.1","92","","21","","31.33","18.53","22.34","","","","",""
"2022-06-15","2022166","9:45","21.0","46.6266","9.0","","","11.7","","7.1","91","","31","","31.36","18.42","22.39","","","","",""
"2022-06-15","2022166","9:45","21.0","46.6266","10.0","","","12.2","","7.1","91","","57","","31.37","18.38","22.40","","","","",""
"2022-06-15","2022166","9:45","21.0","46.6266","11.0","","","13.0","","7.1","92","","89","","31.37","18.37","22.41","","","","",""
"2022-06-15","2022166","9:45","21.0","46.6266","12.0","","","13.9","","7.1","92","","113","","31.37","18.37","22.40","","","","",""
"2022-06-15","2022166","9:45","21.0","46.6266","13.0","","","15.3","","7.1","92","","166","","31.35","18.39","22.39","","","","",""
"2022-06-15","2022166","9:45","21.0","46.6266","14.0","","","","","7.1","92","","214","","31.35","18.40","22.38","","","","",""
"2022-06-15","2022166","9:45","21.0","46.6266","15.0","","","","","7.1","92","","290","","31.33","18.44","22.35","","","","",""
"2022-06-15","2022166","9:32","22.0","43.9210","1.0","","","15.8","","7.5","98","","23","1.70","31.11","19.58","21.90","","","","",""
"2022-06-15","2022166","9:32","22.0","43.9210","2.0","17.6","0.88","15.8","","7.4","97","25.1","25","","31.12","19.45","21.95","0.90","13.99","2.93","3.21","19.23"
"2022-06-15","2022166","9:32","22.0","43.9210","3.0","","","15.3","","7.4","97","","26","","31.24","18.96","22.16","","","","",""
"2022-06-15","2022166","9:32","22.0","43.9210","4.0","","","14.3","","7.4","96","","28","","31.27","18.80","22.22","","","","",""
"2022-06-15","2022166","9:32","22.0","43.9210","5.0","","","13.7","","7.4","96","","28","","31.28","18.72","22.25","","","","",""
"2022-06-15","2022166","9:32","22.0","43.9210","6.0","","","12.9","","7.4","95","","30","","31.29","18.67","22.27","","","","",""
"2022-06-15","2022166","9:32","22.0","43.9210","7.0","","","12.3","","7.4","95","","30","","31.31","18.58","22.31","","","","",""
"2022-06-15","2022166","9:32","22.0","43.9210","8.0","","","11.4","","7.4","95","","30","","31.32","18.51","22.33","","","","",""
"2022-06-15","2022166","9:32","22.0","43.9210","9.0","","","10.9","","7.3","95","","30","","31.32","18.48","22.34","","","","",""
"2022-06-15","2022166","9:32","22.0","43.9210","10.0","","","10.3","","7.4","95","","30","","31.34","18.41","22.37","","","","",""
"2022-06-15","2022166","9:32","22.0","43.9210","11.0","","","9.9","","7.4","95","","30","","31.36","18.31","22.41","","","","",""
"2022-06-15","2022166","9:32","22.0","43.9210","12.0","","","9.6","","7.4","95","","30","","31.36","18.28","22.42","","","","",""
"2022-06-15","2022166","9:32","22.0","43.9210","13.0","","","9.9","","7.4","95","","30","","31.37","18.21","22.44","","","","",""
"2022-06-15","2022166","9:32","22.0","43.9210","14.0","","","10.5","","7.4","94","","69","","31.37","18.20","22.45","","","","",""
"2022-06-15","2022166","9:32","22.0","43.9210","15.0","","","11.0","","7.4","94","","68","","31.37","18.20","22.45","","","","",""
"2022-06-15","2022166","9:32","22.0","43.9210","16.0","","","11.6","","7.4","94","","85","","31.37","18.19","22.45","","","","",""
"2022-06-15","2022166","9:32","22.0","43.9210","17.0","10.8","0.57","11.6","","7.4","94","99.7","105","","31.37","18.19","22.45","","","","",""
"2022-06-15","2022166","9:15","23.0","39.6557","1.0","","","13.9","","7.8","103","","14","1.19","31.22","19.28","22.07","","","","",""
"2022-06-15","2022166","9:15","23.0","39.6557","2.0","","","13.9","","7.8","102","","24","","31.22","19.20","22.09","","","","",""
"2022-06-15","2022166","9:15","23.0","39.6557","3.0","","","13.9","","7.8","102","","24","","31.22","19.20","22.09","","","","",""
"2022-06-15","2022166","9:15","23.0","39.6557","4.0","","","13.5","","7.8","102","","25","","31.22","19.18","22.09","","","","",""
"2022-06-15","2022166","9:15","23.0","39.6557","5.0","","","14.0","","7.8","101","","27","","31.22","19.18","22.09","","","","",""
"2022-06-15","2022166","9:15","23.0","39.6557","6.0","","","14.3","","7.7","101","","28","","31.22","19.17","22.09","","","","",""
"2022-06-15","2022166","9:15","23.0","39.6557","7.0","","","13.9","","7.7","100","","28","","31.22","19.17","22.09","","","","",""
"2022-06-15","2022166","9:15","23.0","39.6557","8.0","","","14.0","","7.7","100","","29","","31.22","19.14","22.10","","","","",""
"2022-06-15","2022166","9:15","23.0","39.6557","9.0","","","13.8","","7.6","100","","34","","31.22","19.13","22.10","","","","",""
"2022-06-15","2022166","9:15","23.0","39.6557","10.0","","","13.5","","7.6","100","","38","","31.22","19.13","22.10","","","","",""
"2022-06-15","2022166","9:15","23.0","39.6557","11.0","","","14.0","","7.6","99","","41","","31.22","19.12","22.10","","","","",""
"2022-06-15","2022166","9:15","23.0","39.6557","12.0","","","14.3","","7.6","99","","46","","31.22","19.11","22.10","","","","",""
"2022-06-15","2022166","9:15","23.0","39.6557","13.0","","","14.9","","7.6","99","","76","","31.21","19.10","22.10","","","","",""
"2022-06-15","2022166","9:15","23.0","39.6557","14.0","","","14.9","","7.6","99","","98","","31.21","19.10","22.10","","","","",""
"2022-06-15","2022166","9:02","24.0","37.0911","1.0","","","16.0","","7.6","99","","42","3.14","31.22","19.43","22.02","","","","",""
"2022-06-15","2022166","9:02","24.0","37.0911","2.0","15.6","0.85","15.4","","7.6","99","27.3","44","","31.22","19.43","22.03","0.75","11.99","1.43","3.41","23.86"
"2022-06-15","2022166","9:02","24.0","37.0911","3.0","","","15.8","","7.6","99","","54","","31.22","19.42","22.03","","","","",""
"2022-06-15","2022166","9:02","24.0","37.0911","4.0","","","15.8","","7.5","99","","51","","31.22","19.41","22.03","","","","",""
"2022-06-15","2022166","9:02","24.0","37.0911","5.0","","","15.7","","7.5","99","","50","","31.22","19.36","22.04","","","","",""
"2022-06-15","2022166","9:02","24.0","37.0911","6.0","","","16.4","","7.5","99","","70","","31.22","19.32","22.05","","","","",""
"2022-06-15","2022166","9:02","24.0","37.0911","7.0","","","17.2","","7.5","98","","90","","31.22","19.31","22.06","","","","",""
"2022-06-15","2022166","9:02","24.0","37.0911","8.0","21.9","0.73","20.1","","7.5","99","127.4","106","","31.22","19.31","22.06","","","","",""
"2022-06-15","2022166","8:49","25.0","32.8382","1.0","","","21.3","","6.6","87","","168","6.42","31.17","20.30","21.77","","","","",""
"2022-06-15","2022166","8:49","25.0","32.8382","2.0","","","21.1","","6.6","88","","188","","31.17","20.29","21.77","","","","",""
"2022-06-15","2022166","8:49","25.0","32.8382","3.0","","","21.8","","6.6","88","","200","","31.17","20.29","21.77","","","","",""
"2022-06-15","2022166","8:49","25.0","32.8382","4.0","","","22.6","","6.6","88","","209","","31.17","20.28","21.77","","","","",""
"2022-06-15","2022166","8:49","25.0","32.8382","5.0","","","22.8","","6.6","88","","241","","31.17","20.27","21.77","","","","",""
"2022-06-15","2022166","8:49","25.0","32.8382","6.0","","","22.2","","6.6","88","","273","","31.17","20.26","21.78","","","","",""
"2022-06-15","2022166","8:35","26.0","28.7560","1.0","","","19.6","","6.4","85","","144","5.92","31.18","20.53","21.71","","","","",""
"2022-06-15","2022166","8:35","26.0","28.7560","2.0","","","20.1","","6.3","85","","174","","31.18","20.51","21.71","","","","",""
"2022-06-15","2022166","8:35","26.0","28.7560","3.0","","","21.0","","6.3","85","","200","","31.17","20.50","21.72","","","","",""
"2022-06-15","2022166","8:35","26.0","28.7560","4.0","","","21.5","","6.4","85","","221","","31.17","20.50","21.72","","","","",""
"2022-06-15","2022166","8:35","26.0","28.7560","5.0","","","21.5","","6.4","85","","218","","31.17","20.50","21.72","","","","",""
"2022-06-15","2022166","8:35","26.0","28.7560","6.0","","","21.8","","6.3","85","","216","","31.18","20.51","21.72","","","","",""
"2022-06-15","2022166","8:35","26.0","28.7560","7.0","","","21.7","","6.3","85","","214","","31.17","20.49","21.72","","","","",""
"2022-06-15","2022166","8:35","26.0","28.7560","8.0","","","22.9","","6.4","85","","281","","31.17","20.48","21.72","","","","",""
"2022-06-15","2022166","8:21","27.0","26.1872","1.0","","","18.5","","6.5","87","","139","5.89","31.18","20.55","21.71","","","","",""
"2022-06-15","2022166","8:21","27.0","26.1872","2.0","18.4","0.64","18.7","","6.5","87","164.2","164","","31.18","20.53","21.71","0.68","6.89","3.14","5.08","24.57"
"2022-06-15","2022166","8:21","27.0","26.1872","3.0","","","19.1","","6.5","87","","165","","31.18","20.54","21.71","","","","",""
"2022-06-15","2022166","8:21","27.0","26.1872","4.0","","","19.1","","6.5","87","","155","","31.18","20.55","21.71","","","","",""
"2022-06-15","2022166","8:21","27.0","26.1872","5.0","","","18.9","","6.5","87","","149","","31.18","20.54","21.71","","","","",""
"2022-06-15","2022166","8:21","27.0","26.1872","6.0","","","19.3","","6.5","87","","159","","31.17","20.50","21.71","","","","",""
"2022-06-15","2022166","8:21","27.0","26.1872","7.0","","","19.4","","6.5","87","","187","","31.17","20.48","21.72","","","","",""
"2022-06-15","2022166","8:21","27.0","26.1872","8.0","","","19.6","","6.6","88","","182","","31.17","20.48","21.72","","","","",""
"2022-06-15","2022166","8:21","27.0","26.1872","9.0","20.1","0.55","19.9","","6.6","88","262.5","243","","31.16","20.35","21.75","","","","",""
"2022-06-15","2022166","8:10","28.0","23.5695","1.0","","","16.1","","6.8","90","","70","3.92","31.16","20.25","21.78","","","","",""
"2022-06-15","2022166","8:10","28.0","23.5695","2.0","","","15.8","","6.8","90","","95","","31.16","20.17","21.79","","","","",""
"2022-06-15","2022166","8:10","28.0","23.5695","3.0","","","16.5","","6.8","90","","102","","31.16","20.19","21.79","","","","",""
"2022-06-15","2022166","8:10","28.0","23.5695","4.0","","","16.6","","6.8","90","","108","","31.16","20.11","21.81","","","","",""
"2022-06-15","2022166","8:10","28.0","23.5695","5.0","","","16.9","","6.8","90","","138","","31.16","20.10","21.81","","","","",""
"2022-06-15","2022166","8:10","28.0","23.5695","6.0","","","17.4","","6.8","90","","157","","31.16","20.10","21.81","","","","",""
"2022-06-15","2022166","8:10","28.0","23.5695","7.0","","","17.6","","6.8","90","","163","","31.16","20.11","21.81","","","","",""
"2022-06-15","2022166","8:10","28.0","23.5695","8.0","","","18.1","","6.8","90","","187","","31.16","20.13","21.80","","","","",""
"2022-06-15","2022166","8:10","28.0","23.5695","9.0","","","18.6","","6.8","90","","200","","31.16","20.14","21.80","","","","",""
"2022-06-15","2022166","8:10","28.0","23.5695","10.0","","","18.4","","6.7","90","","209","","31.16","20.14","21.79","","","","",""
"2022-06-15","2022166","8:10","28.0","23.5695","11.0","","","18.9","","6.7","90","","219","","31.15","20.18","21.79","","","","",""
"2022-06-15","2022166","7:59","29.0","20.2526","1.0","","","17.0","","6.3","85","","42","3.28","31.18","20.69","21.67","","","","",""
"2022-06-15","2022166","7:59","29.0","20.2526","2.0","","","16.7","","6.3","85","","64","","31.18","20.74","21.66","","","","",""
"2022-06-15","2022166","7:59","29.0","20.2526","3.0","","","18.9","","6.4","86","","137","","31.17","20.74","21.65","","","","",""
"2022-06-15","2022166","7:59","29.0","20.2526","4.0","","","20.5","","6.4","86","","185","","31.17","20.73","21.65","","","","",""
"2022-06-15","2022166","7:59","29.0","20.2526","5.0","","","22.0","","6.4","86","","206","","31.17","20.72","21.65","","","","",""
"2022-06-15","2022166","7:59","29.0","20.2526","6.0","","","21.6","","6.4","86","","217","","31.17","20.71","21.66","","","","",""
"2022-06-15","2022166","7:59","29.0","20.2526","7.0","","","22.0","","6.4","86","","238","","31.17","20.70","21.66","","","","",""
"2022-06-15","2022166","7:59","29.0","20.2526","8.0","","","22.8","","6.4","86","","254","","31.17","20.69","21.66","","","","",""
"2022-06-15","2022166","7:59","29.0","20.2526","9.0","","","23.1","","6.4","86","","268","","31.17","20.70","21.66","","","","",""
"2022-06-15","2022166","7:59","29.0","20.2526","10.0","","","22.9","","6.4","86","","293","","31.17","20.71","21.65","","","","",""
"2022-06-15","2022166","7:59","29.0","20.2526","11.0","","","23.6","","6.4","86","","322","","31.17","20.73","21.65","","","","",""
"2022-06-15","2022166","7:59","29.0","20.2526","12.0","","","24.0","","6.4","86","","366","","31.16","20.75","21.64","","","","",""
"2022-06-15","2022166","7:41","30.0","14.7543","1.0","","","18.9","","6.3","85","","115","5.41","31.11","20.77","21.60","","","","",""
"2022-06-15","2022166","7:41","30.0","14.7543","2.0","18.1","0.68","19.5","","6.3","85","150.7","143","","31.13","20.71","21.63","0.79","7.35","3.28","5.93","27.77"
"2022-06-15","2022166","7:41","30.0","14.7543","3.0","","","20.9","","6.3","85","","181","","31.13","20.70","21.63","","","","",""
"2022-06-15","2022166","7:41","30.0","14.7543","4.0","","","21.8","","6.3","85","","191","","31.13","20.71","21.63","","","","",""
"2022-06-15","2022166","7:41","30.0","14.7543","5.0","","","21.5","","6.3","85","","185","","31.13","20.71","21.63","","","","",""
"2022-06-15","2022166","7:41","30.0","14.7543","6.0","","","21.6","","6.3","85","","197","","31.13","20.70","21.63","","","","",""
"2022-06-15","2022166","7:41","30.0","14.7543","7.0","","","22.2","","6.3","85","","207","","31.14","20.69","21.64","","","","",""
"2022-06-15","2022166","7:41","30.0","14.7543","8.0","","","22.3","","6.3","85","","207","","31.14","20.69","21.64","","","","",""
"2022-06-15","2022166","7:41","30.0","14.7543","9.0","20.9","0.64","21.4","","6.3","85","230.8","233","","31.14","20.68","21.64","","","","",""
"2022-06-15","2022166","7:27","31.0","10.6065","1.0","","","16.3","","5.9","80","","85","4.13","30.89","21.16","21.33","","","","",""
"2022-06-15","2022166","7:27","31.0","10.6065","2.0","","","16.3","","5.9","80","","232","","30.94","21.18","21.36","","","","",""
"2022-06-15","2022166","7:27","31.0","10.6065","3.0","","","17.5","","5.9","79","","315","","30.99","21.16","21.40","","","","",""
"2022-06-15","2022166","7:27","31.0","10.6065","4.0","","","18.1","","5.9","80","","316","","31.00","21.16","21.41","","","","",""
"2022-06-15","2022166","7:27","31.0","10.6065","5.0","","","18.4","","5.9","79","","328","","31.08","21.11","21.48","","","","",""
"2022-06-15","2022166","7:27","31.0","10.6065","6.0","","","18.6","","5.9","80","","332","","31.11","21.10","21.51","","","","",""
"2022-06-15","2022166","7:27","31.0","10.6065","7.0","","","18.8","","5.9","79","","320","","31.12","21.09","21.52","","","","",""
"2022-06-15","2022166","7:27","31.0","10.6065","8.0","","","18.8","","5.9","79","","319","","31.11","21.10","21.51","","","","",""
"2022-06-15","2022166","7:27","31.0","10.6065","9.0","","","18.8","","5.9","79","","318","","31.17","21.07","21.57","","","","",""
"2022-06-15","2022166","7:18","32.0","8.1507","1.0","","","15.5","","5.6","76","","150","6.12","30.60","21.23","21.09","","","","",""
"2022-06-15","2022166","7:18","32.0","8.1507","2.0","15.1","0.64","15.5","","5.5","75","170.6","171","","30.61","21.16","21.11","2.48","15.92","8.71","9.90","56.97"
"2022-06-15","2022166","7:18","32.0","8.1507","3.0","","","16.1","","5.5","74","","321","","30.66","21.09","21.17","","","","",""
"2022-06-15","2022166","7:18","32.0","8.1507","4.0","","","16.3","","5.5","75","","340","","30.75","20.95","21.27","","","","",""
"2022-06-15","2022166","7:18","32.0","8.1507","5.0","","","16.4","","5.4","73","","325","","30.81","20.83","21.35","","","","",""
"2022-06-15","2022166","7:18","32.0","8.1507","6.0","","","16.4","","5.4","73","","342","","30.87","20.73","21.42","","","","",""
"2022-06-15","2022166","7:18","32.0","8.1507","7.0","","","16.3","","5.4","73","","321","","30.96","20.58","21.53","","","","",""
"2022-06-15","2022166","7:18","32.0","8.1507","8.0","17.8","0.63","16.3","","5.5","73","","321","","31.03","20.46","21.61","","","","",""
"2022-06-15","2022166","7:11","33.0","6.8085","1.0","15.1","0.57","15.9","","5.2","71","242.4","267","13.22","30.26","21.25","20.82","","","","",""
"2022-06-15","2022166","7:11","33.0","6.8085","2.0","","","15.9","","5.2","70","","359","","30.26","21.25","20.82","","","","",""
"2022-06-15","2022166","7:11","33.0","6.8085","3.0","","","16.2","","5.1","69","","385","","30.25","21.25","20.82","","","","",""
"2022-06-15","2022166","7:11","33.0","6.8085","4.0","","","16.5","","5.1","69","","405","","30.23","21.23","20.81","","","","",""
"2022-06-15","2022166","7:11","33.0","6.8085","5.0","","","16.8","","5.1","68","","465","","30.23","21.23","20.81","","","","",""
"2022-06-15","2022166","7:11","33.0","6.8085","6.0","","","17.2","","5.0","67","","476","","30.23","21.22","20.81","","","","",""
"2022-06-15","2022166","7:11","33.0","6.8085","7.0","","","17.7","","4.9","66","","506","","30.25","21.19","20.83","","","","",""
"2022-06-15","2022166","7:11","33.0","6.8085","8.0","","","18.1","","4.9","66","","593","","30.28","21.16","20.87","","","","",""
"2022-06-15","2022166","7:11","33.0","6.8085","9.0","","","18.4","","4.9","66","","614","","30.33","21.15","20.91","","","","",""
"2022-06-15","2022166","7:11","33.0","6.8085","10.0","","","18.4","","4.9","66","","620","","30.38","21.14","20.94","","","","",""
"2022-06-15","2022166","6:57","34.0","3.5290","1.0","","","18.5","","4.3","57","","714","","28.76","21.15","19.72","","","","",""
"2022-06-15","2022166","6:57","34.0","3.5290","2.0","17.8","0.39","18.5","","4.2","57","737.8","735","","28.79","21.15","19.74","5.19","48.48","0.71","14.18","98.98"
"2022-06-15","2022166","6:57","34.0","3.5290","3.0","","","18.8","","4.2","56","","797","","28.82","21.14","19.76","","","","",""
"2022-06-15","2022166","6:57","34.0","3.5290","4.0","","","19.2","","4.2","56","","833","","29.49","20.67","20.39","","","","",""
"2022-06-15","2022166","6:57","34.0","3.5290","5.0","","","19.0","","4.2","55","","842","","29.75","20.46","20.64","","","","",""
"2022-06-15","2022166","6:57","34.0","3.5290","6.0","","","18.5","","4.1","55","","795","","29.91","20.31","20.80","","","","",""
"2022-06-15","2022166","6:57","34.0","3.5290","7.0","18.9","0.41","18.5","","4.2","55","793.9","796","","30.00","20.21","20.90","","","","",""
"2022-06-15","2022166","14:47","649.0","132.9388","1.0","","","2.8","","8.0","94","","20","1.21","1.27","22.81","","","","","",""
"2022-06-15","2022166","14:47","649.0","132.9388","2.0","2.9","0.67","2.8","","8.0","94","18.0","20","","1.25","22.80","","0.22","16.63","2.07","1.87","196.19"
"2022-06-15","2022166","14:47","649.0","132.9388","3.0","","","2.9","","7.9","93","","20","","1.24","22.80","","","","","",""
"2022-06-15","2022166","14:47","649.0","132.9388","4.0","","","2.9","","7.9","93","","20","","1.24","22.79","","","","","",""
"2022-06-15","2022166","14:47","649.0","132.9388","5.0","","","2.9","","7.9","93","","20","","1.25","22.75","","","","","",""
"2022-06-15","2022166","14:47","649.0","132.9388","6.0","","","2.9","","7.9","92","","20","","1.26","22.70","","","","","",""
"2022-06-15","2022166","14:47","649.0","132.9388","7.0","","","2.9","","7.9","92","","20","","1.29","22.64","","","","","",""
"2022-06-15","2022166","14:47","649.0","132.9388","8.0","","","2.7","","7.8","91","","20","","1.52","22.32","","","","","",""
"2022-06-15","2022166","14:47","649.0","132.9388","9.0","","","2.6","","7.7","90","","20","","1.86","22.17","","","","","",""
"2022-06-15","2022166","14:47","649.0","132.9388","10.0","","","2.8","","7.7","89","","31","","2.08","22.05","","","","","",""
"2022-06-15","2022166","14:47","649.0","132.9388","11.0","2.3","0.42","2.9","","7.7","89","43.9","45","","2.21","22.00","","","","","",""
"2022-06-15","2022166","15:31","657.0","147.2548","1.0","","","1.4","","7.3","86","","12","0.87","0.06","23.79","","","","","",""
"2022-06-15","2022166","15:31","657.0","147.2548","2.0","1.5","0.61","1.5","","7.2","85","6.8","12","","0.06","23.79","","0.19","10.00","2.14","1.57","206.87"
"2022-06-15","2022166","15:31","657.0","147.2548","3.0","","","1.6","","7.2","86","","13","","0.06","23.77","","","","","",""
"2022-06-15","2022166","15:31","657.0","147.2548","4.0","","","1.5","","7.2","85","","13","","0.06","23.73","","","","","",""
"2022-06-15","2022166","15:31","657.0","147.2548","5.0","","","1.5","","7.2","86","","13","","0.06","23.74","","","","","",""
"2022-06-15","2022166","15:31","657.0","147.2548","6.0","","","1.6","","7.2","86","","13","","0.06","23.75","","","","","",""
"2022-06-15","2022166","15:31","657.0","147.2548","7.0","","","1.5","","7.2","85","","13","","0.06","23.75","","","","","",""
"2022-06-15","2022166","15:31","657.0","147.2548","8.0","1.8","0.56","1.6","","7.2","85","10.3","13","","0.06","23.73","","","","","",""
"2022-07-07","2022188","14:55","2.0","127.7053","1.0","","","3.3","","8.7","101","","21","1.27","2.59","21.96","","","","","",""
"2022-07-07","2022188","14:55","2.0","127.7053","2.0","","","3.2","","8.6","100","","21","","2.62","21.91","","","","","",""
"2022-07-07","2022188","14:55","2.0","127.7053","3.0","","","3.6","","8.6","100","","22","","2.85","21.63","0.02","","","","",""
"2022-07-07","2022188","14:55","2.0","127.7053","4.0","","","3.3","","8.6","100","","23","","2.91","21.57","0.08","","","","",""
"2022-07-07","2022188","14:55","2.0","127.7053","5.0","","","3.3","","8.6","100","","24","","2.95","21.56","0.11","","","","",""
"2022-07-07","2022188","14:55","2.0","127.7053","6.0","","","3.3","","8.6","100","","25","","2.98","21.54","0.14","","","","",""
"2022-07-07","2022188","14:55","2.0","127.7053","7.0","","","3.5","","8.6","100","","25","","3.06","21.53","0.20","","","","",""
"2022-07-07","2022188","14:55","2.0","127.7053","8.0","","","3.7","","8.5","99","","24","","3.24","21.58","0.32","","","","",""
"2022-07-07","2022188","14:55","2.0","127.7053","9.0","","","3.9","","8.5","99","","22","","3.41","21.61","0.44","","","","",""
"2022-07-07","2022188","14:55","2.0","127.7053","10.0","","","4.0","","8.5","99","","21","","3.63","21.60","0.62","","","","",""
"2022-07-07","2022188","14:43","3.0","125.3243","1.0","","","4.2","","8.8","102","","14","1.04","3.51","21.80","0.47","","","","",""
"2022-07-07","2022188","14:43","3.0","125.3243","2.0","4.4","0.83","4.5","","8.5","99","8.6","14","","3.55","21.74","0.52","0.26","9.21","1.57","1.90","160.23"
"2022-07-07","2022188","14:43","3.0","125.3243","3.0","","","4.5","","8.5","98","","18","","3.92","21.47","0.86","","","","",""
"2022-07-07","2022188","14:43","3.0","125.3243","4.0","","","3.3","","8.5","98","","21","","4.16","21.34","1.07","","","","",""
"2022-07-07","2022188","14:43","3.0","125.3243","5.0","","","3.4","","8.5","98","","21","","4.26","21.31","1.16","","","","",""
"2022-07-07","2022188","14:43","3.0","125.3243","6.0","","","3.4","","8.5","98","","23","","4.39","21.30","1.26","","","","",""
"2022-07-07","2022188","14:43","3.0","125.3243","7.0","","","3.6","","8.5","99","","24","","4.46","21.30","1.31","","","","",""
"2022-07-07","2022188","14:43","3.0","125.3243","8.0","","","3.6","","8.5","99","","24","","4.47","21.30","1.32","","","","",""
"2022-07-07","2022188","14:43","3.0","125.3243","9.0","","","3.7","","8.5","99","","25","","4.52","21.30","1.35","","","","",""
"2022-07-07","2022188","14:43","3.0","125.3243","10.0","","","3.6","","8.5","99","","27","","4.58","21.31","1.40","","","","",""
"2022-07-07","2022188","14:43","3.0","125.3243","11.0","3.1","0.59","3.6","","8.5","99","23.9","27","","4.58","21.31","1.40","","","","",""
"2022-07-07","2022188","14:25","4.0","119.8957","1.0","","","4.5","","8.9","105","","12","0.95","5.18","21.67","1.76","","","","",""
"2022-07-07","2022188","14:25","4.0","119.8957","2.0","","","4.9","","8.7","102","","12","","5.17","21.66","1.77","","","","",""
"2022-07-07","2022188","14:25","4.0","119.8957","3.0","","","4.8","","8.6","101","","12","","5.29","21.54","1.89","","","","",""
"2022-07-07","2022188","14:25","4.0","119.8957","4.0","","","4.9","","8.5","100","","13","","5.55","21.32","2.13","","","","",""
"2022-07-07","2022188","14:25","4.0","119.8957","5.0","","","4.5","","8.5","100","","14","","5.83","21.26","2.36","","","","",""
"2022-07-07","2022188","14:25","4.0","119.8957","6.0","","","4.3","","8.5","99","","16","","6.02","21.21","2.51","","","","",""
"2022-07-07","2022188","14:25","4.0","119.8957","7.0","","","4.4","","8.5","99","","16","","6.09","21.19","2.56","","","","",""
"2022-07-07","2022188","14:25","4.0","119.8957","8.0","","","4.6","","8.5","99","","18","","6.26","21.15","2.71","","","","",""
"2022-07-07","2022188","14:25","4.0","119.8957","9.0","","","4.7","","8.5","99","","18","","6.31","21.14","2.75","","","","",""
"2022-07-07","2022188","14:25","4.0","119.8957","10.0","","","4.5","","8.4","99","","20","","6.35","21.13","2.77","","","","",""
"2022-07-07","2022188","14:25","4.0","119.8957","11.0","","","4.7","","8.4","98","","19","","6.49","21.11","2.89","","","","",""
"2022-07-07","2022188","14:25","4.0","119.8957","12.0","","","4.9","","8.4","98","","23","","6.74","21.08","3.08","","","","",""
"2022-07-07","2022188","14:25","4.0","119.8957","13.0","","","4.8","","8.3","98","","24","","6.97","21.07","3.26","","","","",""
"2022-07-07","2022188","14:25","4.0","119.8957","14.0","","","5.2","","8.3","98","","27","","7.13","21.07","3.38","","","","",""
"2022-07-07","2022188","14:25","4.0","119.8957","15.0","","","5.3","","8.3","98","","26","","7.18","21.08","3.41","","","","",""
"2022-07-07","2022188","14:25","4.0","119.8957","16.0","","","5.3","","8.3","98","","28","","7.34","21.09","3.53","","","","",""
"2022-07-07","2022188","14:10","5.0","115.6252","1.0","","","6.4","","8.8","104","","12","1.00","6.84","21.47","3.07","","","","",""
"2022-07-07","2022188","14:10","5.0","115.6252","2.0","","","6.4","","8.4","100","","12","","6.85","21.47","3.08","","","","",""
"2022-07-07","2022188","14:10","5.0","115.6252","3.0","","","6.5","","8.4","99","","13","","7.28","21.23","3.45","","","","",""
"2022-07-07","2022188","14:10","5.0","115.6252","4.0","","","5.1","","8.3","98","","16","","8.10","20.99","4.13","","","","",""
"2022-07-07","2022188","14:10","5.0","115.6252","5.0","","","5.6","","8.3","98","","21","","8.46","21.01","4.40","","","","",""
"2022-07-07","2022188","14:10","5.0","115.6252","6.0","","","5.9","","8.3","98","","23","","8.78","21.02","4.64","","","","",""
"2022-07-07","2022188","14:10","5.0","115.6252","7.0","","","6.0","","8.2","98","","24","","9.08","21.02","4.86","","","","",""
"2022-07-07","2022188","14:10","5.0","115.6252","8.0","","","6.2","","8.2","97","","23","","9.48","21.02","5.16","","","","",""
"2022-07-07","2022188","14:10","5.0","115.6252","9.0","","","6.7","","8.2","97","","26","","9.81","21.01","5.42","","","","",""
"2022-07-07","2022188","14:10","5.0","115.6252","10.0","","","6.9","","8.2","97","","29","","9.96","21.00","5.53","","","","",""
"2022-07-07","2022188","14:10","5.0","115.6252","11.0","","","7.6","","8.1","97","","33","","10.03","20.99","5.58","","","","",""
"2022-07-07","2022188","13:52","6.0","110.8977","1.0","","","9.3","","8.9","106","","14","1.58","9.18","21.31","4.87","","","","",""
"2022-07-07","2022188","13:52","6.0","110.8977","2.0","10.1","0.86","10.5","","8.7","104","13.4","14","","9.27","21.27","4.95","0.40","10.49","1.71","2.34","133.88"
"2022-07-07","2022188","13:52","6.0","110.8977","3.0","","","8.9","","8.8","104","","18","","9.43","21.21","5.09","","","","",""
"2022-07-07","2022188","13:52","6.0","110.8977","4.0","","","8.8","","8.8","105","","20","","9.46","21.20","5.11","","","","",""
"2022-07-07","2022188","13:52","6.0","110.8977","5.0","","","8.6","","8.8","105","","20","","9.48","21.19","5.13","","","","",""
"2022-07-07","2022188","13:52","6.0","110.8977","6.0","","","8.3","","8.8","105","","20","","9.61","21.18","5.23","","","","",""
"2022-07-07","2022188","13:52","6.0","110.8977","7.0","","","8.4","","8.8","105","","22","","9.76","21.17","5.34","","","","",""
"2022-07-07","2022188","13:52","6.0","110.8977","8.0","","","8.6","","8.5","102","","24","","9.97","21.17","5.50","","","","",""
"2022-07-07","2022188","13:52","6.0","110.8977","9.0","","","8.7","","8.2","98","","29","","11.23","20.94","6.51","","","","",""
"2022-07-07","2022188","13:52","6.0","110.8977","10.0","","","9.5","","8.2","99","44.0","44","","12.94","20.69","7.85","","","","",""
"2022-07-07","2022188","13:33","7.0","104.9810","1.0","","","9.4","","8.9","108","","12","1.25","11.06","21.35","6.28","","","","",""
"2022-07-07","2022188","13:33","7.0","104.9810","2.0","11.8","0.90","10.9","","8.3","100","11.9","13","","11.39","21.12","6.59","","","","",""
"2022-07-07","2022188","13:33","7.0","104.9810","3.0","","","8.0","","8.3","100","","15","","12.25","20.77","7.32","","","","",""
"2022-07-07","2022188","13:33","7.0","104.9810","4.0","","","7.4","","8.2","99","","15","","12.68","20.67","7.66","","","","",""
"2022-07-07","2022188","13:33","7.0","104.9810","5.0","","","6.9","","8.2","98","","17","","12.95","20.64","7.88","","","","",""
"2022-07-07","2022188","13:33","7.0","104.9810","6.0","","","7.4","","8.1","98","","19","","13.59","20.56","8.37","","","","",""
"2022-07-07","2022188","13:33","7.0","104.9810","7.0","","","7.3","","8.0","97","","20","","14.00","20.51","8.70","","","","",""
"2022-07-07","2022188","13:33","7.0","104.9810","8.0","","","7.2","","8.0","96","","21","","14.40","20.45","9.02","","","","",""
"2022-07-07","2022188","13:33","7.0","104.9810","9.0","","","7.2","","7.9","96","","22","","15.14","20.39","9.59","","","","",""
"2022-07-07","2022188","13:33","7.0","104.9810","10.0","","","7.7","","7.8","96","","23","","15.45","20.36","9.83","","","","",""
"2022-07-07","2022188","13:33","7.0","104.9810","11.0","","","7.7","","7.8","95","","23","","16.04","20.32","10.28","","","","",""
"2022-07-07","2022188","13:33","7.0","104.9810","12.0","","","7.3","","7.8","95","","23","","16.44","20.29","10.60","","","","",""
"2022-07-07","2022188","13:33","7.0","104.9810","13.0","","","7.3","","7.8","95","","24","","16.52","20.28","10.66","","","","",""
"2022-07-07","2022188","13:33","7.0","104.9810","14.0","","","7.1","","7.8","95","","25","","16.57","20.28","10.70","","","","",""
"2022-07-07","2022188","13:14","8.0","99.7699","1.0","","","7.6","","8.7","106","","13","1.44","14.67","20.83","9.13","","","","",""
"2022-07-07","2022188","13:14","8.0","99.7699","2.0","","","7.6","","8.6","105","14.4","13","","15.14","20.60","9.54","","","","",""
"2022-07-07","2022188","13:14","8.0","99.7699","3.0","","","7.4","","8.6","105","","14","","15.43","20.57","9.77","","","","",""
"2022-07-07","2022188","13:14","8.0","99.7699","4.0","","","7.0","","8.5","103","","15","","15.76","20.57","10.02","","","","",""
"2022-07-07","2022188","13:14","8.0","99.7699","5.0","","","7.1","","8.2","100","","16","","16.00","20.53","10.21","","","","",""
"2022-07-07","2022188","13:14","8.0","99.7699","6.0","","","7.0","","8.0","98","","17","","16.93","20.40","10.94","","","","",""
"2022-07-07","2022188","13:14","8.0","99.7699","7.0","","","6.5","","7.9","98","","17","","17.49","20.27","11.39","","","","",""
"2022-07-07","2022188","13:14","8.0","99.7699","8.0","","","6.5","","7.8","96","","18","","17.53","20.27","11.42","","","","",""
"2022-07-07","2022188","13:14","8.0","99.7699","9.0","","","6.7","","7.7","95","","19","","17.86","20.24","11.68","","","","",""
"2022-07-07","2022188","13:14","8.0","99.7699","10.0","","","6.7","","7.7","95","","22","","18.54","20.19","12.21","","","","",""
"2022-07-07","2022188","13:14","8.0","99.7699","11.0","","","6.1","","7.7","95","","25","","18.76","20.18","12.38","","","","",""
"2022-07-07","2022188","13:14","8.0","99.7699","12.0","","","5.8","","7.6","94","","23","","19.26","20.18","12.76","","","","",""
"2022-07-07","2022188","13:14","8.0","99.7699","13.0","","","5.6","","7.6","94","","21","","19.41","20.18","12.87","","","","",""
"2022-07-07","2022188","13:14","8.0","99.7699","14.0","","","5.7","","7.6","94","","23","","19.56","20.19","12.98","","","","",""
"2022-07-07","2022188","13:14","8.0","99.7699","15.0","","","5.7","","7.5","94","","25","","19.81","20.20","13.17","","","","",""
"2022-07-07","2022188","13:14","8.0","99.7699","16.0","","","5.4","","7.5","94","","26","","20.50","20.23","13.68","","","","",""
"2022-07-07","2022188","12:55","9.0","96.7889","1.0","","","5.9","","8.4","103","","12","1.44","16.84","20.56","10.83","","","","",""
"2022-07-07","2022188","12:55","9.0","96.7889","2.0","","","6.2","","8.2","101","14.4","15","","17.79","20.39","11.60","0.66","13.71","3.28","2.85","97.20"
"2022-07-07","2022188","12:55","9.0","96.7889","3.0","","","5.9","","8.1","100","","16","","18.03","20.33","11.79","","","","",""
"2022-07-07","2022188","12:55","9.0","96.7889","4.0","","","5.6","","8.1","100","","17","","18.07","20.32","11.82","","","","",""
"2022-07-07","2022188","12:55","9.0","96.7889","5.0","","","5.7","","8.1","100","","18","","18.09","20.32","11.84","","","","",""
"2022-07-07","2022188","12:55","9.0","96.7889","6.0","","","5.7","","8.0","99","","19","","18.09","20.32","11.84","","","","",""
"2022-07-07","2022188","12:55","9.0","96.7889","7.0","","","5.9","","7.9","98","","20","","18.19","20.30","11.92","","","","",""
"2022-07-07","2022188","12:55","9.0","96.7889","8.0","","","5.7","","7.9","98","","27","","18.50","20.26","12.16","","","","",""
"2022-07-07","2022188","12:55","9.0","96.7889","9.0","","","5.7","","7.9","97","","27","","18.60","20.25","12.24","","","","",""
"2022-07-07","2022188","12:55","9.0","96.7889","10.0","","","5.7","","7.9","97","","29","","18.65","20.25","12.28","","","","",""
"2022-07-07","2022188","12:55","9.0","96.7889","11.0","","","5.5","","7.8","97","","29","","18.74","20.24","12.35","","","","",""
"2022-07-07","2022188","12:55","9.0","96.7889","12.0","","","5.5","","7.7","96","","31","","18.82","20.24","12.41","","","","",""
"2022-07-07","2022188","12:55","9.0","96.7889","13.0","","","5.6","","7.6","94","","29","","19.38","20.20","12.84","","","","",""
"2022-07-07","2022188","12:55","9.0","96.7889","14.0","","","5.9","","7.6","94","","42","","20.12","20.19","13.40","","","","",""
"2022-07-07","2022188","12:55","9.0","96.7889","15.0","","","5.9","","7.5","94","","50","","20.91","20.22","14.00","","","","",""
"2022-07-07","2022188","12:55","9.0","96.7889","16.0","","","5.6","","7.5","94","","46","","21.11","20.23","14.15","","","","",""
"2022-07-07","2022188","12:55","9.0","96.7889","17.0","","","5.7","","7.5","94","","48","","21.27","20.23","14.27","","","","",""
"2022-07-07","2022188","12:55","9.0","96.7889","18.0","","","5.9","","7.5","94","","47","","21.47","20.24","14.42","","","","",""
"2022-07-07","2022188","12:55","9.0","96.7889","19.0","","","5.7","","7.5","94","","45","","21.76","20.25","14.63","","","","",""
"2022-07-07","2022188","12:55","9.0","96.7889","20.0","","","5.6","","7.5","94","","39","","21.99","20.25","14.80","","","","",""
"2022-07-07","2022188","12:55","9.0","96.7889","21.0","","","5.5","","7.5","94","","36","","22.04","20.25","14.85","","","","",""
"2022-07-07","2022188","12:55","9.0","96.7889","22.0","","","5.4","","7.5","94","","33","","22.13","20.25","14.92","","","","",""
"2022-07-07","2022188","12:55","9.0","96.7889","23.0","","","4.8","","7.4","94","","28","","22.60","20.26","15.27","","","","",""
"2022-07-07","2022188","12:55","9.0","96.7889","24.0","","","5.0","","7.4","94","","25","","22.74","20.27","15.37","","","","",""
"2022-07-07","2022188","12:55","9.0","96.7889","25.0","","","4.9","","7.4","94","","26","","22.76","20.27","15.39","","","","",""
"2022-07-07","2022188","12:55","9.0","96.7889","26.0","","","5.3","","7.4","93","","33","","22.85","20.27","15.46","","","","",""
"2022-07-07","2022188","12:55","9.0","96.7889","27.0","","","6.0","","7.3","93","","46","","22.89","20.27","15.48","","","","",""
"2022-07-07","2022188","12:55","9.0","96.7889","28.0","","","6.3","","7.3","93","","49","","23.03","20.25","15.59","","","","",""
"2022-07-07","2022188","12:40","10.0","93.5951","1.0","","","5.2","","8.3","101","","12","1.31","16.84","20.39","10.87","","","","",""
"2022-07-07","2022188","12:40","10.0","93.5951","2.0","","","5.2","","7.7","95","","12","","18.55","20.14","12.23","","","","",""
"2022-07-07","2022188","12:40","10.0","93.5951","3.0","","","5.1","","7.6","95","","17","","19.67","20.14","13.08","","","","",""
"2022-07-07","2022188","12:40","10.0","93.5951","4.0","","","4.7","","7.6","95","","18","","20.69","20.17","13.84","","","","",""
"2022-07-07","2022188","12:40","10.0","93.5951","5.0","","","4.7","","7.5","95","","17","","21.49","20.21","14.44","","","","",""
"2022-07-07","2022188","12:40","10.0","93.5951","6.0","","","4.5","","7.5","95","","15","","21.67","20.22","14.58","","","","",""
"2022-07-07","2022188","12:40","10.0","93.5951","7.0","","","4.8","","7.5","94","","16","","21.66","20.22","14.57","","","","",""
"2022-07-07","2022188","12:40","10.0","93.5951","8.0","","","4.7","","7.5","94","","17","","21.75","20.22","14.64","","","","",""
"2022-07-07","2022188","12:40","10.0","93.5951","9.0","","","4.7","","7.5","94","","17","","21.76","20.22","14.64","","","","",""
"2022-07-07","2022188","12:40","10.0","93.5951","10.0","","","5.1","","7.4","94","","17","","22.01","20.22","14.83","","","","",""
"2022-07-07","2022188","12:40","10.0","93.5951","11.0","","","5.5","","7.4","94","","23","","22.61","20.21","15.29","","","","",""
"2022-07-07","2022188","12:40","10.0","93.5951","12.0","","","5.6","","7.4","94","","25","","22.95","20.19","15.55","","","","",""
"2022-07-07","2022188","12:40","10.0","93.5951","13.0","","","5.6","","7.4","94","","27","","23.07","20.19","15.64","","","","",""
"2022-07-07","2022188","12:40","10.0","93.5951","14.0","","","5.5","","7.4","94","","27","","23.26","20.17","15.79","","","","",""
"2022-07-07","2022188","12:40","10.0","93.5951","15.0","","","5.6","","7.3","93","","26","","23.60","20.14","16.05","","","","",""
"2022-07-07","2022188","12:40","10.0","93.5951","16.0","","","5.4","","7.4","94","","26","","23.63","20.14","16.08","","","","",""
"2022-07-07","2022188","12:19","11.0","89.7672","1.0","","","4.6","","8.0","101","","11","1.19","19.91","20.53","13.16","","","","",""
"2022-07-07","2022188","12:19","11.0","89.7672","2.0","","","4.6","","7.9","99","","11","","19.93","20.53","13.18","","","","",""
"2022-07-07","2022188","12:19","11.0","89.7672","3.0","","","5.5","","7.8","98","","11","","20.45","20.37","13.61","","","","",""
"2022-07-07","2022188","12:19","11.0","89.7672","4.0","","","5.2","","7.7","97","","11","","21.31","20.20","14.30","","","","",""
"2022-07-07","2022188","12:19","11.0","89.7672","5.0","","","4.8","","7.7","96","","11","","21.59","20.17","14.53","","","","",""
"2022-07-07","2022188","12:19","11.0","89.7672","6.0","","","4.7","","7.6","95","","11","","21.92","20.15","14.78","","","","",""
"2022-07-07","2022188","12:19","11.0","89.7672","7.0","","","4.8","","7.5","94","","12","","22.30","20.13","15.07","","","","",""
"2022-07-07","2022188","12:19","11.0","89.7672","8.0","","","5.1","","7.5","94","","13","","22.85","20.12","15.49","","","","",""
"2022-07-07","2022188","12:19","11.0","89.7672","9.0","","","6.1","","7.4","94","","16","","23.18","20.14","15.74","","","","",""
"2022-07-07","2022188","12:19","11.0","89.7672","10.0","","","6.3","","7.4","94","","20","","23.49","20.14","15.98","","","","",""
"2022-07-07","2022188","12:19","11.0","89.7672","11.0","","","7.1","","7.4","94","","23","","23.71","20.13","16.14","","","","",""
"2022-07-07","2022188","12:19","11.0","89.7672","12.0","","","7.7","","7.3","93","","27","","23.95","20.12","16.33","","","","",""
"2022-07-07","2022188","12:19","11.0","89.7672","13.0","","","8.1","","7.3","93","","28","","23.99","20.12","16.36","","","","",""
"2022-07-07","2022188","12:19","11.0","89.7672","14.0","","","8.0","","7.3","93","","29","","24.05","20.12","16.40","","","","",""
"2022-07-07","2022188","12:19","11.0","89.7672","15.0","","","7.8","","7.3","93","","29","","24.15","20.12","16.48","","","","",""
"2022-07-07","2022188","12:19","11.0","89.7672","16.0","","","7.9","","7.3","93","","31","","24.25","20.11","16.56","","","","",""
"2022-07-07","2022188","12:19","11.0","89.7672","17.0","","","8.0","","7.3","93","","32","","24.30","20.11","16.59","","","","",""
"2022-07-07","2022188","12:19","11.0","89.7672","18.0","","","8.0","","7.2","93","","33","","24.52","20.10","16.77","","","","",""
"2022-07-07","2022188","12:19","11.0","89.7672","19.0","","","8.0","","7.2","92","","35","","24.70","20.08","16.90","","","","",""
"2022-07-07","2022188","12:19","11.0","89.7672","20.0","","","8.0","","7.2","92","","36","","24.87","20.06","17.04","","","","",""
"2022-07-07","2022188","12:19","11.0","89.7672","21.0","","","8.0","","7.2","92","","37","","25.34","20.05","17.40","","","","",""
"2022-07-07","2022188","12:05","12.0","84.4458","1.0","","","6.8","","7.8","100","","13","1.40","22.83","20.62","15.35","","","","",""
"2022-07-07","2022188","12:05","12.0","84.4458","2.0","","","6.8","","7.5","96","","13","","22.88","20.49","15.42","","","","",""
"2022-07-07","2022188","12:05","12.0","84.4458","3.0","","","8.2","","7.4","94","","13","","23.73","20.11","16.16","","","","",""
"2022-07-07","2022188","12:05","12.0","84.4458","4.0","","","7.1","","7.3","93","","14","","24.47","19.97","16.76","","","","",""
"2022-07-07","2022188","12:05","12.0","84.4458","5.0","","","5.4","","7.3","93","","12","","25.21","19.77","17.37","","","","",""
"2022-07-07","2022188","12:05","12.0","84.4458","6.0","","","5.2","","7.2","92","","13","","25.91","19.67","17.92","","","","",""
"2022-07-07","2022188","12:05","12.0","84.4458","7.0","","","5.9","","7.1","91","","15","","26.37","19.60","18.30","","","","",""
"2022-07-07","2022188","12:05","12.0","84.4458","8.0","","","5.7","","7.1","91","","21","","26.92","19.42","18.75","","","","",""
"2022-07-07","2022188","11:47","13.0","78.5444","1.0","","","5.2","","7.9","101","","9","1.14","24.15","20.64","16.35","","","","",""
"2022-07-07","2022188","11:47","13.0","78.5444","2.0","6.3","0.88","6.2","","7.4","96","8.5","9","","24.36","20.49","16.55","0.89","16.78","4.50","3.43","76.20"
"2022-07-07","2022188","11:47","13.0","78.5444","3.0","","","7.8","","7.3","94","","11","","25.58","20.02","17.59","","","","",""
"2022-07-07","2022188","11:47","13.0","78.5444","4.0","","","8.2","","7.2","93","","12","","26.43","19.66","18.32","","","","",""
"2022-07-07","2022188","11:47","13.0","78.5444","5.0","","","7.1","","7.1","91","","11","","26.53","19.52","18.44","","","","",""
"2022-07-07","2022188","11:47","13.0","78.5444","6.0","","","6.3","","7.1","90","","11","","27.63","18.98","19.40","","","","",""
"2022-07-07","2022188","11:47","13.0","78.5444","7.0","","","5.9","","7.1","91","","14","","28.35","18.74","20.01","","","","",""
"2022-07-07","2022188","11:47","13.0","78.5444","8.0","","","5.5","","7.1","90","","19","","28.52","18.68","20.15","","","","",""
"2022-07-07","2022188","11:47","13.0","78.5444","9.0","4.7","0.71","5.5","","7.1","90","24.6","22","","28.54","18.67","20.17","","","","",""
"2022-07-07","2022188","11:34","14.0","74.4288","1.0","","","5.8","","8.1","104","","8","1.51","24.67","20.25","16.84","","","","",""
"2022-07-07","2022188","11:34","14.0","74.4288","2.0","","","6.9","","7.8","100","","8","","25.22","19.89","17.35","","","","",""
"2022-07-07","2022188","11:34","14.0","74.4288","3.0","","","9.8","","7.5","96","","10","","26.30","19.38","18.29","","","","",""
"2022-07-07","2022188","11:34","14.0","74.4288","4.0","","","12.2","","7.3","93","","14","","27.16","19.08","19.02","","","","",""
"2022-07-07","2022188","11:34","14.0","74.4288","5.0","","","9.2","","7.2","91","","14","","27.37","19.01","19.19","","","","",""
"2022-07-07","2022188","11:34","14.0","74.4288","6.0","","","6.8","","7.1","90","","12","","28.26","18.79","19.93","","","","",""
"2022-07-07","2022188","11:34","14.0","74.4288","7.0","","","4.7","","7.0","89","","11","","28.87","18.46","20.48","","","","",""
"2022-07-07","2022188","11:34","14.0","74.4288","8.0","","","4.5","","7.0","89","","12","","29.16","18.30","20.73","","","","",""
"2022-07-07","2022188","11:34","14.0","74.4288","9.0","","","4.8","","7.0","89","","12","","29.39","18.17","20.94","","","","",""
"2022-07-07","2022188","11:34","14.0","74.4288","10.0","","","4.7","","7.0","88","","11","","29.53","18.10","21.06","","","","",""
"2022-07-07","2022188","11:34","14.0","74.4288","11.0","","","4.6","","7.0","88","","12","","29.74","17.98","21.25","","","","",""
"2022-07-07","2022188","11:34","14.0","74.4288","12.0","","","4.9","","7.0","88","","18","","29.86","17.91","21.36","","","","",""
"2022-07-07","2022188","11:34","14.0","74.4288","13.0","","","5.1","","6.9","88","","24","","29.87","17.90","21.37","","","","",""
"2022-07-07","2022188","11:34","14.0","74.4288","14.0","","","5.6","","6.9","88","","26","","29.91","17.88","21.41","","","","",""
"2022-07-07","2022188","11:34","14.0","74.4288","15.0","","","5.5","","6.9","88","","30","","29.92","17.87","21.42","","","","",""
"2022-07-07","2022188","11:19","15.0","69.9895","1.0","","","5.7","","8.0","102","","9","1.46","26.17","19.54","18.15","","","","",""
"2022-07-07","2022188","11:19","15.0","69.9895","2.0","8.4","0.89","8.1","","8.0","101","9.7","9","","26.51","19.37","18.46","0.92","18.06","4.50","3.30","69.07"
"2022-07-07","2022188","11:19","15.0","69.9895","3.0","","","9.6","","7.9","101","","10","","26.57","19.34","18.51","","","","",""
"2022-07-07","2022188","11:19","15.0","69.9895","4.0","","","9.2","","7.9","101","","10","","26.60","19.32","18.54","","","","",""
"2022-07-07","2022188","11:19","15.0","69.9895","5.0","","","8.7","","7.9","100","","10","","26.62","19.31","18.55","","","","",""
"2022-07-07","2022188","11:19","15.0","69.9895","6.0","","","8.6","","7.6","97","","10","","26.70","19.27","18.62","","","","",""
"2022-07-07","2022188","11:19","15.0","69.9895","7.0","","","9.0","","7.3","93","","10","","27.20","19.09","19.05","","","","",""
"2022-07-07","2022188","11:19","15.0","69.9895","8.0","","","8.4","","7.3","93","","11","","28.72","18.53","20.34","","","","",""
"2022-07-07","2022188","11:19","15.0","69.9895","9.0","","","7.3","","7.3","93","","10","","28.89","18.44","20.49","","","","",""
"2022-07-07","2022188","11:19","15.0","69.9895","10.0","","","7.1","","7.3","93","","10","","28.89","18.44","20.49","","","","",""
"2022-07-07","2022188","11:19","15.0","69.9895","11.0","","","7.0","","7.2","92","","11","","28.91","18.43","20.51","","","","",""
"2022-07-07","2022188","11:19","15.0","69.9895","12.0","","","7.1","","7.1","91","","10","","29.11","18.35","20.69","","","","",""
"2022-07-07","2022188","11:19","15.0","69.9895","13.0","","","7.8","","7.1","90","","11","","29.54","18.11","21.07","","","","",""
"2022-07-07","2022188","11:19","15.0","69.9895","14.0","","","6.8","","7.1","89","","11","","29.87","17.90","21.37","","","","",""
"2022-07-07","2022188","11:19","15.0","69.9895","15.0","","","5.9","","7.0","89","","12","","30.06","17.78","21.55","","","","",""
"2022-07-07","2022188","11:19","15.0","69.9895","16.0","","","5.6","","7.1","89","","14","","30.19","17.70","21.66","","","","",""
"2022-07-07","2022188","11:19","15.0","69.9895","17.0","","","5.8","","7.1","89","","16","","30.28","17.64","21.74","","","","",""
"2022-07-07","2022188","11:19","15.0","69.9895","18.0","","","6.0","","7.0","89","","17","","30.31","17.62","21.77","","","","",""
"2022-07-07","2022188","11:19","15.0","69.9895","19.0","","","6.1","","7.1","89","","18","","30.32","17.61","21.79","","","","",""
"2022-07-07","2022188","11:19","15.0","69.9895","20.0","","","5.9","","7.0","89","","19","","30.33","17.61","21.79","","","","",""
"2022-07-07","2022188","11:19","15.0","69.9895","21.0","","","6.0","","7.0","89","","19","","30.34","17.60","21.80","","","","",""
"2022-07-07","2022188","11:19","15.0","69.9895","22.0","","","6.0","","7.0","89","","19","","30.36","17.59","21.82","","","","",""
"2022-07-07","2022188","11:19","15.0","69.9895","23.0","5.7","0.66","5.8","","7.1","89","29.7","22","","30.36","17.59","21.82","","","","",""
"2022-07-07","2022188","10:59","16.0","63.0794","1.0","","","5.9","","7.2","91","","10","1.40","29.72","18.14","21.20","","","","",""
"2022-07-07","2022188","10:59","16.0","63.0794","2.0","","","6.7","","7.1","89","","11","","30.49","17.57","21.92","","","","",""
"2022-07-07","2022188","10:59","16.0","63.0794","3.0","","","8.3","","7.1","89","","11","","30.71","17.42","22.13","","","","",""
"2022-07-07","2022188","10:59","16.0","63.0794","4.0","","","7.9","","7.1","89","","12","","30.85","17.33","22.25","","","","",""
"2022-07-07","2022188","10:59","16.0","63.0794","5.0","","","7.8","","7.0","88","","12","","31.02","17.21","22.42","","","","",""
"2022-07-07","2022188","10:59","16.0","63.0794","6.0","","","7.9","","7.0","88","","13","","31.10","17.14","22.49","","","","",""
"2022-07-07","2022188","10:59","16.0","63.0794","7.0","","","7.6","","7.0","87","","12","","31.26","16.98","22.66","","","","",""
"2022-07-07","2022188","10:59","16.0","63.0794","8.0","","","7.4","","6.9","87","","11","","31.48","16.71","22.88","","","","",""
"2022-07-07","2022188","10:59","16.0","63.0794","9.0","","","6.9","","6.9","86","","11","","31.62","16.53","23.03","","","","",""
"2022-07-07","2022188","10:59","16.0","63.0794","10.0","","","7.0","","6.9","86","","11","","31.71","16.42","23.12","","","","",""
"2022-07-07","2022188","10:59","16.0","63.0794","11.0","","","6.4","","6.9","86","","13","","31.74","16.38","23.16","","","","",""
"2022-07-07","2022188","10:59","16.0","63.0794","12.0","","","6.8","","6.9","86","","18","","31.77","16.35","23.19","","","","",""
"2022-07-07","2022188","10:59","16.0","63.0794","13.0","","","8.2","","6.9","86","","24","","31.79","16.32","23.21","","","","",""
"2022-07-07","2022188","10:44","17.0","58.8909","1.0","","","7.1","","7.7","98","","7","0.73","30.36","17.84","21.76","","","","",""
"2022-07-07","2022188","10:44","17.0","58.8909","2.0","9.0","0.88","9.1","","7.7","96","","7","","30.65","17.40","22.08","","","","",""
"2022-07-07","2022188","10:44","17.0","58.8909","3.0","","","13.5","","7.5","94","","7","","30.88","17.13","22.33","","","","",""
"2022-07-07","2022188","10:44","17.0","58.8909","4.0","","","13.0","","7.3","91","","7","","31.19","16.93","22.61","","","","",""
"2022-07-07","2022188","10:44","17.0","58.8909","5.0","","","10.5","","7.1","89","","7","","31.39","16.75","22.80","","","","",""
"2022-07-07","2022188","10:44","17.0","58.8909","6.0","","","8.5","","7.1","88","","7","","31.64","16.52","23.05","","","","",""
"2022-07-07","2022188","10:44","17.0","58.8909","7.0","","","7.7","","7.1","87","","7","","31.87","16.31","23.27","","","","",""
"2022-07-07","2022188","10:44","17.0","58.8909","8.0","","","6.6","","7.0","87","","9","","31.94","16.24","23.34","","","","",""
"2022-07-07","2022188","10:44","17.0","58.8909","9.0","","","6.3","","7.0","87","","9","","31.98","16.20","23.38","","","","",""
"2022-07-07","2022188","10:44","17.0","58.8909","10.0","","","5.9","","7.0","87","","10","","32.00","16.18","23.40","","","","",""
"2022-07-07","2022188","10:44","17.0","58.8909","11.0","","","6.2","","7.0","87","","10","","32.00","16.18","23.40","","","","",""
"2022-07-07","2022188","10:27","18.0","54.9481","1.0","","","7.0","","7.7","96","","7","0.95","31.18","17.15","22.55","","","","",""
"2022-07-07","2022188","10:27","18.0","54.9481","2.0","9.9","0.87","9.9","","7.6","96","6.3","7","","31.20","17.09","22.58","0.94","19.06","5.85","2.97","49.85"
"2022-07-07","2022188","10:27","18.0","54.9481","3.0","","","11.4","","7.6","96","","7","","31.24","17.02","22.62","","","","",""
"2022-07-07","2022188","10:27","18.0","54.9481","4.0","","","11.9","","7.6","95","","7","","31.25","17.00","22.64","","","","",""
"2022-07-07","2022188","10:27","18.0","54.9481","5.0","","","11.6","","7.4","93","","7","","31.27","16.96","22.66","","","","",""
"2022-07-07","2022188","10:27","18.0","54.9481","6.0","","","10.8","","7.2","90","","7","","31.43","16.85","22.81","","","","",""
"2022-07-07","2022188","10:27","18.0","54.9481","7.0","","","7.4","","7.2","90","","8","","31.58","16.76","22.95","","","","",""
"2022-07-07","2022188","10:27","18.0","54.9481","8.0","","","6.8","","7.2","90","","8","","31.60","16.72","22.97","","","","",""
"2022-07-07","2022188","10:27","18.0","54.9481","9.0","","","6.9","","7.2","90","","8","","31.61","16.71","22.98","","","","",""
"2022-07-07","2022188","10:27","18.0","54.9481","10.0","","","6.9","","7.3","91","","8","","31.62","16.69","22.99","","","","",""
"2022-07-07","2022188","10:27","18.0","54.9481","11.0","","","7.0","","7.3","91","","7","","31.64","16.67","23.01","","","","",""
"2022-07-07","2022188","10:27","18.0","54.9481","12.0","","","7.0","","7.3","90","","7","","31.64","16.66","23.02","","","","",""
"2022-07-07","2022188","10:27","18.0","54.9481","13.0","","","7.1","","7.2","90","","7","","31.63","16.67","23.01","","","","",""
"2022-07-07","2022188","10:27","18.0","54.9481","14.0","","","7.0","","7.1","88","","7","","31.70","16.61","23.08","","","","",""
"2022-07-07","2022188","10:27","18.0","54.9481","15.0","","","7.2","","7.0","87","","7","","31.87","16.45","23.24","","","","",""
"2022-07-07","2022188","10:27","18.0","54.9481","16.0","","","6.5","","7.0","87","","7","","32.08","16.19","23.46","","","","",""
"2022-07-07","2022188","10:27","18.0","54.9481","17.0","","","6.1","","7.0","86","","8","","32.12","16.13","23.51","","","","",""
"2022-07-07","2022188","10:27","18.0","54.9481","18.0","","","6.1","","6.9","86","","8","","32.16","16.06","23.55","","","","",""
"2022-07-07","2022188","10:27","18.0","54.9481","19.0","","","5.6","","6.9","86","","8","","32.23","15.94","23.63","","","","",""
"2022-07-07","2022188","10:27","18.0","54.9481","20.0","","","5.5","","6.9","86","","8","","32.24","15.92","23.64","","","","",""
"2022-07-07","2022188","10:27","18.0","54.9481","21.0","","","5.7","","6.9","86","","8","","32.24","15.92","23.65","","","","",""
"2022-07-07","2022188","10:27","18.0","54.9481","22.0","","","5.6","","6.9","86","","8","","32.25","15.91","23.65","","","","",""
"2022-07-07","2022188","10:27","18.0","54.9481","23.0","","","5.6","","6.9","85","","8","","32.25","15.89","23.66","","","","",""
"2022-07-07","2022188","10:27","18.0","54.9481","24.0","","","5.6","","6.9","85","","8","","32.26","15.89","23.66","","","","",""
"2022-07-07","2022188","10:27","18.0","54.9481","25.0","","","5.7","","6.9","85","","8","","32.26","15.88","23.67","","","","",""
"2022-07-07","2022188","10:27","18.0","54.9481","26.0","","","5.6","","6.9","85","","8","","32.27","15.86","23.68","","","","",""
"2022-07-07","2022188","10:27","18.0","54.9481","27.0","","","6.4","","6.9","85","","8","","32.29","15.83","23.70","","","","",""
"2022-07-07","2022188","10:27","18.0","54.9481","28.0","","","6.1","","6.9","85","","8","","32.31","15.80","23.72","","","","",""
"2022-07-07","2022188","10:27","18.0","54.9481","29.0","","","6.0","","6.9","84","","9","","32.33","15.75","23.75","","","","",""
"2022-07-07","2022188","10:27","18.0","54.9481","30.0","","","5.8","","6.9","84","","9","","32.39","15.66","23.81","","","","",""
"2022-07-07","2022188","10:27","18.0","54.9481","31.0","","","5.9","","6.9","84","","9","","32.39","15.65","23.82","","","","",""
"2022-07-07","2022188","10:27","18.0","54.9481","32.0","","","6.5","","6.8","84","","9","","32.39","15.65","23.82","","","","",""
"2022-07-07","2022188","10:27","18.0","54.9481","33.0","","","6.6","","6.8","84","","10","","32.40","15.64","23.83","","","","",""
"2022-07-07","2022188","10:27","18.0","54.9481","34.0","","","6.5","","6.8","84","","10","","32.46","15.53","23.90","","","","",""
"2022-07-07","2022188","10:27","18.0","54.9481","35.0","","","6.2","","6.9","84","","10","","32.56","15.35","24.02","","","","",""
"2022-07-07","2022188","10:27","18.0","54.9481","36.0","","","6.2","","6.9","84","","11","","32.60","15.28","24.06","","","","",""
"2022-07-07","2022188","10:27","18.0","54.9481","37.0","","","6.7","","6.9","84","","12","","32.62","15.26","24.08","","","","",""
"2022-07-07","2022188","10:27","18.0","54.9481","38.0","","","6.9","","6.9","84","","12","","32.64","15.21","24.11","","","","",""
"2022-07-07","2022188","10:27","18.0","54.9481","39.0","","","6.6","","6.9","84","","13","","32.68","15.15","24.15","","","","",""
"2022-07-07","2022188","10:27","18.0","54.9481","40.0","7.1","0.62","6.7","","6.9","84","18.9","15","","32.68","15.14","24.16","","","","",""
"2022-07-07","2022188","10:14","20.0","51.4501","1.0","","","7.0","","7.2","91","","8","1.01","31.78","16.97","23.05","","","","",""
"2022-07-07","2022188","10:14","20.0","51.4501","2.0","6.4","0.80","6.7","","7.2","90","","8","","31.78","16.96","23.06","","","","",""
"2022-07-07","2022188","10:14","20.0","51.4501","3.0","","","5.8","","7.1","90","","8","","31.79","16.94","23.07","","","","",""
"2022-07-07","2022188","10:14","20.0","51.4501","4.0","","","5.9","","7.1","90","","9","","31.80","16.91","23.08","","","","",""
"2022-07-07","2022188","10:14","20.0","51.4501","5.0","","","6.0","","7.1","89","","9","","31.80","16.88","23.09","","","","",""
"2022-07-07","2022188","10:14","20.0","51.4501","6.0","","","5.8","","7.1","89","","9","","31.81","16.85","23.10","","","","",""
"2022-07-07","2022188","10:14","20.0","51.4501","7.0","","","5.6","","7.1","89","","9","","31.81","16.86","23.10","","","","",""
"2022-07-07","2022188","10:14","20.0","51.4501","8.0","","","5.6","","7.1","89","","9","","31.82","16.85","23.11","","","","",""
"2022-07-07","2022188","10:14","20.0","51.4501","9.0","","","5.6","","7.1","89","","9","","31.82","16.84","23.11","","","","",""
"2022-07-07","2022188","10:14","20.0","51.4501","10.0","","","5.7","","7.1","89","","9","","31.82","16.84","23.11","","","","",""
"2022-07-07","2022188","10:14","20.0","51.4501","11.0","","","5.8","","7.0","88","","9","","31.82","16.85","23.11","","","","",""
"2022-07-07","2022188","10:14","20.0","51.4501","12.0","","","5.6","","7.0","88","","9","","31.84","16.84","23.12","","","","",""
"2022-07-07","2022188","10:14","20.0","51.4501","13.0","","","5.8","","7.0","87","","9","","31.84","16.83","23.13","","","","",""
"2022-07-07","2022188","10:14","20.0","51.4501","14.0","","","5.6","","7.0","87","","9","","31.85","16.82","23.14","","","","",""
"2022-07-07","2022188","10:14","20.0","51.4501","15.0","","","6.2","","7.0","87","","9","","31.85","16.81","23.14","","","","",""
"2022-07-07","2022188","10:14","20.0","51.4501","16.0","","","5.6","","7.0","87","","9","","31.87","16.77","23.17","","","","",""
"2022-07-07","2022188","10:14","20.0","51.4501","17.0","","","6.3","","6.9","86","","9","","31.93","16.64","23.25","","","","",""
"2022-07-07","2022188","10:14","20.0","51.4501","18.0","","","5.7","","6.9","86","","10","","31.96","16.57","23.29","","","","",""
"2022-07-07","2022188","10:14","20.0","51.4501","19.0","","","5.9","","6.9","86","","11","","32.03","16.43","23.37","","","","",""
"2022-07-07","2022188","10:14","20.0","51.4501","20.0","","","5.8","","6.9","86","","12","","32.07","16.36","23.42","","","","",""
"2022-07-07","2022188","10:14","20.0","51.4501","21.0","","","6.1","","6.9","85","","13","","32.11","16.29","23.46","","","","",""
"2022-07-07","2022188","10:14","20.0","51.4501","22.0","","","6.2","","6.9","85","","13","","32.11","16.29","23.46","","","","",""
"2022-07-07","2022188","10:14","20.0","51.4501","23.0","","","5.9","","6.9","85","","13","","32.15","16.20","23.51","","","","",""
"2022-07-07","2022188","10:14","20.0","51.4501","24.0","","","6.2","","6.9","85","","16","","32.16","16.19","23.52","","","","",""
"2022-07-07","2022188","10:00","21.0","46.6266","1.0","","","8.8","","7.3","93","","16","1.50","31.72","17.78","22.81","","","","",""
"2022-07-07","2022188","10:00","21.0","46.6266","2.0","7.6","0.76","7.9","","7.2","92","","17","","31.72","17.74","22.82","","","","",""
"2022-07-07","2022188","10:00","21.0","46.6266","3.0","","","8.1","","7.2","92","","17","","31.72","17.72","22.83","","","","",""
"2022-07-07","2022188","10:00","21.0","46.6266","4.0","","","8.1","","7.2","92","","18","","31.72","17.70","22.83","","","","",""
"2022-07-07","2022188","10:00","21.0","46.6266","5.0","","","8.0","","7.2","92","","18","","31.72","17.69","22.84","","","","",""
"2022-07-07","2022188","10:00","21.0","46.6266","6.0","","","8.1","","7.2","92","","19","","31.72","17.65","22.85","","","","",""
"2022-07-07","2022188","10:00","21.0","46.6266","7.0","","","8.6","","7.2","92","","20","","31.73","17.61","22.86","","","","",""
"2022-07-07","2022188","10:00","21.0","46.6266","8.0","","","8.6","","7.2","92","","21","","31.73","17.61","22.86","","","","",""
"2022-07-07","2022188","10:00","21.0","46.6266","9.0","","","9.1","","7.2","91","","21","","31.73","17.59","22.87","","","","",""
"2022-07-07","2022188","10:00","21.0","46.6266","10.0","","","8.8","","7.2","91","","22","","31.73","17.57","22.87","","","","",""
"2022-07-07","2022188","10:00","21.0","46.6266","11.0","","","9.5","","7.2","91","","25","","31.73","17.55","22.88","","","","",""
"2022-07-07","2022188","10:00","21.0","46.6266","12.0","","","9.2","","7.2","91","","26","","31.73","17.55","22.88","","","","",""
"2022-07-07","2022188","10:00","21.0","46.6266","13.0","","","9.3","","7.2","91","","27","","31.73","17.54","22.88","","","","",""
"2022-07-07","2022188","10:00","21.0","46.6266","14.0","","","9.4","","7.2","91","","27","","31.74","17.53","22.89","","","","",""
"2022-07-07","2022188","10:00","21.0","46.6266","15.0","","","9.4","","7.2","91","","28","","31.74","17.52","22.89","","","","",""
"2022-07-07","2022188","10:00","21.0","46.6266","16.0","","","9.3","","7.2","91","","30","","31.74","17.51","22.89","","","","",""
"2022-07-07","2022188","10:00","21.0","46.6266","17.0","","","9.8","","7.2","91","","32","","31.74","17.52","22.89","","","","",""
"2022-07-07","2022188","10:00","21.0","46.6266","18.0","","","9.8","","7.2","91","","34","","31.74","17.52","22.89","","","","",""
"2022-07-07","2022188","9:51","22.0","43.9210","1.0","","","6.5","","7.2","92","","14","1.40","31.69","17.73","22.81","","","","",""
"2022-07-07","2022188","9:51","22.0","43.9210","2.0","6.7","0.76","6.5","","7.2","91","13.6","15","","31.69","17.71","22.81","1.17","19.35","7.00","3.19","47.71"
"2022-07-07","2022188","9:51","22.0","43.9210","3.0","","","6.1","","7.1","91","","15","","31.69","17.69","22.82","","","","",""
"2022-07-07","2022188","9:51","22.0","43.9210","4.0","","","6.1","","7.1","91","","16","","31.69","17.67","22.82","","","","",""
"2022-07-07","2022188","9:51","22.0","43.9210","5.0","","","6.1","","7.1","91","","17","","31.70","17.66","22.82","","","","",""
"2022-07-07","2022188","9:51","22.0","43.9210","6.0","","","6.2","","7.1","91","","17","","31.69","17.66","22.82","","","","",""
"2022-07-07","2022188","9:51","22.0","43.9210","7.0","","","6.1","","7.1","90","","17","","31.69","17.65","22.83","","","","",""
"2022-07-07","2022188","9:51","22.0","43.9210","8.0","","","6.2","","7.1","90","","18","","31.69","17.63","22.83","","","","",""
"2022-07-07","2022188","9:51","22.0","43.9210","9.0","","","6.1","","7.1","90","","19","","31.69","17.63","22.83","","","","",""
"2022-07-07","2022188","9:51","22.0","43.9210","10.0","","","6.0","","7.1","90","","20","","31.69","17.62","22.83","","","","",""
"2022-07-07","2022188","9:51","22.0","43.9210","11.0","","","6.0","","7.1","90","","20","","31.69","17.62","22.83","","","","",""
"2022-07-07","2022188","9:51","22.0","43.9210","12.0","","","6.0","","7.1","90","","20","","31.69","17.62","22.83","","","","",""
"2022-07-07","2022188","9:51","22.0","43.9210","13.0","","","6.1","","7.1","90","","21","","31.69","17.61","22.83","","","","",""
"2022-07-07","2022188","9:51","22.0","43.9210","14.0","","","6.0","","7.1","90","","21","","31.69","17.61","22.84","","","","",""
"2022-07-07","2022188","9:51","22.0","43.9210","15.0","","","6.0","","7.1","90","","24","","31.69","17.60","22.84","","","","",""
"2022-07-07","2022188","9:51","22.0","43.9210","16.0","","","6.1","","7.1","90","","26","","31.69","17.59","22.84","","","","",""
"2022-07-07","2022188","9:51","22.0","43.9210","17.0","","","6.1","","7.1","90","","28","","31.69","17.59","22.84","","","","",""
"2022-07-07","2022188","9:51","22.0","43.9210","18.0","6.0","0.51","6.1","","7.1","90","39.4","37","","31.69","17.59","22.84","","","","",""
"2022-07-07","2022188","9:38","23.0","39.6557","1.0","","","6.4","","7.2","93","","17","1.60","31.80","18.24","22.77","","","","",""
"2022-07-07","2022188","9:38","23.0","39.6557","2.0","","","6.1","","7.2","93","","17","","31.80","18.24","22.76","","","","",""
"2022-07-07","2022188","9:38","23.0","39.6557","3.0","","","6.3","","7.2","92","","17","","31.80","18.24","22.77","","","","",""
"2022-07-07","2022188","9:38","23.0","39.6557","4.0","","","6.3","","7.2","92","","17","","31.80","18.23","22.77","","","","",""
"2022-07-07","2022188","9:38","23.0","39.6557","5.0","","","6.3","","7.2","92","","18","","31.80","18.21","22.77","","","","",""
"2022-07-07","2022188","9:38","23.0","39.6557","6.0","","","6.5","","7.2","92","","19","","31.80","18.19","22.78","","","","",""
"2022-07-07","2022188","9:38","23.0","39.6557","7.0","","","6.4","","7.2","92","","20","","31.80","18.18","22.78","","","","",""
"2022-07-07","2022188","9:38","23.0","39.6557","8.0","","","6.7","","7.1","92","","21","","31.80","18.18","22.78","","","","",""
"2022-07-07","2022188","9:38","23.0","39.6557","9.0","","","6.4","","7.1","92","","22","","31.80","18.17","22.78","","","","",""
"2022-07-07","2022188","9:38","23.0","39.6557","10.0","","","6.3","","7.1","92","","23","","31.80","18.16","22.78","","","","",""
"2022-07-07","2022188","9:38","23.0","39.6557","11.0","","","6.4","","7.1","92","","24","","31.80","18.17","22.78","","","","",""
"2022-07-07","2022188","9:38","23.0","39.6557","12.0","","","6.5","","7.1","92","","23","","31.80","18.16","22.78","","","","",""
"2022-07-07","2022188","9:38","23.0","39.6557","13.0","","","6.3","","7.1","91","","24","","31.80","18.16","22.78","","","","",""
"2022-07-07","2022188","9:38","23.0","39.6557","14.0","","","6.5","","7.1","91","","25","","31.80","18.15","22.78","","","","",""
"2022-07-07","2022188","9:38","23.0","39.6557","15.0","","","6.7","","7.1","91","","27","","31.80","18.15","22.78","","","","",""
"2022-07-07","2022188","9:38","23.0","39.6557","16.0","","","6.7","","7.1","91","","27","","31.80","18.15","22.78","","","","",""
"2022-07-07","2022188","9:28","24.0","37.0911","1.0","","","6.7","","7.1","92","","22","2.17","31.76","18.75","22.61","","","","",""
"2022-07-07","2022188","9:28","24.0","37.0911","2.0","6.8","0.69","6.6","","7.1","92","29.3","23","","31.76","18.74","22.61","1.29","18.85","6.85","3.39","39.17"
"2022-07-07","2022188","9:28","24.0","37.0911","3.0","","","6.6","","7.1","92","","23","","31.76","18.75","22.61","","","","",""
"2022-07-07","2022188","9:28","24.0","37.0911","4.0","","","6.6","","7.1","92","","23","","31.76","18.75","22.61","","","","",""
"2022-07-07","2022188","9:28","24.0","37.0911","5.0","","","6.7","","7.1","92","","23","","31.76","18.74","22.61","","","","",""
"2022-07-07","2022188","9:28","24.0","37.0911","6.0","","","6.9","","7.1","92","","24","","31.76","18.73","22.62","","","","",""
"2022-07-07","2022188","9:28","24.0","37.0911","7.0","","","6.8","","7.1","92","","24","","31.76","18.74","22.61","","","","",""
"2022-07-07","2022188","9:28","24.0","37.0911","8.0","","","6.8","","7.1","92","","26","","31.77","18.69","22.63","","","","",""
"2022-07-07","2022188","9:28","24.0","37.0911","9.0","6.9","0.62","6.9","","7.1","92","37.7","37","","31.77","18.69","22.63","","","","",""
"2022-07-07","2022188","9:18","25.0","32.8382","1.0","","","6.7","","7.0","93","","29","2.79","31.89","19.90","22.42","","","","",""
"2022-07-07","2022188","9:18","25.0","32.8382","2.0","","","6.6","","7.0","93","","29","","31.89","19.88","22.42","","","","",""
"2022-07-07","2022188","9:18","25.0","32.8382","3.0","","","6.6","","7.0","93","","31","","31.89","19.88","22.42","","","","",""
"2022-07-07","2022188","9:18","25.0","32.8382","4.0","","","6.7","","7.0","93","","31","","31.89","19.88","22.42","","","","",""
"2022-07-07","2022188","9:18","25.0","32.8382","5.0","","","6.8","","7.0","93","","33","","31.89","19.86","22.42","","","","",""
"2022-07-07","2022188","9:18","25.0","32.8382","6.0","","","7.0","","7.0","92","","39","","31.88","19.86","22.42","","","","",""
"2022-07-07","2022188","9:18","25.0","32.8382","7.0","","","7.2","","7.0","92","","41","","31.88","19.85","22.42","","","","",""
"2022-07-07","2022188","9:18","25.0","32.8382","8.0","","","7.1","","7.0","93","","46","","31.88","19.84","22.42","","","","",""
"2022-07-07","2022188","9:06","26.0","28.7560","1.0","","","7.0","","6.9","92","","30","3.13","31.94","20.10","22.41","","","","",""
"2022-07-07","2022188","9:06","26.0","28.7560","2.0","","","6.7","","6.9","92","","30","","31.94","20.10","22.41","","","","",""
"2022-07-07","2022188","9:06","26.0","28.7560","3.0","","","6.7","","6.9","92","","30","","31.94","20.10","22.41","","","","",""
"2022-07-07","2022188","9:06","26.0","28.7560","4.0","","","6.7","","6.9","92","","30","","31.94","20.10","22.41","","","","",""
"2022-07-07","2022188","9:06","26.0","28.7560","5.0","","","6.7","","6.9","92","","31","","31.94","20.10","22.41","","","","",""
"2022-07-07","2022188","9:06","26.0","28.7560","6.0","","","6.8","","6.9","92","","31","","31.94","20.10","22.41","","","","",""
"2022-07-07","2022188","9:06","26.0","28.7560","7.0","","","6.8","","6.8","91","","32","","31.95","20.11","22.41","","","","",""
"2022-07-07","2022188","9:06","26.0","28.7560","8.0","","","6.9","","6.8","91","","34","","31.95","20.11","22.41","","","","",""
"2022-07-07","2022188","9:06","26.0","28.7560","9.0","","","7.0","","6.8","91","","37","","31.95","20.11","22.41","","","","",""
"2022-07-07","2022188","9:06","26.0","28.7560","10.0","","","7.0","","6.8","91","","39","","31.95","20.11","22.41","","","","",""
"2022-07-07","2022188","8:56","27.0","26.1872","1.0","","","7.3","","6.8","91","","32","3.54","32.01","20.18","22.44","","","","",""
"2022-07-07","2022188","8:56","27.0","26.1872","2.0","7.4","0.67","7.3","","6.8","91","36.4","32","","32.01","20.18","22.44","1.31","11.28","7.07","5.64","34.89"
"2022-07-07","2022188","8:56","27.0","26.1872","3.0","","","7.2","","6.8","91","","32","","32.01","20.18","22.44","","","","",""
"2022-07-07","2022188","8:56","27.0","26.1872","4.0","","","7.3","","6.8","91","","33","","32.01","20.18","22.44","","","","",""
"2022-07-07","2022188","8:56","27.0","26.1872","5.0","","","7.3","","6.8","91","","33","","32.01","20.18","22.44","","","","",""
"2022-07-07","2022188","8:56","27.0","26.1872","6.0","","","7.4","","6.8","91","","34","","32.01","20.18","22.44","","","","",""
"2022-07-07","2022188","8:56","27.0","26.1872","7.0","","","7.5","","6.8","91","","35","","32.01","20.18","22.44","","","","",""
"2022-07-07","2022188","8:56","27.0","26.1872","8.0","","","7.5","","6.8","91","","35","","32.01","20.18","22.44","","","","",""
"2022-07-07","2022188","8:56","27.0","26.1872","9.0","","","7.5","","6.8","91","","35","","32.01","20.18","22.44","","","","",""
"2022-07-07","2022188","8:56","27.0","26.1872","10.0","","","7.4","","6.8","91","","35","","32.01","20.18","22.44","","","","",""
"2022-07-07","2022188","8:56","27.0","26.1872","11.0","6.8","0.62","7.1","","6.8","91","44.6","41","","32.01","20.18","22.44","","","","",""
"2022-07-07","2022188","8:46","28.0","23.5695","1.0","","","6.3","","6.8","91","","33","2.82","32.03","20.22","22.44","","","","",""
"2022-07-07","2022188","8:46","28.0","23.5695","2.0","","","6.2","","6.8","91","","34","","32.03","20.22","22.44","","","","",""
"2022-07-07","2022188","8:46","28.0","23.5695","3.0","","","6.2","","6.8","90","","33","","32.03","20.22","22.44","","","","",""
"2022-07-07","2022188","8:46","28.0","23.5695","4.0","","","6.4","","6.7","90","","33","","32.03","20.22","22.44","","","","",""
"2022-07-07","2022188","8:46","28.0","23.5695","5.0","","","6.3","","6.8","90","","34","","32.03","20.21","22.44","","","","",""
"2022-07-07","2022188","8:46","28.0","23.5695","6.0","","","6.5","","6.8","90","","34","","32.03","20.21","22.44","","","","",""
"2022-07-07","2022188","8:46","28.0","23.5695","7.0","","","6.2","","6.7","90","","34","","32.03","20.21","22.44","","","","",""
"2022-07-07","2022188","8:46","28.0","23.5695","8.0","","","6.5","","6.7","90","","34","","32.03","20.21","22.44","","","","",""
"2022-07-07","2022188","8:46","28.0","23.5695","9.0","","","6.4","","6.7","90","","34","","32.03","20.20","22.45","","","","",""
"2022-07-07","2022188","8:46","28.0","23.5695","10.0","","","6.4","","6.7","90","","34","","32.03","20.20","22.45","","","","",""
"2022-07-07","2022188","8:46","28.0","23.5695","11.0","","","6.1","","6.7","90","","35","","32.03","20.20","22.45","","","","",""
"2022-07-07","2022188","8:46","28.0","23.5695","12.0","","","6.1","","6.8","90","","35","","32.03","20.19","22.45","","","","",""
"2022-07-07","2022188","8:46","28.0","23.5695","13.0","","","6.2","","6.7","90","","36","","32.03","20.19","22.45","","","","",""
"2022-07-07","2022188","8:34","29.0","20.2526","1.0","","","6.2","","6.7","90","","30","2.93","32.04","20.22","22.45","","","","",""
"2022-07-07","2022188","8:34","29.0","20.2526","2.0","","","6.1","","6.7","90","","31","","32.04","20.22","22.45","","","","",""
"2022-07-07","2022188","8:34","29.0","20.2526","3.0","","","6.2","","6.7","90","","31","","32.04","20.22","22.45","","","","",""
"2022-07-07","2022188","8:34","29.0","20.2526","4.0","","","6.3","","6.7","90","","31","","32.04","20.22","22.45","","","","",""
"2022-07-07","2022188","8:34","29.0","20.2526","5.0","","","6.3","","6.7","90","","30","","32.05","20.22","22.45","","","","",""
"2022-07-07","2022188","8:34","29.0","20.2526","6.0","","","6.3","","6.7","90","","31","","32.05","20.22","22.45","","","","",""
"2022-07-07","2022188","8:34","29.0","20.2526","7.0","","","6.3","","6.7","90","","32","","32.05","20.22","22.45","","","","",""
"2022-07-07","2022188","8:34","29.0","20.2526","8.0","","","6.2","","6.7","90","","32","","32.05","20.22","22.45","","","","",""
"2022-07-07","2022188","8:34","29.0","20.2526","9.0","","","6.3","","6.7","90","","32","","32.05","20.22","22.45","","","","",""
"2022-07-07","2022188","8:34","29.0","20.2526","10.0","","","6.3","","6.7","90","","32","","32.05","20.23","22.45","","","","",""
"2022-07-07","2022188","8:34","29.0","20.2526","11.0","","","6.3","","6.7","90","","32","","32.05","20.23","22.45","","","","",""
"2022-07-07","2022188","8:34","29.0","20.2526","12.0","","","6.4","","6.7","90","","32","","32.05","20.23","22.45","","","","",""
"2022-07-07","2022188","8:34","29.0","20.2526","13.0","","","6.3","","6.7","90","","33","","32.06","20.24","22.46","","","","",""
"2022-07-07","2022188","8:34","29.0","20.2526","14.0","","","6.3","","6.7","90","","34","","32.06","20.24","22.46","","","","",""
"2022-07-07","2022188","8:18","30.0","14.7543","1.0","","","6.0","","6.8","91","","28","2.76","32.10","20.26","22.48","","","","",""
"2022-07-07","2022188","8:18","30.0","14.7543","2.0","6.2","0.68","6.0","","6.8","91","32.0","28","","32.09","20.25","22.48","1.31","11.92","6.85","6.58","39.88"
"2022-07-07","2022188","8:18","30.0","14.7543","3.0","","","6.0","","6.8","91","","29","","32.09","20.24","22.48","","","","",""
"2022-07-07","2022188","8:18","30.0","14.7543","4.0","","","6.0","","6.8","91","","30","","32.09","20.24","22.48","","","","",""
"2022-07-07","2022188","8:18","30.0","14.7543","5.0","","","6.0","","6.8","91","","30","","32.09","20.24","22.48","","","","",""
"2022-07-07","2022188","8:18","30.0","14.7543","6.0","","","6.0","","6.8","91","","30","","32.09","20.24","22.48","","","","",""
"2022-07-07","2022188","8:18","30.0","14.7543","7.0","","","6.0","","6.8","91","","30","","32.08","20.23","22.48","","","","",""
"2022-07-07","2022188","8:18","30.0","14.7543","8.0","","","6.0","","6.8","91","","31","","32.08","20.23","22.48","","","","",""
"2022-07-07","2022188","8:18","30.0","14.7543","9.0","","","6.0","","6.8","91","","31","","32.09","20.23","22.48","","","","",""
"2022-07-07","2022188","8:18","30.0","14.7543","10.0","","","6.0","","6.8","91","","30","","32.08","20.23","22.48","","","","",""
"2022-07-07","2022188","8:18","30.0","14.7543","11.0","5.7","0.63","6.0","","6.8","91","39.2","34","","32.08","20.23","22.48","","","","",""
"2022-07-07","2022188","8:05","31.0","10.6065","1.0","","","6.7","","6.7","90","","36","3.33","32.15","20.56","22.44","","","","",""
"2022-07-07","2022188","8:05","31.0","10.6065","2.0","","","6.3","","6.7","90","","36","","32.15","20.56","22.44","","","","",""
"2022-07-07","2022188","8:05","31.0","10.6065","3.0","","","6.2","","6.6","89","","36","","32.15","20.56","22.44","","","","",""
"2022-07-07","2022188","8:05","31.0","10.6065","4.0","","","6.2","","6.6","89","","38","","32.15","20.57","22.44","","","","",""
"2022-07-07","2022188","8:05","31.0","10.6065","5.0","","","6.5","","6.6","89","","42","","32.15","20.58","22.44","","","","",""
"2022-07-07","2022188","8:05","31.0","10.6065","6.0","","","6.7","","6.6","89","","44","","32.15","20.58","22.44","","","","",""
"2022-07-07","2022188","8:05","31.0","10.6065","7.0","","","6.6","","6.6","89","","45","","32.15","20.58","22.43","","","","",""
"2022-07-07","2022188","8:05","31.0","10.6065","8.0","","","6.8","","6.6","88","","45","","32.15","20.59","22.43","","","","",""
"2022-07-07","2022188","8:05","31.0","10.6065","9.0","","","6.8","","6.6","88","","45","","32.15","20.59","22.43","","","","",""
"2022-07-07","2022188","8:05","31.0","10.6065","10.0","","","6.7","","6.6","88","","46","","32.15","20.59","22.43","","","","",""
"2022-07-07","2022188","8:05","31.0","10.6065","11.0","","","6.8","","6.5","88","","45","","32.15","20.59","22.43","","","","",""
"2022-07-07","2022188","8:05","31.0","10.6065","12.0","","","6.9","","6.5","88","","45","","32.15","20.59","22.43","","","","",""
"2022-07-07","2022188","7:56","32.0","8.1507","1.0","7.7","0.73","7.2","","6.8","91","22.6","29","2.20","32.11","20.60","22.40","1.12","11.99","4.71","6.53","39.52"
"2022-07-07","2022188","7:56","32.0","8.1507","2.0","","","6.5","","6.7","91","","31","","32.14","20.66","22.41","","","","",""
"2022-07-07","2022188","7:56","32.0","8.1507","3.0","","","6.6","","6.7","91","","41","","32.15","20.66","22.42","","","","",""
"2022-07-07","2022188","7:56","32.0","8.1507","4.0","","","6.9","","6.7","90","","45","","32.15","20.65","22.42","","","","",""
"2022-07-07","2022188","7:56","32.0","8.1507","5.0","","","6.9","","6.7","90","","48","","32.15","20.64","22.42","","","","",""
"2022-07-07","2022188","7:56","32.0","8.1507","6.0","","","6.9","","6.7","90","","49","","32.15","20.64","22.42","","","","",""
"2022-07-07","2022188","7:56","32.0","8.1507","7.0","","","6.8","","6.7","90","","49","","32.15","20.64","22.42","","","","",""
"2022-07-07","2022188","7:56","32.0","8.1507","8.0","","","6.8","","6.7","90","","50","","32.15","20.64","22.42","","","","",""
"2022-07-07","2022188","7:56","32.0","8.1507","9.0","","","6.8","","6.7","90","","50","","32.15","20.64","22.42","","","","",""
"2022-07-07","2022188","7:56","32.0","8.1507","10.0","6.8","0.61","6.8","","6.7","90","","51","","32.15","20.64","22.42","","","","",""
"2022-07-07","2022188","7:48","33.0","6.8085","1.0","","","7.0","","6.7","91","","48","3.52","32.13","20.72","22.39","","","","",""
"2022-07-07","2022188","7:48","33.0","6.8085","2.0","","","7.1","","6.7","91","39.0","48","","32.13","20.72","22.38","","","","",""
"2022-07-07","2022188","7:48","33.0","6.8085","3.0","","","7.3","","6.7","91","","52","","32.13","20.72","22.38","","","","",""
"2022-07-07","2022188","7:48","33.0","6.8085","4.0","","","7.3","","6.7","91","","52","","32.13","20.72","22.38","","","","",""
"2022-07-07","2022188","7:48","33.0","6.8085","5.0","","","7.3","","6.7","91","","51","","32.13","20.71","22.39","","","","",""
"2022-07-07","2022188","7:48","33.0","6.8085","6.0","","","7.3","","6.7","91","","53","","32.13","20.70","22.39","","","","",""
"2022-07-07","2022188","7:48","33.0","6.8085","7.0","","","7.2","","6.7","91","","52","","32.13","20.69","22.39","","","","",""
"2022-07-07","2022188","7:48","33.0","6.8085","8.0","","","7.2","","6.7","91","","52","","32.13","20.68","22.40","","","","",""
"2022-07-07","2022188","7:48","33.0","6.8085","9.0","","","6.9","","6.7","90","","51","","32.13","20.67","22.40","","","","",""
"2022-07-07","2022188","7:48","33.0","6.8085","10.0","","","6.9","","6.7","90","","53","","32.14","20.68","22.40","","","","",""
"2022-07-07","2022188","7:48","33.0","6.8085","11.0","","","6.9","","6.7","90","","55","","32.14","20.69","22.40","","","","",""
"2022-07-07","2022188","7:48","33.0","6.8085","12.0","","","7.0","","6.7","90","","61","","32.14","20.71","22.40","","","","",""
"2022-07-07","2022188","7:48","33.0","6.8085","13.0","","","7.0","","6.7","90","","65","","32.14","20.71","22.40","","","","",""
"2022-07-07","2022188","7:36","34.0","3.5290","1.0","","","9.5","","6.6","90","","54","4.16","32.19","20.84","22.40","","","","",""
"2022-07-07","2022188","7:36","34.0","3.5290","2.0","10.0","0.74","9.6","","6.6","90","44.0","55","","32.19","20.85","22.39","","","","",""
"2022-07-07","2022188","7:36","34.0","3.5290","3.0","","","9.3","","6.6","90","","58","","32.19","20.87","22.39","","","","",""
"2022-07-07","2022188","7:36","34.0","3.5290","4.0","","","9.4","","6.6","89","","61","","32.20","20.88","22.39","","","","",""
"2022-07-07","2022188","7:36","34.0","3.5290","5.0","","","9.3","","6.5","89","","66","","32.22","20.92","22.40","","","","",""
"2022-07-07","2022188","7:36","34.0","3.5290","6.0","","","9.4","","6.5","89","","76","","32.25","20.95","22.41","","","","",""
"2022-07-07","2022188","7:36","34.0","3.5290","7.0","","","9.6","","6.5","88","","81","","32.27","20.98","22.42","","","","",""
"2022-07-07","2022188","7:36","34.0","3.5290","8.0","9.5","0.60","9.7","","6.5","88","","89","","32.28","20.99","22.42","","","","",""
"2022-07-07","2022188","7:24","35.0","1.6576","1.0","","","9.5","","6.4","87","","78","7.30","32.13","20.96","22.32","","","","",""
"2022-07-07","2022188","7:24","35.0","1.6576","2.0","9.1","0.64","9.3","","6.4","87","85.3","78","","32.13","20.96","22.32","","","","",""
"2022-07-07","2022188","7:24","35.0","1.6576","3.0","","","8.6","","6.4","87","","77","","32.13","20.95","22.32","","","","",""
"2022-07-07","2022188","7:24","35.0","1.6576","4.0","","","8.4","","6.4","87","","73","","32.13","20.95","22.33","","","","",""
"2022-07-07","2022188","7:24","35.0","1.6576","5.0","","","8.6","","6.4","87","","80","","32.14","20.98","22.32","","","","",""
"2022-07-07","2022188","7:24","35.0","1.6576","6.0","","","9.2","","6.4","87","","90","","32.14","20.99","22.32","","","","",""
"2022-07-07","2022188","7:14","36.0","0.0000","1.0","6.1","0.66","6.3","","6.2","83","53.0","64","6.62","31.77","20.70","22.12","2.95","20.99","14.35","9.71","77.62"
"2022-07-07","2022188","7:14","36.0","0.0000","2.0","","","6.8","","6.2","83","","99","","31.82","20.74","22.14","","","","",""
"2022-07-07","2022188","7:14","36.0","0.0000","3.0","","","7.1","","6.2","83","","116","","31.83","20.74","22.15","","","","",""
"2022-07-07","2022188","7:14","36.0","0.0000","4.0","","","7.3","","6.2","83","","127","","31.83","20.74","22.15","","","","",""
"2022-07-07","2022188","7:14","36.0","0.0000","5.0","6.9","0.50","7.3","","6.2","83","142.5","139","","31.83","20.74","22.15","","","","",""
"2022-07-07","2022188","15:12","649.0","132.9388","1.0","","","2.6","","8.8","101","","20","1.51","0.77","22.17","","","","","",""
"2022-07-07","2022188","15:12","649.0","132.9388","2.0","3.1","0.70","2.6","","8.7","101","17.3","20","","0.77","22.17","","0.18","8.85","1.00","1.58","186.22"
"2022-07-07","2022188","15:12","649.0","132.9388","3.0","","","2.8","","8.7","100","","21","","0.81","22.04","","","","","",""
"2022-07-07","2022188","15:12","649.0","132.9388","4.0","","","2.9","","8.6","99","","21","","0.93","21.71","","","","","",""
"2022-07-07","2022188","15:12","649.0","132.9388","5.0","","","2.6","","8.6","99","","21","","1.00","21.65","","","","","",""
"2022-07-07","2022188","15:12","649.0","132.9388","6.0","","","2.6","","8.6","99","","22","","1.35","21.53","","","","","",""
"2022-07-07","2022188","15:12","649.0","132.9388","7.0","","","2.8","","8.6","99","","23","","1.45","21.51","","","","","",""
"2022-07-07","2022188","15:12","649.0","132.9388","8.0","","","2.7","","8.6","99","","22","","1.52","21.50","","","","","",""
"2022-07-07","2022188","15:12","649.0","132.9388","9.0","","","2.7","","8.6","99","","22","","1.53","21.50","","","","","",""
"2022-07-07","2022188","15:12","649.0","132.9388","10.0","","","2.9","","8.6","99","","21","","1.53","21.50","","","","","",""
"2022-07-07","2022188","15:12","649.0","132.9388","11.0","2.0","0.51","2.8","","8.6","99","19.4","21","","1.54","21.49","","","","","",""
"2022-07-07","2022188","16:01","657.0","147.2548","1.0","","","1.0","","8.4","97","","22","0.93","0.05","22.09","","","","","",""
"2022-07-07","2022188","16:01","657.0","147.2548","2.0","1.4","0.57","1.2","","8.5","97","","22","","0.05","22.09","","0.11","8.07","1.57","1.12","186.93"
"2022-07-07","2022188","16:01","657.0","147.2548","3.0","","","1.2","","8.5","97","","22","","0.05","22.10","","","","","",""
"2022-07-07","2022188","16:01","657.0","147.2548","4.0","","","1.3","","8.4","97","","22","","0.05","22.09","","","","","",""
"2022-07-07","2022188","16:01","657.0","147.2548","5.0","","","1.3","","8.4","97","","22","","0.05","22.09","","","","","",""
"2022-07-07","2022188","16:01","657.0","147.2548","6.0","","","1.2","","8.5","97","","22","","0.05","22.09","","","","","",""
"2022-07-07","2022188","16:01","657.0","147.2548","7.0","","","1.2","","8.4","97","","22","","0.05","22.09","","","","","",""
"2022-07-07","2022188","16:01","657.0","147.2548","8.0","1.5","0.37","1.2","","8.5","97","","22","","0.05","22.09","","","","","",""
"2022-07-20","2022201","11:21","18.0","54.9481","1.0","","","5.4","","7.3","91","","9","0.83","31.83","16.73","23.14","","","","",""
"2022-07-20","2022201","11:21","18.0","54.9481","2.0","6.0","0.79","5.5","","7.3","91","8.0","9","","31.77","16.78","23.09","1.04","16.63","7.57","3.04","43.79"
"2022-07-20","2022201","11:21","18.0","54.9481","3.0","","","5.5","","7.3","91","","9","","31.85","16.71","23.17","","","","",""
"2022-07-20","2022201","11:21","18.0","54.9481","4.0","","","5.4","","7.3","91","","9","","31.85","16.72","23.16","","","","",""
"2022-07-20","2022201","11:21","18.0","54.9481","5.0","","","5.4","","7.3","91","","9","","31.87","16.70","23.18","","","","",""
"2022-07-20","2022201","11:21","18.0","54.9481","6.0","","","5.4","","7.3","91","","9","","31.91","16.67","23.22","","","","",""
"2022-07-20","2022201","11:21","18.0","54.9481","7.0","","","5.4","","7.3","91","","9","","31.92","16.65","23.23","","","","",""
"2022-07-20","2022201","11:21","18.0","54.9481","8.0","","","5.4","","7.3","91","","9","","31.93","16.64","23.24","","","","",""
"2022-07-20","2022201","11:21","18.0","54.9481","9.0","","","5.4","","7.3","91","","9","","31.96","16.61","23.27","","","","",""
"2022-07-20","2022201","11:21","18.0","54.9481","10.0","","","5.3","","7.3","91","","10","","31.98","16.59","23.29","","","","",""
"2022-07-20","2022201","11:21","18.0","54.9481","11.0","","","5.4","","7.3","91","","9","","31.98","16.60","23.29","","","","",""
"2022-07-20","2022201","11:21","18.0","54.9481","12.0","","","5.3","","7.3","91","","10","","31.98","16.59","23.29","","","","",""
"2022-07-20","2022201","11:21","18.0","54.9481","13.0","","","5.4","","7.2","90","","9","","31.99","16.59","23.30","","","","",""
"2022-07-20","2022201","11:21","18.0","54.9481","14.0","","","5.4","","7.2","90","","9","","32.01","16.57","23.32","","","","",""
"2022-07-20","2022201","11:21","18.0","54.9481","15.0","","","5.3","","7.2","90","","10","","32.03","16.55","23.34","","","","",""
"2022-07-20","2022201","11:21","18.0","54.9481","16.0","","","5.3","","7.2","90","","10","","32.04","16.55","23.35","","","","",""
"2022-07-20","2022201","11:21","18.0","54.9481","17.0","","","5.3","","7.2","90","","10","","32.04","16.54","23.35","","","","",""
"2022-07-20","2022201","11:21","18.0","54.9481","18.0","","","5.3","","7.2","90","","10","","32.05","16.54","23.36","","","","",""
"2022-07-20","2022201","11:21","18.0","54.9481","19.0","","","5.3","","7.2","90","","10","","32.03","16.56","23.34","","","","",""
"2022-07-20","2022201","11:21","18.0","54.9481","20.0","","","5.4","","7.2","90","","10","","32.05","16.54","23.36","","","","",""
"2022-07-20","2022201","11:21","18.0","54.9481","21.0","","","5.3","","7.2","90","","10","","32.07","16.52","23.38","","","","",""
"2022-07-20","2022201","11:21","18.0","54.9481","22.0","","","5.4","","7.2","89","","10","","32.08","16.51","23.39","","","","",""
"2022-07-20","2022201","11:21","18.0","54.9481","23.0","","","5.4","","7.1","89","","10","","32.09","16.50","23.40","","","","",""
"2022-07-20","2022201","11:21","18.0","54.9481","24.0","","","5.3","","7.1","89","","11","","32.15","16.44","23.46","","","","",""
"2022-07-20","2022201","11:21","18.0","54.9481","25.0","","","5.3","","7.1","88","","11","","32.16","16.42","23.47","","","","",""
"2022-07-20","2022201","11:21","18.0","54.9481","26.0","","","5.3","","7.0","88","","11","","32.18","16.40","23.49","","","","",""
"2022-07-20","2022201","11:21","18.0","54.9481","27.0","","","5.3","","7.0","88","","11","","32.31","16.25","23.63","","","","",""
"2022-07-20","2022201","11:21","18.0","54.9481","28.0","","","5.3","","7.0","87","","12","","32.29","16.28","23.60","","","","",""
"2022-07-20","2022201","11:21","18.0","54.9481","29.0","","","5.3","","7.0","87","","12","","32.34","16.21","23.66","","","","",""
"2022-07-20","2022201","11:21","18.0","54.9481","30.0","","","5.3","","7.0","87","","12","","32.37","16.17","23.69","","","","",""
"2022-07-20","2022201","11:21","18.0","54.9481","31.0","","","5.3","","7.0","86","","12","","32.38","16.16","23.70","","","","",""
"2022-07-20","2022201","11:21","18.0","54.9481","32.0","","","5.3","","7.0","86","","12","","32.43","16.07","23.76","","","","",""
"2022-07-20","2022201","11:21","18.0","54.9481","33.0","","","5.3","","7.0","86","","12","","32.46","16.02","23.79","","","","",""
"2022-07-20","2022201","11:21","18.0","54.9481","34.0","","","5.3","","7.0","86","","12","","32.47","16.01","23.80","","","","",""
"2022-07-20","2022201","11:21","18.0","54.9481","35.0","","","5.4","","6.9","86","","12","","32.48","16.00","23.81","","","","",""
"2022-07-20","2022201","11:21","18.0","54.9481","36.0","","","5.3","","6.9","86","","12","","32.51","15.95","23.84","","","","",""
"2022-07-20","2022201","11:21","18.0","54.9481","37.0","","","5.3","","6.9","85","","12","","32.53","15.92","23.87","","","","",""
"2022-07-20","2022201","11:21","18.0","54.9481","38.0","","","5.3","","6.9","85","","12","","32.57","15.85","23.91","","","","",""
"2022-07-20","2022201","11:21","18.0","54.9481","39.0","","","5.3","","6.9","85","","13","","32.64","15.72","23.99","","","","",""
"2022-07-20","2022201","11:21","18.0","54.9481","40.0","","","5.3","","6.9","85","","14","","32.68","15.64","24.05","","","","",""
"2022-07-20","2022201","11:21","18.0","54.9481","41.0","5.2","0.62","5.3","","6.9","85","14.5","17","","32.69","15.63","24.05","","","","",""
"2022-07-20","2022201","11:08","20.0","51.4501","1.0","","","5.3","","7.0","88","","14","0.95","32.07","17.24","23.21","","","","",""
"2022-07-20","2022201","11:08","20.0","51.4501","2.0","5.6","0.73","5.3","","6.9","88","","15","","32.07","17.20","23.22","","","","",""
"2022-07-20","2022201","11:08","20.0","51.4501","3.0","","","5.3","","6.9","88","","16","","32.07","17.18","23.22","","","","",""
"2022-07-20","2022201","11:08","20.0","51.4501","4.0","","","5.3","","6.9","87","","16","","32.07","17.18","23.22","","","","",""
"2022-07-20","2022201","11:08","20.0","51.4501","5.0","","","5.3","","6.9","87","","17","","32.07","17.16","23.23","","","","",""
"2022-07-20","2022201","11:08","20.0","51.4501","6.0","","","5.3","","6.9","87","","17","","32.07","17.13","23.24","","","","",""
"2022-07-20","2022201","11:08","20.0","51.4501","7.0","","","5.3","","6.9","87","","17","","32.07","17.12","23.24","","","","",""
"2022-07-20","2022201","11:08","20.0","51.4501","8.0","","","5.3","","6.9","87","","18","","32.08","17.10","23.25","","","","",""
"2022-07-20","2022201","11:08","20.0","51.4501","9.0","","","5.4","","6.9","87","","19","","32.08","17.08","23.25","","","","",""
"2022-07-20","2022201","11:08","20.0","51.4501","10.0","","","5.4","","6.9","87","","21","","32.08","17.08","23.25","","","","",""
"2022-07-20","2022201","11:08","20.0","51.4501","11.0","","","5.3","","6.9","87","","20","","32.08","17.08","23.25","","","","",""
"2022-07-20","2022201","11:08","20.0","51.4501","12.0","","","5.4","","6.9","87","","21","","32.08","17.08","23.25","","","","",""
"2022-07-20","2022201","11:08","20.0","51.4501","13.0","","","5.3","","6.9","87","","22","","32.08","17.06","23.26","","","","",""
"2022-07-20","2022201","11:08","20.0","51.4501","14.0","","","5.3","","6.9","87","","24","","32.08","17.06","23.26","","","","",""
"2022-07-20","2022201","11:08","20.0","51.4501","15.0","","","5.4","","6.9","87","","23","","32.08","17.07","23.25","","","","",""
"2022-07-20","2022201","11:08","20.0","51.4501","16.0","","","5.4","","6.9","87","","22","","32.08","17.06","23.26","","","","",""
"2022-07-20","2022201","11:08","20.0","51.4501","17.0","","","5.3","","6.9","87","","25","","32.08","17.05","23.26","","","","",""
"2022-07-20","2022201","11:08","20.0","51.4501","18.0","","","5.4","","6.9","87","","24","","32.08","17.05","23.26","","","","",""
"2022-07-20","2022201","11:08","20.0","51.4501","19.0","","","5.4","","6.9","87","","25","","32.08","17.05","23.26","","","","",""
"2022-07-20","2022201","11:08","20.0","51.4501","20.0","","","5.3","","6.9","87","","26","","32.09","17.04","23.27","","","","",""
"2022-07-20","2022201","11:08","20.0","51.4501","21.0","","","5.4","","6.9","87","","28","","32.09","17.03","23.27","","","","",""
"2022-07-20","2022201","11:08","20.0","51.4501","22.0","","","5.4","","6.9","87","","28","","32.09","17.04","23.27","","","","",""
"2022-07-20","2022201","11:08","20.0","51.4501","23.0","","","5.4","","6.9","87","","28","","32.08","17.04","23.27","","","","",""
"2022-07-20","2022201","11:08","20.0","51.4501","24.0","","","5.4","","6.9","87","","29","","32.09","17.04","23.27","","","","",""
"2022-07-20","2022201","11:08","20.0","51.4501","25.0","","","5.5","","6.9","87","","29","","32.09","17.04","23.27","","","","",""
"2022-07-20","2022201","10:55","21.0","46.6266","1.0","","","5.4","","6.8","89","","22","1.22","31.96","19.05","22.69","","","","",""
"2022-07-20","2022201","10:55","21.0","46.6266","2.0","5.7","0.70","5.4","","6.8","88","","23","","31.97","18.85","22.74","","","","",""
"2022-07-20","2022201","10:55","21.0","46.6266","3.0","","","5.4","","6.8","88","","26","","31.97","18.73","22.77","","","","",""
"2022-07-20","2022201","10:55","21.0","46.6266","4.0","","","5.4","","6.8","88","","29","","31.97","18.69","22.78","","","","",""
"2022-07-20","2022201","10:55","21.0","46.6266","5.0","","","5.4","","6.8","88","","29","","31.97","18.67","22.79","","","","",""
"2022-07-20","2022201","10:55","21.0","46.6266","6.0","","","5.4","","6.8","88","","30","","31.97","18.67","22.79","","","","",""
"2022-07-20","2022201","10:55","21.0","46.6266","7.0","","","5.4","","6.8","88","","30","","31.97","18.65","22.79","","","","",""
"2022-07-20","2022201","10:55","21.0","46.6266","8.0","","","5.4","","6.8","88","","31","","31.97","18.56","22.81","","","","",""
"2022-07-20","2022201","10:55","21.0","46.6266","9.0","","","5.4","","6.8","88","","33","","31.97","18.52","22.82","","","","",""
"2022-07-20","2022201","10:55","21.0","46.6266","10.0","","","5.5","","6.8","88","","34","","31.96","18.49","22.83","","","","",""
"2022-07-20","2022201","10:55","21.0","46.6266","11.0","","","5.4","","6.8","88","","36","","31.96","18.46","22.84","","","","",""
"2022-07-20","2022201","10:55","21.0","46.6266","12.0","","","5.4","","6.8","88","","37","","31.96","18.45","22.84","","","","",""
"2022-07-20","2022201","10:55","21.0","46.6266","13.0","","","5.5","","6.8","88","","37","","31.96","18.46","22.84","","","","",""
"2022-07-20","2022201","10:55","21.0","46.6266","14.0","","","5.5","","6.8","88","","37","","31.96","18.46","22.84","","","","",""
"2022-07-20","2022201","10:55","21.0","46.6266","15.0","","","5.5","","6.8","88","","37","","31.96","18.49","22.83","","","","",""
"2022-07-20","2022201","10:55","21.0","46.6266","16.0","","","5.4","","6.8","88","","36","","31.96","18.49","22.83","","","","",""
"2022-07-20","2022201","10:55","21.0","46.6266","17.0","","","5.4","","6.8","88","","36","","31.96","18.48","22.83","","","","",""
"2022-07-20","2022201","10:44","22.0","43.9210","1.0","","","5.3","","6.6","87","","21","1.12","31.99","19.28","22.65","","","","",""
"2022-07-20","2022201","10:44","22.0","43.9210","2.0","5.0","0.71","5.3","","6.6","87","21.1","21","","31.98","19.22","22.66","1.94","21.20","9.14","4.50","49.14"
"2022-07-20","2022201","10:44","22.0","43.9210","3.0","","","5.3","","6.6","87","","22","","31.99","19.08","22.70","","","","",""
"2022-07-20","2022201","10:44","22.0","43.9210","4.0","","","5.3","","6.7","87","","23","","32.00","18.81","22.77","","","","",""
"2022-07-20","2022201","10:44","22.0","43.9210","5.0","","","5.3","","6.7","87","","24","","32.00","18.76","22.79","","","","",""
"2022-07-20","2022201","10:44","22.0","43.9210","6.0","","","5.3","","6.7","87","","24","","32.00","18.74","22.79","","","","",""
"2022-07-20","2022201","10:44","22.0","43.9210","7.0","","","5.3","","6.7","87","","24","","32.00","18.70","22.80","","","","",""
"2022-07-20","2022201","10:44","22.0","43.9210","8.0","","","5.3","","6.7","87","","24","","32.00","18.68","22.81","","","","",""
"2022-07-20","2022201","10:44","22.0","43.9210","9.0","","","5.3","","6.7","86","","24","","31.99","18.62","22.82","","","","",""
"2022-07-20","2022201","10:44","22.0","43.9210","10.0","","","5.3","","6.7","86","","26","","32.00","18.48","22.86","","","","",""
"2022-07-20","2022201","10:44","22.0","43.9210","11.0","","","5.3","","6.7","86","","30","","32.00","18.38","22.88","","","","",""
"2022-07-20","2022201","10:44","22.0","43.9210","12.0","","","5.3","","6.7","86","","34","","32.00","18.36","22.89","","","","",""
"2022-07-20","2022201","10:44","22.0","43.9210","13.0","","","5.4","","6.7","86","","34","","32.00","18.30","22.90","","","","",""
"2022-07-20","2022201","10:44","22.0","43.9210","14.0","","","5.4","","6.7","86","","36","","32.00","18.28","22.91","","","","",""
"2022-07-20","2022201","10:44","22.0","43.9210","15.0","","","5.4","","6.7","87","","37","","32.00","18.23","22.92","","","","",""
"2022-07-20","2022201","10:44","22.0","43.9210","16.0","","","5.4","","6.7","86","","41","","32.00","18.21","22.92","","","","",""
"2022-07-20","2022201","10:44","22.0","43.9210","17.0","","","5.4","","6.7","86","","40","","32.00","18.21","22.92","","","","",""
"2022-07-20","2022201","10:44","22.0","43.9210","18.0","","","5.4","","6.7","86","","43","","32.00","18.14","22.94","","","","",""
"2022-07-20","2022201","10:44","22.0","43.9210","19.0","5.3","0.49","5.4","","6.7","87","54.1","52","","32.00","18.10","22.95","","","","",""
"2022-07-20","2022201","10:31","23.0","39.6557","1.0","","","5.5","","6.5","87","","63","2.91","32.01","19.96","22.49","","","","",""
"2022-07-20","2022201","10:31","23.0","39.6557","2.0","","","5.4","","6.5","86","","62","","32.00","19.95","22.49","","","","",""
"2022-07-20","2022201","10:31","23.0","39.6557","3.0","","","5.5","","6.5","87","","63","","32.00","19.90","22.50","","","","",""
"2022-07-20","2022201","10:31","23.0","39.6557","4.0","","","5.5","","6.5","87","","72","","32.00","19.90","22.50","","","","",""
"2022-07-20","2022201","10:31","23.0","39.6557","5.0","","","5.5","","6.5","87","","74","","32.00","19.92","22.50","","","","",""
"2022-07-20","2022201","10:31","23.0","39.6557","6.0","","","5.5","","6.5","86","","74","","32.00","19.90","22.50","","","","",""
"2022-07-20","2022201","10:31","23.0","39.6557","7.0","","","5.5","","6.5","86","","75","","32.00","19.90","22.50","","","","",""
"2022-07-20","2022201","10:31","23.0","39.6557","8.0","","","5.5","","6.5","86","","73","","32.00","19.90","22.50","","","","",""
"2022-07-20","2022201","10:31","23.0","39.6557","9.0","","","5.5","","6.5","86","","68","","32.00","19.89","22.50","","","","",""
"2022-07-20","2022201","10:31","23.0","39.6557","10.0","","","5.5","","6.5","86","","68","","32.00","19.85","22.51","","","","",""
"2022-07-20","2022201","10:31","23.0","39.6557","11.0","","","5.5","","6.5","86","","72","","31.99","19.80","22.52","","","","",""
"2022-07-20","2022201","10:31","23.0","39.6557","12.0","","","5.5","","6.5","86","","77","","32.00","19.82","22.52","","","","",""
"2022-07-20","2022201","10:31","23.0","39.6557","13.0","","","5.5","","6.5","86","","74","","32.00","19.84","22.51","","","","",""
"2022-07-20","2022201","10:31","23.0","39.6557","14.0","","","5.5","","6.5","86","","73","","32.00","19.83","22.52","","","","",""
"2022-07-20","2022201","10:31","23.0","39.6557","15.0","","","5.6","","6.5","86","","74","","32.00","19.83","22.52","","","","",""
"2022-07-20","2022201","10:20","24.0","37.0911","1.0","","","5.4","","6.7","89","","47","2.28","31.99","19.55","22.58","","","","",""
"2022-07-20","2022201","10:20","24.0","37.0911","2.0","5.7","0.53","5.4","","6.7","89","59.0","53","","31.99","19.53","22.59","2.21","22.85","7.92","4.74","50.56"
"2022-07-20","2022201","10:20","24.0","37.0911","3.0","","","5.5","","6.7","88","","58","","31.99","19.52","22.59","","","","",""
"2022-07-20","2022201","10:20","24.0","37.0911","4.0","","","5.5","","6.7","88","","67","","31.99","19.51","22.59","","","","",""
"2022-07-20","2022201","10:20","24.0","37.0911","5.0","","","5.6","","6.7","88","","76","","31.99","19.51","22.59","","","","",""
"2022-07-20","2022201","10:20","24.0","37.0911","6.0","","","5.6","","6.7","88","","78","","31.99","19.51","22.59","","","","",""
"2022-07-20","2022201","10:20","24.0","37.0911","7.0","","","5.6","","6.7","88","","79","","31.99","19.50","22.59","","","","",""
"2022-07-20","2022201","10:20","24.0","37.0911","8.0","","","5.6","","6.7","88","","83","","31.99","19.50","22.59","","","","",""
"2022-07-20","2022201","10:20","24.0","37.0911","9.0","","","5.6","","6.7","88","","85","","31.99","19.50","22.59","","","","",""
"2022-07-20","2022201","10:20","24.0","37.0911","10.0","5.8","0.45","5.7","","6.7","88","91.5","86","","31.99","19.50","22.59","","","","",""
"2022-07-20","2022201","10:09","25.0","32.8382","1.0","","","5.6","","6.7","90","","61","2.87","32.24","20.51","22.52","","","","",""
"2022-07-20","2022201","10:09","25.0","32.8382","2.0","","","5.6","","6.7","90","","64","","32.24","20.51","22.53","","","","",""
"2022-07-20","2022201","10:09","25.0","32.8382","3.0","","","5.6","","6.7","90","","65","","32.24","20.52","22.52","","","","",""
"2022-07-20","2022201","10:09","25.0","32.8382","4.0","","","5.6","","6.7","90","","65","","32.24","20.52","22.53","","","","",""
"2022-07-20","2022201","10:09","25.0","32.8382","5.0","","","5.6","","6.7","90","","66","","32.24","20.50","22.53","","","","",""
"2022-07-20","2022201","10:09","25.0","32.8382","6.0","","","5.6","","6.6","89","","76","","32.24","20.49","22.53","","","","",""
"2022-07-20","2022201","10:09","25.0","32.8382","7.0","","","5.7","","6.7","90","","85","","32.24","20.48","22.53","","","","",""
"2022-07-20","2022201","9:56","26.0","28.7560","1.0","","","5.5","","6.6","89","","34","2.07","32.31","20.76","22.51","","","","",""
"2022-07-20","2022201","9:56","26.0","28.7560","2.0","","","5.5","","6.5","89","","34","","32.31","20.76","22.51","","","","",""
"2022-07-20","2022201","9:56","26.0","28.7560","3.0","","","5.4","","6.5","88","","34","","32.31","20.76","22.51","","","","",""
"2022-07-20","2022201","9:56","26.0","28.7560","4.0","","","5.4","","6.5","88","","35","","32.31","20.75","22.51","","","","",""
"2022-07-20","2022201","9:56","26.0","28.7560","5.0","","","5.5","","6.5","88","","40","","32.30","20.71","22.52","","","","",""
"2022-07-20","2022201","9:56","26.0","28.7560","6.0","","","5.5","","6.5","88","","60","","32.28","20.65","22.52","","","","",""
"2022-07-20","2022201","9:56","26.0","28.7560","7.0","","","5.6","","6.5","88","","77","","32.28","20.63","22.52","","","","",""
"2022-07-20","2022201","9:56","26.0","28.7560","8.0","","","5.6","","6.5","88","","76","","32.28","20.63","22.52","","","","",""
"2022-07-20","2022201","9:56","26.0","28.7560","9.0","","","5.6","","6.5","88","","84","","32.27","20.61","22.52","","","","",""
"2022-07-20","2022201","9:56","26.0","28.7560","10.0","","","5.6","","6.6","89","","96","","32.27","20.59","22.52","","","","",""
"2022-07-20","2022201","9:45","27.0","26.1872","1.0","","","5.4","","6.4","87","","38","2.14","32.42","21.02","22.53","","","","",""
"2022-07-20","2022201","9:45","27.0","26.1872","2.0","5.0","0.67","5.4","","6.4","87","32.2","37","","32.42","21.02","22.53","2.66","22.92","7.78","7.59","67.65"
"2022-07-20","2022201","9:45","27.0","26.1872","3.0","","","5.4","","6.4","86","","38","","32.42","21.02","22.53","","","","",""
"2022-07-20","2022201","9:45","27.0","26.1872","4.0","","","5.4","","6.3","86","","39","","32.42","21.00","22.53","","","","",""
"2022-07-20","2022201","9:45","27.0","26.1872","5.0","","","5.5","","6.3","85","","56","","32.42","20.98","22.54","","","","",""
"2022-07-20","2022201","9:45","27.0","26.1872","6.0","","","5.5","","6.3","85","","87","","32.43","20.98","22.54","","","","",""
"2022-07-20","2022201","9:45","27.0","26.1872","7.0","","","5.4","","6.2","85","","104","","32.43","20.99","22.54","","","","",""
"2022-07-20","2022201","9:45","27.0","26.1872","8.0","","","5.4","","6.2","85","","108","","32.44","20.99","22.55","","","","",""
"2022-07-20","2022201","9:45","27.0","26.1872","9.0","","","5.4","","6.2","84","","124","","32.45","20.96","22.56","","","","",""
"2022-07-20","2022201","9:45","27.0","26.1872","10.0","5.2","0.41","5.4","","6.2","84","123.2","128","","32.44","20.95","22.56","","","","",""
"2022-07-20","2022201","9:34","28.0","23.5695","1.0","","","5.4","","6.4","87","","16","1.14","32.47","21.02","22.56","","","","",""
"2022-07-20","2022201","9:34","28.0","23.5695","2.0","","","5.4","","6.3","86","","15","","32.47","21.02","22.56","","","","",""
"2022-07-20","2022201","9:34","28.0","23.5695","3.0","","","5.4","","6.4","86","","18","","32.45","20.95","22.57","","","","",""
"2022-07-20","2022201","9:34","28.0","23.5695","4.0","","","5.4","","6.4","87","","20","","32.42","20.83","22.57","","","","",""
"2022-07-20","2022201","9:34","28.0","23.5695","5.0","","","5.4","","6.5","88","","22","","32.38","20.70","22.58","","","","",""
"2022-07-20","2022201","9:34","28.0","23.5695","6.0","","","5.5","","6.5","88","","27","","32.37","20.60","22.60","","","","",""
"2022-07-20","2022201","9:34","28.0","23.5695","7.0","","","5.5","","6.5","88","","29","","32.36","20.56","22.60","","","","",""
"2022-07-20","2022201","9:34","28.0","23.5695","8.0","","","5.5","","6.6","89","","43","","32.32","20.37","22.62","","","","",""
"2022-07-20","2022201","9:34","28.0","23.5695","9.0","","","5.6","","6.6","89","","60","","32.31","20.33","22.63","","","","",""
"2022-07-20","2022201","9:34","28.0","23.5695","10.0","","","5.7","","6.6","89","","66","","32.28","20.22","22.63","","","","",""
"2022-07-20","2022201","9:34","28.0","23.5695","11.0","","","5.8","","6.7","89","","90","","32.25","20.08","22.64","","","","",""
"2022-07-20","2022201","9:34","28.0","23.5695","12.0","","","5.8","","6.7","89","","91","","32.21","19.94","22.65","","","","",""
"2022-07-20","2022201","9:23","29.0","20.2526","1.0","","","5.5","","6.4","88","","14","1.05","32.43","21.00","22.54","","","","",""
"2022-07-20","2022201","9:23","29.0","20.2526","2.0","","","5.5","","6.4","87","","15","","32.43","20.94","22.56","","","","",""
"2022-07-20","2022201","9:23","29.0","20.2526","3.0","","","5.5","","6.4","87","","18","","32.44","20.92","22.57","","","","",""
"2022-07-20","2022201","9:23","29.0","20.2526","4.0","","","5.5","","6.4","87","","18","","32.44","20.92","22.57","","","","",""
"2022-07-20","2022201","9:23","29.0","20.2526","5.0","","","5.5","","6.4","87","","18","","32.44","20.92","22.57","","","","",""
"2022-07-20","2022201","9:23","29.0","20.2526","6.0","","","5.5","","6.4","87","","19","","32.44","20.91","22.57","","","","",""
"2022-07-20","2022201","9:23","29.0","20.2526","7.0","","","5.5","","6.4","87","","22","","32.41","20.81","22.57","","","","",""
"2022-07-20","2022201","9:23","29.0","20.2526","8.0","","","5.5","","6.4","87","","26","","32.40","20.79","22.57","","","","",""
"2022-07-20","2022201","9:23","29.0","20.2526","9.0","","","5.5","","6.4","87","","26","","32.39","20.77","22.57","","","","",""
"2022-07-20","2022201","9:23","29.0","20.2526","10.0","","","5.6","","6.4","87","","28","","32.39","20.75","22.57","","","","",""
"2022-07-20","2022201","9:23","29.0","20.2526","11.0","","","5.6","","6.4","87","","36","","32.36","20.67","22.58","","","","",""
"2022-07-20","2022201","9:23","29.0","20.2526","12.0","","","5.7","","6.4","87","","44","","32.36","20.64","22.58","","","","",""
"2022-07-20","2022201","9:23","29.0","20.2526","13.0","","","5.7","","6.4","87","","52","","32.35","20.62","22.58","","","","",""
"2022-07-20","2022201","9:14","29.5","17.5640","1.0","","","5.7","","6.4","88","","17","1.25","32.44","20.96","22.56","","","","",""
"2022-07-20","2022201","9:14","29.5","17.5640","2.0","","","5.6","","6.4","87","","19","","32.44","20.91","22.57","","","","",""
"2022-07-20","2022201","9:14","29.5","17.5640","3.0","","","5.6","","6.4","87","","22","","32.43","20.89","22.57","","","","",""
"2022-07-20","2022201","9:14","29.5","17.5640","4.0","","","5.6","","6.4","87","","23","","32.42","20.85","22.57","","","","",""
"2022-07-20","2022201","9:14","29.5","17.5640","5.0","","","5.7","","6.4","87","","24","","32.41","20.82","22.57","","","","",""
"2022-07-20","2022201","9:14","29.5","17.5640","6.0","","","5.7","","6.4","87","","24","","32.40","20.80","22.57","","","","",""
"2022-07-20","2022201","9:14","29.5","17.5640","7.0","","","5.7","","6.4","87","","25","","32.38","20.73","22.57","","","","",""
"2022-07-20","2022201","9:14","29.5","17.5640","8.0","","","5.7","","6.5","87","","27","","32.37","20.69","22.58","","","","",""
"2022-07-20","2022201","9:14","29.5","17.5640","9.0","","","5.7","","6.5","87","","29","","32.36","20.67","22.58","","","","",""
"2022-07-20","2022201","9:14","29.5","17.5640","10.0","","","5.7","","6.5","88","","31","","32.36","20.65","22.58","","","","",""
"2022-07-20","2022201","9:14","29.5","17.5640","11.0","","","5.8","","6.5","87","","38","","32.36","20.65","22.58","","","","",""
"2022-07-20","2022201","9:14","29.5","17.5640","12.0","","","5.8","","6.5","88","","45","","32.36","20.65","22.58","","","","",""
"2022-07-20","2022201","9:14","29.5","17.5640","13.0","","","5.9","","6.5","88","","58","","32.35","20.64","22.58","","","","",""
"2022-07-20","2022201","9:14","29.5","17.5640","14.0","","","5.9","","6.5","88","","62","","32.35","20.64","22.58","","","","",""
"2022-07-20","2022201","9:05","30.0","14.7543","1.0","","","5.7","","6.5","89","","19","1.28","32.55","21.19","22.58","","","","",""
"2022-07-20","2022201","9:05","30.0","14.7543","2.0","6.2","0.79","5.8","","6.5","88","19.5","20","","32.55","21.16","22.58","2.22","21.42","7.28","7.51","66.94"
"2022-07-20","2022201","9:05","30.0","14.7543","3.0","","","5.6","","6.5","89","","21","","32.55","21.15","22.59","","","","",""
"2022-07-20","2022201","9:05","30.0","14.7543","4.0","","","5.6","","6.5","88","","22","","32.55","21.15","22.59","","","","",""
"2022-07-20","2022201","9:05","30.0","14.7543","5.0","","","5.6","","6.5","88","","22","","32.54","21.15","22.59","","","","",""
"2022-07-20","2022201","9:05","30.0","14.7543","6.0","","","5.6","","6.5","88","","24","","32.53","21.12","22.59","","","","",""
"2022-07-20","2022201","9:05","30.0","14.7543","7.0","","","5.6","","6.5","89","","27","","32.53","21.11","22.59","","","","",""
"2022-07-20","2022201","9:05","30.0","14.7543","8.0","","","5.6","","6.5","89","","28","","32.52","21.08","22.58","","","","",""
"2022-07-20","2022201","9:05","30.0","14.7543","9.0","","","5.5","","6.5","89","","38","","32.49","21.00","22.59","","","","",""
"2022-07-20","2022201","9:05","30.0","14.7543","10.0","4.9","0.50","5.5","","6.5","89","","45","","32.49","20.98","22.59","","","","",""
"2022-07-20","2022201","8:52","31.0","10.6065","1.0","","","5.7","","6.5","88","","23","1.29","32.53","21.07","22.60","","","","",""
"2022-07-20","2022201","8:52","31.0","10.6065","2.0","","","5.6","","6.5","88","","25","","32.54","21.07","22.60","","","","",""
"2022-07-20","2022201","8:52","31.0","10.6065","3.0","","","5.6","","6.5","88","","27","","32.54","21.06","22.60","","","","",""
"2022-07-20","2022201","8:52","31.0","10.6065","4.0","","","5.7","","6.5","88","","29","","32.54","21.07","22.60","","","","",""
"2022-07-20","2022201","8:52","31.0","10.6065","5.0","","","5.7","","6.5","88","","30","","32.54","21.07","22.60","","","","",""
"2022-07-20","2022201","8:52","31.0","10.6065","6.0","","","5.7","","6.5","88","","30","","32.54","21.06","22.60","","","","",""
"2022-07-20","2022201","8:52","31.0","10.6065","7.0","","","5.7","","6.5","88","","30","","32.53","21.05","22.60","","","","",""
"2022-07-20","2022201","8:52","31.0","10.6065","8.0","","","5.7","","6.5","88","","31","","32.53","21.05","22.60","","","","",""
"2022-07-20","2022201","8:52","31.0","10.6065","9.0","","","5.6","","6.5","88","","31","","32.53","21.05","22.60","","","","",""
"2022-07-20","2022201","8:52","31.0","10.6065","10.0","","","5.7","","6.5","88","","37","","32.53","21.06","22.60","","","","",""
"2022-07-20","2022201","8:43","32.0","8.1507","1.0","","","5.9","","6.5","88","","27","1.34","32.63","21.23","22.63","","","","",""
"2022-07-20","2022201","8:43","32.0","8.1507","2.0","6.1","0.75","6.1","","6.4","88","27.6","27","","32.63","21.23","22.63","2.29","21.28","8.00","8.64","74.77"
"2022-07-20","2022201","8:43","32.0","8.1507","3.0","","","5.8","","6.4","88","","28","","32.63","21.23","22.63","","","","",""
"2022-07-20","2022201","8:43","32.0","8.1507","4.0","","","5.7","","6.4","88","","29","","32.63","21.24","22.63","","","","",""
"2022-07-20","2022201","8:43","32.0","8.1507","5.0","","","5.7","","6.4","88","","29","","32.63","21.24","22.63","","","","",""
"2022-07-20","2022201","8:43","32.0","8.1507","6.0","","","5.7","","6.4","87","","31","","32.64","21.25","22.63","","","","",""
"2022-07-20","2022201","8:43","32.0","8.1507","7.0","","","5.8","","6.4","87","","35","","32.66","21.26","22.65","","","","",""
"2022-07-20","2022201","8:43","32.0","8.1507","8.0","","","5.8","","6.4","87","","48","","32.67","21.25","22.65","","","","",""
"2022-07-20","2022201","8:43","32.0","8.1507","9.0","6.2","0.41","5.9","","6.4","87","","60","","32.67","21.23","22.66","","","","",""
"2022-07-20","2022201","8:36","33.0","6.8085","1.0","","","5.9","","6.4","88","","35","2.11","32.71","21.31","22.67","","","","",""
"2022-07-20","2022201","8:36","33.0","6.8085","2.0","","","5.9","","6.4","87","32.8","37","","32.71","21.30","22.67","","","","",""
"2022-07-20","2022201","8:36","33.0","6.8085","3.0","","","5.9","","6.4","88","","40","","32.72","21.30","22.68","","","","",""
"2022-07-20","2022201","8:36","33.0","6.8085","4.0","","","5.9","","6.4","87","","41","","32.72","21.30","22.67","","","","",""
"2022-07-20","2022201","8:36","33.0","6.8085","5.0","","","5.9","","6.4","87","","34","","32.72","21.31","22.67","","","","",""
"2022-07-20","2022201","8:36","33.0","6.8085","6.0","","","5.9","","6.4","88","","38","","32.72","21.31","22.67","","","","",""
"2022-07-20","2022201","8:36","33.0","6.8085","7.0","","","5.9","","6.4","88","","33","","32.71","21.31","22.67","","","","",""
"2022-07-20","2022201","8:36","33.0","6.8085","8.0","","","5.9","","6.4","87","","33","","32.72","21.32","22.67","","","","",""
"2022-07-20","2022201","8:36","33.0","6.8085","9.0","","","5.9","","6.4","87","","32","","32.73","21.31","22.68","","","","",""
"2022-07-20","2022201","8:36","33.0","6.8085","10.0","","","5.9","","6.4","87","","38","","32.73","21.28","22.69","","","","",""
"2022-07-20","2022201","8:36","33.0","6.8085","11.0","","","6.0","","6.4","87","","48","","32.74","21.26","22.70","","","","",""
"2022-07-20","2022201","8:27","34.0","3.5290","1.0","","","6.2","","6.4","87","","25","1.31","32.76","21.37","22.69","","","","",""
"2022-07-20","2022201","8:27","34.0","3.5290","2.0","6.3","0.75","6.2","","6.3","87","28.6","32","","32.76","21.37","22.69","","","","",""
"2022-07-20","2022201","8:27","34.0","3.5290","3.0","","","6.0","","6.3","87","","35","","32.76","21.37","22.69","","","","",""
"2022-07-20","2022201","8:27","34.0","3.5290","4.0","","","6.0","","6.3","87","","38","","32.76","21.38","22.69","","","","",""
"2022-07-20","2022201","8:27","34.0","3.5290","5.0","","","6.0","","6.3","87","","41","","32.76","21.38","22.69","","","","",""
"2022-07-20","2022201","8:27","34.0","3.5290","6.0","","","6.0","","6.3","87","","44","","32.76","21.37","22.69","","","","",""
"2022-07-20","2022201","8:27","34.0","3.5290","7.0","","","6.0","","6.3","87","","46","","32.76","21.37","22.69","","","","",""
"2022-07-20","2022201","8:27","34.0","3.5290","8.0","5.7","0.59","6.0","","6.3","87","","54","","32.76","21.37","22.69","","","","",""
"2022-07-20","2022201","8:15","35.0","1.6576","1.0","","","6.2","","6.1","84","","29","1.45","32.65","21.31","22.62","","","","",""
"2022-07-20","2022201","8:15","35.0","1.6576","2.0","5.9","0.74","6.1","","6.1","83","31.1","29","","32.65","21.31","22.63","","","","",""
"2022-07-20","2022201","8:15","35.0","1.6576","3.0","","","6.1","","6.1","84","","29","","32.64","21.30","22.62","","","","",""
"2022-07-20","2022201","8:15","35.0","1.6576","4.0","","","6.1","","6.1","84","","29","","32.63","21.29","22.62","","","","",""
"2022-07-20","2022201","8:15","35.0","1.6576","5.0","","","6.1","","6.2","85","","29","","32.66","21.31","22.63","","","","",""
"2022-07-20","2022201","8:15","35.0","1.6576","6.0","","","6.1","","6.3","86","","29","","32.71","21.36","22.65","","","","",""
"2022-07-20","2022201","8:15","35.0","1.6576","7.0","","","6.2","","6.3","86","","29","","32.75","21.40","22.67","","","","",""
"2022-07-20","2022201","8:15","35.0","1.6576","8.0","","","6.2","","6.3","86","","29","","32.76","21.41","22.67","","","","",""
"2022-07-20","2022201","8:06","36.0","0.0000","1.0","","","6.1","","6.0","83","","29","1.48","32.70","21.47","22.62","","","","",""
"2022-07-20","2022201","8:06","36.0","0.0000","2.0","6.3","0.77","6.2","","6.0","83","30.0","30","","32.71","21.47","22.62","3.54","23.85","12.28","11.51","103.61"
"2022-07-20","2022201","8:06","36.0","0.0000","3.0","","","6.1","","6.0","83","","30","","32.70","21.47","22.61","","","","",""
"2022-07-20","2022201","8:06","36.0","0.0000","4.0","","","6.1","","6.1","83","","33","","32.71","21.47","22.62","","","","",""
"2022-07-20","2022201","8:06","36.0","0.0000","5.0","5.9","0.70","6.1","","6.1","83","43.4","39","","32.73","21.48","22.64","","","","",""
"2022-08-10","2022222","14:10","2.0","127.7053","1.0","","","2.6","","8.4","97","","20","1.23","3.57","21.48","0.60","","","","",""
"2022-08-10","2022222","14:10","2.0","127.7053","2.0","","","2.6","","8.4","97","","20","","3.59","21.44","0.62","","","","",""
"2022-08-10","2022222","14:10","2.0","127.7053","3.0","","","2.6","","8.3","96","","20","","3.64","21.41","0.66","","","","",""
"2022-08-10","2022222","14:10","2.0","127.7053","4.0","","","2.6","","8.3","96","","21","","3.70","21.42","0.71","","","","",""
"2022-08-10","2022222","14:10","2.0","127.7053","5.0","","","2.7","","8.3","96","","23","","3.83","21.39","0.81","","","","",""
"2022-08-10","2022222","14:10","2.0","127.7053","6.0","","","2.8","","8.2","95","","29","","3.95","21.33","0.92","","","","",""
"2022-08-10","2022222","14:10","2.0","127.7053","7.0","","","2.9","","8.2","95","","35","","4.02","21.29","0.98","","","","",""
"2022-08-10","2022222","14:10","2.0","127.7053","8.0","","","3.0","","8.2","95","","46","","4.12","21.24","1.06","","","","",""
"2022-08-10","2022222","14:10","2.0","127.7053","9.0","","","3.2","","8.2","95","","55","","4.12","21.24","1.07","","","","",""
"2022-08-10","2022222","14:00","3.0","125.3243","1.0","","","2.7","","8.3","96","","27","1.68","4.58","21.38","1.38","","","","",""
"2022-08-10","2022222","14:00","3.0","125.3243","2.0","2.8","0.71","2.7","","8.3","97","24.4","26","","4.59","21.38","1.39","0.58","10.78","3.78","2.41","149.54"
"2022-08-10","2022222","14:00","3.0","125.3243","3.0","","","2.7","","8.3","96","","26","","4.60","21.36","1.40","","","","",""
"2022-08-10","2022222","14:00","3.0","125.3243","4.0","","","2.7","","8.3","96","","25","","4.60","21.35","1.41","","","","",""
"2022-08-10","2022222","14:00","3.0","125.3243","5.0","","","2.7","","8.3","96","","23","","4.62","21.34","1.42","","","","",""
"2022-08-10","2022222","14:00","3.0","125.3243","6.0","","","2.6","","8.2","96","","23","","4.67","21.31","1.46","","","","",""
"2022-08-10","2022222","14:00","3.0","125.3243","7.0","","","2.6","","8.2","95","","30","","4.85","21.19","1.63","","","","",""
"2022-08-10","2022222","14:00","3.0","125.3243","8.0","","","2.7","","8.2","95","","44","","4.94","21.13","1.71","","","","",""
"2022-08-10","2022222","14:00","3.0","125.3243","9.0","","","2.8","","8.2","95","","60","","5.02","21.08","1.79","","","","",""
"2022-08-10","2022222","14:00","3.0","125.3243","10.0","","","2.9","","8.2","95","","85","","5.03","21.07","1.79","","","","",""
"2022-08-10","2022222","14:00","3.0","125.3243","11.0","2.5","0.34","2.8","","8.2","95","94.6","92","","5.03","21.07","1.80","","","","",""
"2022-08-10","2022222","13:45","4.0","119.8957","1.0","","","2.9","","8.3","98","","19","1.20","5.93","21.72","2.32","","","","",""
"2022-08-10","2022222","13:45","4.0","119.8957","2.0","","","2.9","","8.2","97","","19","","6.09","21.47","2.50","","","","",""
"2022-08-10","2022222","13:45","4.0","119.8957","3.0","","","2.8","","8.2","96","","21","","6.25","21.40","2.64","","","","",""
"2022-08-10","2022222","13:45","4.0","119.8957","4.0","","","2.7","","8.2","96","","24","","6.33","21.26","2.73","","","","",""
"2022-08-10","2022222","13:45","4.0","119.8957","5.0","","","2.6","","8.2","96","","27","","6.35","21.19","2.77","","","","",""
"2022-08-10","2022222","13:45","4.0","119.8957","6.0","","","2.6","","8.2","96","","34","","6.39","21.15","2.80","","","","",""
"2022-08-10","2022222","13:45","4.0","119.8957","7.0","","","2.7","","8.2","96","","42","","6.41","21.14","2.82","","","","",""
"2022-08-10","2022222","13:45","4.0","119.8957","8.0","","","2.7","","8.2","96","","45","","6.42","21.15","2.82","","","","",""
"2022-08-10","2022222","13:45","4.0","119.8957","9.0","","","2.8","","8.2","96","","46","","6.42","21.15","2.83","","","","",""
"2022-08-10","2022222","13:45","4.0","119.8957","10.0","","","2.8","","8.2","96","","46","","6.42","21.15","2.83","","","","",""
"2022-08-10","2022222","13:45","4.0","119.8957","11.0","","","2.8","","8.1","95","","52","","6.44","21.16","2.84","","","","",""
"2022-08-10","2022222","13:45","4.0","119.8957","12.0","","","2.9","","8.2","96","","61","","6.45","21.18","2.84","","","","",""
"2022-08-10","2022222","13:45","4.0","119.8957","13.0","","","3.0","","8.1","96","","59","","6.45","21.18","2.84","","","","",""
"2022-08-10","2022222","13:45","4.0","119.8957","14.0","","","3.0","","8.2","96","","60","","6.45","21.18","2.84","","","","",""
"2022-08-10","2022222","13:45","4.0","119.8957","15.0","","","2.9","","8.2","96","","60","","6.45","21.18","2.84","","","","",""
"2022-08-10","2022222","13:45","4.0","119.8957","16.0","","","3.0","","8.2","96","","60","","6.45","21.18","2.84","","","","",""
"2022-08-10","2022222","13:45","4.0","119.8957","17.0","","","3.0","","8.2","96","","63","","6.45","21.18","2.84","","","","",""
"2022-08-10","2022222","13:32","5.0","115.6252","1.0","","","3.0","","8.2","97","","30","1.73","7.74","21.59","3.72","","","","",""
"2022-08-10","2022222","13:32","5.0","115.6252","2.0","","","3.0","","8.1","96","","33","","7.99","21.51","3.92","","","","",""
"2022-08-10","2022222","13:32","5.0","115.6252","3.0","","","3.0","","8.0","96","","43","","8.73","21.30","4.54","","","","",""
"2022-08-10","2022222","13:32","5.0","115.6252","4.0","","","3.2","","8.0","96","","59","","9.13","21.18","4.86","","","","",""
"2022-08-10","2022222","13:32","5.0","115.6252","5.0","","","3.3","","8.1","96","","66","","9.17","21.16","4.90","","","","",""
"2022-08-10","2022222","13:32","5.0","115.6252","6.0","","","3.3","","8.1","96","","69","","9.18","21.16","4.90","","","","",""
"2022-08-10","2022222","13:32","5.0","115.6252","7.0","","","3.3","","8.0","96","","67","","9.15","21.17","4.88","","","","",""
"2022-08-10","2022222","13:32","5.0","115.6252","8.0","","","3.3","","8.0","96","","71","","9.19","21.15","4.91","","","","",""
"2022-08-10","2022222","13:32","5.0","115.6252","9.0","","","3.4","","8.0","96","","77","","9.18","21.15","4.91","","","","",""
"2022-08-10","2022222","13:32","5.0","115.6252","10.0","","","3.4","","8.1","96","","78","","9.18","21.15","4.91","","","","",""
"2022-08-10","2022222","13:32","5.0","115.6252","11.0","","","3.4","","8.0","96","","78","","9.19","21.15","4.92","","","","",""
"2022-08-10","2022222","13:17","6.0","110.8977","1.0","","","3.4","","7.9","96","","47","2.38","11.48","21.42","6.58","","","","",""
"2022-08-10","2022222","13:17","6.0","110.8977","2.0","3.1","0.66","3.4","","7.9","96","47.0","47","","11.58","21.25","6.69","1.10","17.06","5.50","3.29","128.18"
"2022-08-10","2022222","13:17","6.0","110.8977","3.0","","","3.4","","8.0","96","","57","","11.68","21.29","6.76","","","","",""
"2022-08-10","2022222","13:17","6.0","110.8977","4.0","","","3.6","","7.9","96","","59","","11.74","21.34","6.80","","","","",""
"2022-08-10","2022222","13:17","6.0","110.8977","5.0","","","3.7","","7.8","95","","55","","11.92","21.42","6.92","","","","",""
"2022-08-10","2022222","13:17","6.0","110.8977","6.0","","","3.8","","7.8","95","","83","","12.35","21.22","7.28","","","","",""
"2022-08-10","2022222","13:17","6.0","110.8977","7.0","","","4.0","","7.8","95","","113","","12.41","21.18","7.34","","","","",""
"2022-08-10","2022222","13:17","6.0","110.8977","8.0","","","4.1","","7.8","95","","121","","12.43","21.17","7.36","","","","",""
"2022-08-10","2022222","13:17","6.0","110.8977","9.0","","","4.2","","7.8","95","","124","","12.43","21.17","7.36","","","","",""
"2022-08-10","2022222","13:17","6.0","110.8977","10.0","","","4.2","","7.8","95","","123","","12.43","21.17","7.36","","","","",""
"2022-08-10","2022222","13:17","6.0","110.8977","11.0","3.4","0.43","4.2","","7.8","95","139.8","140","","12.43","21.17","7.36","","","","",""
"2022-08-10","2022222","12:59","7.0","104.9810","1.0","","","3.6","","7.7","94","","93","5.28","15.07","20.98","9.40","","","","",""
"2022-08-10","2022222","12:59","7.0","104.9810","2.0","3.1","0.52","3.8","","7.7","94","91.4","94","","15.08","20.93","9.42","","","","",""
"2022-08-10","2022222","12:59","7.0","104.9810","3.0","","","4.0","","7.7","94","","108","","15.08","20.92","9.42","","","","",""
"2022-08-10","2022222","12:59","7.0","104.9810","4.0","","","4.3","","7.7","94","","110","","15.08","20.92","9.42","","","","",""
"2022-08-10","2022222","12:59","7.0","104.9810","5.0","","","4.3","","7.7","94","","109","","15.08","20.93","9.42","","","","",""
"2022-08-10","2022222","12:59","7.0","104.9810","6.0","","","4.2","","7.7","94","","108","","15.08","20.92","9.42","","","","",""
"2022-08-10","2022222","12:59","7.0","104.9810","7.0","","","4.2","","7.7","94","","108","","15.08","20.92","9.42","","","","",""
"2022-08-10","2022222","12:59","7.0","104.9810","8.0","","","4.3","","7.7","94","","110","","15.08","20.92","9.42","","","","",""
"2022-08-10","2022222","12:59","7.0","104.9810","9.0","","","4.3","","7.7","94","","110","","15.08","20.92","9.42","","","","",""
"2022-08-10","2022222","12:59","7.0","104.9810","10.0","","","4.3","","7.7","94","","111","","15.11","20.91","9.44","","","","",""
"2022-08-10","2022222","12:59","7.0","104.9810","11.0","","","4.4","","7.6","94","","116","","15.17","20.89","9.49","","","","",""
"2022-08-10","2022222","12:59","7.0","104.9810","12.0","","","4.5","","7.6","94","","122","","15.20","20.88","9.52","","","","",""
"2022-08-10","2022222","12:59","7.0","104.9810","13.0","","","4.5","","7.6","94","","126","","15.31","20.86","9.60","","","","",""
"2022-08-10","2022222","12:59","7.0","104.9810","14.0","","","4.7","","7.6","94","","137","","15.35","20.86","9.64","","","","",""
"2022-08-10","2022222","12:59","7.0","104.9810","15.0","","","4.7","","7.6","94","","141","","15.36","20.86","9.65","","","","",""
"2022-08-10","2022222","12:59","7.0","104.9810","16.0","","","4.7","","7.6","94","","142","","15.37","20.86","9.65","","","","",""
"2022-08-10","2022222","12:44","8.0","99.7699","1.0","","","3.2","","7.7","95","","20","1.22","16.31","21.05","10.32","","","","",""
"2022-08-10","2022222","12:44","8.0","99.7699","2.0","","","3.1","","7.6","94","17.9","20","","16.69","20.88","10.64","","","","",""
"2022-08-10","2022222","12:44","8.0","99.7699","3.0","","","2.9","","7.6","94","","24","","16.96","20.77","10.87","","","","",""
"2022-08-10","2022222","12:44","8.0","99.7699","4.0","","","2.9","","7.6","94","","29","","17.16","20.70","11.04","","","","",""
"2022-08-10","2022222","12:44","8.0","99.7699","5.0","","","3.0","","7.5","93","","38","","17.30","20.67","11.16","","","","",""
"2022-08-10","2022222","12:44","8.0","99.7699","6.0","","","3.1","","7.5","93","","53","","17.42","20.65","11.25","","","","",""
"2022-08-10","2022222","12:44","8.0","99.7699","7.0","","","3.3","","7.5","93","","63","","17.61","20.62","11.40","","","","",""
"2022-08-10","2022222","12:44","8.0","99.7699","8.0","","","3.8","","7.5","93","","113","","17.88","20.58","11.61","","","","",""
"2022-08-10","2022222","12:44","8.0","99.7699","9.0","","","4.3","","7.4","92","","142","","17.92","20.58","11.65","","","","",""
"2022-08-10","2022222","12:44","8.0","99.7699","10.0","","","4.6","","7.4","92","","165","","17.94","20.57","11.67","","","","",""
"2022-08-10","2022222","12:44","8.0","99.7699","11.0","","","4.9","","7.4","92","","190","","17.96","20.57","11.68","","","","",""
"2022-08-10","2022222","12:44","8.0","99.7699","12.0","","","5.0","","7.4","92","","203","","17.96","20.57","11.68","","","","",""
"2022-08-10","2022222","12:44","8.0","99.7699","13.0","","","5.4","","7.4","92","","231","","17.95","20.57","11.67","","","","",""
"2022-08-10","2022222","12:44","8.0","99.7699","14.0","","","5.3","","7.4","92","","220","","17.95","20.57","11.67","","","","",""
"2022-08-10","2022222","12:44","8.0","99.7699","15.0","","","5.5","","7.4","92","","236","","17.94","20.57","11.67","","","","",""
"2022-08-10","2022222","12:44","8.0","99.7699","16.0","","","5.6","","7.4","92","","250","","17.93","20.57","11.66","","","","",""
"2022-08-10","2022222","12:30","9.0","96.7889","1.0","","","2.9","","7.5","94","","40","2.21","18.59","20.79","12.10","","","","",""
"2022-08-10","2022222","12:30","9.0","96.7889","2.0","2.5","0.72","2.9","","7.5","93","35.4","42","","18.53","20.80","12.06","1.43","22.28","6.21","3.74","103.97"
"2022-08-10","2022222","12:30","9.0","96.7889","3.0","","","3.0","","7.5","94","","44","","18.58","20.78","12.09","","","","",""
"2022-08-10","2022222","12:30","9.0","96.7889","4.0","","","3.0","","7.5","94","","42","","18.57","20.79","12.08","","","","",""
"2022-08-10","2022222","12:30","9.0","96.7889","5.0","","","3.1","","7.5","94","","44","","18.52","20.80","12.05","","","","",""
"2022-08-10","2022222","12:30","9.0","96.7889","6.0","","","3.1","","7.5","94","","45","","18.52","20.80","12.05","","","","",""
"2022-08-10","2022222","12:30","9.0","96.7889","7.0","","","3.1","","7.5","94","","46","","18.57","20.79","12.09","","","","",""
"2022-08-10","2022222","12:30","9.0","96.7889","8.0","","","3.1","","7.5","94","","41","","18.65","20.77","12.15","","","","",""
"2022-08-10","2022222","12:30","9.0","96.7889","9.0","","","3.0","","7.5","94","","41","","18.64","20.78","12.14","","","","",""
"2022-08-10","2022222","12:30","9.0","96.7889","10.0","","","3.0","","7.5","94","","41","","18.60","20.80","12.11","","","","",""
"2022-08-10","2022222","12:30","9.0","96.7889","11.0","","","3.1","","7.5","94","","40","","18.63","20.80","12.13","","","","",""
"2022-08-10","2022222","12:30","9.0","96.7889","12.0","","","3.0","","7.5","93","","39","","18.63","20.79","12.13","","","","",""
"2022-08-10","2022222","12:30","9.0","96.7889","13.0","","","3.0","","7.4","93","","41","","18.66","20.78","12.16","","","","",""
"2022-08-10","2022222","12:30","9.0","96.7889","14.0","","","2.9","","7.4","93","","35","","19.03","20.70","12.46","","","","",""
"2022-08-10","2022222","12:30","9.0","96.7889","15.0","","","2.8","","7.4","92","","33","","19.22","20.68","12.61","","","","",""
"2022-08-10","2022222","12:30","9.0","96.7889","16.0","","","2.7","","7.3","92","","34","","19.55","20.65","12.87","","","","",""
"2022-08-10","2022222","12:30","9.0","96.7889","17.0","","","3.0","","7.3","92","","62","","20.21","20.61","13.37","","","","",""
"2022-08-10","2022222","12:30","9.0","96.7889","18.0","","","3.2","","7.3","92","","71","","20.23","20.61","13.39","","","","",""
"2022-08-10","2022222","12:30","9.0","96.7889","19.0","","","3.3","","7.3","92","","82","","20.30","20.60","13.44","","","","",""
"2022-08-10","2022222","12:30","9.0","96.7889","20.0","","","3.4","","7.3","92","","86","","20.31","20.60","13.45","","","","",""
"2022-08-10","2022222","12:30","9.0","96.7889","21.0","","","3.4","","7.3","91","","83","","20.31","20.60","13.45","","","","",""
"2022-08-10","2022222","12:30","9.0","96.7889","22.0","","","3.4","","7.3","92","","95","","20.31","20.60","13.45","","","","",""
"2022-08-10","2022222","12:30","9.0","96.7889","23.0","","","3.4","","7.3","92","","96","","20.30","20.60","13.44","","","","",""
"2022-08-10","2022222","12:30","9.0","96.7889","24.0","","","3.4","","7.3","92","","103","","20.30","20.59","13.44","","","","",""
"2022-08-10","2022222","12:20","10.0","93.5951","1.0","","","2.8","","7.4","93","","21","1.24","20.00","20.90","13.14","","","","",""
"2022-08-10","2022222","12:20","10.0","93.5951","2.0","","","2.7","","7.4","93","","22","","20.03","20.87","13.17","","","","",""
"2022-08-10","2022222","12:20","10.0","93.5951","3.0","","","2.7","","7.3","93","","22","","20.14","20.81","13.27","","","","",""
"2022-08-10","2022222","12:20","10.0","93.5951","4.0","","","2.6","","7.3","93","","23","","20.23","20.78","13.35","","","","",""
"2022-08-10","2022222","12:20","10.0","93.5951","5.0","","","2.6","","7.3","92","","24","","20.28","20.76","13.38","","","","",""
"2022-08-10","2022222","12:20","10.0","93.5951","6.0","","","2.6","","7.3","92","","24","","20.37","20.73","13.47","","","","",""
"2022-08-10","2022222","12:20","10.0","93.5951","7.0","","","2.6","","7.3","92","","26","","20.52","20.69","13.58","","","","",""
"2022-08-10","2022222","12:20","10.0","93.5951","8.0","","","2.7","","7.2","92","","32","","20.99","20.66","13.95","","","","",""
"2022-08-10","2022222","12:20","10.0","93.5951","9.0","","","3.0","","7.2","92","","43","","21.00","20.66","13.96","","","","",""
"2022-08-10","2022222","12:20","10.0","93.5951","10.0","","","3.0","","7.2","91","","50","","21.15","20.66","14.07","","","","",""
"2022-08-10","2022222","12:20","10.0","93.5951","11.0","","","3.2","","7.2","91","","58","","21.28","20.66","14.17","","","","",""
"2022-08-10","2022222","12:20","10.0","93.5951","12.0","","","3.5","","7.2","91","","65","","21.27","20.66","14.16","","","","",""
"2022-08-10","2022222","12:20","10.0","93.5951","13.0","","","3.5","","7.2","91","","70","","21.30","20.67","14.18","","","","",""
"2022-08-10","2022222","12:20","10.0","93.5951","14.0","","","3.5","","7.2","91","","72","","21.29","20.67","14.17","","","","",""
"2022-08-10","2022222","12:20","10.0","93.5951","15.0","","","3.5","","7.2","91","","74","","21.39","20.67","14.25","","","","",""
"2022-08-10","2022222","12:20","10.0","93.5951","16.0","","","3.6","","7.2","91","","87","","21.45","20.67","14.30","","","","",""
"2022-08-10","2022222","12:20","10.0","93.5951","17.0","","","3.8","","7.2","91","","91","","21.45","20.67","14.29","","","","",""
"2022-08-10","2022222","12:20","10.0","93.5951","18.0","","","4.0","","7.2","91","","91","","21.46","20.67","14.30","","","","",""
"2022-08-10","2022222","12:20","10.0","93.5951","19.0","","","3.9","","7.2","91","","94","","21.47","20.67","14.31","","","","",""
"2022-08-10","2022222","12:20","10.0","93.5951","20.0","","","3.9","","7.2","91","","100","","21.47","20.67","14.31","","","","",""
"2022-08-10","2022222","12:05","11.0","89.7672","1.0","","","3.2","","7.4","95","","18","1.19","22.05","21.33","14.58","","","","",""
"2022-08-10","2022222","12:05","11.0","89.7672","2.0","","","3.5","","7.2","93","","18","","22.06","21.28","14.61","","","","",""
"2022-08-10","2022222","12:05","11.0","89.7672","3.0","","","3.2","","7.2","92","","19","","22.20","21.07","14.76","","","","",""
"2022-08-10","2022222","12:05","11.0","89.7672","4.0","","","2.9","","7.2","92","","22","","22.41","20.80","14.99","","","","",""
"2022-08-10","2022222","12:05","11.0","89.7672","5.0","","","2.7","","7.2","92","","24","","22.56","20.74","15.12","","","","",""
"2022-08-10","2022222","12:05","11.0","89.7672","6.0","","","2.7","","7.1","92","","30","","22.66","20.72","15.20","","","","",""
"2022-08-10","2022222","12:05","11.0","89.7672","7.0","","","3.0","","7.1","91","","46","","22.68","20.71","15.22","","","","",""
"2022-08-10","2022222","12:05","11.0","89.7672","8.0","","","3.3","","7.1","91","","60","","22.69","20.71","15.22","","","","",""
"2022-08-10","2022222","12:05","11.0","89.7672","9.0","","","3.4","","7.1","91","","70","","22.70","20.71","15.24","","","","",""
"2022-08-10","2022222","12:05","11.0","89.7672","10.0","","","3.7","","7.1","91","","80","","22.83","20.72","15.33","","","","",""
"2022-08-10","2022222","12:05","11.0","89.7672","11.0","","","3.9","","7.1","91","","97","","22.87","20.73","15.35","","","","",""
"2022-08-10","2022222","12:05","11.0","89.7672","12.0","","","4.0","","7.1","91","","99","","22.89","20.73","15.37","","","","",""
"2022-08-10","2022222","12:05","11.0","89.7672","13.0","","","4.1","","7.1","91","","102","","22.90","20.73","15.38","","","","",""
"2022-08-10","2022222","12:05","11.0","89.7672","14.0","","","4.1","","7.1","91","","101","","22.94","20.74","15.41","","","","",""
"2022-08-10","2022222","12:05","11.0","89.7672","15.0","","","3.9","","7.1","91","","102","","22.95","20.74","15.42","","","","",""
"2022-08-10","2022222","12:05","11.0","89.7672","16.0","","","4.0","","7.1","91","","101","","22.95","20.74","15.42","","","","",""
"2022-08-10","2022222","12:05","11.0","89.7672","17.0","","","4.1","","7.1","91","","102","","22.96","20.74","15.42","","","","",""
"2022-08-10","2022222","12:05","11.0","89.7672","18.0","","","4.0","","7.1","91","","100","","22.98","20.75","15.44","","","","",""
"2022-08-10","2022222","12:05","11.0","89.7672","19.0","","","3.9","","7.1","91","","100","","22.99","20.75","15.44","","","","",""
"2022-08-10","2022222","12:05","11.0","89.7672","20.0","","","3.8","","7.1","91","","100","","22.98","20.75","15.44","","","","",""
"2022-08-10","2022222","12:05","11.0","89.7672","21.0","","","3.9","","7.1","91","","100","","22.98","20.75","15.43","","","","",""
"2022-08-10","2022222","12:05","11.0","89.7672","22.0","","","3.9","","7.1","91","","100","","22.98","20.75","15.43","","","","",""
"2022-08-10","2022222","12:05","11.0","89.7672","23.0","","","3.9","","7.1","91","","100","","22.96","20.75","15.42","","","","",""
"2022-08-10","2022222","11:53","12.0","84.4458","1.0","","","3.9","","7.1","92","","41","2.23","24.48","21.08","16.49","","","","",""
"2022-08-10","2022222","11:53","12.0","84.4458","2.0","","","4.1","","7.1","92","","63","","24.48","20.94","16.52","","","","",""
"2022-08-10","2022222","11:53","12.0","84.4458","3.0","","","4.6","","7.1","92","","103","","24.47","20.91","16.52","","","","",""
"2022-08-10","2022222","11:53","12.0","84.4458","4.0","","","4.9","","7.1","92","","113","","24.46","20.90","16.52","","","","",""
"2022-08-10","2022222","11:53","12.0","84.4458","5.0","","","4.9","","7.1","92","","118","","24.45","20.90","16.51","","","","",""
"2022-08-10","2022222","11:53","12.0","84.4458","6.0","","","5.1","","7.1","92","","125","","24.42","20.89","16.49","","","","",""
"2022-08-10","2022222","11:53","12.0","84.4458","7.0","","","5.8","","7.1","92","","200","","24.37","20.88","16.45","","","","",""
"2022-08-10","2022222","11:53","12.0","84.4458","8.0","","","5.8","","7.1","92","","262","","24.35","20.88","16.44","","","","",""
"2022-08-10","2022222","11:53","12.0","84.4458","9.0","","","6.0","","7.1","92","","320","","24.34","20.88","16.43","","","","",""
"2022-08-10","2022222","11:38","13.0","78.5444","1.0","","","6.6","","7.5","99","","17","1.13","27.07","21.22","18.41","","","","",""
"2022-08-10","2022222","11:38","13.0","78.5444","2.0","9.3","0.98","8.8","","7.3","96","23.1","19","","27.34","20.81","18.72","0.97","13.21","4.36","2.39","40.23"
"2022-08-10","2022222","11:38","13.0","78.5444","3.0","","","7.8","","7.2","95","","25","","27.64","20.58","19.01","","","","",""
"2022-08-10","2022222","11:38","13.0","78.5444","4.0","","","6.5","","7.2","94","","40","","27.80","20.45","19.16","","","","",""
"2022-08-10","2022222","11:38","13.0","78.5444","5.0","","","6.5","","7.1","94","","53","","27.93","20.35","19.29","","","","",""
"2022-08-10","2022222","11:38","13.0","78.5444","6.0","","","6.6","","7.1","93","","63","","28.00","20.30","19.36","","","","",""
"2022-08-10","2022222","11:38","13.0","78.5444","7.0","","","6.5","","7.1","93","","68","","28.11","20.24","19.45","","","","",""
"2022-08-10","2022222","11:38","13.0","78.5444","8.0","","","7.1","","7.1","93","","78","","28.15","20.22","19.49","","","","",""
"2022-08-10","2022222","11:38","13.0","78.5444","9.0","","","7.1","","7.1","93","","81","","28.16","20.21","19.50","","","","",""
"2022-08-10","2022222","11:38","13.0","78.5444","10.0","","","7.2","","7.1","93","","88","","28.10","20.24","19.45","","","","",""
"2022-08-10","2022222","11:25","14.0","74.4288","1.0","","","7.4","","7.4","97","","20","1.20","28.54","20.43","19.73","","","","",""
"2022-08-10","2022222","11:25","14.0","74.4288","2.0","","","7.7","","7.3","96","","23","","28.70","20.17","19.92","","","","",""
"2022-08-10","2022222","11:25","14.0","74.4288","3.0","","","7.0","","7.3","95","","33","","28.80","20.02","20.04","","","","",""
"2022-08-10","2022222","11:25","14.0","74.4288","4.0","","","6.7","","7.3","95","","47","","28.86","19.93","20.10","","","","",""
"2022-08-10","2022222","11:25","14.0","74.4288","5.0","","","7.1","","7.2","95","","72","","28.87","19.91","20.12","","","","",""
"2022-08-10","2022222","11:25","14.0","74.4288","6.0","","","7.2","","7.2","94","","76","","28.89","19.88","20.14","","","","",""
"2022-08-10","2022222","11:25","14.0","74.4288","7.0","","","7.6","","7.2","94","","109","","28.90","19.87","20.15","","","","",""
"2022-08-10","2022222","11:25","14.0","74.4288","8.0","","","7.8","","7.2","94","","119","","28.90","19.87","20.15","","","","",""
"2022-08-10","2022222","11:25","14.0","74.4288","9.0","","","7.9","","7.2","94","","126","","28.90","19.87","20.15","","","","",""
"2022-08-10","2022222","11:25","14.0","74.4288","10.0","","","8.0","","7.2","94","","127","","28.90","19.87","20.15","","","","",""
"2022-08-10","2022222","11:25","14.0","74.4288","11.0","","","8.2","","7.2","94","","143","","28.90","19.86","20.15","","","","",""
"2022-08-10","2022222","11:25","14.0","74.4288","12.0","","","8.4","","7.1","93","","151","","28.91","19.86","20.16","","","","",""
"2022-08-10","2022222","11:25","14.0","74.4288","13.0","","","9.1","","7.1","93","","176","","28.94","19.84","20.19","","","","",""
"2022-08-10","2022222","11:25","14.0","74.4288","14.0","","","9.0","","7.1","93","","225","","28.95","19.83","20.20","","","","",""
"2022-08-10","2022222","11:25","14.0","74.4288","15.0","","","9.4","","7.1","93","","246","","28.96","19.83","20.20","","","","",""
"2022-08-10","2022222","11:11","15.0","69.9895","1.0","","","13.2","","7.4","97","","25","1.40","28.86","20.16","20.05","","","","",""
"2022-08-10","2022222","11:11","15.0","69.9895","2.0","13.1","0.98","13.0","","7.4","97","30.2","26","","28.87","20.15","20.06","1.36","19.70","4.64","3.55","56.97"
"2022-08-10","2022222","11:11","15.0","69.9895","3.0","","","13.2","","7.3","95","","24","","28.81","20.21","19.99","","","","",""
"2022-08-10","2022222","11:11","15.0","69.9895","4.0","","","13.6","","7.3","95","","28","","29.14","19.85","20.34","","","","",""
"2022-08-10","2022222","11:11","15.0","69.9895","5.0","","","10.9","","7.3","95","","39","","29.31","19.68","20.51","","","","",""
"2022-08-10","2022222","11:11","15.0","69.9895","6.0","","","10.2","","7.3","95","","44","","29.36","19.65","20.55","","","","",""
"2022-08-10","2022222","11:11","15.0","69.9895","7.0","","","10.3","","7.4","96","","43","","29.46","19.59","20.64","","","","",""
"2022-08-10","2022222","11:11","15.0","69.9895","8.0","","","10.6","","7.4","96","","45","","29.59","19.53","20.76","","","","",""
"2022-08-10","2022222","11:11","15.0","69.9895","9.0","","","11.3","","7.4","97","","47","","29.72","19.47","20.88","","","","",""
"2022-08-10","2022222","11:11","15.0","69.9895","10.0","","","11.6","","7.4","97","","48","","29.75","19.45","20.90","","","","",""
"2022-08-10","2022222","11:11","15.0","69.9895","11.0","","","11.7","","7.4","97","","47","","29.80","19.44","20.94","","","","",""
"2022-08-10","2022222","11:11","15.0","69.9895","12.0","","","12.5","","7.5","97","","48","","29.78","19.44","20.93","","","","",""
"2022-08-10","2022222","11:11","15.0","69.9895","13.0","","","12.0","","7.5","97","","47","","29.79","19.44","20.94","","","","",""
"2022-08-10","2022222","11:11","15.0","69.9895","14.0","","","11.5","","7.5","97","","47","","29.79","19.44","20.94","","","","",""
"2022-08-10","2022222","11:11","15.0","69.9895","15.0","","","11.5","","7.5","97","","48","","29.79","19.44","20.93","","","","",""
"2022-08-10","2022222","11:11","15.0","69.9895","16.0","","","11.7","","7.5","97","","50","","29.81","19.44","20.95","","","","",""
"2022-08-10","2022222","11:11","15.0","69.9895","17.0","","","12.1","","7.5","97","","51","","29.81","19.44","20.95","","","","",""
"2022-08-10","2022222","11:11","15.0","69.9895","18.0","","","12.0","","7.5","97","","54","","29.81","19.43","20.95","","","","",""
"2022-08-10","2022222","11:11","15.0","69.9895","19.0","","","11.8","","7.5","97","","52","","29.81","19.44","20.95","","","","",""
"2022-08-10","2022222","11:11","15.0","69.9895","20.0","","","11.9","","7.5","97","","52","","29.81","19.44","20.95","","","","",""
"2022-08-10","2022222","11:11","15.0","69.9895","21.0","","","11.8","","7.5","97","","53","","29.81","19.44","20.95","","","","",""
"2022-08-10","2022222","11:11","15.0","69.9895","22.0","","","11.3","","7.5","97","","54","","29.80","19.44","20.94","","","","",""
"2022-08-10","2022222","11:11","15.0","69.9895","23.0","11.5","0.83","11.3","","7.5","97","63.2","56","","29.80","19.44","20.94","","","","",""
"2022-08-10","2022222","10:55","16.0","63.0794","1.0","","","20.6","","7.9","102","","24","1.34","31.54","18.37","22.54","","","","",""
"2022-08-10","2022222","10:55","16.0","63.0794","2.0","","","20.1","","7.9","102","","27","","31.54","18.32","22.55","","","","",""
"2022-08-10","2022222","10:55","16.0","63.0794","3.0","","","20.0","","7.9","102","","28","","31.54","18.32","22.55","","","","",""
"2022-08-10","2022222","10:55","16.0","63.0794","4.0","","","20.7","","7.9","102","","30","","31.54","18.31","22.55","","","","",""
"2022-08-10","2022222","10:55","16.0","63.0794","5.0","","","20.3","","7.9","102","","32","","31.54","18.31","22.55","","","","",""
"2022-08-10","2022222","10:55","16.0","63.0794","6.0","","","21.4","","7.9","101","","34","","31.54","18.31","22.55","","","","",""
"2022-08-10","2022222","10:55","16.0","63.0794","7.0","","","22.8","","7.9","101","","39","","31.55","18.30","22.56","","","","",""
"2022-08-10","2022222","10:55","16.0","63.0794","8.0","","","22.4","","7.9","101","","48","","31.55","18.29","22.56","","","","",""
"2022-08-10","2022222","10:55","16.0","63.0794","9.0","","","22.0","","7.9","101","","56","","31.55","18.29","22.56","","","","",""
"2022-08-10","2022222","10:55","16.0","63.0794","10.0","","","22.6","","7.9","101","","57","","31.55","18.29","22.56","","","","",""
"2022-08-10","2022222","10:55","16.0","63.0794","11.0","","","22.0","","7.9","101","","57","","31.55","18.29","22.56","","","","",""
"2022-08-10","2022222","10:55","16.0","63.0794","12.0","","","22.7","","7.9","101","","60","","31.55","18.29","22.56","","","","",""
"2022-08-10","2022222","10:55","16.0","63.0794","13.0","","","22.6","","7.9","101","","63","","31.56","18.28","22.57","","","","",""
"2022-08-10","2022222","10:55","16.0","63.0794","14.0","","","22.4","","7.9","101","","63","","31.56","18.28","22.57","","","","",""
"2022-08-10","2022222","10:42","17.0","58.8909","1.0","","","21.8","","7.8","102","","12","1.09","30.99","18.77","22.01","","","","",""
"2022-08-10","2022222","10:42","17.0","58.8909","2.0","22.4","0.97","21.9","","7.9","102","","12","","31.00","18.75","22.03","","","","",""
"2022-08-10","2022222","10:42","17.0","58.8909","3.0","","","22.0","","8.0","103","","12","","31.13","18.67","22.15","","","","",""
"2022-08-10","2022222","10:42","17.0","58.8909","4.0","","","22.2","","8.0","103","","11","","31.51","18.39","22.51","","","","",""
"2022-08-10","2022222","10:42","17.0","58.8909","5.0","","","22.6","","8.1","103","","17","","31.95","18.02","22.93","","","","",""
"2022-08-10","2022222","10:42","17.0","58.8909","6.0","","","22.5","","8.1","104","","41","","32.04","17.93","23.02","","","","",""
"2022-08-10","2022222","10:42","17.0","58.8909","7.0","","","22.2","","8.1","104","","46","","32.04","17.93","23.02","","","","",""
"2022-08-10","2022222","10:42","17.0","58.8909","8.0","","","21.6","","8.1","104","","48","","32.04","17.93","23.02","","","","",""
"2022-08-10","2022222","10:42","17.0","58.8909","9.0","","","21.9","","8.1","103","","51","","32.04","17.93","23.02","","","","",""
"2022-08-10","2022222","10:42","17.0","58.8909","10.0","","","21.9","","8.1","104","","53","","32.04","17.93","23.02","","","","",""
"2022-08-10","2022222","10:42","17.0","58.8909","11.0","","","21.7","","8.1","104","","55","","32.03","17.94","23.02","","","","",""
"2022-08-10","2022222","10:27","18.0","54.9481","1.0","","","17.1","","7.9","100","","9","1.02","32.57","16.98","23.66","","","","",""
"2022-08-10","2022222","10:27","18.0","54.9481","2.0","17.0","0.86","17.0","","7.9","100","12.7","9","","32.57","16.98","23.66","1.01","14.49","4.78","2.19","42.01"
"2022-08-10","2022222","10:27","18.0","54.9481","3.0","","","17.0","","7.9","99","","10","","32.57","16.98","23.66","","","","",""
"2022-08-10","2022222","10:27","18.0","54.9481","4.0","","","16.9","","7.9","99","","10","","32.57","16.98","23.66","","","","",""
"2022-08-10","2022222","10:27","18.0","54.9481","5.0","","","17.0","","7.9","99","","10","","32.57","16.98","23.66","","","","",""
"2022-08-10","2022222","10:27","18.0","54.9481","6.0","","","16.5","","7.9","100","","10","","32.57","16.98","23.66","","","","",""
"2022-08-10","2022222","10:27","18.0","54.9481","7.0","","","16.9","","7.9","99","","10","","32.57","16.98","23.66","","","","",""
"2022-08-10","2022222","10:27","18.0","54.9481","8.0","","","16.8","","7.9","99","","10","","32.57","16.97","23.66","","","","",""
"2022-08-10","2022222","10:27","18.0","54.9481","9.0","","","17.3","","7.9","100","","10","","32.58","16.97","23.66","","","","",""
"2022-08-10","2022222","10:27","18.0","54.9481","10.0","","","17.4","","7.9","100","","10","","32.58","16.97","23.66","","","","",""
"2022-08-10","2022222","10:27","18.0","54.9481","11.0","","","17.2","","7.9","99","","11","","32.57","16.97","23.66","","","","",""
"2022-08-10","2022222","10:27","18.0","54.9481","12.0","","","18.4","","7.9","99","","12","","32.57","16.97","23.66","","","","",""
"2022-08-10","2022222","10:27","18.0","54.9481","13.0","","","17.6","","7.9","99","","11","","32.57","16.97","23.66","","","","",""
"2022-08-10","2022222","10:27","18.0","54.9481","14.0","","","17.4","","7.9","99","","11","","32.57","16.98","23.65","","","","",""
"2022-08-10","2022222","10:27","18.0","54.9481","15.0","","","18.1","","7.9","99","","12","","32.57","16.98","23.65","","","","",""
"2022-08-10","2022222","10:27","18.0","54.9481","16.0","","","18.8","","7.9","99","","12","","32.57","16.98","23.65","","","","",""
"2022-08-10","2022222","10:27","18.0","54.9481","17.0","","","17.9","","7.9","99","","13","","32.57","16.98","23.65","","","","",""
"2022-08-10","2022222","10:27","18.0","54.9481","18.0","","","20.0","","7.9","99","","13","","32.57","16.98","23.65","","","","",""
"2022-08-10","2022222","10:27","18.0","54.9481","19.0","","","18.1","","7.9","100","","13","","32.57","16.98","23.65","","","","",""
"2022-08-10","2022222","10:27","18.0","54.9481","20.0","","","18.3","","7.9","99","","13","","32.57","16.98","23.65","","","","",""
"2022-08-10","2022222","10:27","18.0","54.9481","21.0","","","17.7","","7.9","99","","13","","32.57","16.98","23.65","","","","",""
"2022-08-10","2022222","10:27","18.0","54.9481","22.0","","","18.6","","7.9","99","","13","","32.57","16.98","23.65","","","","",""
"2022-08-10","2022222","10:27","18.0","54.9481","23.0","","","18.7","","7.9","99","","13","","32.57","16.98","23.65","","","","",""
"2022-08-10","2022222","10:27","18.0","54.9481","24.0","","","18.4","","7.9","99","","13","","32.57","16.98","23.65","","","","",""
"2022-08-10","2022222","10:27","18.0","54.9481","25.0","","","18.9","","7.9","99","","14","","32.57","16.98","23.65","","","","",""
"2022-08-10","2022222","10:27","18.0","54.9481","26.0","","","20.2","","7.9","100","","13","","32.57","16.98","23.65","","","","",""
"2022-08-10","2022222","10:27","18.0","54.9481","27.0","","","20.0","","7.9","99","","15","","32.57","16.98","23.65","","","","",""
"2022-08-10","2022222","10:27","18.0","54.9481","28.0","","","18.0","","7.9","99","","15","","32.57","16.98","23.65","","","","",""
"2022-08-10","2022222","10:27","18.0","54.9481","29.0","","","18.8","","7.9","99","","16","","32.57","16.98","23.65","","","","",""
"2022-08-10","2022222","10:27","18.0","54.9481","30.0","","","18.6","","7.9","99","","15","","32.57","16.98","23.65","","","","",""
"2022-08-10","2022222","10:27","18.0","54.9481","31.0","","","19.0","","7.9","99","","16","","32.57","16.98","23.65","","","","",""
"2022-08-10","2022222","10:27","18.0","54.9481","32.0","","","18.5","","7.9","99","","14","","32.57","16.98","23.65","","","","",""
"2022-08-10","2022222","10:27","18.0","54.9481","33.0","","","18.2","","7.9","99","","15","","32.57","16.98","23.65","","","","",""
"2022-08-10","2022222","10:27","18.0","54.9481","34.0","","","18.4","","7.9","99","","17","","32.56","16.99","23.65","","","","",""
"2022-08-10","2022222","10:27","18.0","54.9481","35.0","","","18.9","","7.9","99","","17","","32.56","16.99","23.65","","","","",""
"2022-08-10","2022222","10:27","18.0","54.9481","36.0","","","19.9","","7.9","99","","17","","32.56","16.99","23.65","","","","",""
"2022-08-10","2022222","10:27","18.0","54.9481","37.0","","","18.9","","7.9","99","","20","","32.56","16.99","23.65","","","","",""
"2022-08-10","2022222","10:27","18.0","54.9481","38.0","","","18.7","","7.9","99","","23","","32.56","16.99","23.65","","","","",""
"2022-08-10","2022222","10:27","18.0","54.9481","39.0","","","19.7","","7.9","99","","25","","32.56","16.99","23.65","","","","",""
"2022-08-10","2022222","10:27","18.0","54.9481","40.0","","","19.6","","7.9","99","","27","","32.56","16.99","23.65","","","","",""
"2022-08-10","2022222","10:27","18.0","54.9481","41.0","","","19.9","","7.9","99","","25","","32.56","16.99","23.64","","","","",""
"2022-08-10","2022222","10:27","18.0","54.9481","42.0","","","19.9","","7.9","99","","28","","32.56","16.99","23.64","","","","",""
"2022-08-10","2022222","10:27","18.0","54.9481","43.0","","","19.9","","7.9","99","","29","","32.56","16.99","23.64","","","","",""
"2022-08-10","2022222","10:27","18.0","54.9481","44.0","","","19.8","","7.9","99","","31","","32.56","16.99","23.64","","","","",""
"2022-08-10","2022222","10:27","18.0","54.9481","45.0","18.1","0.79","19.8","","7.9","99","","34","","32.56","16.99","23.64","","","","",""
"2022-08-10","2022222","10:12","20.0","51.4501","1.0","","","18.1","","8.0","101","","7","0.93","32.48","17.27","23.51","","","","",""
"2022-08-10","2022222","10:12","20.0","51.4501","2.0","18.8","0.88","18.3","","7.9","100","","8","","32.48","17.23","23.52","","","","",""
"2022-08-10","2022222","10:12","20.0","51.4501","3.0","","","18.3","","7.9","101","","12","","32.48","17.21","23.53","","","","",""
"2022-08-10","2022222","10:12","20.0","51.4501","4.0","","","18.2","","7.9","100","","13","","32.48","17.21","23.53","","","","",""
"2022-08-10","2022222","10:12","20.0","51.4501","5.0","","","18.5","","7.9","100","","12","","32.48","17.21","23.53","","","","",""
"2022-08-10","2022222","10:12","20.0","51.4501","6.0","","","18.1","","7.9","101","","14","","32.48","17.21","23.53","","","","",""
"2022-08-10","2022222","10:12","20.0","51.4501","7.0","","","18.1","","7.9","101","","14","","32.48","17.21","23.53","","","","",""
"2022-08-10","2022222","10:12","20.0","51.4501","8.0","","","18.5","","7.9","101","","14","","32.48","17.21","23.53","","","","",""
"2022-08-10","2022222","10:12","20.0","51.4501","9.0","","","18.6","","7.9","101","","13","","32.48","17.21","23.53","","","","",""
"2022-08-10","2022222","10:12","20.0","51.4501","10.0","","","18.3","","7.9","101","","13","","32.48","17.21","23.53","","","","",""
"2022-08-10","2022222","10:12","20.0","51.4501","11.0","","","18.5","","7.9","101","","14","","32.47","17.21","23.53","","","","",""
"2022-08-10","2022222","10:12","20.0","51.4501","12.0","","","18.1","","7.9","101","","15","","32.47","17.21","23.53","","","","",""
"2022-08-10","2022222","10:12","20.0","51.4501","13.0","","","18.6","","7.9","101","","16","","32.47","17.22","23.53","","","","",""
"2022-08-10","2022222","10:12","20.0","51.4501","14.0","","","19.2","","7.9","101","","21","","32.47","17.22","23.52","","","","",""
"2022-08-10","2022222","10:12","20.0","51.4501","15.0","","","19.5","","7.9","101","","26","","32.47","17.22","23.52","","","","",""
"2022-08-10","2022222","10:12","20.0","51.4501","16.0","","","19.2","","7.9","101","","26","","32.47","17.22","23.52","","","","",""
"2022-08-10","2022222","10:12","20.0","51.4501","17.0","","","18.9","","7.9","101","","19","","32.47","17.22","23.52","","","","",""
"2022-08-10","2022222","10:12","20.0","51.4501","18.0","","","19.0","","7.9","101","","19","","32.47","17.22","23.52","","","","",""
"2022-08-10","2022222","10:12","20.0","51.4501","19.0","","","18.4","","7.9","101","","19","","32.47","17.22","23.52","","","","",""
"2022-08-10","2022222","10:12","20.0","51.4501","20.0","","","18.7","","7.9","101","","21","","32.47","17.22","23.52","","","","",""
"2022-08-10","2022222","10:12","20.0","51.4501","21.0","","","19.3","","7.9","101","","30","","32.47","17.23","23.52","","","","",""
"2022-08-10","2022222","10:12","20.0","51.4501","22.0","","","19.6","","7.9","101","","33","","32.47","17.23","23.52","","","","",""
"2022-08-10","2022222","10:12","20.0","51.4501","23.0","","","18.8","","7.9","101","","31","","32.47","17.23","23.52","","","","",""
"2022-08-10","2022222","10:12","20.0","51.4501","24.0","","","19.0","","7.9","101","","39","","32.47","17.23","23.52","","","","",""
"2022-08-10","2022222","10:12","20.0","51.4501","25.0","","","20.4","","7.9","101","","46","","32.46","17.23","23.51","","","","",""
"2022-08-10","2022222","10:12","20.0","51.4501","26.0","","","20.8","","7.9","101","","72","","32.46","17.24","23.51","","","","",""
"2022-08-10","2022222","10:12","20.0","51.4501","27.0","","","20.8","","7.9","101","","59","","32.46","17.23","23.51","","","","",""
"2022-08-10","2022222","9:54","21.0","46.6266","1.0","","","20.8","","7.9","102","","18","1.24","31.50","18.28","22.53","","","","",""
"2022-08-10","2022222","9:54","21.0","46.6266","2.0","21.6","0.92","21.2","","7.9","102","","19","","31.60","18.19","22.62","","","","",""
"2022-08-10","2022222","9:54","21.0","46.6266","3.0","","","20.9","","7.9","102","","21","","31.62","18.17","22.65","","","","",""
"2022-08-10","2022222","9:54","21.0","46.6266","4.0","","","21.0","","7.9","102","","21","","31.69","18.12","22.71","","","","",""
"2022-08-10","2022222","9:54","21.0","46.6266","5.0","","","20.8","","8.0","102","","24","","31.75","18.06","22.77","","","","",""
"2022-08-10","2022222","9:54","21.0","46.6266","6.0","","","20.5","","8.0","102","","24","","31.76","18.05","22.78","","","","",""
"2022-08-10","2022222","9:54","21.0","46.6266","7.0","","","20.7","","8.0","102","","24","","31.77","18.05","22.79","","","","",""
"2022-08-10","2022222","9:54","21.0","46.6266","8.0","","","21.3","","7.9","102","","26","","31.78","18.04","22.80","","","","",""
"2022-08-10","2022222","9:54","21.0","46.6266","9.0","","","21.6","","7.9","102","","27","","31.79","18.03","22.81","","","","",""
"2022-08-10","2022222","9:54","21.0","46.6266","10.0","","","20.9","","7.9","101","","27","","31.78","18.02","22.81","","","","",""
"2022-08-10","2022222","9:54","21.0","46.6266","11.0","","","20.5","","7.9","101","","27","","31.79","18.01","22.81","","","","",""
"2022-08-10","2022222","9:54","21.0","46.6266","12.0","","","19.7","","7.9","101","","30","","31.79","18.00","22.81","","","","",""
"2022-08-10","2022222","9:54","21.0","46.6266","13.0","","","19.2","","7.9","101","","31","","31.79","18.00","22.82","","","","",""
"2022-08-10","2022222","9:54","21.0","46.6266","14.0","","","18.9","","7.9","101","","32","","31.79","18.00","22.82","","","","",""
"2022-08-10","2022222","9:54","21.0","46.6266","15.0","","","18.4","","7.9","101","","32","","31.79","18.00","22.82","","","","",""
"2022-08-10","2022222","9:54","21.0","46.6266","16.0","","","19.0","","7.9","101","","32","","31.79","18.01","22.81","","","","",""
"2022-08-10","2022222","9:54","21.0","46.6266","17.0","","","19.6","","7.9","102","","32","","31.79","18.01","22.81","","","","",""
"2022-08-10","2022222","9:40","22.0","43.9210","1.0","","","27.0","","8.2","106","","17","1.11","31.75","18.42","22.68","","","","",""
"2022-08-10","2022222","9:40","22.0","43.9210","2.0","30.8","0.96","27.2","","8.2","106","14.2","18","","31.79","18.37","22.72","1.24","16.56","3.86","2.64","50.56"
"2022-08-10","2022222","9:40","22.0","43.9210","3.0","","","26.9","","8.2","105","","21","","31.82","18.37","22.75","","","","",""
"2022-08-10","2022222","9:40","22.0","43.9210","4.0","","","26.9","","8.2","106","","26","","31.83","18.36","22.76","","","","",""
"2022-08-10","2022222","9:40","22.0","43.9210","5.0","","","26.7","","8.2","106","","29","","31.83","18.36","22.76","","","","",""
"2022-08-10","2022222","9:40","22.0","43.9210","6.0","","","26.5","","8.2","105","","30","","31.84","18.36","22.76","","","","",""
"2022-08-10","2022222","9:40","22.0","43.9210","7.0","","","26.0","","8.2","105","","29","","31.83","18.36","22.76","","","","",""
"2022-08-10","2022222","9:40","22.0","43.9210","8.0","","","26.4","","8.2","105","","29","","31.84","18.37","22.76","","","","",""
"2022-08-10","2022222","9:40","22.0","43.9210","9.0","","","27.1","","8.2","105","","32","","31.83","18.37","22.76","","","","",""
"2022-08-10","2022222","9:40","22.0","43.9210","10.0","","","26.7","","8.2","105","","30","","31.83","18.37","22.76","","","","",""
"2022-08-10","2022222","9:40","22.0","43.9210","11.0","","","26.8","","8.2","106","","31","","31.83","18.37","22.76","","","","",""
"2022-08-10","2022222","9:40","22.0","43.9210","12.0","","","27.2","","8.2","105","","29","","31.85","18.37","22.77","","","","",""
"2022-08-10","2022222","9:40","22.0","43.9210","13.0","","","27.1","","8.2","105","","44","","31.88","18.37","22.79","","","","",""
"2022-08-10","2022222","9:40","22.0","43.9210","14.0","","","26.6","","8.2","105","","48","","31.88","18.37","22.79","","","","",""
"2022-08-10","2022222","9:40","22.0","43.9210","15.0","","","27.1","","8.2","105","","51","","31.88","18.37","22.79","","","","",""
"2022-08-10","2022222","9:40","22.0","43.9210","16.0","","","26.2","","8.1","105","","52","","31.88","18.38","22.79","","","","",""
"2022-08-10","2022222","9:40","22.0","43.9210","17.0","","","25.9","","8.1","105","","58","","31.89","18.38","22.80","","","","",""
"2022-08-10","2022222","9:40","22.0","43.9210","18.0","","","26.7","","8.1","105","","72","","31.89","18.39","22.80","","","","",""
"2022-08-10","2022222","9:40","22.0","43.9210","19.0","27.0","0.82","27.5","","8.1","105","88.8","78","","31.90","18.39","22.80","","","","",""
"2022-08-10","2022222","9:23","23.0","39.6557","1.0","","","45.1","","8.9","120","","26","1.64","32.32","20.59","22.57","","","","",""
"2022-08-10","2022222","9:23","23.0","39.6557","2.0","","","41.9","","8.9","120","","30","","32.32","20.58","22.57","","","","",""
"2022-08-10","2022222","9:23","23.0","39.6557","3.0","","","42.9","","8.9","120","","36","","32.32","20.58","22.57","","","","",""
"2022-08-10","2022222","9:23","23.0","39.6557","4.0","","","43.9","","8.9","120","","38","","32.32","20.57","22.57","","","","",""
"2022-08-10","2022222","9:23","23.0","39.6557","5.0","","","44.2","","8.9","119","","47","","32.32","20.56","22.57","","","","",""
"2022-08-10","2022222","9:23","23.0","39.6557","6.0","","","44.6","","8.9","119","","57","","32.32","20.57","22.57","","","","",""
"2022-08-10","2022222","9:23","23.0","39.6557","7.0","","","45.2","","8.9","119","","55","","32.32","20.56","22.57","","","","",""
"2022-08-10","2022222","9:23","23.0","39.6557","8.0","","","44.2","","8.9","120","","62","","32.32","20.56","22.57","","","","",""
"2022-08-10","2022222","9:23","23.0","39.6557","9.0","","","44.1","","8.9","120","","63","","32.32","20.57","22.57","","","","",""
"2022-08-10","2022222","9:23","23.0","39.6557","10.0","","","44.3","","8.9","120","","60","","32.32","20.57","22.57","","","","",""
"2022-08-10","2022222","9:23","23.0","39.6557","11.0","","","44.1","","8.9","119","","63","","32.32","20.56","22.57","","","","",""
"2022-08-10","2022222","9:23","23.0","39.6557","12.0","","","41.4","","8.9","120","","79","","32.31","20.56","22.57","","","","",""
"2022-08-10","2022222","9:23","23.0","39.6557","13.0","","","42.6","","8.9","120","","88","","32.31","20.56","22.57","","","","",""
"2022-08-10","2022222","9:23","23.0","39.6557","14.0","","","44.2","","8.9","120","","82","","32.31","20.56","22.57","","","","",""
"2022-08-10","2022222","9:10","24.0","37.0911","1.0","","","26.6","","7.8","106","","91","5.11","32.52","21.10","22.58","","","","",""
"2022-08-10","2022222","9:10","24.0","37.0911","2.0","26.8","0.79","27.0","","7.8","106","110.9","97","","32.52","21.10","22.58","2.09","28.13","2.57","6.49","81.89"
"2022-08-10","2022222","9:10","24.0","37.0911","3.0","","","27.4","","7.8","106","","98","","32.52","21.10","22.58","","","","",""
"2022-08-10","2022222","9:10","24.0","37.0911","4.0","","","27.5","","7.8","106","","99","","32.52","21.11","22.58","","","","",""
"2022-08-10","2022222","9:10","24.0","37.0911","5.0","","","27.5","","7.8","106","","102","","32.53","21.11","22.58","","","","",""
"2022-08-10","2022222","9:10","24.0","37.0911","6.0","","","27.4","","7.8","106","","103","","32.53","21.11","22.58","","","","",""
"2022-08-10","2022222","9:10","24.0","37.0911","7.0","","","27.5","","7.8","106","","102","","32.53","21.11","22.58","","","","",""
"2022-08-10","2022222","9:10","24.0","37.0911","8.0","","","27.4","","7.8","106","","103","","32.53","21.11","22.58","","","","",""
"2022-08-10","2022222","9:10","24.0","37.0911","9.0","","","27.7","","7.8","106","","106","","32.53","21.11","22.58","","","","",""
"2022-08-10","2022222","9:10","24.0","37.0911","10.0","24.5","0.73","27.2","","7.8","106","","107","","32.53","21.11","22.58","","","","",""
"2022-08-10","2022222","8:56","25.0","32.8382","1.0","","","21.0","","6.8","94","","154","6.31","32.67","21.29","22.64","","","","",""
"2022-08-10","2022222","8:56","25.0","32.8382","2.0","","","21.1","","6.9","94","","171","","32.67","21.29","22.64","","","","",""
"2022-08-10","2022222","8:56","25.0","32.8382","3.0","","","21.2","","6.9","94","","167","","32.67","21.29","22.64","","","","",""
"2022-08-10","2022222","8:56","25.0","32.8382","4.0","","","21.2","","6.9","94","","168","","32.67","21.29","22.64","","","","",""
"2022-08-10","2022222","8:56","25.0","32.8382","5.0","","","21.9","","6.9","94","","178","","32.67","21.29","22.64","","","","",""
"2022-08-10","2022222","8:56","25.0","32.8382","6.0","","","21.8","","6.9","94","","180","","32.67","21.30","22.64","","","","",""
"2022-08-10","2022222","8:56","25.0","32.8382","7.0","","","21.6","","6.8","94","","183","","32.68","21.30","22.64","","","","",""
"2022-08-10","2022222","8:56","25.0","32.8382","8.0","","","21.6","","6.9","94","","189","","32.68","21.31","22.64","","","","",""
"2022-08-10","2022222","8:41","26.0","28.7560","1.0","","","13.3","","6.5","90","","67","3.40","32.93","21.91","22.67","","","","",""
"2022-08-10","2022222","8:41","26.0","28.7560","2.0","","","13.8","","6.4","90","","69","","32.93","21.91","22.67","","","","",""
"2022-08-10","2022222","8:41","26.0","28.7560","3.0","","","14.2","","6.4","90","","75","","32.94","21.93","22.68","","","","",""
"2022-08-10","2022222","8:41","26.0","28.7560","4.0","","","15.2","","6.4","90","","78","","32.94","21.93","22.68","","","","",""
"2022-08-10","2022222","8:41","26.0","28.7560","5.0","","","15.7","","6.4","90","","99","","32.96","21.96","22.68","","","","",""
"2022-08-10","2022222","8:41","26.0","28.7560","6.0","","","16.0","","6.4","90","","102","","32.97","21.97","22.68","","","","",""
"2022-08-10","2022222","8:41","26.0","28.7560","7.0","","","16.2","","6.4","89","","114","","32.97","21.98","22.68","","","","",""
"2022-08-10","2022222","8:41","26.0","28.7560","8.0","","","20.2","","6.4","89","","122","","32.98","22.00","22.68","","","","",""
"2022-08-10","2022222","8:41","26.0","28.7560","10.0","","","16.6","","6.4","89","","139","","32.99","22.02","22.68","","","","",""
"2022-08-10","2022222","8:27","27.0","26.1872","1.0","7.6","0.83","7.5","","6.4","90","25.3","30","1.80","33.10","22.21","22.72","1.57","25.13","5.64","8.54","95.42"
"2022-08-10","2022222","8:27","27.0","26.1872","2.0","","","7.1","","6.4","90","","33","","33.10","22.21","22.72","","","","",""
"2022-08-10","2022222","8:27","27.0","26.1872","3.0","","","7.0","","6.4","90","","34","","33.10","22.20","22.72","","","","",""
"2022-08-10","2022222","8:27","27.0","26.1872","4.0","","","7.4","","6.4","90","","37","","33.10","22.21","22.72","","","","",""
"2022-08-10","2022222","8:27","27.0","26.1872","5.0","","","7.8","","6.4","90","","51","","33.10","22.21","22.72","","","","",""
"2022-08-10","2022222","8:27","27.0","26.1872","6.0","","","8.0","","6.4","90","","75","","33.10","22.22","22.72","","","","",""
"2022-08-10","2022222","8:27","27.0","26.1872","7.0","","","8.5","","6.4","90","","106","","33.10","22.22","22.71","","","","",""
"2022-08-10","2022222","8:27","27.0","26.1872","8.0","","","9.2","","6.4","90","","136","","33.10","22.22","22.71","","","","",""
"2022-08-10","2022222","8:27","27.0","26.1872","9.0","","","9.4","","6.4","90","","169","","33.10","22.22","22.71","","","","",""
"2022-08-10","2022222","8:27","27.0","26.1872","10.0","9.5","0.46","9.9","","6.4","90","230.3","227","","33.10","22.23","22.71","","","","",""
"2022-08-10","2022222","8:15","28.0","23.5695","1.0","","","7.1","","6.5","91","","28","1.70","33.09","22.11","22.73","","","","",""
"2022-08-10","2022222","8:15","28.0","23.5695","2.0","","","6.8","","6.5","91","","31","","33.09","22.11","22.73","","","","",""
"2022-08-10","2022222","8:15","28.0","23.5695","3.0","","","6.7","","6.5","90","","32","","33.09","22.10","22.74","","","","",""
"2022-08-10","2022222","8:15","28.0","23.5695","4.0","","","6.8","","6.5","90","","34","","33.08","22.07","22.74","","","","",""
"2022-08-10","2022222","8:15","28.0","23.5695","5.0","","","6.9","","6.4","90","","40","","33.09","22.08","22.75","","","","",""
"2022-08-10","2022222","8:15","28.0","23.5695","6.0","","","7.4","","6.4","90","","59","","33.10","22.11","22.74","","","","",""
"2022-08-10","2022222","8:15","28.0","23.5695","7.0","","","7.6","","6.4","90","","65","","33.10","22.12","22.74","","","","",""
"2022-08-10","2022222","8:15","28.0","23.5695","8.0","","","7.7","","6.4","90","","65","","33.10","22.13","22.74","","","","",""
"2022-08-10","2022222","8:15","28.0","23.5695","9.0","","","8.3","","6.4","90","","91","","33.11","22.17","22.74","","","","",""
"2022-08-10","2022222","8:15","28.0","23.5695","10.0","","","8.8","","6.4","90","","110","","33.12","22.17","22.74","","","","",""
"2022-08-10","2022222","8:15","28.0","23.5695","11.0","","","8.9","","6.4","90","","122","","33.12","22.17","22.74","","","","",""
"2022-08-10","2022222","8:15","28.0","23.5695","12.0","","","9.1","","6.4","90","","127","","33.11","22.16","22.74","","","","",""
"2022-08-10","2022222","8:02","29.0","20.2526","1.0","","","8.2","","6.2","87","","36","1.88","33.13","22.13","22.76","","","","",""
"2022-08-10","2022222","8:02","29.0","20.2526","2.0","","","8.0","","6.2","87","","36","","33.13","22.14","22.76","","","","",""
"2022-08-10","2022222","8:02","29.0","20.2526","3.0","","","8.2","","6.2","87","","39","","33.14","22.14","22.76","","","","",""
"2022-08-10","2022222","8:02","29.0","20.2526","4.0","","","8.5","","6.2","87","","40","","33.14","22.15","22.77","","","","",""
"2022-08-10","2022222","8:02","29.0","20.2526","5.0","","","8.5","","6.2","87","","39","","33.14","22.15","22.77","","","","",""
"2022-08-10","2022222","8:02","29.0","20.2526","6.0","","","8.7","","6.2","87","","41","","33.15","22.16","22.77","","","","",""
"2022-08-10","2022222","8:02","29.0","20.2526","7.0","","","8.6","","6.2","87","","42","","33.15","22.15","22.77","","","","",""
"2022-08-10","2022222","8:02","29.0","20.2526","8.0","","","8.5","","6.2","87","","43","","33.15","22.17","22.77","","","","",""
"2022-08-10","2022222","8:02","29.0","20.2526","9.0","","","8.7","","6.2","87","","45","","33.15","22.17","22.77","","","","",""
"2022-08-10","2022222","8:02","29.0","20.2526","10.0","","","8.7","","6.2","87","","44","","33.16","22.18","22.77","","","","",""
"2022-08-10","2022222","8:02","29.0","20.2526","11.0","","","8.6","","6.2","88","","45","","33.15","22.17","22.77","","","","",""
"2022-08-10","2022222","8:02","29.0","20.2526","12.0","","","8.7","","6.2","88","","44","","33.17","22.20","22.77","","","","",""
"2022-08-10","2022222","8:02","29.0","20.2526","13.0","","","8.7","","6.2","88","","48","","33.19","22.27","22.77","","","","",""
"2022-08-10","2022222","7:44","30.0","14.7543","1.0","","","8.6","","6.4","89","","44","2.56","33.17","22.10","22.80","","","","",""
"2022-08-10","2022222","7:44","30.0","14.7543","2.0","8.3","0.83","8.2","","6.4","89","39.2","44","","33.17","22.11","22.80","1.49","24.20","5.00","8.61","98.27"
"2022-08-10","2022222","7:44","30.0","14.7543","3.0","","","8.1","","6.4","89","","44","","33.17","22.10","22.80","","","","",""
"2022-08-10","2022222","7:44","30.0","14.7543","4.0","","","8.2","","6.4","89","","44","","33.17","22.11","22.80","","","","",""
"2022-08-10","2022222","7:44","30.0","14.7543","5.0","","","8.2","","6.4","89","","46","","33.17","22.11","22.80","","","","",""
"2022-08-10","2022222","7:44","30.0","14.7543","6.0","","","8.5","","6.4","89","","49","","33.18","22.12","22.80","","","","",""
"2022-08-10","2022222","7:44","30.0","14.7543","7.0","","","8.7","","6.3","89","","52","","33.18","22.13","22.80","","","","",""
"2022-08-10","2022222","7:44","30.0","14.7543","8.0","","","8.8","","6.3","89","","66","","33.18","22.14","22.79","","","","",""
"2022-08-10","2022222","7:44","30.0","14.7543","9.0","9.0","0.70","8.9","","6.3","89","77.6","76","","33.18","22.14","22.79","","","","",""
"2022-08-10","2022222","7:29","31.0","10.6065","1.0","","","9.9","","5.8","82","","64","3.21","33.09","22.36","22.67","","","","",""
"2022-08-10","2022222","7:29","31.0","10.6065","2.0","","","9.8","","5.8","82","","69","","33.09","22.37","22.66","","","","",""
"2022-08-10","2022222","7:29","31.0","10.6065","3.0","","","10.0","","5.9","83","","75","","33.09","22.32","22.68","","","","",""
"2022-08-10","2022222","7:29","31.0","10.6065","4.0","","","9.7","","6.0","84","","83","","33.11","22.22","22.72","","","","",""
"2022-08-10","2022222","7:29","31.0","10.6065","5.0","","","9.4","","6.0","84","","87","","33.19","22.09","22.81","","","","",""
"2022-08-10","2022222","7:29","31.0","10.6065","6.0","","","9.2","","6.0","84","","89","","33.20","22.07","22.83","","","","",""
"2022-08-10","2022222","7:29","31.0","10.6065","7.0","","","9.3","","6.0","84","","91","","33.20","22.07","22.83","","","","",""
"2022-08-10","2022222","7:29","31.0","10.6065","8.0","","","9.4","","6.0","84","","94","","33.21","22.06","22.84","","","","",""
"2022-08-10","2022222","7:29","31.0","10.6065","9.0","","","9.4","","6.1","85","","96","","33.22","22.05","22.85","","","","",""
"2022-08-10","2022222","7:29","31.0","10.6065","10.0","","","9.7","","6.1","85","","96","","33.36","21.91","23.00","","","","",""
"2022-08-10","2022222","7:17","32.0","8.1507","1.0","","","10.2","","5.5","78","","65","3.29","32.88","22.47","22.48","","","","",""
"2022-08-10","2022222","7:17","32.0","8.1507","2.0","10.0","0.81","9.9","","5.5","78","58.1","65","","32.88","22.48","22.47","3.08","35.77","11.71","12.91","124.98"
"2022-08-10","2022222","7:17","32.0","8.1507","3.0","","","10.0","","5.4","77","","69","","32.88","22.48","22.47","","","","",""
"2022-08-10","2022222","7:17","32.0","8.1507","4.0","","","10.2","","5.4","77","","71","","32.86","22.47","22.46","","","","",""
"2022-08-10","2022222","7:17","32.0","8.1507","5.0","","","10.7","","5.5","78","","85","","32.84","22.35","22.48","","","","",""
"2022-08-10","2022222","7:17","32.0","8.1507","6.0","","","11.1","","5.5","79","","114","","32.95","22.09","22.63","","","","",""
"2022-08-10","2022222","7:17","32.0","8.1507","7.0","","","11.0","","5.6","79","","140","","33.01","22.03","22.70","","","","",""
"2022-08-10","2022222","7:17","32.0","8.1507","8.0","10.5","0.65","10.8","","5.6","79","","155","","33.09","22.00","22.76","","","","",""
"2022-08-10","2022222","7:06","33.0","6.8085","1.0","14.1","0.81","13.6","","5.1","72","115.7","113","5.53","32.06","22.44","21.86","","","","",""
"2022-08-10","2022222","7:06","33.0","6.8085","2.0","","","12.6","","5.3","74","","126","","32.27","22.47","22.02","","","","",""
"2022-08-10","2022222","7:06","33.0","6.8085","3.0","","","12.7","","5.4","76","","171","","32.43","22.46","22.14","","","","",""
"2022-08-10","2022222","7:06","33.0","6.8085","4.0","","","12.8","","5.3","75","","191","","32.56","22.48","22.23","","","","",""
"2022-08-10","2022222","7:06","33.0","6.8085","5.0","","","12.5","","5.2","73","","189","","32.65","22.51","22.29","","","","",""
"2022-08-10","2022222","7:06","33.0","6.8085","6.0","","","12.4","","5.2","73","","204","","32.65","22.51","22.29","","","","",""
"2022-08-10","2022222","7:06","33.0","6.8085","7.0","","","12.8","","5.2","74","","258","","32.68","22.52","22.31","","","","",""
"2022-08-10","2022222","7:06","33.0","6.8085","8.0","","","12.7","","5.3","74","","285","","32.74","22.51","22.36","","","","",""
"2022-08-10","2022222","7:06","33.0","6.8085","9.0","","","12.6","","5.4","76","","273","","32.78","22.51","22.39","","","","",""
"2022-08-10","2022222","7:06","33.0","6.8085","10.0","","","12.6","","5.4","76","","260","","32.89","22.53","22.46","","","","",""
"2022-08-10","2022222","6:55","34.0","3.5290","1.0","","","16.1","","4.2","58","","156","6.69","30.72","22.13","20.93","","","","",""
"2022-08-10","2022222","6:55","34.0","3.5290","2.0","15.4","0.67","15.6","","4.1","56","145.7","157","","30.81","22.08","21.02","6.63","67.75","14.14","19.24","161.65"
"2022-08-10","2022222","6:55","34.0","3.5290","3.0","","","15.7","","4.1","56","","233","","30.94","21.94","21.15","","","","",""
"2022-08-10","2022222","6:55","34.0","3.5290","4.0","","","15.6","","4.1","56","","296","","31.16","21.81","21.35","","","","",""
"2022-08-10","2022222","6:55","34.0","3.5290","5.0","","","15.7","","4.0","55","","338","","31.45","21.86","21.57","","","","",""
"2022-08-10","2022222","6:55","34.0","3.5290","6.0","13.4","0.49","16.0","","3.9","53","407.6","410","","31.73","21.55","21.86","","","","",""
"2022-08-10","2022222","14:24","649.0","132.9388","1.0","","","2.7","","8.4","98","","37","1.96","2.25","21.74","","","","","",""
"2022-08-10","2022222","14:24","649.0","132.9388","2.0","3.2","0.66","2.8","","8.4","97","29.7","36","","2.29","21.68","","0.29","8.21","2.36","1.89","165.92"
"2022-08-10","2022222","14:24","649.0","132.9388","3.0","","","2.8","","8.4","97","","37","","2.36","21.59","","","","","",""
"2022-08-10","2022222","14:24","649.0","132.9388","4.0","","","2.8","","8.4","97","","37","","2.39","21.58","","","","","",""
"2022-08-10","2022222","14:24","649.0","132.9388","5.0","","","2.8","","8.4","97","","38","","2.42","21.59","","","","","",""
"2022-08-10","2022222","14:24","649.0","132.9388","6.0","","","2.8","","8.4","97","","38","","2.42","21.59","","","","","",""
"2022-08-10","2022222","14:24","649.0","132.9388","7.0","","","2.7","","8.4","97","","38","","2.42","21.59","","","","","",""
"2022-08-10","2022222","14:24","649.0","132.9388","8.0","","","2.7","","8.4","97","","38","","2.43","21.59","","","","","",""
"2022-08-10","2022222","14:24","649.0","132.9388","9.0","","","2.7","","8.4","97","","38","","2.42","21.59","","","","","",""
"2022-08-10","2022222","14:24","649.0","132.9388","10.0","","","2.7","","8.4","97","","38","","2.42","21.59","","","","","",""
"2022-08-10","2022222","14:24","649.0","132.9388","11.0","3.1","0.59","2.7","","8.4","97","35.4","38","","2.42","21.59","","","","","",""
"2022-08-10","2022222","15:06","657.0","147.2548","1.0","","","2.0","","8.3","96","","24","1.36","0.06","22.40","","","","","",""
"2022-08-10","2022222","15:06","657.0","147.2548","2.0","2.5","0.74","1.9","","8.4","96","","25","","0.06","22.37","","0.11","6.87","0.93","1.18","194.76"
"2022-08-10","2022222","15:06","657.0","147.2548","3.0","","","1.8","","8.4","96","","27","","0.06","22.36","","","","","",""
"2022-08-10","2022222","15:06","657.0","147.2548","4.0","","","1.9","","8.4","96","","27","","0.06","22.36","","","","","",""
"2022-08-10","2022222","15:06","657.0","147.2548","5.0","","","1.8","","8.3","96","","27","","0.06","22.36","","","","","",""
"2022-08-10","2022222","15:06","657.0","147.2548","6.0","","","1.9","","8.3","96","","27","","0.06","22.35","","","","","",""
"2022-08-10","2022222","15:06","657.0","147.2548","7.0","","","1.9","","8.4","96","","28","","0.06","22.35","","","","","",""
"2022-08-10","2022222","15:06","657.0","147.2548","8.0","","","2.0","","8.4","96","","28","","0.06","22.35","","","","","",""
"2022-08-10","2022222","15:06","657.0","147.2548","9.0","2.6","0.68","2.3","","8.4","97","","28","","0.06","22.34","","","","","",""
"2022-08-19","2022231","10:37","18.0","54.9481","1.0","","","72.0","","9.7","123","","10","0.99","32.26","17.57","23.28","","","","",""
"2022-08-19","2022231","10:37","18.0","54.9481","2.0","74.0","0.97","69.6","","9.6","122","16.3","10","","32.27","17.56","23.29","0.43","4.70","0.86","1.01","45.58"
"2022-08-19","2022231","10:37","18.0","54.9481","3.0","","","67.4","","9.6","122","","10","","32.31","17.52","23.33","","","","",""
"2022-08-19","2022231","10:37","18.0","54.9481","4.0","","","68.1","","9.6","122","","10","","32.34","17.49","23.36","","","","",""
"2022-08-19","2022231","10:37","18.0","54.9481","5.0","","","68.1","","9.5","121","","10","","32.36","17.48","23.38","","","","",""
"2022-08-19","2022231","10:37","18.0","54.9481","6.0","","","59.8","","9.4","120","","10","","32.40","17.49","23.41","","","","",""
"2022-08-19","2022231","10:37","18.0","54.9481","7.0","","","49.0","","9.4","119","","10","","32.43","17.48","23.43","","","","",""
"2022-08-19","2022231","10:37","18.0","54.9481","8.0","","","48.1","","9.3","118","","10","","32.43","17.47","23.43","","","","",""
"2022-08-19","2022231","10:37","18.0","54.9481","9.0","","","45.3","","9.3","118","","10","","32.43","17.46","23.44","","","","",""
"2022-08-19","2022231","10:37","18.0","54.9481","10.0","","","47.5","","9.2","117","","10","","32.45","17.39","23.47","","","","",""
"2022-08-19","2022231","10:37","18.0","54.9481","11.0","","","53.6","","9.0","114","","10","","32.52","17.20","23.56","","","","",""
"2022-08-19","2022231","10:37","18.0","54.9481","12.0","","","44.1","","8.9","113","","9","","32.58","17.03","23.65","","","","",""
"2022-08-19","2022231","10:37","18.0","54.9481","13.0","","","35.3","","8.9","112","","9","","32.63","16.94","23.71","","","","",""
"2022-08-19","2022231","10:37","18.0","54.9481","14.0","","","32.3","","8.8","111","","10","","32.65","16.89","23.74","","","","",""
"2022-08-19","2022231","10:37","18.0","54.9481","15.0","","","29.3","","8.8","111","","10","","32.68","16.82","23.78","","","","",""
"2022-08-19","2022231","10:37","18.0","54.9481","16.0","","","27.3","","8.8","110","","10","","32.73","16.73","23.83","","","","",""
"2022-08-19","2022231","10:37","18.0","54.9481","17.0","","","28.7","","8.8","110","","10","","32.77","16.64","23.88","","","","",""
"2022-08-19","2022231","10:37","18.0","54.9481","18.0","","","29.6","","8.8","110","","10","","32.77","16.63","23.89","","","","",""
"2022-08-19","2022231","10:37","18.0","54.9481","19.0","","","30.6","","8.8","110","","10","","32.77","16.63","23.89","","","","",""
"2022-08-19","2022231","10:37","18.0","54.9481","20.0","","","32.1","","8.8","110","","10","","32.78","16.62","23.90","","","","",""
"2022-08-19","2022231","10:37","18.0","54.9481","21.0","","","34.4","","8.8","111","","10","","32.78","16.61","23.90","","","","",""
"2022-08-19","2022231","10:37","18.0","54.9481","22.0","","","32.6","","8.8","110","","10","","32.78","16.60","23.91","","","","",""
"2022-08-19","2022231","10:37","18.0","54.9481","23.0","","","32.2","","8.8","110","","10","","32.79","16.60","23.91","","","","",""
"2022-08-19","2022231","10:37","18.0","54.9481","24.0","","","32.5","","8.8","110","","10","","32.79","16.59","23.91","","","","",""
"2022-08-19","2022231","10:37","18.0","54.9481","25.0","","","32.8","","8.8","110","","10","","32.79","16.58","23.92","","","","",""
"2022-08-19","2022231","10:37","18.0","54.9481","26.0","","","32.2","","8.8","110","","10","","32.80","16.57","23.92","","","","",""
"2022-08-19","2022231","10:37","18.0","54.9481","27.0","","","32.3","","8.8","110","","10","","32.80","16.57","23.93","","","","",""
"2022-08-19","2022231","10:37","18.0","54.9481","28.0","","","31.8","","8.8","110","","10","","32.80","16.56","23.93","","","","",""
"2022-08-19","2022231","10:37","18.0","54.9481","29.0","","","29.5","","8.8","110","","9","","32.80","16.56","23.93","","","","",""
"2022-08-19","2022231","10:37","18.0","54.9481","30.0","","","31.5","","8.8","110","","10","","32.80","16.55","23.93","","","","",""
"2022-08-19","2022231","10:37","18.0","54.9481","31.0","","","31.8","","8.8","110","","10","","32.81","16.54","23.94","","","","",""
"2022-08-19","2022231","10:37","18.0","54.9481","32.0","","","30.4","","8.8","110","","10","","32.81","16.54","23.94","","","","",""
"2022-08-19","2022231","10:37","18.0","54.9481","33.0","","","30.0","","8.8","110","","10","","32.81","16.54","23.94","","","","",""
"2022-08-19","2022231","10:37","18.0","54.9481","34.0","","","27.1","","8.8","110","","10","","32.81","16.54","23.94","","","","",""
"2022-08-19","2022231","10:37","18.0","54.9481","35.0","","","29.4","","8.8","110","","10","","32.81","16.53","23.95","","","","",""
"2022-08-19","2022231","10:37","18.0","54.9481","36.0","","","28.9","","8.7","110","","10","","32.81","16.54","23.94","","","","",""
"2022-08-19","2022231","10:37","18.0","54.9481","37.0","","","28.3","","8.7","110","","10","","32.81","16.54","23.94","","","","",""
"2022-08-19","2022231","10:37","18.0","54.9481","38.0","","","28.5","","8.8","110","","10","","32.82","16.51","23.96","","","","",""
"2022-08-19","2022231","10:37","18.0","54.9481","39.0","","","28.4","","8.8","110","","10","","32.83","16.49","23.97","","","","",""
"2022-08-19","2022231","10:37","18.0","54.9481","40.0","","","29.8","","8.8","110","","9","","32.84","16.47","23.98","","","","",""
"2022-08-19","2022231","10:37","18.0","54.9481","41.0","","","29.5","","8.8","110","","9","","32.85","16.44","24.00","","","","",""
"2022-08-19","2022231","10:37","18.0","54.9481","42.0","32.1","0.96","30.5","","8.7","109","5.4","9","","32.89","16.37","24.04","","","","",""
"2022-08-19","2022231","10:23","20.0","51.4501","1.0","","","160.1","","10.4","135","","11","1.05","31.90","18.42","22.80","","","","",""
"2022-08-19","2022231","10:23","20.0","51.4501","2.0","152.6","0.99","150.0","","10.0","129","","11","","32.00","18.33","22.90","","","","",""
"2022-08-19","2022231","10:23","20.0","51.4501","3.0","","","105.2","","9.9","128","","11","","32.07","18.23","22.98","","","","",""
"2022-08-19","2022231","10:23","20.0","51.4501","4.0","","","85.5","","9.8","126","","11","","32.12","18.14","23.04","","","","",""
"2022-08-19","2022231","10:23","20.0","51.4501","5.0","","","75.6","","9.6","124","","10","","32.15","18.09","23.07","","","","",""
"2022-08-19","2022231","10:23","20.0","51.4501","6.0","","","72.1","","9.4","121","","10","","32.20","17.99","23.13","","","","",""
"2022-08-19","2022231","10:23","20.0","51.4501","7.0","","","54.7","","9.3","119","","10","","32.29","17.78","23.25","","","","",""
"2022-08-19","2022231","10:23","20.0","51.4501","8.0","","","46.7","","9.2","118","","10","","32.33","17.68","23.31","","","","",""
"2022-08-19","2022231","10:23","20.0","51.4501","9.0","","","40.3","","9.2","117","","10","","32.38","17.56","23.37","","","","",""
"2022-08-19","2022231","10:23","20.0","51.4501","10.0","","","40.0","","9.1","116","","10","","32.40","17.49","23.41","","","","",""
"2022-08-19","2022231","10:23","20.0","51.4501","11.0","","","38.2","","9.0","115","","10","","32.44","17.42","23.45","","","","",""
"2022-08-19","2022231","10:23","20.0","51.4501","12.0","","","38.2","","9.0","114","","10","","32.49","17.31","23.52","","","","",""
"2022-08-19","2022231","10:23","20.0","51.4501","13.0","","","40.5","","9.0","114","","10","","32.53","17.23","23.56","","","","",""
"2022-08-19","2022231","10:23","20.0","51.4501","14.0","","","39.7","","8.9","113","","10","","32.56","17.17","23.60","","","","",""
"2022-08-19","2022231","10:23","20.0","51.4501","15.0","","","34.8","","8.9","113","","10","","32.59","17.08","23.65","","","","",""
"2022-08-19","2022231","10:23","20.0","51.4501","16.0","","","30.7","","8.9","113","","10","","32.62","17.03","23.68","","","","",""
"2022-08-19","2022231","10:23","20.0","51.4501","17.0","","","29.4","","8.9","112","","10","","32.63","16.99","23.70","","","","",""
"2022-08-19","2022231","10:23","20.0","51.4501","18.0","","","32.1","","8.9","112","","10","","32.66","16.92","23.74","","","","",""
"2022-08-19","2022231","10:23","20.0","51.4501","19.0","","","26.8","","8.9","112","","10","","32.69","16.84","23.78","","","","",""
"2022-08-19","2022231","10:23","20.0","51.4501","20.0","","","25.0","","8.9","112","","10","","32.71","16.81","23.80","","","","",""
"2022-08-19","2022231","10:23","20.0","51.4501","21.0","","","26.1","","8.9","112","","10","","32.72","16.80","23.81","","","","",""
"2022-08-19","2022231","10:23","20.0","51.4501","22.0","","","27.3","","8.9","111","","10","","32.72","16.78","23.82","","","","",""
"2022-08-19","2022231","10:23","20.0","51.4501","23.0","","","27.4","","8.8","111","","10","","32.73","16.75","23.83","","","","",""
"2022-08-19","2022231","10:23","20.0","51.4501","24.0","","","26.8","","8.9","111","","10","","32.74","16.73","23.84","","","","",""
"2022-08-19","2022231","10:23","20.0","51.4501","25.0","","","26.9","","8.9","111","","10","","32.74","16.73","23.84","","","","",""
"2022-08-19","2022231","10:23","20.0","51.4501","26.0","","","24.0","","8.8","111","","10","","32.74","16.73","23.85","","","","",""
"2022-08-19","2022231","10:23","20.0","51.4501","27.0","","","22.8","","8.9","111","","10","","32.74","16.73","23.84","","","","",""
"2022-08-19","2022231","10:10","21.0","46.6266","1.0","","","137.4","","10.9","142","","11","1.04","32.14","18.84","22.87","","","","",""
"2022-08-19","2022231","10:10","21.0","46.6266","2.0","126.3","0.99","127.5","","10.8","140","","11","","32.14","18.85","22.87","","","","",""
"2022-08-19","2022231","10:10","21.0","46.6266","3.0","","","130.8","","10.5","137","","11","","32.14","18.83","22.88","","","","",""
"2022-08-19","2022231","10:10","21.0","46.6266","4.0","","","124.6","","10.1","131","","11","","32.14","18.80","22.89","","","","",""
"2022-08-19","2022231","10:10","21.0","46.6266","5.0","","","105.8","","10.0","130","","11","","32.16","18.69","22.93","","","","",""
"2022-08-19","2022231","10:10","21.0","46.6266","6.0","","","85.8","","9.9","129","","11","","32.18","18.58","22.97","","","","",""
"2022-08-19","2022231","10:10","21.0","46.6266","7.0","","","73.9","","9.9","128","","10","","32.18","18.55","22.98","","","","",""
"2022-08-19","2022231","10:10","21.0","46.6266","8.0","","","74.4","","9.8","126","","10","","32.19","18.47","23.00","","","","",""
"2022-08-19","2022231","10:10","21.0","46.6266","9.0","","","66.0","","9.6","125","","10","","32.23","18.39","23.06","","","","",""
"2022-08-19","2022231","10:10","21.0","46.6266","10.0","","","54.4","","9.5","123","","10","","32.25","18.27","23.10","","","","",""
"2022-08-19","2022231","10:10","21.0","46.6266","11.0","","","44.9","","9.4","122","","10","","32.27","18.13","23.15","","","","",""
"2022-08-19","2022231","10:10","21.0","46.6266","12.0","","","35.4","","9.4","121","","10","","32.27","18.05","23.17","","","","",""
"2022-08-19","2022231","10:10","21.0","46.6266","13.0","","","30.4","","9.4","120","","10","","32.27","18.00","23.18","","","","",""
"2022-08-19","2022231","10:10","21.0","46.6266","14.0","","","28.4","","9.3","120","","11","","32.27","17.98","23.19","","","","",""
"2022-08-19","2022231","10:10","21.0","46.6266","15.0","","","25.3","","9.3","119","","11","","32.28","17.95","23.20","","","","",""
"2022-08-19","2022231","10:10","21.0","46.6266","16.0","","","25.8","","9.2","119","","11","","32.28","17.92","23.21","","","","",""
"2022-08-19","2022231","10:10","21.0","46.6266","17.0","","","26.1","","9.3","119","","11","","32.29","17.89","23.23","","","","",""
"2022-08-19","2022231","10:10","21.0","46.6266","18.0","","","25.4","","9.2","119","","11","","32.29","17.89","23.23","","","","",""
"2022-08-19","2022231","10:00","22.0","43.9210","1.0","","","94.5","","10.1","130","","11","1.00","32.06","18.32","22.94","","","","",""
"2022-08-19","2022231","10:00","22.0","43.9210","2.0","99.7","0.97","94.3","","9.8","127","10.9","11","","32.06","18.32","22.94","0.26","1.60","0.79","0.96","51.98"
"2022-08-19","2022231","10:00","22.0","43.9210","3.0","","","89.2","","9.7","125","","11","","32.11","18.36","22.97","","","","",""
"2022-08-19","2022231","10:00","22.0","43.9210","4.0","","","74.2","","9.6","125","","11","","32.15","18.41","22.99","","","","",""
"2022-08-19","2022231","10:00","22.0","43.9210","5.0","","","66.8","","9.6","125","","11","","32.16","18.42","22.99","","","","",""
"2022-08-19","2022231","10:00","22.0","43.9210","6.0","","","67.0","","9.6","125","","11","","32.16","18.42","23.00","","","","",""
"2022-08-19","2022231","10:00","22.0","43.9210","7.0","","","66.0","","9.6","124","","11","","32.16","18.42","23.00","","","","",""
"2022-08-19","2022231","10:00","22.0","43.9210","8.0","","","66.8","","9.6","124","","11","","32.18","18.43","23.01","","","","",""
"2022-08-19","2022231","10:00","22.0","43.9210","9.0","","","64.4","","9.6","125","","11","","32.19","18.44","23.02","","","","",""
"2022-08-19","2022231","10:00","22.0","43.9210","10.0","","","59.1","","9.6","124","","11","","32.21","18.46","23.02","","","","",""
"2022-08-19","2022231","10:00","22.0","43.9210","11.0","","","57.3","","9.6","124","","11","","32.21","18.46","23.03","","","","",""
"2022-08-19","2022231","10:00","22.0","43.9210","12.0","","","53.9","","9.6","124","","11","","32.22","18.42","23.04","","","","",""
"2022-08-19","2022231","10:00","22.0","43.9210","13.0","","","50.7","","9.6","124","","11","","32.22","18.41","23.04","","","","",""
"2022-08-19","2022231","10:00","22.0","43.9210","14.0","","","48.6","","9.5","123","","11","","32.22","18.41","23.04","","","","",""
"2022-08-19","2022231","10:00","22.0","43.9210","15.0","","","47.0","","9.5","123","","11","","32.21","18.37","23.05","","","","",""
"2022-08-19","2022231","10:00","22.0","43.9210","16.0","","","45.2","","9.5","124","","11","","32.21","18.35","23.05","","","","",""
"2022-08-19","2022231","10:00","22.0","43.9210","17.0","","","42.6","","9.5","123","","12","","32.21","18.36","23.05","","","","",""
"2022-08-19","2022231","10:00","22.0","43.9210","18.0","","","41.7","","9.5","123","","12","","32.21","18.34","23.05","","","","",""
"2022-08-19","2022231","10:00","22.0","43.9210","19.0","38.7","0.95","39.8","","9.5","123","","12","","32.21","18.28","23.07","","","","",""
"2022-08-19","2022231","9:47","23.0","39.6557","1.0","","","123.3","","11.0","148","","14","1.10","32.35","20.34","22.65","","","","",""
"2022-08-19","2022231","9:47","23.0","39.6557","2.0","","","116.4","","10.9","146","","14","","32.35","20.32","22.66","","","","",""
"2022-08-19","2022231","9:47","23.0","39.6557","3.0","","","114.7","","10.6","143","","14","","32.34","20.29","22.66","","","","",""
"2022-08-19","2022231","9:47","23.0","39.6557","4.0","","","106.1","","10.5","141","","14","","32.32","20.17","22.67","","","","",""
"2022-08-19","2022231","9:47","23.0","39.6557","5.0","","","98.5","","10.5","141","","15","","32.31","20.12","22.68","","","","",""
"2022-08-19","2022231","9:47","23.0","39.6557","6.0","","","94.3","","10.5","141","","14","","32.31","20.10","22.68","","","","",""
"2022-08-19","2022231","9:47","23.0","39.6557","7.0","","","87.6","","10.5","140","","15","","32.31","20.09","22.69","","","","",""
"2022-08-19","2022231","9:47","23.0","39.6557","8.0","","","85.4","","10.4","139","","15","","32.30","20.08","22.69","","","","",""
"2022-08-19","2022231","9:47","23.0","39.6557","9.0","","","77.8","","10.3","138","","15","","32.30","20.01","22.70","","","","",""
"2022-08-19","2022231","9:47","23.0","39.6557","10.0","","","64.8","","10.2","136","","15","","32.28","19.89","22.72","","","","",""
"2022-08-19","2022231","9:47","23.0","39.6557","11.0","","","53.4","","10.2","135","","16","","32.27","19.76","22.74","","","","",""
"2022-08-19","2022231","9:47","23.0","39.6557","12.0","","","44.6","","10.2","135","","16","","32.26","19.69","22.76","","","","",""
"2022-08-19","2022231","9:47","23.0","39.6557","13.0","","","39.4","","10.2","135","","17","","32.26","19.67","22.76","","","","",""
"2022-08-19","2022231","9:47","23.0","39.6557","14.0","","","35.5","","10.2","135","","17","","32.26","19.66","22.76","","","","",""
"2022-08-19","2022231","9:47","23.0","39.6557","15.0","","","36.7","","10.2","135","","18","","32.26","19.66","22.76","","","","",""
"2022-08-19","2022231","9:36","24.0","37.0911","1.0","","","122.2","","11.0","150","","17","1.18","32.49","20.93","22.60","","","","",""
"2022-08-19","2022231","9:36","24.0","37.0911","2.0","108.6","0.98","111.9","","11.0","150","20.1","17","","32.49","20.90","22.61","0.11","0.74","0.79","1.87","79.40"
"2022-08-19","2022231","9:36","24.0","37.0911","3.0","","","112.3","","11.0","150","","17","","32.49","20.89","22.61","","","","",""
"2022-08-19","2022231","9:36","24.0","37.0911","4.0","","","110.5","","11.0","150","","17","","32.49","20.89","22.61","","","","",""
"2022-08-19","2022231","9:36","24.0","37.0911","5.0","","","109.8","","11.0","150","","17","","32.49","20.89","22.61","","","","",""
"2022-08-19","2022231","9:36","24.0","37.0911","6.0","","","110.0","","11.0","150","","17","","32.49","20.87","22.61","","","","",""
"2022-08-19","2022231","9:36","24.0","37.0911","7.0","","","106.4","","11.0","150","","18","","32.48","20.87","22.61","","","","",""
"2022-08-19","2022231","9:36","24.0","37.0911","8.0","","","101.1","","11.0","150","","18","","32.48","20.86","22.62","","","","",""
"2022-08-19","2022231","9:36","24.0","37.0911","9.0","","","96.1","","11.0","150","","18","","32.48","20.86","22.61","","","","",""
"2022-08-19","2022231","9:36","24.0","37.0911","10.0","86.8","0.99","91.1","","11.0","150","21.0","18","","32.48","20.86","22.61","","","","",""
"2022-08-19","2022231","9:25","25.0","32.8382","1.0","","","96.0","","10.5","143","","18","1.25","32.63","21.10","22.66","","","","",""
"2022-08-19","2022231","9:25","25.0","32.8382","2.0","","","104.3","","10.5","143","","18","","32.63","21.10","22.66","","","","",""
"2022-08-19","2022231","9:25","25.0","32.8382","3.0","","","113.6","","10.4","143","","18","","32.63","21.09","22.67","","","","",""
"2022-08-19","2022231","9:25","25.0","32.8382","4.0","","","106.1","","10.4","142","","18","","32.63","21.09","22.67","","","","",""
"2022-08-19","2022231","9:25","25.0","32.8382","5.0","","","98.8","","10.3","141","","18","","32.63","21.09","22.67","","","","",""
"2022-08-19","2022231","9:25","25.0","32.8382","6.0","","","95.7","","10.3","140","","19","","32.63","21.08","22.67","","","","",""
"2022-08-19","2022231","9:25","25.0","32.8382","7.0","","","89.7","","10.3","140","","19","","32.63","21.08","22.67","","","","",""
"2022-08-19","2022231","9:25","25.0","32.8382","8.0","","","82.4","","10.3","140","","20","","32.63","21.07","22.67","","","","",""
"2022-08-19","2022231","9:13","26.0","28.7560","1.0","","","120.3","","9.4","129","","18","1.22","32.76","21.24","22.73","","","","",""
"2022-08-19","2022231","9:13","26.0","28.7560","2.0","","","118.8","","9.3","127","","18","","32.77","21.25","22.73","","","","",""
"2022-08-19","2022231","9:13","26.0","28.7560","3.0","","","108.4","","9.1","125","","18","","32.77","21.25","22.73","","","","",""
"2022-08-19","2022231","9:13","26.0","28.7560","4.0","","","100.0","","8.8","121","","18","","32.78","21.26","22.73","","","","",""
"2022-08-19","2022231","9:13","26.0","28.7560","5.0","","","93.8","","8.7","119","","18","","32.79","21.28","22.73","","","","",""
"2022-08-19","2022231","9:13","26.0","28.7560","6.0","","","92.1","","8.7","119","","18","","32.79","21.29","22.74","","","","",""
"2022-08-19","2022231","9:13","26.0","28.7560","7.0","","","88.1","","8.6","118","","18","","32.80","21.30","22.74","","","","",""
"2022-08-19","2022231","9:13","26.0","28.7560","8.0","","","86.0","","8.6","118","","18","","32.80","21.30","22.74","","","","",""
"2022-08-19","2022231","9:13","26.0","28.7560","9.0","","","84.2","","8.5","117","","18","","32.80","21.31","22.74","","","","",""
"2022-08-19","2022231","9:13","26.0","28.7560","10.0","","","80.8","","8.4","116","","18","","32.81","21.32","22.74","","","","",""
"2022-08-19","2022231","9:03","27.0","26.1872","1.0","","","79.4","","8.7","120","","18","1.18","32.95","21.69","22.75","","","","",""
"2022-08-19","2022231","9:03","27.0","26.1872","2.0","77.0","0.96","79.5","","8.5","117","14.2","18","","32.94","21.67","22.75","1.19","17.71","0.71","4.60","103.97"
"2022-08-19","2022231","9:03","27.0","26.1872","3.0","","","73.7","","8.5","117","","18","","32.94","21.66","22.75","","","","",""
"2022-08-19","2022231","9:03","27.0","26.1872","4.0","","","70.8","","8.4","116","","19","","32.95","21.67","22.75","","","","",""
"2022-08-19","2022231","9:03","27.0","26.1872","5.0","","","72.0","","8.3","115","","19","","32.95","21.68","22.75","","","","",""
"2022-08-19","2022231","9:03","27.0","26.1872","6.0","","","68.3","","8.3","115","","19","","32.95","21.69","22.75","","","","",""
"2022-08-19","2022231","9:03","27.0","26.1872","7.0","","","65.1","","8.3","115","","19","","32.96","21.69","22.75","","","","",""
"2022-08-19","2022231","9:03","27.0","26.1872","8.0","","","66.3","","8.3","115","","19","","32.95","21.69","22.75","","","","",""
"2022-08-19","2022231","9:03","27.0","26.1872","9.0","","","65.2","","8.3","114","","19","","32.96","21.69","22.75","","","","",""
"2022-08-19","2022231","9:03","27.0","26.1872","10.0","","","62.2","","8.3","114","","20","","32.96","21.69","22.75","","","","",""
"2022-08-19","2022231","9:03","27.0","26.1872","11.0","","","61.3","","8.2","114","","20","","32.96","21.70","22.75","","","","",""
"2022-08-19","2022231","9:03","27.0","26.1872","12.0","56.1","0.99","57.7","","8.2","114","20.8","19","","32.96","21.70","22.75","","","","",""
"2022-08-19","2022231","8:53","28.0","23.5695","1.0","","","33.4","","7.4","103","","18","1.20","33.12","21.95","22.80","","","","",""
"2022-08-19","2022231","8:53","28.0","23.5695","2.0","","","35.0","","7.3","102","","18","","33.12","21.95","22.81","","","","",""
"2022-08-19","2022231","8:53","28.0","23.5695","3.0","","","30.5","","7.3","101","","19","","33.13","21.94","22.81","","","","",""
"2022-08-19","2022231","8:53","28.0","23.5695","4.0","","","25.1","","7.3","101","","20","","33.13","21.95","22.81","","","","",""
"2022-08-19","2022231","8:53","28.0","23.5695","5.0","","","22.3","","7.3","101","","21","","33.13","21.95","22.81","","","","",""
"2022-08-19","2022231","8:53","28.0","23.5695","6.0","","","22.9","","7.3","101","","20","","33.13","21.94","22.82","","","","",""
"2022-08-19","2022231","8:53","28.0","23.5695","7.0","","","22.7","","7.3","101","","20","","33.13","21.94","22.82","","","","",""
"2022-08-19","2022231","8:53","28.0","23.5695","8.0","","","24.4","","7.2","101","","20","","33.13","21.94","22.81","","","","",""
"2022-08-19","2022231","8:53","28.0","23.5695","9.0","","","23.3","","7.2","101","","20","","33.13","21.88","22.83","","","","",""
"2022-08-19","2022231","8:53","28.0","23.5695","10.0","","","22.2","","7.2","100","","20","","33.13","21.87","22.83","","","","",""
"2022-08-19","2022231","8:53","28.0","23.5695","11.0","","","21.5","","7.2","99","","20","","33.13","21.83","22.84","","","","",""
"2022-08-19","2022231","8:53","28.0","23.5695","12.0","","","16.2","","7.1","99","","19","","33.14","21.80","22.86","","","","",""
"2022-08-19","2022231","8:53","28.0","23.5695","13.0","","","11.5","","7.1","99","","20","","33.14","21.80","22.86","","","","",""
"2022-08-19","2022231","8:43","29.0","20.2526","1.0","","","75.1","","8.0","110","","19","1.21","32.90","21.46","22.77","","","","",""
"2022-08-19","2022231","8:43","29.0","20.2526","2.0","","","74.2","","8.0","110","","19","","32.91","21.47","22.77","","","","",""
"2022-08-19","2022231","8:43","29.0","20.2526","3.0","","","71.6","","8.0","110","","19","","32.90","21.45","22.77","","","","",""
"2022-08-19","2022231","8:43","29.0","20.2526","4.0","","","71.7","","7.9","109","","19","","32.91","21.48","22.78","","","","",""
"2022-08-19","2022231","8:43","29.0","20.2526","5.0","","","70.9","","7.9","108","","19","","32.93","21.52","22.78","","","","",""
"2022-08-19","2022231","8:43","29.0","20.2526","6.0","","","68.2","","7.9","108","","19","","32.95","21.56","22.78","","","","",""
"2022-08-19","2022231","8:43","29.0","20.2526","7.0","","","66.1","","7.8","108","","19","","32.94","21.55","22.78","","","","",""
"2022-08-19","2022231","8:43","29.0","20.2526","8.0","","","66.5","","7.8","107","","19","","32.95","21.57","22.78","","","","",""
"2022-08-19","2022231","8:43","29.0","20.2526","9.0","","","64.1","","7.7","107","","19","","32.96","21.59","22.78","","","","",""
"2022-08-19","2022231","8:43","29.0","20.2526","10.0","","","60.0","","7.6","105","","20","","32.99","21.65","22.79","","","","",""
"2022-08-19","2022231","8:43","29.0","20.2526","11.0","","","50.0","","7.5","104","","20","","33.01","21.70","22.79","","","","",""
"2022-08-19","2022231","8:43","29.0","20.2526","12.0","","","42.0","","7.5","104","","20","","33.06","21.81","22.80","","","","",""
"2022-08-19","2022231","8:43","29.0","20.2526","13.0","","","33.9","","7.4","103","","20","","33.07","21.82","22.80","","","","",""
"2022-08-19","2022231","8:43","29.0","20.2526","14.0","","","30.0","","7.4","103","","20","","33.08","21.86","22.80","","","","",""
"2022-08-19","2022231","8:33","29.5","17.5640","1.0","","","23.4","","7.1","98","","22","1.27","33.15","21.99","22.82","","","","",""
"2022-08-19","2022231","8:33","29.5","17.5640","2.0","","","22.4","","7.1","98","","22","","33.15","22.00","22.82","","","","",""
"2022-08-19","2022231","8:33","29.5","17.5640","3.0","","","22.1","","7.1","99","","23","","33.15","22.00","22.82","","","","",""
"2022-08-19","2022231","8:33","29.5","17.5640","4.0","","","22.8","","7.1","99","","23","","33.15","21.99","22.82","","","","",""
"2022-08-19","2022231","8:33","29.5","17.5640","5.0","","","23.9","","7.1","99","","23","","33.15","21.99","22.82","","","","",""
"2022-08-19","2022231","8:33","29.5","17.5640","6.0","","","24.9","","7.1","99","","23","","33.15","21.99","22.82","","","","",""
"2022-08-19","2022231","8:33","29.5","17.5640","7.0","","","25.1","","7.1","98","","22","","33.15","21.99","22.82","","","","",""
"2022-08-19","2022231","8:33","29.5","17.5640","8.0","","","24.6","","7.0","98","","22","","33.15","22.00","22.82","","","","",""
"2022-08-19","2022231","8:33","29.5","17.5640","9.0","","","23.4","","7.0","98","","22","","33.15","22.00","22.82","","","","",""
"2022-08-19","2022231","8:33","29.5","17.5640","10.0","","","22.9","","7.1","98","","22","","33.15","22.00","22.81","","","","",""
"2022-08-19","2022231","8:33","29.5","17.5640","11.0","","","22.3","","7.1","99","","23","","33.15","22.00","22.81","","","","",""
"2022-08-19","2022231","8:33","29.5","17.5640","12.0","","","22.7","","7.1","99","","22","","33.15","21.99","22.82","","","","",""
"2022-08-19","2022231","8:33","29.5","17.5640","13.0","","","23.2","","7.1","98","","22","","33.15","21.99","22.82","","","","",""
"2022-08-19","2022231","8:33","29.5","17.5640","14.0","","","23.4","","7.1","98","","22","","33.15","22.00","22.81","","","","",""
"2022-08-19","2022231","8:21","30.0","14.7543","1.0","","","48.7","","7.6","105","","21","1.24","33.16","21.94","22.84","","","","",""
"2022-08-19","2022231","8:21","30.0","14.7543","2.0","41.5","0.94","41.3","","7.5","105","19.1","21","","33.16","21.95","22.84","1.24","21.35","1.43","5.49","106.82"
"2022-08-19","2022231","8:21","30.0","14.7543","3.0","","","39.5","","7.5","105","","22","","33.17","21.96","22.84","","","","",""
"2022-08-19","2022231","8:21","30.0","14.7543","4.0","","","39.4","","7.6","105","","22","","33.17","21.96","22.84","","","","",""
"2022-08-19","2022231","8:21","30.0","14.7543","5.0","","","40.8","","7.5","104","","22","","33.17","21.96","22.84","","","","",""
"2022-08-19","2022231","8:21","30.0","14.7543","6.0","","","40.7","","7.3","102","","22","","33.18","21.97","22.84","","","","",""
"2022-08-19","2022231","8:21","30.0","14.7543","7.0","","","38.5","","7.3","101","","22","","33.20","22.01","22.85","","","","",""
"2022-08-19","2022231","8:21","30.0","14.7543","8.0","","","30.8","","7.2","101","","23","","33.21","22.02","22.85","","","","",""
"2022-08-19","2022231","8:21","30.0","14.7543","9.0","","","25.9","","7.2","100","","24","","33.22","22.03","22.86","","","","",""
"2022-08-19","2022231","8:21","30.0","14.7543","10.0","","","22.3","","7.2","100","","24","","33.22","22.03","22.86","","","","",""
"2022-08-19","2022231","8:21","30.0","14.7543","11.0","18.6","0.86","19.2","","7.2","100","26.9","25","","33.22","22.03","22.86","","","","",""
"2022-08-19","2022231","8:06","31.0","10.6065","1.0","","","22.6","","7.0","98","","26","1.56","33.25","22.03","22.88","","","","",""
"2022-08-19","2022231","8:06","31.0","10.6065","2.0","","","20.8","","7.0","97","","26","","33.25","22.02","22.88","","","","",""
"2022-08-19","2022231","8:06","31.0","10.6065","3.0","","","20.6","","6.8","95","","26","","33.25","22.03","22.88","","","","",""
"2022-08-19","2022231","8:06","31.0","10.6065","4.0","","","19.7","","6.8","94","","28","","33.26","22.07","22.88","","","","",""
"2022-08-19","2022231","8:06","31.0","10.6065","5.0","","","18.1","","6.8","94","","30","","33.27","22.09","22.88","","","","",""
"2022-08-19","2022231","8:06","31.0","10.6065","6.0","","","16.4","","6.8","95","","31","","33.27","22.09","22.88","","","","",""
"2022-08-19","2022231","8:06","31.0","10.6065","7.0","","","16.0","","6.8","95","","31","","33.27","22.09","22.88","","","","",""
"2022-08-19","2022231","8:06","31.0","10.6065","8.0","","","16.6","","6.7","94","","31","","33.27","22.09","22.88","","","","",""
"2022-08-19","2022231","8:06","31.0","10.6065","9.0","","","15.6","","6.7","94","","32","","33.27","22.11","22.88","","","","",""
"2022-08-19","2022231","8:06","31.0","10.6065","10.0","","","15.3","","6.7","94","","33","","33.27","22.11","22.87","","","","",""
"2022-08-19","2022231","8:06","31.0","10.6065","11.0","","","14.1","","6.7","94","","34","","33.27","22.12","22.87","","","","",""
"2022-08-19","2022231","7:55","32.0","8.1507","1.0","","","15.6","","6.6","93","","29","1.65","33.30","22.12","22.89","","","","",""
"2022-08-19","2022231","7:55","32.0","8.1507","2.0","16.7","0.84","16.3","","6.6","93","23.3","30","","33.30","22.12","22.89","1.73","28.63","3.36","7.65","113.94"
"2022-08-19","2022231","7:55","32.0","8.1507","3.0","","","14.3","","6.6","92","","30","","33.30","22.12","22.89","","","","",""
"2022-08-19","2022231","7:55","32.0","8.1507","4.0","","","13.9","","6.6","92","","31","","33.30","22.12","22.90","","","","",""
"2022-08-19","2022231","7:55","32.0","8.1507","5.0","","","14.6","","6.6","92","","32","","33.31","22.12","22.90","","","","",""
"2022-08-19","2022231","7:55","32.0","8.1507","6.0","","","15.0","","6.6","92","","34","","33.31","22.11","22.90","","","","",""
"2022-08-19","2022231","7:55","32.0","8.1507","7.0","","","14.5","","6.6","92","","36","","33.31","22.09","22.91","","","","",""
"2022-08-19","2022231","7:55","32.0","8.1507","8.0","","","15.0","","6.6","93","","37","","33.32","22.07","22.92","","","","",""
"2022-08-19","2022231","7:55","32.0","8.1507","9.0","","","14.0","","6.6","92","","37","","33.32","21.99","22.95","","","","",""
"2022-08-19","2022231","7:55","32.0","8.1507","10.0","13.5","0.82","13.8","","6.6","92","","36","","33.32","21.94","22.96","","","","",""
"2022-08-19","2022231","7:47","33.0","6.8085","1.0","","","20.3","","6.6","92","","31","1.71","33.32","22.09","22.92","","","","",""
"2022-08-19","2022231","7:47","33.0","6.8085","2.0","","","15.4","","6.6","92","35.3","33","","33.32","22.11","22.91","","","","",""
"2022-08-19","2022231","7:47","33.0","6.8085","3.0","","","15.3","","6.6","92","","35","","33.32","22.12","22.91","","","","",""
"2022-08-19","2022231","7:47","33.0","6.8085","4.0","","","15.0","","6.6","92","","38","","33.32","22.12","22.91","","","","",""
"2022-08-19","2022231","7:47","33.0","6.8085","5.0","","","15.8","","6.6","92","","39","","33.33","22.13","22.91","","","","",""
"2022-08-19","2022231","7:47","33.0","6.8085","6.0","","","14.9","","6.6","92","","43","","33.33","22.13","22.92","","","","",""
"2022-08-19","2022231","7:47","33.0","6.8085","7.0","","","15.0","","6.6","91","","49","","33.33","22.10","22.92","","","","",""
"2022-08-19","2022231","7:47","33.0","6.8085","8.0","","","15.8","","6.5","91","","55","","33.34","22.11","22.93","","","","",""
"2022-08-19","2022231","7:47","33.0","6.8085","9.0","","","16.0","","6.5","91","","56","","33.35","22.11","22.93","","","","",""
"2022-08-19","2022231","7:47","33.0","6.8085","10.0","","","16.6","","6.5","91","","61","","33.35","22.12","22.94","","","","",""
"2022-08-19","2022231","7:47","33.0","6.8085","11.0","","","16.3","","6.5","91","","63","","33.35","22.11","22.94","","","","",""
"2022-08-19","2022231","7:47","33.0","6.8085","12.0","","","17.1","","6.5","90","","64","","33.37","22.07","22.96","","","","",""
"2022-08-19","2022231","7:47","33.0","6.8085","13.0","","","16.9","","6.5","91","","67","","33.42","22.03","23.01","","","","",""
"2022-08-19","2022231","7:35","34.0","3.5290","1.0","","","9.8","","6.3","88","","39","2.12","33.45","22.25","22.97","","","","",""
"2022-08-19","2022231","7:35","34.0","3.5290","2.0","8.9","0.82","9.1","","6.3","88","36.4","40","","33.46","22.27","22.97","","","","",""
"2022-08-19","2022231","7:35","34.0","3.5290","3.0","","","11.4","","6.3","88","","52","","33.46","22.27","22.98","","","","",""
"2022-08-19","2022231","7:35","34.0","3.5290","4.0","","","11.7","","6.3","88","","62","","33.47","22.28","22.98","","","","",""
"2022-08-19","2022231","7:35","34.0","3.5290","5.0","","","11.6","","6.3","88","","64","","33.48","22.28","22.98","","","","",""
"2022-08-19","2022231","7:35","34.0","3.5290","6.0","","","11.4","","6.2","87","","65","","33.48","22.29","22.98","","","","",""
"2022-08-19","2022231","7:35","34.0","3.5290","7.0","","","11.2","","6.2","87","","65","","33.49","22.29","22.99","","","","",""
"2022-08-19","2022231","7:35","34.0","3.5290","8.0","","","11.4","","6.2","87","","67","","33.51","22.31","23.00","","","","",""
"2022-08-19","2022231","7:23","35.0","1.6576","1.0","","","7.7","","6.1","85","","58","2.66","33.43","22.36","22.92","","","","",""
"2022-08-19","2022231","7:23","35.0","1.6576","2.0","7.7","0.75","7.5","","6.1","85","59.5","59","","33.43","22.36","22.92","","","","",""
"2022-08-19","2022231","7:23","35.0","1.6576","3.0","","","7.3","","6.1","85","","62","","33.43","22.38","22.92","","","","",""
"2022-08-19","2022231","7:23","35.0","1.6576","4.0","","","8.2","","6.1","85","","68","","33.43","22.38","22.92","","","","",""
"2022-08-19","2022231","7:23","35.0","1.6576","5.0","","","7.7","","6.1","85","","68","","33.43","22.38","22.92","","","","",""
"2022-08-19","2022231","7:23","35.0","1.6576","6.0","","","7.8","","6.1","85","","70","","33.43","22.39","22.92","","","","",""
"2022-08-19","2022231","7:23","35.0","1.6576","7.0","","","8.3","","6.1","85","","71","","33.43","22.39","22.91","","","","",""
"2022-08-19","2022231","7:15","36.0","0.0000","1.0","","","7.7","","5.8","81","","80","4.20","33.15","22.43","22.69","","","","",""
"2022-08-19","2022231","7:15","36.0","0.0000","2.0","7.4","0.73","6.9","","5.8","81","","85","","33.17","22.44","22.70","3.76","36.77","9.78","10.48","138.51"
"2022-08-19","2022231","7:15","36.0","0.0000","3.0","","","8.1","","5.8","81","","91","","33.20","22.46","22.72","","","","",""
"2022-08-19","2022231","7:15","36.0","0.0000","4.0","","","8.1","","5.8","81","","97","","33.20","22.46","22.72","","","","",""
"2022-08-19","2022231","7:15","36.0","0.0000","5.0","7.4","0.64","7.7","","5.8","82","112.7","111","","33.20","22.46","22.72","","","","",""
"2022-08-31","2022243","10:07","18.0","54.9481","1.0","","","17.0","","7.7","98","","5","0.92","32.38","17.50","23.39","","","","",""
"2022-08-31","2022243","10:07","18.0","54.9481","2.0","19.1","0.89","17.9","","7.7","98","5.0","5","","32.38","17.50","23.39","","0.29","","0.59","45.93"
"2022-08-31","2022243","10:07","18.0","54.9481","3.0","","","17.3","","7.7","98","","5","","32.40","17.49","23.40","","","","",""
"2022-08-31","2022243","10:07","18.0","54.9481","4.0","","","16.9","","7.7","98","","5","","32.46","17.43","23.47","","","","",""
"2022-08-31","2022243","10:07","18.0","54.9481","5.0","","","16.3","","7.7","98","","6","","32.48","17.43","23.48","","","","",""
"2022-08-31","2022243","10:07","18.0","54.9481","6.0","","","16.2","","7.7","98","","6","","32.47","17.43","23.47","","","","",""
"2022-08-31","2022243","10:07","18.0","54.9481","7.0","","","15.9","","7.7","98","","6","","32.47","17.43","23.47","","","","",""
"2022-08-31","2022243","10:07","18.0","54.9481","8.0","","","15.1","","7.7","98","","7","","32.47","17.43","23.47","","","","",""
"2022-08-31","2022243","10:07","18.0","54.9481","9.0","","","15.5","","7.7","98","","7","","32.46","17.44","23.47","","","","",""
"2022-08-31","2022243","10:07","18.0","54.9481","10.0","","","15.5","","7.7","98","","6","","32.46","17.44","23.47","","","","",""
"2022-08-31","2022243","10:07","18.0","54.9481","11.0","","","15.4","","7.7","98","","6","","32.47","17.44","23.47","","","","",""
"2022-08-31","2022243","10:07","18.0","54.9481","12.0","","","15.8","","7.7","98","","7","","32.47","17.44","23.47","","","","",""
"2022-08-31","2022243","10:07","18.0","54.9481","13.0","","","15.6","","7.7","98","","6","","32.47","17.43","23.47","","","","",""
"2022-08-31","2022243","10:07","18.0","54.9481","14.0","","","15.3","","7.7","98","","6","","32.47","17.43","23.47","","","","",""
"2022-08-31","2022243","10:07","18.0","54.9481","15.0","","","15.6","","7.7","98","","7","","32.47","17.43","23.47","","","","",""
"2022-08-31","2022243","10:07","18.0","54.9481","16.0","","","15.7","","7.7","98","","7","","32.47","17.43","23.47","","","","",""
"2022-08-31","2022243","10:07","18.0","54.9481","17.0","","","15.8","","7.7","98","","6","","32.47","17.44","23.47","","","","",""
"2022-08-31","2022243","10:07","18.0","54.9481","18.0","","","15.8","","7.7","98","","6","","32.47","17.44","23.47","","","","",""
"2022-08-31","2022243","10:07","18.0","54.9481","19.0","","","16.1","","7.7","98","","7","","32.47","17.44","23.47","","","","",""
"2022-08-31","2022243","10:07","18.0","54.9481","20.0","","","15.6","","7.7","98","","6","","32.47","17.44","23.47","","","","",""
"2022-08-31","2022243","10:07","18.0","54.9481","21.0","","","15.8","","7.7","98","","7","","32.47","17.44","23.47","","","","",""
"2022-08-31","2022243","10:07","18.0","54.9481","22.0","","","16.0","","7.7","98","","6","","32.47","17.44","23.47","","","","",""
"2022-08-31","2022243","10:07","18.0","54.9481","23.0","","","15.7","","7.7","98","","7","","32.47","17.44","23.47","","","","",""
"2022-08-31","2022243","10:07","18.0","54.9481","24.0","","","15.5","","7.7","98","","7","","32.47","17.44","23.47","","","","",""
"2022-08-31","2022243","10:07","18.0","54.9481","25.0","","","15.8","","7.7","98","","6","","32.46","17.44","23.47","","","","",""
"2022-08-31","2022243","10:07","18.0","54.9481","26.0","","","15.6","","7.7","98","","6","","32.46","17.44","23.47","","","","",""
"2022-08-31","2022243","10:07","18.0","54.9481","27.0","","","15.9","","7.7","98","","7","","32.46","17.44","23.46","","","","",""
"2022-08-31","2022243","10:07","18.0","54.9481","28.0","","","15.7","","7.7","98","","7","","32.46","17.44","23.46","","","","",""
"2022-08-31","2022243","10:07","18.0","54.9481","29.0","","","15.8","","7.7","98","","7","","32.47","17.44","23.47","","","","",""
"2022-08-31","2022243","10:07","18.0","54.9481","30.0","","","15.8","","7.7","98","","7","","32.47","17.44","23.47","","","","",""
"2022-08-31","2022243","10:07","18.0","54.9481","31.0","","","15.8","","7.7","98","","7","","32.47","17.44","23.47","","","","",""
"2022-08-31","2022243","10:07","18.0","54.9481","32.0","","","16.1","","7.7","98","","7","","32.46","17.44","23.46","","","","",""
"2022-08-31","2022243","10:07","18.0","54.9481","33.0","","","15.6","","7.7","98","","7","","32.46","17.44","23.46","","","","",""
"2022-08-31","2022243","10:07","18.0","54.9481","34.0","","","15.7","","7.7","98","","8","","32.46","17.44","23.46","","","","",""
"2022-08-31","2022243","10:07","18.0","54.9481","35.0","","","15.9","","7.7","98","","7","","32.46","17.44","23.46","","","","",""
"2022-08-31","2022243","10:07","18.0","54.9481","36.0","","","16.0","","7.7","98","","7","","32.46","17.44","23.46","","","","",""
"2022-08-31","2022243","10:07","18.0","54.9481","37.0","","","15.9","","7.7","98","","7","","32.46","17.44","23.46","","","","",""
"2022-08-31","2022243","10:07","18.0","54.9481","38.0","","","16.3","","7.7","98","","7","","32.46","17.44","23.46","","","","",""
"2022-08-31","2022243","10:07","18.0","54.9481","39.0","","","16.3","","7.7","98","","7","","32.46","17.44","23.46","","","","",""
"2022-08-31","2022243","10:07","18.0","54.9481","40.0","","","16.3","","7.7","98","","7","","32.46","17.44","23.46","","","","",""
"2022-08-31","2022243","10:07","18.0","54.9481","41.0","","","16.6","","7.7","98","","10","","32.47","17.43","23.47","","","","",""
"2022-08-31","2022243","10:07","18.0","54.9481","42.0","20.8","0.81","17.1","","7.7","98","","16","","32.47","17.42","23.48","","","","",""
"2022-08-31","2022243","9:51","20.0","51.4501","1.0","","","8.2","5.8","5.9","77","","3","0.61","32.22","19.08","22.88","","","","",""
"2022-08-31","2022243","9:51","20.0","51.4501","2.0","9.4","0.93","8.4","","5.9","77","","3","","32.23","19.05","22.89","","","","",""
"2022-08-31","2022243","9:51","20.0","51.4501","3.0","","","8.3","","5.9","77","","3","","32.23","19.02","22.90","","","","",""
"2022-08-31","2022243","9:51","20.0","51.4501","4.0","","","8.5","","5.9","77","","3","","32.25","19.00","22.92","","","","",""
"2022-08-31","2022243","9:51","20.0","51.4501","5.0","","","8.4","","6.0","78","","3","","32.26","18.98","22.94","","","","",""
"2022-08-31","2022243","9:51","20.0","51.4501","6.0","","","8.1","","6.0","79","","3","","32.29","18.98","22.96","","","","",""
"2022-08-31","2022243","9:51","20.0","51.4501","7.0","","","7.6","","6.0","79","","3","","32.31","18.99","22.97","","","","",""
"2022-08-31","2022243","9:51","20.0","51.4501","8.0","","","7.7","","6.0","79","","3","","32.31","18.99","22.97","","","","",""
"2022-08-31","2022243","9:51","20.0","51.4501","9.0","","","7.7","","6.0","79","","3","","32.31","18.99","22.97","","","","",""
"2022-08-31","2022243","9:51","20.0","51.4501","10.0","","","7.6","","6.1","79","","3","","32.31","18.99","22.97","","","","",""
"2022-08-31","2022243","9:51","20.0","51.4501","11.0","","","7.6","","6.1","80","","3","","32.32","18.99","22.97","","","","",""
"2022-08-31","2022243","9:51","20.0","51.4501","12.0","","","7.5","","6.1","80","","3","","32.32","18.99","22.98","","","","",""
"2022-08-31","2022243","9:51","20.0","51.4501","13.0","","","7.8","","6.1","80","","3","","32.33","18.99","22.98","","","","",""
"2022-08-31","2022243","9:51","20.0","51.4501","14.0","","","7.7","","6.1","80","","3","","32.33","18.99","22.98","","","","",""
"2022-08-31","2022243","9:51","20.0","51.4501","15.0","","","7.7","","6.1","81","","3","","32.34","18.97","23.00","","","","",""
"2022-08-31","2022243","9:51","20.0","51.4501","16.0","","","7.9","","6.1","80","","3","","32.35","18.96","23.01","","","","",""
"2022-08-31","2022243","9:51","20.0","51.4501","17.0","","","7.8","","6.1","80","","3","","32.34","18.96","23.00","","","","",""
"2022-08-31","2022243","9:51","20.0","51.4501","18.0","","","8.0","","6.1","80","","3","","32.34","18.96","23.00","","","","",""
"2022-08-31","2022243","9:51","20.0","51.4501","19.0","","","7.9","","6.1","80","","3","","32.34","18.96","23.00","","","","",""
"2022-08-31","2022243","9:51","20.0","51.4501","20.0","","","7.8","","6.2","81","","3","","32.34","18.95","23.00","","","","",""
"2022-08-31","2022243","9:51","20.0","51.4501","21.0","","","7.8","","6.3","82","","3","","32.37","18.90","23.04","","","","",""
"2022-08-31","2022243","9:51","20.0","51.4501","22.0","","","8.1","","6.3","82","","3","","32.38","18.88","23.05","","","","",""
"2022-08-31","2022243","9:51","20.0","51.4501","23.0","","","7.8","","6.3","82","","4","","32.37","18.87","23.05","","","","",""
"2022-08-31","2022243","9:51","20.0","51.4501","24.0","","","7.8","","6.3","82","","3","","32.37","18.86","23.05","","","","",""
"2022-08-31","2022243","9:51","20.0","51.4501","25.0","","","7.9","","6.3","82","","4","","32.37","18.86","23.05","","","","",""
"2022-08-31","2022243","9:51","20.0","51.4501","26.0","","","7.8","","6.3","82","","4","","32.37","18.86","23.05","","","","",""
"2022-08-31","2022243","9:36","21.0","46.6266","1.0","","","6.3","","5.0","67","","4","0.77","32.34","19.81","22.78","","","","",""
"2022-08-31","2022243","9:36","21.0","46.6266","2.0","6.3","0.91","6.2","","5.0","67","","4","","32.34","19.79","22.78","","","","",""
"2022-08-31","2022243","9:36","21.0","46.6266","3.0","","","6.3","","5.0","67","","4","","32.33","19.78","22.79","","","","",""
"2022-08-31","2022243","9:36","21.0","46.6266","4.0","","","6.1","","5.0","67","","4","","32.33","19.75","22.79","","","","",""
"2022-08-31","2022243","9:36","21.0","46.6266","5.0","","","6.2","","5.0","67","","5","","32.33","19.72","22.80","","","","",""
"2022-08-31","2022243","9:36","21.0","46.6266","6.0","","","6.1","","5.0","67","","5","","32.32","19.69","22.80","","","","",""
"2022-08-31","2022243","9:36","21.0","46.6266","7.0","","","6.3","","5.0","67","","5","","32.32","19.67","22.80","","","","",""
"2022-08-31","2022243","9:36","21.0","46.6266","8.0","","","6.2","","5.0","67","","5","","32.31","19.65","22.80","","","","",""
"2022-08-31","2022243","9:36","21.0","46.6266","9.0","","","6.1","","5.1","67","","5","","32.31","19.65","22.80","","","","",""
"2022-08-31","2022243","9:36","21.0","46.6266","10.0","","","6.0","","5.1","67","","5","","32.31","19.63","22.80","","","","",""
"2022-08-31","2022243","9:36","21.0","46.6266","11.0","","","6.2","","5.0","67","","5","","32.31","19.64","22.80","","","","",""
"2022-08-31","2022243","9:36","21.0","46.6266","12.0","","","6.1","","5.0","67","","5","","32.31","19.65","22.80","","","","",""
"2022-08-31","2022243","9:36","21.0","46.6266","13.0","","","6.1","","5.1","67","","5","","32.31","19.63","22.80","","","","",""
"2022-08-31","2022243","9:36","21.0","46.6266","14.0","","","6.2","","5.1","67","","5","","32.30","19.61","22.81","","","","",""
"2022-08-31","2022243","9:36","21.0","46.6266","15.0","","","6.1","","5.1","67","","5","","32.30","19.60","22.81","","","","",""
"2022-08-31","2022243","9:36","21.0","46.6266","16.0","","","5.7","","5.1","67","","6","","32.30","19.59","22.81","","","","",""
"2022-08-31","2022243","9:36","21.0","46.6266","17.0","","","5.0","","5.1","67","","5","","32.30","19.59","22.81","","","","",""
"2022-08-31","2022243","9:26","22.0","43.9210","1.0","","","5.6","","4.3","58","","6","0.95","32.51","20.54","22.72","","","","",""
"2022-08-31","2022243","9:26","22.0","43.9210","2.0","5.3","0.85","5.6","","4.3","58","5.8","6","","32.52","20.57","22.72","0.07","0.35","0.93","1.18","79.04"
"2022-08-31","2022243","9:26","22.0","43.9210","3.0","","","5.8","","4.3","58","","6","","32.52","20.56","22.72","","","","",""
"2022-08-31","2022243","9:26","22.0","43.9210","4.0","","","5.9","","4.3","58","","6","","32.51","20.54","22.73","","","","",""
"2022-08-31","2022243","9:26","22.0","43.9210","5.0","","","6.1","","4.3","58","","6","","32.51","20.51","22.73","","","","",""
"2022-08-31","2022243","9:26","22.0","43.9210","6.0","","","6.0","","4.3","58","","6","","32.51","20.50","22.73","","","","",""
"2022-08-31","2022243","9:26","22.0","43.9210","7.0","","","5.6","","4.3","58","","7","","32.51","20.49","22.73","","","","",""
"2022-08-31","2022243","9:26","22.0","43.9210","8.0","","","5.8","","4.3","57","","7","","32.51","20.49","22.73","","","","",""
"2022-08-31","2022243","9:26","22.0","43.9210","9.0","","","5.6","","4.3","57","","7","","32.51","20.48","22.74","","","","",""
"2022-08-31","2022243","9:26","22.0","43.9210","10.0","","","5.9","","4.3","58","","7","","32.50","20.47","22.74","","","","",""
"2022-08-31","2022243","9:26","22.0","43.9210","11.0","","","5.7","","4.3","58","","7","","32.50","20.44","22.74","","","","",""
"2022-08-31","2022243","9:26","22.0","43.9210","12.0","","","5.7","","4.3","58","","8","","32.50","20.44","22.74","","","","",""
"2022-08-31","2022243","9:26","22.0","43.9210","13.0","","","5.9","","4.3","58","","8","","32.49","20.41","22.74","","","","",""
"2022-08-31","2022243","9:26","22.0","43.9210","14.0","","","5.6","","4.3","58","","8","","32.49","20.40","22.75","","","","",""
"2022-08-31","2022243","9:26","22.0","43.9210","15.0","","","5.6","","4.3","58","","9","","32.49","20.40","22.75","","","","",""
"2022-08-31","2022243","9:26","22.0","43.9210","16.0","","","5.5","","4.3","59","","9","","32.49","20.37","22.75","","","","",""
"2022-08-31","2022243","9:26","22.0","43.9210","17.0","","","5.6","","4.4","59","","9","","32.48","20.36","22.75","","","","",""
"2022-08-31","2022243","9:26","22.0","43.9210","18.0","4.7","0.79","5.6","","4.4","59","9.2","9","","32.48","20.36","22.75","","","","",""
"2022-08-31","2022243","9:10","23.0","39.6557","1.0","","","6.6","","3.5","48","","8","1.15","32.77","21.30","22.72","","","","",""
"2022-08-31","2022243","9:10","23.0","39.6557","2.0","","","6.4","","3.5","48","","8","","32.77","21.30","22.72","","","","",""
"2022-08-31","2022243","9:10","23.0","39.6557","3.0","","","6.3","","3.5","48","","8","","32.77","21.30","22.71","","","","",""
"2022-08-31","2022243","9:10","23.0","39.6557","4.0","","","6.2","","3.5","48","","8","","32.76","21.29","22.71","","","","",""
"2022-08-31","2022243","9:10","23.0","39.6557","5.0","","","6.2","","3.5","49","","8","","32.76","21.29","22.71","","","","",""
"2022-08-31","2022243","9:10","23.0","39.6557","6.0","","","6.3","","3.6","49","","8","","32.81","21.35","22.73","","","","",""
"2022-08-31","2022243","9:10","23.0","39.6557","7.0","","","6.5","","3.6","49","","8","","32.83","21.37","22.74","","","","",""
"2022-08-31","2022243","9:10","23.0","39.6557","8.0","","","6.7","","3.6","49","","8","","32.83","21.37","22.74","","","","",""
"2022-08-31","2022243","9:10","23.0","39.6557","9.0","","","6.7","","3.6","49","","8","","32.83","21.38","22.74","","","","",""
"2022-08-31","2022243","9:10","23.0","39.6557","10.0","","","6.6","","3.6","49","","8","","32.84","21.38","22.75","","","","",""
"2022-08-31","2022243","9:10","23.0","39.6557","11.0","","","6.7","","3.6","49","","8","","32.84","21.38","22.75","","","","",""
"2022-08-31","2022243","9:10","23.0","39.6557","12.0","","","6.8","","3.6","49","","8","","32.84","21.38","22.75","","","","",""
"2022-08-31","2022243","8:58","24.0","37.0911","1.0","","","9.0","","4.5","63","","11","1.35","32.99","21.47","22.84","","","","",""
"2022-08-31","2022243","8:58","24.0","37.0911","2.0","9.5","0.90","9.1","","4.5","62","12.2","11","","32.99","21.46","22.84","","0.40","","2.06","108.95"
"2022-08-31","2022243","8:58","24.0","37.0911","3.0","","","8.8","","4.5","62","","11","","32.99","21.46","22.84","","","","",""
"2022-08-31","2022243","8:58","24.0","37.0911","4.0","","","8.9","","4.5","62","","11","","32.99","21.46","22.84","","","","",""
"2022-08-31","2022243","8:58","24.0","37.0911","5.0","","","9.0","","4.5","62","","13","","32.99","21.47","22.84","","","","",""
"2022-08-31","2022243","8:58","24.0","37.0911","6.0","","","8.8","","4.5","62","","13","","32.99","21.47","22.84","","","","",""
"2022-08-31","2022243","8:58","24.0","37.0911","7.0","","","8.9","","4.5","61","","15","","32.99","21.46","22.84","","","","",""
"2022-08-31","2022243","8:58","24.0","37.0911","8.0","","","8.9","","4.5","61","","18","","32.99","21.46","22.84","","","","",""
"2022-08-31","2022243","8:58","24.0","37.0911","9.0","","","8.8","","4.5","61","","19","","32.99","21.46","22.84","","","","",""
"2022-08-31","2022243","8:58","24.0","37.0911","10.0","9.3","0.81","8.8","","4.5","62","","19","","32.99","21.46","22.84","","","","",""
"2022-08-31","2022243","8:46","25.0","32.8382","1.0","","","12.8","","4.2","58","","13","1.53","33.12","21.85","22.84","","","","",""
"2022-08-31","2022243","8:46","25.0","32.8382","2.0","","","12.5","","4.2","58","","13","","33.12","21.85","22.84","","","","",""
"2022-08-31","2022243","8:46","25.0","32.8382","3.0","","","12.4","","4.2","58","","13","","33.12","21.85","22.84","","","","",""
"2022-08-31","2022243","8:46","25.0","32.8382","4.0","","","12.5","","4.2","58","","14","","33.12","21.85","22.84","","","","",""
"2022-08-31","2022243","8:46","25.0","32.8382","5.0","","","12.8","","4.2","58","","14","","33.12","21.85","22.83","","","","",""
"2022-08-31","2022243","8:46","25.0","32.8382","6.0","","","13.0","","4.2","58","","16","","33.12","21.85","22.83","","","","",""
"2022-08-31","2022243","8:46","25.0","32.8382","7.0","","","13.3","","4.2","58","","19","","33.12","21.84","22.83","","","","",""
"2022-08-31","2022243","8:33","26.0","28.7560","1.0","","","15.8","","3.7","52","","9","1.61","33.27","22.10","22.87","","","","",""
"2022-08-31","2022243","8:33","26.0","28.7560","2.0","","","15.9","","3.7","51","","9","","33.27","22.11","22.87","","","","",""
"2022-08-31","2022243","8:33","26.0","28.7560","3.0","","","16.3","","3.7","52","","9","","33.27","22.12","22.87","","","","",""
"2022-08-31","2022243","8:33","26.0","28.7560","4.0","","","16.4","","3.7","52","","11","","33.26","22.10","22.87","","","","",""
"2022-08-31","2022243","8:33","26.0","28.7560","5.0","","","16.1","","3.7","52","","16","","33.26","22.10","22.87","","","","",""
"2022-08-31","2022243","8:33","26.0","28.7560","6.0","","","16.1","","3.7","52","","18","","33.26","22.10","22.87","","","","",""
"2022-08-31","2022243","8:33","26.0","28.7560","7.0","","","16.2","","3.7","52","","20","","33.26","22.10","22.87","","","","",""
"2022-08-31","2022243","8:33","26.0","28.7560","8.0","","","16.7","","3.7","52","","24","","33.25","22.10","22.87","","","","",""
"2022-08-31","2022243","8:33","26.0","28.7560","9.0","","","17.0","","3.7","52","","28","","33.25","22.09","22.86","","","","",""
"2022-08-31","2022243","8:23","27.0","26.1872","1.0","","","16.8","","3.4","48","","10","1.56","33.34","22.17","22.91","","","","",""
"2022-08-31","2022243","8:23","27.0","26.1872","2.0","16.2","0.84","16.7","","3.4","48","9.7","10","","33.34","22.17","22.91","","0.71","","2.82","134.23"
"2022-08-31","2022243","8:23","27.0","26.1872","3.0","","","16.6","","3.4","48","","11","","33.34","22.17","22.91","","","","",""
"2022-08-31","2022243","8:23","27.0","26.1872","4.0","","","16.6","","3.4","48","","11","","33.34","22.17","22.91","","","","",""
"2022-08-31","2022243","8:23","27.0","26.1872","5.0","","","16.8","","3.4","48","","14","","33.34","22.17","22.91","","","","",""
"2022-08-31","2022243","8:23","27.0","26.1872","6.0","","","17.2","","3.4","48","","15","","33.34","22.17","22.91","","","","",""
"2022-08-31","2022243","8:23","27.0","26.1872","7.0","","","17.1","","3.4","48","","16","","33.34","22.17","22.91","","","","",""
"2022-08-31","2022243","8:23","27.0","26.1872","8.0","","","17.4","","3.4","48","","19","","33.34","22.16","22.91","","","","",""
"2022-08-31","2022243","8:23","27.0","26.1872","9.0","","","17.6","","3.4","48","","20","","33.34","22.16","22.91","","","","",""
"2022-08-31","2022243","8:23","27.0","26.1872","10.0","18.3","0.82","18.1","","3.4","48","","22","","33.34","22.16","22.91","","","","",""
"2022-08-31","2022243","8:12","28.0","23.5695","1.0","","","16.5","","3.1","43","","10","1.61","33.40","22.32","22.92","","","","",""
"2022-08-31","2022243","8:12","28.0","23.5695","2.0","","","16.6","","3.1","43","","11","","33.41","22.32","22.92","","","","",""
"2022-08-31","2022243","8:12","28.0","23.5695","3.0","","","16.8","","3.1","43","","11","","33.40","22.32","22.92","","","","",""
"2022-08-31","2022243","8:12","28.0","23.5695","4.0","","","16.9","","3.1","43","","12","","33.41","22.32","22.92","","","","",""
"2022-08-31","2022243","8:12","28.0","23.5695","5.0","","","16.7","","3.1","43","","12","","33.41","22.32","22.92","","","","",""
"2022-08-31","2022243","8:12","28.0","23.5695","6.0","","","16.7","","3.1","43","","13","","33.41","22.32","22.92","","","","",""
"2022-08-31","2022243","8:12","28.0","23.5695","7.0","","","16.7","","3.1","43","","13","","33.41","22.32","22.92","","","","",""
"2022-08-31","2022243","8:12","28.0","23.5695","8.0","","","16.9","","3.1","43","","18","","33.41","22.32","22.92","","","","",""
"2022-08-31","2022243","8:12","28.0","23.5695","9.0","","","17.3","","3.1","43","","19","","33.41","22.32","22.92","","","","",""
"2022-08-31","2022243","8:12","28.0","23.5695","10.0","","","17.6","","3.1","43","","22","","33.41","22.32","22.92","","","","",""
"2022-08-31","2022243","8:12","28.0","23.5695","11.0","","","17.8","","3.1","43","","25","","33.41","22.32","22.92","","","","",""
"2022-08-31","2022243","8:12","28.0","23.5695","12.0","","","17.9","","3.1","44","","23","","33.41","22.32","22.92","","","","",""
"2022-08-31","2022243","8:01","29.0","20.2526","1.0","","","14.9","","2.8","39","","10","1.63","33.46","22.37","22.94","","","","",""
"2022-08-31","2022243","8:01","29.0","20.2526","2.0","","","15.0","","2.8","39","","10","","33.45","22.37","22.94","","","","",""
"2022-08-31","2022243","8:01","29.0","20.2526","3.0","","","15.3","","2.8","39","","11","","33.45","22.38","22.94","","","","",""
"2022-08-31","2022243","8:01","29.0","20.2526","4.0","","","15.7","","2.8","39","","11","","33.45","22.38","22.94","","","","",""
"2022-08-31","2022243","8:01","29.0","20.2526","5.0","","","15.7","","2.8","39","","12","","33.45","22.38","22.94","","","","",""
"2022-08-31","2022243","8:01","29.0","20.2526","6.0","","","15.9","","2.8","39","","15","","33.45","22.38","22.94","","","","",""
"2022-08-31","2022243","8:01","29.0","20.2526","7.0","","","16.3","","2.8","39","","15","","33.45","22.38","22.94","","","","",""
"2022-08-31","2022243","8:01","29.0","20.2526","8.0","","","16.1","","2.8","40","","15","","33.45","22.38","22.94","","","","",""
"2022-08-31","2022243","8:01","29.0","20.2526","9.0","","","16.2","","2.9","40","","16","","33.45","22.38","22.94","","","","",""
"2022-08-31","2022243","8:01","29.0","20.2526","10.0","","","16.2","","2.9","41","","17","","33.45","22.37","22.94","","","","",""
"2022-08-31","2022243","8:01","29.0","20.2526","11.0","","","17.6","","2.9","41","","37","","33.45","22.36","22.94","","","","",""
"2022-08-31","2022243","8:01","29.0","20.2526","12.0","","","17.8","","2.9","41","","33","","33.45","22.36","22.94","","","","",""
"2022-08-31","2022243","8:01","29.0","20.2526","13.0","","","18.2","","2.9","41","","44","","33.45","22.36","22.94","","","","",""
"2022-08-31","2022243","7:52","29.5","17.5640","1.0","","","15.2","3.0","2.9","40","","11","1.73","33.48","22.36","22.97","","","","",""
"2022-08-31","2022243","7:52","29.5","17.5640","2.0","","","15.2","","2.9","40","","11","","33.49","22.36","22.97","","","","",""
"2022-08-31","2022243","7:52","29.5","17.5640","3.0","","","15.1","","2.8","40","","11","","33.49","22.36","22.97","","","","",""
"2022-08-31","2022243","7:52","29.5","17.5640","4.0","","","15.2","","2.8","40","","12","","33.49","22.36","22.97","","","","",""
"2022-08-31","2022243","7:52","29.5","17.5640","5.0","","","15.3","","2.8","40","","13","","33.48","22.36","22.97","","","","",""
"2022-08-31","2022243","7:52","29.5","17.5640","6.0","","","15.4","","2.8","40","","15","","33.48","22.36","22.97","","","","",""
"2022-08-31","2022243","7:52","29.5","17.5640","7.0","","","15.5","","2.8","40","","16","","33.48","22.36","22.97","","","","",""
"2022-08-31","2022243","7:52","29.5","17.5640","8.0","","","15.8","","2.8","40","","16","","33.48","22.36","22.97","","","","",""
"2022-08-31","2022243","7:52","29.5","17.5640","9.0","","","15.8","","2.8","40","","19","","33.48","22.36","22.96","","","","",""
"2022-08-31","2022243","7:52","29.5","17.5640","10.0","","","16.0","","2.8","40","","21","","33.48","22.36","22.96","","","","",""
"2022-08-31","2022243","7:52","29.5","17.5640","11.0","","","15.9","","2.8","40","","21","","33.48","22.36","22.96","","","","",""
"2022-08-31","2022243","7:52","29.5","17.5640","12.0","","","15.5","","2.8","40","","21","","33.48","22.36","22.96","","","","",""
"2022-08-31","2022243","7:52","29.5","17.5640","13.0","","","15.8","","2.8","40","","20","","33.48","22.36","22.96","","","","",""
"2022-08-31","2022243","7:42","30.0","14.7543","1.0","","","15.1","","3.1","43","","12","1.77","33.47","22.27","22.98","","","","",""
"2022-08-31","2022243","7:42","30.0","14.7543","2.0","14.3","0.92","15.1","","3.1","43","15.2","14","","33.48","22.26","22.99","","0.37","","3.26","132.81"
"2022-08-31","2022243","7:42","30.0","14.7543","3.0","","","15.5","","3.1","43","","15","","33.47","22.26","22.99","","","","",""
"2022-08-31","2022243","7:42","30.0","14.7543","4.0","","","15.9","","3.1","43","","19","","33.47","22.26","22.98","","","","",""
"2022-08-31","2022243","7:42","30.0","14.7543","5.0","","","16.3","","3.1","43","","24","","33.47","22.26","22.98","","","","",""
"2022-08-31","2022243","7:42","30.0","14.7543","6.0","","","16.4","","3.1","43","","25","","33.47","22.26","22.98","","","","",""
"2022-08-31","2022243","7:42","30.0","14.7543","7.0","","","16.6","","3.1","43","","26","","33.47","22.26","22.98","","","","",""
"2022-08-31","2022243","7:42","30.0","14.7543","8.0","","","16.5","","3.1","43","","27","","33.47","22.26","22.98","","","","",""
"2022-08-31","2022243","7:42","30.0","14.7543","9.0","","","16.5","","3.1","43","","29","","33.47","22.26","22.98","","","","",""
"2022-08-31","2022243","7:42","30.0","14.7543","10.0","15.3","0.74","16.5","","3.1","43","41.6","41","","33.47","22.25","22.99","","","","",""
"2022-08-31","2022243","7:29","31.0","10.6065","1.0","","","13.0","","2.8","39","","16","1.87","33.52","22.25","23.02","","","","",""
"2022-08-31","2022243","7:29","31.0","10.6065","2.0","","","13.2","","2.8","39","","16","","33.52","22.25","23.02","","","","",""
"2022-08-31","2022243","7:29","31.0","10.6065","3.0","","","13.3","","2.8","39","","17","","33.52","22.25","23.02","","","","",""
"2022-08-31","2022243","7:29","31.0","10.6065","4.0","","","13.8","","2.8","39","","20","","33.52","22.25","23.02","","","","",""
"2022-08-31","2022243","7:29","31.0","10.6065","5.0","","","14.0","","2.8","39","","24","","33.52","22.25","23.02","","","","",""
"2022-08-31","2022243","7:29","31.0","10.6065","6.0","","","14.1","","2.8","39","","24","","33.52","22.25","23.03","","","","",""
"2022-08-31","2022243","7:29","31.0","10.6065","7.0","","","14.4","","2.8","39","","28","","33.52","22.24","23.03","","","","",""
"2022-08-31","2022243","7:29","31.0","10.6065","8.0","","","14.6","","2.8","39","","30","","33.52","22.25","23.03","","","","",""
"2022-08-31","2022243","7:29","31.0","10.6065","9.0","","","14.5","","2.8","40","","29","","33.52","22.24","23.03","","","","",""
"2022-08-31","2022243","7:29","31.0","10.6065","10.0","","","14.8","","2.8","40","","35","","33.52","22.24","23.03","","","","",""
"2022-08-31","2022243","7:29","31.0","10.6065","11.0","","","15.1","","2.8","40","","45","","33.52","22.24","23.03","","","","",""
"2022-08-31","2022243","7:18","32.0","8.1507","1.0","","","9.3","2.8","2.7","38","","16","1.86","33.54","22.18","23.06","","","","",""
"2022-08-31","2022243","7:18","32.0","8.1507","2.0","9.2","0.88","9.3","","2.6","37","15.4","15","","33.54","22.18","23.06","","0.51","","4.26","133.52"
"2022-08-31","2022243","7:18","32.0","8.1507","3.0","","","9.4","","2.6","37","","17","","33.54","22.17","23.06","","","","",""
"2022-08-31","2022243","7:18","32.0","8.1507","4.0","","","9.5","","2.6","37","","20","","33.54","22.16","23.06","","","","",""
"2022-08-31","2022243","7:18","32.0","8.1507","5.0","","","9.6","","2.6","37","","22","","33.54","22.15","23.07","","","","",""
"2022-08-31","2022243","7:18","32.0","8.1507","6.0","","","9.8","","2.6","37","","24","","33.54","22.15","23.07","","","","",""
"2022-08-31","2022243","7:18","32.0","8.1507","7.0","","","9.8","","2.6","37","","25","","33.54","22.15","23.07","","","","",""
"2022-08-31","2022243","7:18","32.0","8.1507","8.0","","","9.8","","2.6","37","","28","","33.54","22.15","23.06","","","","",""
"2022-08-31","2022243","7:18","32.0","8.1507","9.0","10.7","0.73","10.1","","2.6","37","","31","","33.54","22.15","23.06","","","","",""
"2022-08-31","2022243","7:10","33.0","6.8085","1.0","","","9.3","","2.5","35","","18","2.03","33.54","22.22","23.05","","","","",""
"2022-08-31","2022243","7:10","33.0","6.8085","2.0","8.9","0.84","9.3","","2.5","35","16.3","18","","33.54","22.22","23.04","","","","",""
"2022-08-31","2022243","7:10","33.0","6.8085","3.0","","","9.4","","2.5","35","","19","","33.54","22.22","23.04","","","","",""
"2022-08-31","2022243","7:10","33.0","6.8085","4.0","","","9.5","","2.4","34","","19","","33.54","22.23","23.04","","","","",""
"2022-08-31","2022243","7:10","33.0","6.8085","5.0","","","9.6","","2.3","33","","20","","33.56","22.22","23.06","","","","",""
"2022-08-31","2022243","7:10","33.0","6.8085","6.0","","","9.9","","2.3","32","","25","","33.57","22.19","23.08","","","","",""
"2022-08-31","2022243","7:10","33.0","6.8085","7.0","","","10.0","","2.2","31","","26","","33.57","22.20","23.08","","","","",""
"2022-08-31","2022243","7:10","33.0","6.8085","8.0","","","10.1","","2.2","31","","29","","33.58","22.16","23.09","","","","",""
"2022-08-31","2022243","7:10","33.0","6.8085","9.0","","","10.2","","2.2","31","","38","","33.58","22.15","23.10","","","","",""
"2022-08-31","2022243","7:10","33.0","6.8085","10.0","","","10.3","","2.2","30","","42","","33.59","22.14","23.11","","","","",""
"2022-08-31","2022243","7:10","33.0","6.8085","11.0","","","10.4","","2.2","30","","45","","33.59","22.14","23.11","","","","",""
"2022-08-31","2022243","7:10","33.0","6.8085","12.0","","","10.5","","2.2","30","","51","","33.58","22.13","23.11","","","","",""
"2022-08-31","2022243","6:57","34.0","3.5290","1.0","","","12.8","1.6","1.6","22","","24","2.18","33.43","21.83","23.07","","","","",""
"2022-08-31","2022243","6:57","34.0","3.5290","2.0","13.0","0.88","13.1","","1.6","22","","25","","33.43","21.83","23.07","","0.54","","8.73","149.54"
"2022-08-31","2022243","6:57","34.0","3.5290","3.0","","","13.3","","1.5","21","","25","","33.44","21.84","23.08","","","","",""
"2022-08-31","2022243","6:57","34.0","3.5290","4.0","","","13.9","","1.4","20","","25","","33.47","21.84","23.10","","","","",""
"2022-08-31","2022243","6:57","34.0","3.5290","5.0","","","14.0","","1.4","19","","26","","33.50","21.86","23.12","","","","",""
"2022-08-31","2022243","6:57","34.0","3.5290","6.0","","","15.0","","1.4","19","","26","","33.52","21.86","23.13","","","","",""
"2022-08-31","2022243","6:57","34.0","3.5290","7.0","","","15.6","","1.4","19","","27","","33.53","21.87","23.14","","","","",""
"2022-08-31","2022243","6:57","34.0","3.5290","8.0","16.0","0.80","16.0","","1.4","19","29.0","29","","33.54","21.88","23.14","","","","",""
"2022-09-19","2022262","14:51","2.0","127.7053","1.0","","","3.6","","7.9","93","","14","1.63","8.79","20.76","4.71","","","","",""
"2022-09-19","2022262","14:51","2.0","127.7053","2.0","","","2.7","","7.9","93","","15","","9.15","20.64","5.00","","","","",""
"2022-09-19","2022262","14:51","2.0","127.7053","3.0","","","2.2","","7.9","93","","16","","9.22","20.61","5.06","","","","",""
"2022-09-19","2022262","14:51","2.0","127.7053","4.0","","","2.2","","7.9","93","","17","","9.28","20.58","5.11","","","","",""
"2022-09-19","2022262","14:51","2.0","127.7053","5.0","","","2.1","","7.9","93","","17","","9.31","20.57","5.14","","","","",""
"2022-09-19","2022262","14:51","2.0","127.7053","6.0","","","2.2","","7.9","93","","17","","9.32","20.56","5.15","","","","",""
"2022-09-19","2022262","14:51","2.0","127.7053","7.0","","","2.3","","7.9","93","","18","","9.33","20.56","5.16","","","","",""
"2022-09-19","2022262","14:51","2.0","127.7053","8.0","","","2.3","","7.9","93","","18","","9.37","20.55","5.19","","","","",""
"2022-09-19","2022262","14:51","2.0","127.7053","9.0","","","2.5","","7.9","93","","19","","9.39","20.55","5.21","","","","",""
"2022-09-19","2022262","14:51","2.0","127.7053","10.0","","","2.5","","7.9","93","","19","","9.42","20.54","5.23","","","","",""
"2022-09-19","2022262","14:40","3.0","125.3243","1.0","","","5.3","","8.1","95","","10","1.24","8.38","20.76","4.39","","","","",""
"2022-09-19","2022262","14:40","3.0","125.3243","2.0","5.0","0.92","5.2","","8.0","95","6.7","10","","9.14","20.55","5.01","5.58","16.71","","2.12","150.61"
"2022-09-19","2022262","14:40","3.0","125.3243","3.0","","","3.4","","8.0","94","","12","","9.40","20.55","5.21","","","","",""
"2022-09-19","2022262","14:40","3.0","125.3243","4.0","","","2.9","","7.9","93","","12","","9.54","20.57","5.32","","","","",""
"2022-09-19","2022262","14:40","3.0","125.3243","5.0","","","2.3","","7.8","93","","14","","10.10","20.54","5.75","","","","",""
"2022-09-19","2022262","14:40","3.0","125.3243","6.0","","","1.6","","7.8","93","","15","","10.31","20.53","5.91","","","","",""
"2022-09-19","2022262","14:40","3.0","125.3243","7.0","","","1.6","","7.8","93","","18","","10.40","20.53","5.97","","","","",""
"2022-09-19","2022262","14:40","3.0","125.3243","8.0","","","1.7","","7.8","93","","20","","10.52","20.54","6.06","","","","",""
"2022-09-19","2022262","14:40","3.0","125.3243","9.0","","","1.8","","7.8","93","","20","","10.72","20.53","6.21","","","","",""
"2022-09-19","2022262","14:40","3.0","125.3243","10.0","","","1.9","","7.8","93","","20","","10.79","20.53","6.27","","","","",""
"2022-09-19","2022262","14:40","3.0","125.3243","11.0","","","1.9","","7.8","93","","22","","10.82","20.54","6.29","","","","",""
"2022-09-19","2022262","14:40","3.0","125.3243","12.0","1.6","0.59","1.8","","7.8","93","22.4","24","","10.84","20.54","6.30","","","","",""
"2022-09-19","2022262","14:24","4.0","119.8957","1.0","","","4.8","","8.1","96","","10","1.36","9.44","20.74","5.20","","","","",""
"2022-09-19","2022262","14:24","4.0","119.8957","2.0","","","4.4","","8.1","95","","10","","9.48","20.74","5.23","","","","",""
"2022-09-19","2022262","14:24","4.0","119.8957","3.0","","","3.9","","8.1","95","","10","","9.75","20.68","5.45","","","","",""
"2022-09-19","2022262","14:24","4.0","119.8957","4.0","","","3.8","","8.1","96","","11","","9.99","20.67","5.63","","","","",""
"2022-09-19","2022262","14:24","4.0","119.8957","5.0","","","3.7","","8.0","95","","11","","10.08","20.67","5.70","","","","",""
"2022-09-19","2022262","14:24","4.0","119.8957","6.0","","","3.9","","8.0","95","","11","","10.49","20.65","6.02","","","","",""
"2022-09-19","2022262","14:24","4.0","119.8957","7.0","","","3.9","","7.9","94","","11","","10.75","20.60","6.22","","","","",""
"2022-09-19","2022262","14:24","4.0","119.8957","8.0","","","3.7","","7.8","93","","11","","11.48","20.63","6.76","","","","",""
"2022-09-19","2022262","14:24","4.0","119.8957","9.0","","","3.0","","7.7","93","","13","","12.32","20.54","7.42","","","","",""
"2022-09-19","2022262","14:24","4.0","119.8957","10.0","","","2.7","","7.7","93","","14","","12.54","20.51","7.60","","","","",""
"2022-09-19","2022262","14:24","4.0","119.8957","11.0","","","2.4","","7.7","93","","14","","12.76","20.49","7.77","","","","",""
"2022-09-19","2022262","14:24","4.0","119.8957","12.0","","","2.2","","7.7","92","","15","","12.81","20.49","7.81","","","","",""
"2022-09-19","2022262","14:24","4.0","119.8957","13.0","","","2.5","","7.7","92","","16","","12.87","20.49","7.85","","","","",""
"2022-09-19","2022262","14:24","4.0","119.8957","14.0","","","2.3","","7.7","92","","16","","12.92","20.48","7.89","","","","",""
"2022-09-19","2022262","14:24","4.0","119.8957","15.0","","","2.4","","7.7","92","","16","","12.96","20.48","7.92","","","","",""
"2022-09-19","2022262","14:24","4.0","119.8957","16.0","","","2.5","","7.7","92","","17","","12.99","20.48","7.95","","","","",""
"2022-09-19","2022262","14:24","4.0","119.8957","17.0","","","2.3","","7.7","92","","18","","12.99","20.48","7.95","","","","",""
"2022-09-19","2022262","14:11","5.0","115.6252","1.0","","","2.9","","7.9","94","","13","1.64","11.46","20.28","6.84","","","","",""
"2022-09-19","2022262","14:11","5.0","115.6252","2.0","","","2.4","","7.8","93","","15","","11.78","20.42","7.04","","","","",""
"2022-09-19","2022262","14:11","5.0","115.6252","3.0","","","2.1","","7.6","92","","14","","13.06","20.54","7.98","","","","",""
"2022-09-19","2022262","14:11","5.0","115.6252","4.0","","","1.7","","7.6","92","","16","","14.20","20.46","8.86","","","","",""
"2022-09-19","2022262","14:11","5.0","115.6252","5.0","","","1.8","","7.6","92","","20","","14.43","20.47","9.03","","","","",""
"2022-09-19","2022262","14:11","5.0","115.6252","6.0","","","2.0","","7.6","92","","20","","14.54","20.47","9.12","","","","",""
"2022-09-19","2022262","14:11","5.0","115.6252","7.0","","","2.2","","7.6","92","","19","","14.56","20.47","9.13","","","","",""
"2022-09-19","2022262","14:11","5.0","115.6252","8.0","","","1.9","","7.6","92","","18","","14.71","20.48","9.24","","","","",""
"2022-09-19","2022262","14:11","5.0","115.6252","9.0","","","1.9","","7.6","92","","18","","14.76","20.48","9.28","","","","",""
"2022-09-19","2022262","14:11","5.0","115.6252","10.0","","","1.9","","7.6","92","","19","","14.77","20.48","9.29","","","","",""
"2022-09-19","2022262","14:11","5.0","115.6252","11.0","","","1.8","","7.6","92","","19","","14.77","20.48","9.29","","","","",""
"2022-09-19","2022262","13:56","6.0","110.8977","1.0","","","5.3","","7.6","92","","12","1.54","14.99","20.59","9.43","","","","",""
"2022-09-19","2022262","13:56","6.0","110.8977","2.0","3.4","0.88","3.6","","7.5","92","11.6","13","","15.98","20.42","10.21","6.65","22.06","0.71","2.63","128.18"
"2022-09-19","2022262","13:56","6.0","110.8977","3.0","","","2.9","","7.5","92","","19","","16.23","20.38","10.42","","","","",""
"2022-09-19","2022262","13:56","6.0","110.8977","4.0","","","2.9","","7.5","92","","22","","16.42","20.35","10.57","","","","",""
"2022-09-19","2022262","13:56","6.0","110.8977","5.0","","","2.9","","7.5","92","","24","","16.51","20.34","10.64","","","","",""
"2022-09-19","2022262","13:56","6.0","110.8977","6.0","","","2.9","","7.5","92","","25","","16.51","20.33","10.64","","","","",""
"2022-09-19","2022262","13:56","6.0","110.8977","7.0","","","2.8","","7.5","92","","26","","16.52","20.33","10.65","","","","",""
"2022-09-19","2022262","13:56","6.0","110.8977","8.0","","","2.8","","7.5","92","","27","","16.58","20.32","10.69","","","","",""
"2022-09-19","2022262","13:56","6.0","110.8977","9.0","","","2.8","","7.5","92","","27","","16.63","20.31","10.74","","","","",""
"2022-09-19","2022262","13:56","6.0","110.8977","10.0","","","3.0","","7.5","91","","29","","16.65","20.31","10.75","","","","",""
"2022-09-19","2022262","13:56","6.0","110.8977","11.0","2.0","0.62","2.4","","7.5","91","30.7","29","","16.65","20.31","10.75","","","","",""
"2022-09-19","2022262","13:35","7.0","104.9810","1.0","","","4.4","","7.3","90","","12","1.51","17.88","20.62","11.61","","","","",""
"2022-09-19","2022262","13:35","7.0","104.9810","2.0","3.2","0.88","3.4","","7.2","89","10.8","13","","18.26","20.57","11.90","","","","",""
"2022-09-19","2022262","13:35","7.0","104.9810","3.0","","","2.5","","7.2","90","","19","","18.79","20.50","12.33","","","","",""
"2022-09-19","2022262","13:35","7.0","104.9810","4.0","","","2.4","","7.2","89","","19","","19.23","20.38","12.69","","","","",""
"2022-09-19","2022262","13:35","7.0","104.9810","5.0","","","2.4","","7.2","89","","24","","19.55","20.35","12.94","","","","",""
"2022-09-19","2022262","13:35","7.0","104.9810","6.0","","","2.2","","7.1","89","","22","","19.77","20.33","13.11","","","","",""
"2022-09-19","2022262","13:35","7.0","104.9810","7.0","","","2.2","","7.1","89","","20","","19.93","20.32","13.23","","","","",""
"2022-09-19","2022262","13:35","7.0","104.9810","8.0","","","2.1","","7.1","89","","22","","19.98","20.32","13.27","","","","",""
"2022-09-19","2022262","13:35","7.0","104.9810","9.0","","","2.1","","7.1","89","","21","","20.01","20.32","13.29","","","","",""
"2022-09-19","2022262","13:35","7.0","104.9810","10.0","","","2.0","","7.1","89","","19","","20.04","20.32","13.31","","","","",""
"2022-09-19","2022262","13:35","7.0","104.9810","11.0","","","2.2","","7.1","89","","20","","20.14","20.32","13.39","","","","",""
"2022-09-19","2022262","13:35","7.0","104.9810","12.0","","","2.3","","7.1","89","","22","","20.18","20.32","13.42","","","","",""
"2022-09-19","2022262","13:35","7.0","104.9810","13.0","","","2.2","","7.1","89","","23","","20.20","20.32","13.44","","","","",""
"2022-09-19","2022262","13:35","7.0","104.9810","14.0","","","2.2","","7.1","89","","23","","20.23","20.32","13.46","","","","",""
"2022-09-19","2022262","13:35","7.0","104.9810","15.0","","","2.4","","7.1","89","","27","","20.26","20.32","13.48","","","","",""
"2022-09-19","2022262","13:16","8.0","99.7699","1.0","","","5.5","","7.4","93","","9","1.11","20.06","20.47","13.29","","","","",""
"2022-09-19","2022262","13:16","8.0","99.7699","2.0","","","5.1","","7.4","93","7.9","9","","19.94","20.49","13.20","","","","",""
"2022-09-19","2022262","13:16","8.0","99.7699","3.0","","","4.8","","7.4","93","","9","","20.08","20.47","13.31","","","","",""
"2022-09-19","2022262","13:16","8.0","99.7699","4.0","","","4.6","","7.4","92","","9","","20.31","20.43","13.49","","","","",""
"2022-09-19","2022262","13:16","8.0","99.7699","5.0","","","4.5","","7.3","91","","9","","20.49","20.41","13.63","","","","",""
"2022-09-19","2022262","13:16","8.0","99.7699","6.0","","","4.0","","7.2","91","","9","","21.25","20.31","14.23","","","","",""
"2022-09-19","2022262","13:16","8.0","99.7699","7.0","","","3.2","","7.1","90","","9","","21.49","20.28","14.42","","","","",""
"2022-09-19","2022262","13:16","8.0","99.7699","8.0","","","2.8","","7.1","90","","9","","22.09","20.21","14.90","","","","",""
"2022-09-19","2022262","13:16","8.0","99.7699","9.0","","","2.1","","7.1","89","","10","","22.27","20.18","15.04","","","","",""
"2022-09-19","2022262","13:16","8.0","99.7699","10.0","","","1.7","","7.1","89","","11","","22.28","20.18","15.05","","","","",""
"2022-09-19","2022262","13:16","8.0","99.7699","11.0","","","1.7","","7.0","89","","11","","22.41","20.17","15.15","","","","",""
"2022-09-19","2022262","13:16","8.0","99.7699","12.0","","","1.7","","7.0","89","","11","","22.53","20.17","15.24","","","","",""
"2022-09-19","2022262","13:16","8.0","99.7699","13.0","","","1.8","","7.0","88","","12","","22.78","20.15","15.43","","","","",""
"2022-09-19","2022262","13:16","8.0","99.7699","14.0","","","1.9","","7.0","88","","14","","23.07","20.14","15.66","","","","",""
"2022-09-19","2022262","13:16","8.0","99.7699","15.0","","","1.8","","6.9","88","","18","","23.09","20.14","15.67","","","","",""
"2022-09-19","2022262","13:16","8.0","99.7699","16.0","","","2.2","","6.9","88","","24","","23.10","20.14","15.67","","","","",""
"2022-09-19","2022262","12:59","9.0","96.7889","1.0","","","5.1","","7.2","91","","11","1.37","20.24","20.44","13.44","","","","",""
"2022-09-19","2022262","12:59","9.0","96.7889","2.0","3.5","0.88","3.4","","7.1","89","10.4","11","","21.68","20.27","14.57","5.63","19.35","2.43","2.78","133.52"
"2022-09-19","2022262","12:59","9.0","96.7889","3.0","","","3.3","","7.0","88","","11","","22.72","20.17","15.38","","","","",""
"2022-09-19","2022262","12:59","9.0","96.7889","4.0","","","2.8","","7.0","88","","12","","23.40","20.12","15.91","","","","",""
"2022-09-19","2022262","12:59","9.0","96.7889","5.0","","","2.4","","6.9","88","","13","","23.78","20.10","16.20","","","","",""
"2022-09-19","2022262","12:59","9.0","96.7889","6.0","","","2.8","","6.9","88","","14","","23.87","20.09","16.27","","","","",""
"2022-09-19","2022262","12:59","9.0","96.7889","7.0","","","3.0","","6.9","88","","16","","23.91","20.09","16.31","","","","",""
"2022-09-19","2022262","12:59","9.0","96.7889","8.0","","","3.1","","6.9","88","","17","","23.99","20.09","16.36","","","","",""
"2022-09-19","2022262","12:59","9.0","96.7889","9.0","","","3.0","","6.9","88","","18","","24.01","20.09","16.38","","","","",""
"2022-09-19","2022262","12:59","9.0","96.7889","10.0","","","3.0","","6.9","88","","19","","24.02","20.09","16.38","","","","",""
"2022-09-19","2022262","12:59","9.0","96.7889","11.0","","","3.2","","6.9","88","","20","","24.05","20.09","16.41","","","","",""
"2022-09-19","2022262","12:59","9.0","96.7889","12.0","","","3.3","","6.9","88","","21","","24.17","20.09","16.50","","","","",""
"2022-09-19","2022262","12:59","9.0","96.7889","13.0","","","3.2","","6.9","88","","23","","24.18","20.09","16.51","","","","",""
"2022-09-19","2022262","12:59","9.0","96.7889","14.0","","","3.2","","6.9","88","","23","","24.17","20.09","16.50","","","","",""
"2022-09-19","2022262","12:59","9.0","96.7889","15.0","","","3.6","","6.9","88","","23","","24.17","20.09","16.50","","","","",""
"2022-09-19","2022262","12:59","9.0","96.7889","16.0","","","3.5","","6.9","88","","23","","24.18","20.09","16.51","","","","",""
"2022-09-19","2022262","12:59","9.0","96.7889","17.0","","","3.3","","6.9","88","","24","","24.22","20.08","16.54","","","","",""
"2022-09-19","2022262","12:59","9.0","96.7889","18.0","","","3.4","","6.9","88","","23","","24.21","20.09","16.53","","","","",""
"2022-09-19","2022262","12:59","9.0","96.7889","19.0","","","3.4","","6.9","88","","23","","24.22","20.08","16.54","","","","",""
"2022-09-19","2022262","12:59","9.0","96.7889","20.0","","","3.4","","6.9","88","","22","","24.23","20.08","16.55","","","","",""
"2022-09-19","2022262","12:59","9.0","96.7889","21.0","","","3.3","","6.9","88","","21","","24.25","20.08","16.56","","","","",""
"2022-09-19","2022262","12:59","9.0","96.7889","22.0","","","3.3","","6.9","88","","21","","24.27","20.08","16.58","","","","",""
"2022-09-19","2022262","12:59","9.0","96.7889","23.0","","","3.2","","6.9","88","","20","","24.29","20.08","16.59","","","","",""
"2022-09-19","2022262","12:59","9.0","96.7889","24.0","","","3.0","","6.9","88","","20","","24.34","20.08","16.63","","","","",""
"2022-09-19","2022262","12:59","9.0","96.7889","25.0","","","3.0","","6.9","88","","20","","24.35","20.07","16.64","","","","",""
"2022-09-19","2022262","12:59","9.0","96.7889","26.0","","","3.1","","6.9","88","","20","","24.36","20.07","16.65","","","","",""
"2022-09-19","2022262","12:59","9.0","96.7889","27.0","","","3.0","","6.9","88","","20","","24.37","20.07","16.65","","","","",""
"2022-09-19","2022262","12:59","9.0","96.7889","28.0","","","2.7","","6.9","88","","20","","24.37","20.07","16.65","","","","",""
"2022-09-19","2022262","12:59","9.0","96.7889","29.0","","","2.6","","6.9","88","","21","","24.36","20.07","16.65","","","","",""
"2022-09-19","2022262","12:59","9.0","96.7889","30.0","","","2.6","","6.9","88","","22","","24.36","20.07","16.65","","","","",""
"2022-09-19","2022262","12:47","10.0","93.5951","1.0","","","8.0","","7.5","95","","9","1.25","23.20","20.42","15.68","","","","",""
"2022-09-19","2022262","12:47","10.0","93.5951","2.0","","","7.9","","7.4","95","","9","","23.24","20.41","15.71","","","","",""
"2022-09-19","2022262","12:47","10.0","93.5951","3.0","","","7.7","","7.3","93","","9","","23.32","20.37","15.78","","","","",""
"2022-09-19","2022262","12:47","10.0","93.5951","4.0","","","6.9","","7.2","92","","9","","23.55","20.28","15.98","","","","",""
"2022-09-19","2022262","12:47","10.0","93.5951","5.0","","","5.8","","7.2","91","","9","","23.77","20.23","16.16","","","","",""
"2022-09-19","2022262","12:47","10.0","93.5951","6.0","","","4.9","","7.1","90","","10","","23.98","20.18","16.33","","","","",""
"2022-09-19","2022262","12:47","10.0","93.5951","7.0","","","3.9","","7.1","90","","10","","24.28","20.10","16.58","","","","",""
"2022-09-19","2022262","12:47","10.0","93.5951","8.0","","","3.3","","7.1","90","","10","","24.36","20.08","16.65","","","","",""
"2022-09-19","2022262","12:47","10.0","93.5951","9.0","","","3.1","","7.1","90","","10","","24.37","20.07","16.66","","","","",""
"2022-09-19","2022262","12:47","10.0","93.5951","10.0","","","3.1","","7.0","90","","10","","24.51","20.07","16.77","","","","",""
"2022-09-19","2022262","12:47","10.0","93.5951","11.0","","","3.0","","7.0","89","","11","","24.67","20.06","16.89","","","","",""
"2022-09-19","2022262","12:47","10.0","93.5951","12.0","","","2.8","","7.0","89","","12","","24.79","20.06","16.98","","","","",""
"2022-09-19","2022262","12:47","10.0","93.5951","13.0","","","2.8","","6.9","89","","13","","24.87","20.06","17.04","","","","",""
"2022-09-19","2022262","12:47","10.0","93.5951","14.0","","","2.8","","6.9","89","","15","","24.92","20.05","17.07","","","","",""
"2022-09-19","2022262","12:47","10.0","93.5951","15.0","","","2.8","","6.9","89","","17","","24.97","20.06","17.11","","","","",""
"2022-09-19","2022262","12:47","10.0","93.5951","16.0","","","2.5","","6.9","89","","17","","25.01","20.06","17.14","","","","",""
"2022-09-19","2022262","12:47","10.0","93.5951","17.0","","","2.7","","6.9","89","","21","","25.03","20.06","17.16","","","","",""
"2022-09-19","2022262","12:47","10.0","93.5951","18.0","","","3.1","","6.9","89","","22","","25.03","20.06","17.16","","","","",""
"2022-09-19","2022262","12:30","11.0","89.7672","1.0","","","7.7","","7.1","91","","11","1.43","24.77","20.06","16.96","","","","",""
"2022-09-19","2022262","12:30","11.0","89.7672","2.0","","","5.8","","7.1","91","","14","","25.48","19.98","17.52","","","","",""
"2022-09-19","2022262","12:30","11.0","89.7672","3.0","","","5.4","","7.2","92","","13","","25.76","19.99","17.73","","","","",""
"2022-09-19","2022262","12:30","11.0","89.7672","4.0","","","5.9","","7.1","92","","12","","26.01","19.99","17.92","","","","",""
"2022-09-19","2022262","12:30","11.0","89.7672","5.0","","","6.1","","7.1","91","","11","","26.09","19.98","17.98","","","","",""
"2022-09-19","2022262","12:30","11.0","89.7672","6.0","","","6.4","","7.1","91","","12","","26.10","19.98","17.99","","","","",""
"2022-09-19","2022262","12:30","11.0","89.7672","7.0","","","6.2","","7.1","91","","13","","26.13","19.97","18.02","","","","",""
"2022-09-19","2022262","12:30","11.0","89.7672","8.0","","","5.7","","7.1","91","","13","","26.25","19.95","18.11","","","","",""
"2022-09-19","2022262","12:30","11.0","89.7672","9.0","","","6.3","","7.1","92","","14","","26.37","19.93","18.21","","","","",""
"2022-09-19","2022262","12:30","11.0","89.7672","10.0","","","6.8","","7.2","92","","13","","26.68","19.88","18.46","","","","",""
"2022-09-19","2022262","12:30","11.0","89.7672","11.0","","","6.9","","7.1","92","","13","","27.06","19.82","18.77","","","","",""
"2022-09-19","2022262","12:30","11.0","89.7672","12.0","","","7.6","","7.1","92","","12","","27.11","19.81","18.80","","","","",""
"2022-09-19","2022262","12:30","11.0","89.7672","13.0","","","7.6","","7.1","92","","12","","27.13","19.80","18.82","","","","",""
"2022-09-19","2022262","12:30","11.0","89.7672","14.0","","","7.2","","7.1","92","","12","","27.14","19.80","18.83","","","","",""
"2022-09-19","2022262","12:30","11.0","89.7672","15.0","","","7.5","","7.1","92","","13","","27.16","19.80","18.85","","","","",""
"2022-09-19","2022262","12:30","11.0","89.7672","16.0","","","7.6","","7.1","92","","13","","27.18","19.79","18.86","","","","",""
"2022-09-19","2022262","12:30","11.0","89.7672","17.0","","","7.4","","7.1","92","","13","","27.18","19.79","18.86","","","","",""
"2022-09-19","2022262","12:30","11.0","89.7672","18.0","","","7.1","","7.1","92","","13","","27.19","19.79","18.86","","","","",""
"2022-09-19","2022262","12:30","11.0","89.7672","19.0","","","7.3","","7.1","92","","13","","27.19","19.79","18.87","","","","",""
"2022-09-19","2022262","12:30","11.0","89.7672","20.0","","","7.5","","7.1","92","","14","","27.19","19.79","18.87","","","","",""
"2022-09-19","2022262","12:30","11.0","89.7672","21.0","","","7.4","","7.1","92","","14","","27.20","19.79","18.88","","","","",""
"2022-09-19","2022262","12:30","11.0","89.7672","22.0","","","6.9","","7.1","92","","15","","27.20","19.79","18.88","","","","",""
"2022-09-19","2022262","12:30","11.0","89.7672","23.0","","","7.3","","7.1","92","","15","","27.20","19.79","18.88","","","","",""
"2022-09-19","2022262","12:17","12.0","84.4458","1.0","","","7.4","","7.1","92","","10","1.30","26.02","20.00","17.93","","","","",""
"2022-09-19","2022262","12:17","12.0","84.4458","2.0","","","7.1","","7.1","91","","10","","27.80","19.68","19.36","","","","",""
"2022-09-19","2022262","12:17","12.0","84.4458","3.0","","","7.3","","7.1","91","","10","","28.36","19.53","19.82","","","","",""
"2022-09-19","2022262","12:17","12.0","84.4458","4.0","","","7.6","","7.1","91","","13","","28.40","19.52","19.85","","","","",""
"2022-09-19","2022262","12:17","12.0","84.4458","5.0","","","7.7","","7.1","91","","16","","28.45","19.50","19.90","","","","",""
"2022-09-19","2022262","12:17","12.0","84.4458","6.0","","","7.2","","7.1","91","","17","","28.48","19.48","19.92","","","","",""
"2022-09-19","2022262","12:17","12.0","84.4458","7.0","","","7.5","","7.1","91","","17","","28.49","19.47","19.94","","","","",""
"2022-09-19","2022262","12:17","12.0","84.4458","8.0","","","7.1","","7.1","91","","17","","28.50","19.46","19.95","","","","",""
"2022-09-19","2022262","12:17","12.0","84.4458","9.0","","","7.5","","7.1","91","","21","","28.50","19.47","19.95","","","","",""
"2022-09-19","2022262","11:53","13.0","78.5444","1.0","","","11.7","","7.4","96","","6","0.56","28.93","19.37","20.30","","","","",""
"2022-09-19","2022262","11:53","13.0","78.5444","2.0","11.7","0.94","11.6","","7.3","94","7.0","7","","29.15","19.09","20.54","1.52","11.57","2.43","2.82","79.04"
"2022-09-19","2022262","11:53","13.0","78.5444","3.0","","","9.2","","7.2","93","","7","","29.18","19.06","20.56","","","","",""
"2022-09-19","2022262","11:53","13.0","78.5444","4.0","","","8.2","","7.1","92","","8","","29.29","19.04","20.65","","","","",""
"2022-09-19","2022262","11:53","13.0","78.5444","5.0","","","7.5","","7.1","92","","8","","29.39","19.00","20.74","","","","",""
"2022-09-19","2022262","11:53","13.0","78.5444","6.0","","","7.5","","7.1","92","","9","","29.44","18.98","20.78","","","","",""
"2022-09-19","2022262","11:53","13.0","78.5444","7.0","","","7.3","","7.1","92","","9","","29.47","18.97","20.81","","","","",""
"2022-09-19","2022262","11:53","13.0","78.5444","8.0","","","7.3","","7.1","91","","10","","29.49","18.97","20.82","","","","",""
"2022-09-19","2022262","11:53","13.0","78.5444","9.0","","","7.3","","7.1","91","","11","","29.51","18.97","20.83","","","","",""
"2022-09-19","2022262","11:53","13.0","78.5444","10.0","","","7.2","","7.1","92","13.0","12","","29.51","18.97","20.84","","","","",""
"2022-09-19","2022262","11:39","14.0","74.4288","1.0","","","11.1","","7.4","95","","8","0.78","29.31","19.09","20.65","","","","",""
"2022-09-19","2022262","11:39","14.0","74.4288","2.0","","","11.3","","7.3","93","","8","","29.50","18.88","20.85","","","","",""
"2022-09-19","2022262","11:39","14.0","74.4288","3.0","","","11.1","","7.2","92","","9","","29.68","18.81","21.01","","","","",""
"2022-09-19","2022262","11:39","14.0","74.4288","4.0","","","10.6","","7.1","92","","9","","29.80","18.77","21.11","","","","",""
"2022-09-19","2022262","11:39","14.0","74.4288","5.0","","","10.0","","7.1","92","","10","","29.83","18.76","21.13","","","","",""
"2022-09-19","2022262","11:39","14.0","74.4288","6.0","","","10.0","","7.1","92","","10","","29.83","18.76","21.13","","","","",""
"2022-09-19","2022262","11:39","14.0","74.4288","7.0","","","10.0","","7.1","92","","10","","29.83","18.76","21.13","","","","",""
"2022-09-19","2022262","11:39","14.0","74.4288","8.0","","","10.0","","7.1","92","","10","","29.84","18.76","21.14","","","","",""
"2022-09-19","2022262","11:39","14.0","74.4288","9.0","","","10.0","","7.1","92","","10","","29.85","18.76","21.15","","","","",""
"2022-09-19","2022262","11:39","14.0","74.4288","10.0","","","10.0","","7.1","91","","10","","29.85","18.76","21.15","","","","",""
"2022-09-19","2022262","11:39","14.0","74.4288","11.0","","","10.0","","7.1","92","","10","","29.85","18.76","21.15","","","","",""
"2022-09-19","2022262","11:39","14.0","74.4288","12.0","","","10.0","","7.1","92","","10","","29.86","18.76","21.16","","","","",""
"2022-09-19","2022262","11:39","14.0","74.4288","13.0","","","10.0","","7.1","92","","9","","29.86","18.76","21.16","","","","",""
"2022-09-19","2022262","11:39","14.0","74.4288","14.0","","","10.1","","7.1","92","","9","","29.86","18.75","21.16","","","","",""
"2022-09-19","2022262","11:39","14.0","74.4288","15.0","","","10.0","","7.1","91","","9","","29.86","18.75","21.16","","","","",""
"2022-09-19","2022262","11:39","14.0","74.4288","16.0","","","10.1","","7.1","91","","10","","29.86","18.76","21.16","","","","",""
"2022-09-19","2022262","11:25","15.0","69.9895","1.0","","","10.6","","7.7","99","","7","0.69","28.89","19.20","20.31","","","","",""
"2022-09-19","2022262","11:25","15.0","69.9895","2.0","12.8","0.97","12.9","","7.6","98","6.6","7","","29.37","18.97","20.73","1.41","11.28","2.21","2.59","70.50"
"2022-09-19","2022262","11:25","15.0","69.9895","3.0","","","13.1","","7.5","97","","6","","29.78","18.79","21.09","","","","",""
"2022-09-19","2022262","11:25","15.0","69.9895","4.0","","","12.4","","7.5","96","","6","","29.87","18.73","21.17","","","","",""
"2022-09-19","2022262","11:25","15.0","69.9895","5.0","","","11.7","","7.4","96","","6","","29.96","18.68","21.26","","","","",""
"2022-09-19","2022262","11:25","15.0","69.9895","6.0","","","11.2","","7.4","95","","6","","30.07","18.65","21.35","","","","",""
"2022-09-19","2022262","11:25","15.0","69.9895","7.0","","","11.1","","7.4","95","","6","","30.15","18.65","21.41","","","","",""
"2022-09-19","2022262","11:25","15.0","69.9895","8.0","","","11.3","","7.3","93","","7","","30.16","18.66","21.41","","","","",""
"2022-09-19","2022262","11:25","15.0","69.9895","9.0","","","11.2","","7.2","93","","7","","30.33","18.61","21.55","","","","",""
"2022-09-19","2022262","11:25","15.0","69.9895","10.0","","","11.2","","7.2","93","","8","","30.60","18.49","21.78","","","","",""
"2022-09-19","2022262","11:25","15.0","69.9895","11.0","","","10.4","","7.2","93","","8","","30.62","18.47","21.81","","","","",""
"2022-09-19","2022262","11:25","15.0","69.9895","12.0","","","10.3","","7.3","93","","8","","30.65","18.45","21.83","","","","",""
"2022-09-19","2022262","11:25","15.0","69.9895","13.0","","","10.5","","7.2","93","","8","","30.77","18.39","21.94","","","","",""
"2022-09-19","2022262","11:25","15.0","69.9895","14.0","","","10.9","","7.2","93","","8","","30.99","18.26","22.14","","","","",""
"2022-09-19","2022262","11:25","15.0","69.9895","15.0","","","11.1","","7.2","93","","9","","31.14","18.18","22.27","","","","",""
"2022-09-19","2022262","11:25","15.0","69.9895","16.0","","","11.3","","7.2","92","","10","","31.19","18.15","22.32","","","","",""
"2022-09-19","2022262","11:25","15.0","69.9895","17.0","","","11.1","","7.2","92","","12","","31.20","18.15","22.33","","","","",""
"2022-09-19","2022262","11:25","15.0","69.9895","18.0","","","10.9","","7.2","93","","12","","31.21","18.14","22.34","","","","",""
"2022-09-19","2022262","11:25","15.0","69.9895","19.0","","","10.7","","7.2","93","","14","","31.22","18.14","22.34","","","","",""
"2022-09-19","2022262","11:25","15.0","69.9895","20.0","","","10.8","","7.2","92","","17","","31.22","18.14","22.35","","","","",""
"2022-09-19","2022262","11:25","15.0","69.9895","21.0","","","10.8","","7.2","93","","22","","31.22","18.14","22.35","","","","",""
"2022-09-19","2022262","11:25","15.0","69.9895","22.0","","","10.7","","7.2","92","","24","","31.22","18.14","22.35","","","","",""
"2022-09-19","2022262","11:25","15.0","69.9895","23.0","","","10.7","","7.2","93","","26","","31.23","18.14","22.35","","","","",""
"2022-09-19","2022262","11:25","15.0","69.9895","24.0","9.3","0.71","10.7","","7.2","93","47.2","42","","31.23","18.14","22.35","","","","",""
"2022-09-19","2022262","11:09","16.0","63.0794","1.0","","","11.7","","7.7","98","","5","0.62","31.96","17.92","22.96","","","","",""
"2022-09-19","2022262","11:09","16.0","63.0794","2.0","","","13.9","","7.6","98","","4","","31.97","17.91","22.97","","","","",""
"2022-09-19","2022262","11:09","16.0","63.0794","3.0","","","15.1","","7.6","98","","4","","31.98","17.88","22.99","","","","",""
"2022-09-19","2022262","11:09","16.0","63.0794","4.0","","","15.4","","7.6","97","","4","","31.98","17.87","23.00","","","","",""
"2022-09-19","2022262","11:09","16.0","63.0794","5.0","","","14.0","","7.5","96","","4","","32.00","17.84","23.01","","","","",""
"2022-09-19","2022262","11:09","16.0","63.0794","6.0","","","13.4","","7.4","95","","4","","32.02","17.78","23.05","","","","",""
"2022-09-19","2022262","11:09","16.0","63.0794","7.0","","","14.0","","7.4","94","","4","","32.06","17.70","23.09","","","","",""
"2022-09-19","2022262","11:09","16.0","63.0794","8.0","","","12.8","","7.3","93","","5","","32.08","17.66","23.12","","","","",""
"2022-09-19","2022262","11:09","16.0","63.0794","9.0","","","12.4","","7.3","93","","6","","32.10","17.64","23.14","","","","",""
"2022-09-19","2022262","11:09","16.0","63.0794","10.0","","","12.6","","7.3","93","","6","","32.11","17.62","23.15","","","","",""
"2022-09-19","2022262","11:09","16.0","63.0794","11.0","","","13.1","","7.3","93","","7","","32.11","17.61","23.16","","","","",""
"2022-09-19","2022262","11:09","16.0","63.0794","12.0","","","13.2","","7.3","93","","8","","32.12","17.61","23.16","","","","",""
"2022-09-19","2022262","11:09","16.0","63.0794","13.0","","","12.9","","7.3","93","","8","","32.12","17.61","23.16","","","","",""
"2022-09-19","2022262","10:55","17.0","58.8909","1.0","","","13.2","","7.7","98","","3","0.75","32.01","17.76","23.04","","","","",""
"2022-09-19","2022262","10:55","17.0","58.8909","2.0","16.2","0.89","16.1","","7.5","95","","3","","32.08","17.62","23.13","","","","",""
"2022-09-19","2022262","10:55","17.0","58.8909","3.0","","","15.9","","7.2","91","","3","","32.17","17.43","23.24","","","","",""
"2022-09-19","2022262","10:55","17.0","58.8909","4.0","","","12.2","","7.1","89","","3","","32.48","16.92","23.60","","","","",""
"2022-09-19","2022262","10:55","17.0","58.8909","5.0","","","10.7","","7.1","89","","7","","32.71","16.58","23.86","","","","",""
"2022-09-19","2022262","10:55","17.0","58.8909","6.0","","","10.6","","7.1","89","","7","","32.72","16.57","23.86","","","","",""
"2022-09-19","2022262","10:55","17.0","58.8909","7.0","","","10.4","","7.1","88","","8","","32.72","16.56","23.87","","","","",""
"2022-09-19","2022262","10:55","17.0","58.8909","8.0","","","10.5","","7.1","88","","9","","32.73","16.54","23.88","","","","",""
"2022-09-19","2022262","10:55","17.0","58.8909","9.0","","","10.4","","7.1","88","","10","","32.73","16.55","23.88","","","","",""
"2022-09-19","2022262","10:55","17.0","58.8909","10.0","","","9.6","","7.0","88","","10","","32.72","16.55","23.87","","","","",""
"2022-09-19","2022262","10:32","18.0","54.9481","1.0","","","14.0","","7.5","95","","4","0.86","32.57","17.04","23.64","","","","",""
"2022-09-19","2022262","10:32","18.0","54.9481","2.0","16.1","0.90","15.6","","7.4","93","4.0","4","","32.64","16.82","23.74","0.85","11.07","3.07","2.06","43.44"
"2022-09-19","2022262","10:32","18.0","54.9481","3.0","","","15.2","","7.3","92","","4","","32.69","16.66","23.82","","","","",""
"2022-09-19","2022262","10:32","18.0","54.9481","4.0","","","13.7","","7.3","91","","4","","32.70","16.61","23.84","","","","",""
"2022-09-19","2022262","10:32","18.0","54.9481","5.0","","","12.5","","7.2","91","","4","","32.72","16.58","23.86","","","","",""
"2022-09-19","2022262","10:32","18.0","54.9481","6.0","","","11.3","","7.2","90","","4","","32.73","16.54","23.88","","","","",""
"2022-09-19","2022262","10:32","18.0","54.9481","7.0","","","11.5","","7.1","89","","4","","32.75","16.49","23.91","","","","",""
"2022-09-19","2022262","10:32","18.0","54.9481","8.0","","","11.4","","7.1","89","","4","","32.76","16.44","23.93","","","","",""
"2022-09-19","2022262","10:32","18.0","54.9481","9.0","","","10.6","","7.1","89","","4","","32.76","16.44","23.93","","","","",""
"2022-09-19","2022262","10:32","18.0","54.9481","10.0","","","10.6","","7.1","89","","4","","32.76","16.43","23.93","","","","",""
"2022-09-19","2022262","10:32","18.0","54.9481","11.0","","","11.0","","7.1","89","","4","","32.77","16.42","23.94","","","","",""
"2022-09-19","2022262","10:32","18.0","54.9481","12.0","","","11.2","","7.1","89","","4","","32.77","16.42","23.94","","","","",""
"2022-09-19","2022262","10:32","18.0","54.9481","13.0","","","11.3","","7.1","89","","4","","32.77","16.42","23.94","","","","",""
"2022-09-19","2022262","10:32","18.0","54.9481","14.0","","","10.6","","7.1","89","","5","","32.77","16.42","23.94","","","","",""
"2022-09-19","2022262","10:32","18.0","54.9481","15.0","","","10.9","","7.1","89","","5","","32.77","16.42","23.94","","","","",""
"2022-09-19","2022262","10:32","18.0","54.9481","16.0","","","10.7","","7.1","89","","5","","32.77","16.42","23.94","","","","",""
"2022-09-19","2022262","10:32","18.0","54.9481","17.0","","","10.4","","7.1","89","","4","","32.77","16.42","23.94","","","","",""
"2022-09-19","2022262","10:32","18.0","54.9481","18.0","","","10.5","","7.1","89","","5","","32.77","16.42","23.94","","","","",""
"2022-09-19","2022262","10:32","18.0","54.9481","19.0","","","10.6","","7.1","89","","5","","32.77","16.42","23.94","","","","",""
"2022-09-19","2022262","10:32","18.0","54.9481","20.0","","","11.1","","7.1","89","","4","","32.77","16.42","23.94","","","","",""
"2022-09-19","2022262","10:32","18.0","54.9481","21.0","","","10.8","","7.1","89","","5","","32.77","16.42","23.94","","","","",""
"2022-09-19","2022262","10:32","18.0","54.9481","22.0","","","10.4","","7.1","89","","5","","32.77","16.41","23.94","","","","",""
"2022-09-19","2022262","10:32","18.0","54.9481","23.0","","","10.3","","7.1","89","","6","","32.77","16.41","23.94","","","","",""
"2022-09-19","2022262","10:32","18.0","54.9481","24.0","","","10.6","","7.1","89","","5","","32.77","16.41","23.94","","","","",""
"2022-09-19","2022262","10:32","18.0","54.9481","25.0","","","11.0","","7.1","89","","5","","32.77","16.41","23.94","","","","",""
"2022-09-19","2022262","10:32","18.0","54.9481","26.0","","","10.9","","7.1","89","","5","","32.78","16.40","23.95","","","","",""
"2022-09-19","2022262","10:32","18.0","54.9481","27.0","","","10.9","","7.1","89","","5","","32.78","16.40","23.95","","","","",""
"2022-09-19","2022262","10:32","18.0","54.9481","28.0","","","10.8","","7.1","89","","5","","32.78","16.40","23.95","","","","",""
"2022-09-19","2022262","10:32","18.0","54.9481","29.0","","","10.2","","7.1","89","","5","","32.78","16.40","23.95","","","","",""
"2022-09-19","2022262","10:32","18.0","54.9481","30.0","","","10.4","","7.1","89","","6","","32.78","16.40","23.95","","","","",""
"2022-09-19","2022262","10:32","18.0","54.9481","31.0","","","10.2","","7.1","89","","5","","32.78","16.40","23.95","","","","",""
"2022-09-19","2022262","10:32","18.0","54.9481","32.0","","","10.4","","7.1","89","","6","","32.78","16.40","23.95","","","","",""
"2022-09-19","2022262","10:32","18.0","54.9481","33.0","","","10.5","","7.1","89","","6","","32.78","16.39","23.95","","","","",""
"2022-09-19","2022262","10:32","18.0","54.9481","34.0","","","10.1","","7.1","88","","6","","32.78","16.39","23.95","","","","",""
"2022-09-19","2022262","10:32","18.0","54.9481","35.0","","","10.1","","7.1","88","","6","","32.78","16.39","23.95","","","","",""
"2022-09-19","2022262","10:32","18.0","54.9481","36.0","","","10.3","","7.1","88","","6","","32.78","16.39","23.95","","","","",""
"2022-09-19","2022262","10:32","18.0","54.9481","37.0","","","9.7","","7.1","88","","5","","32.78","16.38","23.95","","","","",""
"2022-09-19","2022262","10:32","18.0","54.9481","38.0","","","10.1","","7.1","88","","7","","32.78","16.38","23.96","","","","",""
"2022-09-19","2022262","10:32","18.0","54.9481","39.0","","","10.5","","7.0","88","","7","","32.78","16.38","23.96","","","","",""
"2022-09-19","2022262","10:32","18.0","54.9481","40.0","11.3","0.86","10.7","","7.0","88","7.7","8","","32.78","16.38","23.95","","","","",""
"2022-09-19","2022262","10:18","20.0","51.4501","1.0","","","12.6","","7.6","98","","4","0.82","32.08","18.06","23.02","","","","",""
"2022-09-19","2022262","10:18","20.0","51.4501","2.0","14.0","0.97","13.4","","7.3","94","","4","","32.09","18.05","23.03","","","","",""
"2022-09-19","2022262","10:18","20.0","51.4501","3.0","","","12.6","","7.2","93","","4","","32.28","17.90","23.21","","","","",""
"2022-09-19","2022262","10:18","20.0","51.4501","4.0","","","12.5","","7.3","93","","5","","32.35","17.76","23.31","","","","",""
"2022-09-19","2022262","10:18","20.0","51.4501","5.0","","","11.9","","7.3","93","","4","","32.39","17.61","23.37","","","","",""
"2022-09-19","2022262","10:18","20.0","51.4501","6.0","","","12.8","","7.3","93","","4","","32.47","17.35","23.49","","","","",""
"2022-09-19","2022262","10:18","20.0","51.4501","7.0","","","14.4","","7.3","92","","4","","32.56","17.07","23.63","","","","",""
"2022-09-19","2022262","10:18","20.0","51.4501","8.0","","","12.9","","7.2","91","","3","","32.61","16.92","23.70","","","","",""
"2022-09-19","2022262","10:18","20.0","51.4501","9.0","","","12.7","","7.1","89","","3","","32.68","16.70","23.81","","","","",""
"2022-09-19","2022262","10:18","20.0","51.4501","10.0","","","12.9","","7.1","89","","3","","32.75","16.52","23.90","","","","",""
"2022-09-19","2022262","10:18","20.0","51.4501","11.0","","","12.3","","7.1","89","","3","","32.75","16.51","23.90","","","","",""
"2022-09-19","2022262","10:18","20.0","51.4501","12.0","","","12.0","","7.1","89","","3","","32.75","16.51","23.90","","","","",""
"2022-09-19","2022262","10:18","20.0","51.4501","13.0","","","12.6","","7.1","89","","4","","32.75","16.50","23.91","","","","",""
"2022-09-19","2022262","10:18","20.0","51.4501","14.0","","","12.6","","7.1","89","","4","","32.76","16.50","23.91","","","","",""
"2022-09-19","2022262","10:18","20.0","51.4501","15.0","","","13.3","","7.1","89","","4","","32.76","16.49","23.91","","","","",""
"2022-09-19","2022262","10:18","20.0","51.4501","16.0","","","13.6","","7.1","89","","4","","32.75","16.49","23.91","","","","",""
"2022-09-19","2022262","10:18","20.0","51.4501","17.0","","","12.3","","7.1","89","","5","","32.76","16.49","23.91","","","","",""
"2022-09-19","2022262","10:18","20.0","51.4501","18.0","","","12.0","","7.1","89","","4","","32.76","16.48","23.92","","","","",""
"2022-09-19","2022262","10:18","20.0","51.4501","19.0","","","13.6","","7.1","89","","5","","32.76","16.48","23.92","","","","",""
"2022-09-19","2022262","10:18","20.0","51.4501","20.0","","","12.2","","7.1","89","","5","","32.76","16.48","23.91","","","","",""
"2022-09-19","2022262","10:18","20.0","51.4501","21.0","","","12.3","","7.1","89","","5","","32.76","16.48","23.92","","","","",""
"2022-09-19","2022262","10:18","20.0","51.4501","22.0","","","12.8","","7.1","89","","5","","32.76","16.48","23.91","","","","",""
"2022-09-19","2022262","10:18","20.0","51.4501","23.0","","","12.6","","7.1","89","","5","","32.76","16.48","23.91","","","","",""
"2022-09-19","2022262","10:18","20.0","51.4501","24.0","","","13.4","","7.1","89","","5","","32.76","16.48","23.91","","","","",""
"2022-09-19","2022262","10:18","20.0","51.4501","25.0","","","12.7","","7.1","89","","5","","32.76","16.48","23.91","","","","",""
"2022-09-19","2022262","10:18","20.0","51.4501","26.0","","","12.7","","7.1","89","","5","","32.76","16.48","23.91","","","","",""
"2022-09-19","2022262","10:18","20.0","51.4501","27.0","","","12.1","","7.1","89","","5","","32.76","16.48","23.91","","","","",""
"2022-09-19","2022262","10:03","21.0","46.6266","1.0","","","12.2","","7.2","94","","5","1.04","32.27","18.37","23.09","","","","",""
"2022-09-19","2022262","10:03","21.0","46.6266","2.0","14.7","0.94","13.4","","7.1","92","","5","","32.34","18.32","23.16","","","","",""
"2022-09-19","2022262","10:03","21.0","46.6266","3.0","","","11.8","","7.1","91","","5","","32.38","18.12","23.24","","","","",""
"2022-09-19","2022262","10:03","21.0","46.6266","4.0","","","10.8","","7.1","91","","5","","32.38","18.00","23.27","","","","",""
"2022-09-19","2022262","10:03","21.0","46.6266","5.0","","","10.6","","7.1","91","","5","","32.38","17.93","23.28","","","","",""
"2022-09-19","2022262","10:03","21.0","46.6266","6.0","","","10.9","","7.1","91","","5","","32.37","17.85","23.29","","","","",""
"2022-09-19","2022262","10:03","21.0","46.6266","7.0","","","10.9","","7.1","91","","5","","32.36","17.71","23.32","","","","",""
"2022-09-19","2022262","10:03","21.0","46.6266","8.0","","","10.9","","7.1","91","","5","","32.35","17.68","23.32","","","","",""
"2022-09-19","2022262","10:03","21.0","46.6266","9.0","","","11.3","","7.1","90","","5","","32.35","17.58","23.35","","","","",""
"2022-09-19","2022262","10:03","21.0","46.6266","10.0","","","11.1","","7.1","91","","6","","32.36","17.54","23.36","","","","",""
"2022-09-19","2022262","10:03","21.0","46.6266","11.0","","","10.8","","7.1","91","","7","","32.36","17.54","23.36","","","","",""
"2022-09-19","2022262","10:03","21.0","46.6266","12.0","","","11.3","","7.1","90","","7","","32.36","17.54","23.36","","","","",""
"2022-09-19","2022262","10:03","21.0","46.6266","13.0","","","11.1","","7.1","90","","8","","32.36","17.54","23.36","","","","",""
"2022-09-19","2022262","10:03","21.0","46.6266","14.0","","","11.4","","7.1","90","","8","","32.36","17.54","23.36","","","","",""
"2022-09-19","2022262","10:03","21.0","46.6266","15.0","","","11.4","","7.1","90","","8","","32.36","17.53","23.37","","","","",""
"2022-09-19","2022262","10:03","21.0","46.6266","16.0","","","11.3","","7.1","90","","7","","32.36","17.53","23.37","","","","",""
"2022-09-19","2022262","10:03","21.0","46.6266","17.0","","","11.4","","7.1","90","","8","","32.36","17.53","23.37","","","","",""
"2022-09-19","2022262","10:03","21.0","46.6266","18.0","","","11.2","","7.1","90","","8","","32.36","17.53","23.37","","","","",""
"2022-09-19","2022262","9:52","22.0","43.9210","1.0","","","13.6","","7.4","95","","4","1.14","32.13","18.00","23.08","","","","",""
"2022-09-19","2022262","9:52","22.0","43.9210","2.0","16.6","0.86","15.5","","7.3","93","5.5","4","","32.14","17.90","23.11","0.94","10.28","3.43","2.55","47.00"
"2022-09-19","2022262","9:52","22.0","43.9210","3.0","","","13.4","","7.2","93","","4","","32.16","17.86","23.13","","","","",""
"2022-09-19","2022262","9:52","22.0","43.9210","4.0","","","11.8","","7.2","92","","4","","32.17","17.86","23.14","","","","",""
"2022-09-19","2022262","9:52","22.0","43.9210","5.0","","","11.7","","7.2","92","","5","","32.18","17.84","23.15","","","","",""
"2022-09-19","2022262","9:52","22.0","43.9210","6.0","","","11.6","","7.2","92","","5","","32.19","17.83","23.17","","","","",""
"2022-09-19","2022262","9:52","22.0","43.9210","7.0","","","11.5","","7.2","92","","6","","32.20","17.83","23.17","","","","",""
"2022-09-19","2022262","9:52","22.0","43.9210","8.0","","","11.4","","7.2","92","","5","","32.21","17.83","23.17","","","","",""
"2022-09-19","2022262","9:52","22.0","43.9210","9.0","","","10.8","","7.2","92","","5","","32.21","17.82","23.18","","","","",""
"2022-09-19","2022262","9:52","22.0","43.9210","10.0","","","11.1","","7.2","92","","5","","32.21","17.82","23.18","","","","",""
"2022-09-19","2022262","9:52","22.0","43.9210","11.0","","","11.5","","7.2","92","","5","","32.22","17.82","23.18","","","","",""
"2022-09-19","2022262","9:52","22.0","43.9210","12.0","","","11.0","","7.2","92","","5","","32.22","17.82","23.19","","","","",""
"2022-09-19","2022262","9:52","22.0","43.9210","13.0","","","11.3","","7.2","92","","5","","32.22","17.82","23.19","","","","",""
"2022-09-19","2022262","9:52","22.0","43.9210","14.0","","","11.3","","7.2","92","","5","","32.23","17.81","23.20","","","","",""
"2022-09-19","2022262","9:52","22.0","43.9210","15.0","","","11.4","","7.1","91","","6","","32.23","17.81","23.20","","","","",""
"2022-09-19","2022262","9:52","22.0","43.9210","16.0","","","11.2","","7.1","91","","6","","32.24","17.82","23.20","","","","",""
"2022-09-19","2022262","9:52","22.0","43.9210","17.0","","","11.3","","7.1","91","","6","","32.25","17.82","23.21","","","","",""
"2022-09-19","2022262","9:52","22.0","43.9210","18.0","","","11.3","","7.1","91","","6","","32.25","17.81","23.21","","","","",""
"2022-09-19","2022262","9:52","22.0","43.9210","19.0","","","11.2","","7.1","91","","6","","32.25","17.82","23.21","","","","",""
"2022-09-19","2022262","9:52","22.0","43.9210","20.0","11.0","0.89","11.1","","7.1","91","6.7","6","","32.25","17.82","23.21","","","","",""
"2022-09-19","2022262","9:38","23.0","39.6557","1.0","","","12.7","","7.3","96","","5","1.16","32.45","18.61","23.17","","","","",""
"2022-09-19","2022262","9:38","23.0","39.6557","2.0","","","13.2","","7.2","94","","4","","32.45","18.59","23.18","","","","",""
"2022-09-19","2022262","9:38","23.0","39.6557","3.0","","","12.8","","7.1","92","","5","","32.42","18.39","23.20","","","","",""
"2022-09-19","2022262","9:38","23.0","39.6557","4.0","","","11.8","","7.1","91","","5","","32.40","18.22","23.23","","","","",""
"2022-09-19","2022262","9:38","23.0","39.6557","5.0","","","11.1","","7.0","91","","6","","32.39","18.14","23.24","","","","",""
"2022-09-19","2022262","9:38","23.0","39.6557","6.0","","","10.8","","7.0","91","","7","","32.38","18.11","23.24","","","","",""
"2022-09-19","2022262","9:38","23.0","39.6557","7.0","","","10.5","","7.0","90","","7","","32.38","18.10","23.25","","","","",""
"2022-09-19","2022262","9:38","23.0","39.6557","8.0","","","10.7","","7.0","90","","7","","32.38","18.09","23.25","","","","",""
"2022-09-19","2022262","9:38","23.0","39.6557","9.0","","","10.6","","7.0","90","","8","","32.38","18.08","23.25","","","","",""
"2022-09-19","2022262","9:38","23.0","39.6557","10.0","","","10.6","","7.0","90","","9","","32.38","18.09","23.25","","","","",""
"2022-09-19","2022262","9:38","23.0","39.6557","11.0","","","10.8","","7.0","90","","10","","32.39","18.09","23.25","","","","",""
"2022-09-19","2022262","9:38","23.0","39.6557","12.0","","","11.0","","7.0","90","","10","","32.38","18.09","23.25","","","","",""
"2022-09-19","2022262","9:38","23.0","39.6557","13.0","","","10.8","","7.0","90","","11","","32.39","18.09","23.25","","","","",""
"2022-09-19","2022262","9:38","23.0","39.6557","14.0","","","10.7","","7.0","90","","11","","32.39","18.10","23.25","","","","",""
"2022-09-19","2022262","9:38","23.0","39.6557","15.0","","","10.9","","7.0","90","","11","","32.39","18.11","23.25","","","","",""
"2022-09-19","2022262","9:27","24.0","37.0911","1.0","","","13.3","","7.4","96","","4","1.12","32.39","18.71","23.10","","","","",""
"2022-09-19","2022262","9:27","24.0","37.0911","2.0","16.1","0.98","14.4","","7.3","95","7.9","4","","32.39","18.68","23.11","1.06","10.35","4.64","3.35","54.12"
"2022-09-19","2022262","9:27","24.0","37.0911","3.0","","","14.0","","7.3","95","","4","","32.40","18.65","23.12","","","","",""
"2022-09-19","2022262","9:27","24.0","37.0911","4.0","","","13.3","","7.2","94","","5","","32.41","18.65","23.13","","","","",""
"2022-09-19","2022262","9:27","24.0","37.0911","5.0","","","13.6","","7.2","94","","5","","32.42","18.65","23.14","","","","",""
"2022-09-19","2022262","9:27","24.0","37.0911","6.0","","","13.5","","7.2","94","","5","","32.43","18.65","23.14","","","","",""
"2022-09-19","2022262","9:27","24.0","37.0911","7.0","","","13.4","","7.2","94","","6","","32.43","18.65","23.14","","","","",""
"2022-09-19","2022262","9:27","24.0","37.0911","8.0","","","13.6","","7.2","93","","7","","32.43","18.65","23.14","","","","",""
"2022-09-19","2022262","9:27","24.0","37.0911","9.0","","","13.3","","7.1","93","","7","","32.43","18.65","23.15","","","","",""
"2022-09-19","2022262","9:27","24.0","37.0911","10.0","","","13.4","","7.1","93","","7","","32.43","18.65","23.15","","","","",""
"2022-09-19","2022262","9:27","24.0","37.0911","11.0","14.1","0.94","13.5","","7.1","93","7.6","8","","32.43","18.65","23.15","","","","",""
"2022-09-19","2022262","9:15","25.0","32.8382","1.0","","","9.1","","6.8","90","","7","1.12","32.58","19.81","22.97","","","","",""
"2022-09-19","2022262","9:15","25.0","32.8382","2.0","","","9.4","","6.7","90","","7","","32.58","19.80","22.97","","","","",""
"2022-09-19","2022262","9:15","25.0","32.8382","3.0","","","9.1","","6.7","90","","7","","32.58","19.79","22.97","","","","",""
"2022-09-19","2022262","9:15","25.0","32.8382","4.0","","","8.9","","6.7","89","","7","","32.58","19.79","22.97","","","","",""
"2022-09-19","2022262","9:15","25.0","32.8382","5.0","","","8.7","","6.7","90","","8","","32.58","19.79","22.97","","","","",""
"2022-09-19","2022262","9:15","25.0","32.8382","6.0","","","8.6","","6.7","89","","8","","32.58","19.79","22.97","","","","",""
"2022-09-19","2022262","9:15","25.0","32.8382","7.0","","","8.7","","6.7","89","","9","","32.58","19.79","22.97","","","","",""
"2022-09-19","2022262","9:15","25.0","32.8382","8.0","","","8.6","","6.7","89","","8","","32.58","19.80","22.97","","","","",""
"2022-09-19","2022262","9:02","26.0","28.7560","1.0","","","10.5","","6.6","89","","9","1.48","32.95","20.53","23.06","","","","",""
"2022-09-19","2022262","9:02","26.0","28.7560","2.0","","","10.0","","6.6","89","","9","","32.96","20.52","23.07","","","","",""
"2022-09-19","2022262","9:02","26.0","28.7560","3.0","","","9.7","","6.6","89","","9","","32.96","20.52","23.07","","","","",""
"2022-09-19","2022262","9:02","26.0","28.7560","4.0","","","10.0","","6.6","89","","10","","32.96","20.52","23.07","","","","",""
"2022-09-19","2022262","9:02","26.0","28.7560","5.0","","","9.6","","6.5","89","","11","","32.96","20.52","23.07","","","","",""
"2022-09-19","2022262","9:02","26.0","28.7560","6.0","","","9.5","","6.5","88","","11","","32.96","20.52","23.07","","","","",""
"2022-09-19","2022262","9:02","26.0","28.7560","7.0","","","9.5","","6.5","88","","11","","32.96","20.52","23.07","","","","",""
"2022-09-19","2022262","9:02","26.0","28.7560","8.0","","","9.7","","6.5","88","","11","","32.97","20.52","23.07","","","","",""
"2022-09-19","2022262","9:02","26.0","28.7560","9.0","","","9.9","","6.5","89","","13","","32.97","20.52","23.07","","","","",""
"2022-09-19","2022262","9:02","26.0","28.7560","10.0","","","9.8","","6.5","89","","13","","32.97","20.52","23.07","","","","",""
"2022-09-19","2022262","9:02","26.0","28.7560","11.0","","","10.1","","6.5","88","","13","","32.97","20.52","23.07","","","","",""
"2022-09-19","2022262","8:51","27.0","26.1872","1.0","","","9.5","","6.5","89","","9","1.20","33.15","20.57","23.20","","","","",""
"2022-09-19","2022262","8:51","27.0","26.1872","2.0","8.5","0.93","9.7","","6.5","88","7.5","9","","33.15","20.56","23.20","1.19","8.71","5.85","7.95","108.60"
"2022-09-19","2022262","8:51","27.0","26.1872","3.0","","","10.3","","6.5","88","","11","","33.15","20.56","23.21","","","","",""
"2022-09-19","2022262","8:51","27.0","26.1872","4.0","","","10.3","","6.5","88","","11","","33.16","20.56","23.21","","","","",""
"2022-09-19","2022262","8:51","27.0","26.1872","5.0","","","10.4","","6.5","88","","11","","33.16","20.55","23.21","","","","",""
"2022-09-19","2022262","8:51","27.0","26.1872","6.0","","","10.5","","6.5","88","","13","","33.16","20.54","23.22","","","","",""
"2022-09-19","2022262","8:51","27.0","26.1872","7.0","","","10.5","","6.5","88","","14","","33.17","20.54","23.22","","","","",""
"2022-09-19","2022262","8:51","27.0","26.1872","8.0","","","10.5","","6.5","88","","15","","33.17","20.52","23.23","","","","",""
"2022-09-19","2022262","8:51","27.0","26.1872","9.0","","","10.5","","6.5","88","","17","","33.17","20.52","23.23","","","","",""
"2022-09-19","2022262","8:51","27.0","26.1872","10.0","","","10.5","","6.5","88","","18","","33.17","20.51","23.23","","","","",""
"2022-09-19","2022262","8:51","27.0","26.1872","11.0","8.2","0.82","10.4","","6.5","88","25.5","22","","33.17","20.50","23.24","","","","",""
"2022-09-19","2022262","8:41","28.0","23.5695","1.0","","","11.0","","6.5","88","","11","1.50","33.18","20.46","23.25","","","","",""
"2022-09-19","2022262","8:41","28.0","23.5695","2.0","","","10.9","","6.5","88","","12","","33.18","20.46","23.25","","","","",""
"2022-09-19","2022262","8:41","28.0","23.5695","3.0","","","10.2","","6.5","88","","13","","33.18","20.46","23.25","","","","",""
"2022-09-19","2022262","8:41","28.0","23.5695","4.0","","","10.4","","6.5","88","","14","","33.18","20.46","23.25","","","","",""
"2022-09-19","2022262","8:41","28.0","23.5695","5.0","","","10.7","","6.5","88","","13","","33.18","20.46","23.25","","","","",""
"2022-09-19","2022262","8:41","28.0","23.5695","6.0","","","10.8","","6.5","88","","14","","33.18","20.46","23.25","","","","",""
"2022-09-19","2022262","8:41","28.0","23.5695","7.0","","","10.9","","6.5","88","","14","","33.18","20.46","23.25","","","","",""
"2022-09-19","2022262","8:41","28.0","23.5695","8.0","","","11.3","","6.5","88","","15","","33.18","20.46","23.25","","","","",""
"2022-09-19","2022262","8:41","28.0","23.5695","9.0","","","11.0","","6.5","88","","15","","33.18","20.46","23.25","","","","",""
"2022-09-19","2022262","8:41","28.0","23.5695","10.0","","","11.1","","6.5","88","","15","","33.18","20.46","23.25","","","","",""
"2022-09-19","2022262","8:41","28.0","23.5695","11.0","","","11.2","","6.5","88","","15","","33.18","20.46","23.25","","","","",""
"2022-09-19","2022262","8:41","28.0","23.5695","12.0","","","11.1","","6.5","88","","16","","33.17","20.46","23.25","","","","",""
"2022-09-19","2022262","8:41","28.0","23.5695","13.0","","","11.2","","6.5","88","","20","","33.17","20.46","23.25","","","","",""
"2022-09-19","2022262","8:29","29.0","20.2526","1.0","","","12.1","","6.5","88","","18","2.55","33.21","20.46","23.28","","","","",""
"2022-09-19","2022262","8:29","29.0","20.2526","2.0","","","11.4","","6.5","88","","18","","33.21","20.46","23.28","","","","",""
"2022-09-19","2022262","8:29","29.0","20.2526","3.0","","","11.7","","6.5","88","","19","","33.21","20.46","23.28","","","","",""
"2022-09-19","2022262","8:29","29.0","20.2526","4.0","","","12.0","","6.5","88","","20","","33.22","20.47","23.28","","","","",""
"2022-09-19","2022262","8:29","29.0","20.2526","5.0","","","12.1","","6.5","88","","21","","33.22","20.47","23.28","","","","",""
"2022-09-19","2022262","8:29","29.0","20.2526","6.0","","","12.8","","6.5","88","","21","","33.22","20.47","23.28","","","","",""
"2022-09-19","2022262","8:29","29.0","20.2526","7.0","","","12.8","","6.5","88","","21","","33.21","20.47","23.28","","","","",""
"2022-09-19","2022262","8:29","29.0","20.2526","8.0","","","12.5","","6.5","88","","21","","33.22","20.48","23.28","","","","",""
"2022-09-19","2022262","8:29","29.0","20.2526","9.0","","","13.0","","6.5","88","","24","","33.22","20.48","23.28","","","","",""
"2022-09-19","2022262","8:29","29.0","20.2526","10.0","","","12.8","","6.5","88","","26","","33.23","20.49","23.28","","","","",""
"2022-09-19","2022262","8:29","29.0","20.2526","11.0","","","13.0","","6.5","88","","29","","33.23","20.49","23.28","","","","",""
"2022-09-19","2022262","8:29","29.0","20.2526","12.0","","","12.7","","6.5","88","","28","","33.23","20.50","23.28","","","","",""
"2022-09-19","2022262","8:29","29.0","20.2526","13.0","","","13.1","","6.5","88","","32","","33.23","20.50","23.28","","","","",""
"2022-09-19","2022262","8:29","29.0","20.2526","14.0","","","13.3","","6.5","88","","33","","33.23","20.50","23.28","","","","",""
"2022-09-19","2022262","8:12","30.0","14.7543","1.0","","","17.6","","6.6","90","","18","2.64","33.45","20.60","23.42","","","","",""
"2022-09-19","2022262","8:12","30.0","14.7543","2.0","18.2","0.87","17.2","","6.6","90","19.4","19","","33.45","20.61","23.42","1.08","9.42","4.64","8.69","109.31"
"2022-09-19","2022262","8:12","30.0","14.7543","3.0","","","17.4","","6.6","89","","19","","33.45","20.63","23.42","","","","",""
"2022-09-19","2022262","8:12","30.0","14.7543","4.0","","","17.9","","6.6","89","","22","","33.45","20.63","23.42","","","","",""
"2022-09-19","2022262","8:12","30.0","14.7543","5.0","","","17.5","","6.6","90","","22","","33.46","20.63","23.42","","","","",""
"2022-09-19","2022262","8:12","30.0","14.7543","6.0","","","17.0","","6.6","90","","21","","33.46","20.63","23.42","","","","",""
"2022-09-19","2022262","8:12","30.0","14.7543","7.0","","","18.9","","6.6","90","","22","","33.46","20.64","23.42","","","","",""
"2022-09-19","2022262","8:12","30.0","14.7543","8.0","","","19.2","","6.6","90","","24","","33.48","20.65","23.43","","","","",""
"2022-09-19","2022262","8:12","30.0","14.7543","9.0","","","19.2","","6.6","90","","28","","33.49","20.66","23.43","","","","",""
"2022-09-19","2022262","8:12","30.0","14.7543","10.0","","","19.6","","6.6","90","","32","","33.49","20.66","23.43","","","","",""
"2022-09-19","2022262","8:12","30.0","14.7543","11.0","21.2","0.80","20.1","","6.6","90","52.4","46","","33.49","20.66","23.44","","","","",""
"2022-09-19","2022262","7:57","31.0","10.6065","1.0","","","20.1","","6.8","92","","13","2.24","33.53","20.66","23.47","","","","",""
"2022-09-19","2022262","7:57","31.0","10.6065","2.0","","","21.0","","6.8","93","","13","","33.56","20.69","23.48","","","","",""
"2022-09-19","2022262","7:57","31.0","10.6065","3.0","","","21.6","","6.8","93","","16","","33.57","20.71","23.49","","","","",""
"2022-09-19","2022262","7:57","31.0","10.6065","4.0","","","21.8","","6.8","93","","16","","33.58","20.72","23.49","","","","",""
"2022-09-19","2022262","7:57","31.0","10.6065","5.0","","","22.4","","6.8","93","","18","","33.60","20.73","23.50","","","","",""
"2022-09-19","2022262","7:57","31.0","10.6065","6.0","","","24.0","","6.8","93","","19","","33.61","20.74","23.51","","","","",""
"2022-09-19","2022262","7:57","31.0","10.6065","7.0","","","24.2","","6.8","93","","20","","33.62","20.75","23.51","","","","",""
"2022-09-19","2022262","7:57","31.0","10.6065","8.0","","","24.5","","6.8","93","","24","","33.63","20.76","23.51","","","","",""
"2022-09-19","2022262","7:57","31.0","10.6065","9.0","","","25.3","","6.8","93","","25","","33.63","20.76","23.52","","","","",""
"2022-09-19","2022262","7:57","31.0","10.6065","10.0","","","25.7","","6.8","93","","26","","33.63","20.76","23.52","","","","",""
"2022-09-19","2022262","7:57","31.0","10.6065","11.0","","","26.0","","6.8","93","","26","","33.63","20.76","23.52","","","","",""
"2022-09-19","2022262","7:57","31.0","10.6065","12.0","","","25.8","","6.8","93","","26","","33.63","20.76","23.52","","","","",""
"2022-09-19","2022262","7:47","32.0","8.1507","1.0","","","31.7","","7.1","97","","27","3.06","33.66","20.84","23.52","","","","",""
"2022-09-19","2022262","7:47","32.0","8.1507","2.0","37.4","0.89","32.5","","7.1","96","31.6","29","","33.66","20.84","23.52","0.76","5.57","2.71","9.75","118.57"
"2022-09-19","2022262","7:47","32.0","8.1507","3.0","","","32.3","","7.0","96","","29","","33.67","20.84","23.52","","","","",""
"2022-09-19","2022262","7:47","32.0","8.1507","4.0","","","32.4","","7.0","96","","32","","33.67","20.84","23.53","","","","",""
"2022-09-19","2022262","7:47","32.0","8.1507","5.0","","","32.6","","7.0","96","","35","","33.67","20.84","23.53","","","","",""
"2022-09-19","2022262","7:47","32.0","8.1507","6.0","","","33.0","","7.0","96","","38","","33.67","20.84","23.53","","","","",""
"2022-09-19","2022262","7:47","32.0","8.1507","7.0","","","32.3","","7.0","96","","46","","33.66","20.83","23.52","","","","",""
"2022-09-19","2022262","7:47","32.0","8.1507","8.0","","","32.3","","7.0","96","","60","","33.66","20.83","23.52","","","","",""
"2022-09-19","2022262","7:47","32.0","8.1507","9.0","","","33.3","","7.0","96","","62","","33.66","20.83","23.52","","","","",""
"2022-09-19","2022262","7:47","32.0","8.1507","10.0","37.4","0.84","36.8","","7.0","96","","65","","33.66","20.83","23.52","","","","",""
"2022-09-19","2022262","7:39","33.0","6.8085","1.0","","","27.9","","7.0","95","","36","4.72","33.64","20.76","23.53","","","","",""
"2022-09-19","2022262","7:39","33.0","6.8085","2.0","","","28.5","","7.0","95","43.9","41","","33.64","20.77","23.52","","","","",""
"2022-09-19","2022262","7:39","33.0","6.8085","3.0","","","28.4","","7.0","95","","41","","33.64","20.77","23.52","","","","",""
"2022-09-19","2022262","7:39","33.0","6.8085","4.0","","","28.3","","7.0","95","","44","","33.64","20.78","23.52","","","","",""
"2022-09-19","2022262","7:39","33.0","6.8085","5.0","","","28.8","","7.0","95","","50","","33.64","20.78","23.52","","","","",""
"2022-09-19","2022262","7:39","33.0","6.8085","6.0","","","28.9","","6.9","95","","55","","33.64","20.79","23.52","","","","",""
"2022-09-19","2022262","7:39","33.0","6.8085","7.0","","","29.2","","6.9","95","","57","","33.64","20.79","23.52","","","","",""
"2022-09-19","2022262","7:39","33.0","6.8085","8.0","","","29.2","","7.0","95","","65","","33.64","20.79","23.52","","","","",""
"2022-09-19","2022262","7:39","33.0","6.8085","9.0","","","29.3","","6.9","95","","60","","33.64","20.79","23.52","","","","",""
"2022-09-19","2022262","7:39","33.0","6.8085","10.0","","","29.4","","7.0","95","","74","","33.64","20.79","23.51","","","","",""
"2022-09-19","2022262","7:39","33.0","6.8085","11.0","","","29.6","","6.9","95","","76","","33.64","20.79","23.51","","","","",""
"2022-09-19","2022262","7:39","33.0","6.8085","12.0","","","29.6","","7.0","95","","78","","33.64","20.79","23.51","","","","",""
"2022-09-19","2022262","7:39","33.0","6.8085","13.0","","","29.4","","7.0","95","","88","","33.64","20.79","23.51","","","","",""
"2022-09-19","2022262","7:27","34.0","3.5290","1.0","","","23.6","","6.7","90","","28","3.36","33.21","20.24","23.33","","","","",""
"2022-09-19","2022262","7:27","34.0","3.5290","2.0","22.9","0.88","24.6","","6.7","91","30.2","32","","33.42","20.49","23.43","","","","",""
"2022-09-19","2022262","7:27","34.0","3.5290","3.0","","","26.3","","6.7","91","","47","","33.48","20.56","23.46","","","","",""
"2022-09-19","2022262","7:27","34.0","3.5290","4.0","","","26.5","","6.7","92","","50","","33.54","20.60","23.49","","","","",""
"2022-09-19","2022262","7:27","34.0","3.5290","5.0","","","27.4","","6.7","92","","53","","33.56","20.62","23.50","","","","",""
"2022-09-19","2022262","7:27","34.0","3.5290","6.0","","","27.9","","6.7","92","","73","","33.57","20.62","23.50","","","","",""
"2022-09-19","2022262","7:27","34.0","3.5290","7.0","","","29.0","","6.7","92","","114","","33.57","20.64","23.50","","","","",""
"2022-09-19","2022262","7:27","34.0","3.5290","8.0","29.0","0.73","28.9","","6.7","92","","140","","33.56","20.65","23.49","","","","",""
"2022-09-19","2022262","7:16","35.0","1.6576","1.0","","","24.9","","6.6","89","","42","4.38","33.12","20.35","23.23","","","","",""
"2022-09-19","2022262","7:16","35.0","1.6576","2.0","24.7","0.86","25.1","","6.6","90","40.7","44","","33.15","20.39","23.25","","","","",""
"2022-09-19","2022262","7:16","35.0","1.6576","3.0","","","25.9","","6.6","90","","51","","33.21","20.45","23.28","","","","",""
"2022-09-19","2022262","7:16","35.0","1.6576","4.0","","","26.3","","6.6","90","","56","","33.22","20.46","23.28","","","","",""
"2022-09-19","2022262","7:16","35.0","1.6576","5.0","","","26.5","","6.6","90","","58","","33.23","20.46","23.29","","","","",""
"2022-09-19","2022262","7:16","35.0","1.6576","6.0","","","26.1","","6.6","90","","59","","33.24","20.47","23.29","","","","",""
"2022-09-19","2022262","7:16","35.0","1.6576","7.0","","","26.6","","6.6","90","","61","","33.24","20.48","23.29","","","","",""
"2022-09-19","2022262","7:16","35.0","1.6576","8.0","","","26.4","","6.6","90","","63","","33.24","20.47","23.29","","","","",""
"2022-09-19","2022262","7:07","36.0","0.0000","1.0","","","24.5","","6.7","90","","56","","33.09","20.44","23.19","","","","",""
"2022-09-19","2022262","7:07","36.0","0.0000","2.0","23.6","0.82","24.3","","6.7","90","57.2","60","","33.10","20.44","23.19","1.83","19.06","4.36","12.15","148.83"
"2022-09-19","2022262","7:07","36.0","0.0000","3.0","","","24.7","","6.7","90","","60","","33.10","20.45","23.20","","","","",""
"2022-09-19","2022262","7:07","36.0","0.0000","4.0","","","24.4","","6.7","90","","61","","33.12","20.47","23.20","","","","",""
"2022-09-19","2022262","7:07","36.0","0.0000","5.0","23.3","0.79","24.6","","6.7","90","84.2","87","","33.12","20.48","23.20","","","","",""
"2022-09-19","2022262","15:06","649.0","132.9388","1.0","","","1.9","","8.0","93","","14","1.68","5.02","21.47","1.69","","","","",""
"2022-09-19","2022262","15:06","649.0","132.9388","2.0","2.3","0.76","2.5","","7.9","93","9.6","14","","5.91","21.00","2.48","2.90","12.71","","1.64","162.72"
"2022-09-19","2022262","15:06","649.0","132.9388","3.0","","","2.0","","8.0","93","","18","","6.26","20.81","2.78","","","","",""
"2022-09-19","2022262","15:06","649.0","132.9388","4.0","","","1.4","","8.0","93","","23","","6.27","20.81","2.79","","","","",""
"2022-09-19","2022262","15:06","649.0","132.9388","5.0","","","1.4","","8.0","93","","23","","6.29","20.81","2.80","","","","",""
"2022-09-19","2022262","15:06","649.0","132.9388","6.0","","","1.4","","8.0","93","","25","","6.31","20.80","2.82","","","","",""
"2022-09-19","2022262","15:06","649.0","132.9388","7.0","","","1.7","","8.0","93","","26","","6.33","20.80","2.84","","","","",""
"2022-09-19","2022262","15:06","649.0","132.9388","8.0","","","1.6","","8.0","92","","26","","6.34","20.80","2.84","","","","",""
"2022-09-19","2022262","15:06","649.0","132.9388","9.0","","","1.7","","8.0","93","","26","","6.34","20.80","2.84","","","","",""
"2022-09-19","2022262","15:06","649.0","132.9388","10.0","","","1.9","","8.0","92","","26","","6.34","20.80","2.84","","","","",""
"2022-09-19","2022262","15:06","649.0","132.9388","11.0","1.5","0.56","1.7","","8.0","93","19.5","26","","6.34","20.81","2.84","","","","",""
"2022-09-19","2022262","15:51","657.0","147.2548","1.0","","","2.2","","8.5","98","","24","2.31","0.55","22.06","","","","","",""
"2022-09-19","2022262","15:51","657.0","147.2548","2.0","3.2","0.82","2.6","","8.5","98","","24","","0.55","22.08","","0.34","6.98","1.00","1.15","194.76"
"2022-09-19","2022262","15:51","657.0","147.2548","3.0","","","2.3","","8.4","97","","24","","0.55","22.12","","","","","",""
"2022-09-19","2022262","15:51","657.0","147.2548","4.0","","","1.9","","8.4","96","","24","","0.55","22.01","","","","","",""
"2022-09-19","2022262","15:51","657.0","147.2548","5.0","","","1.9","","8.4","96","","24","","0.55","21.87","","","","","",""
"2022-09-19","2022262","15:51","657.0","147.2548","6.0","","","1.9","","8.4","96","","25","","0.56","21.87","","","","","",""
"2022-09-19","2022262","15:51","657.0","147.2548","7.0","","","2.0","","8.4","96","","26","","0.60","21.82","","","","","",""
"2022-09-19","2022262","15:51","657.0","147.2548","8.0","","","2.0","","8.4","96","","26","","0.63","21.79","","","","","",""
"2022-09-19","2022262","15:51","657.0","147.2548","9.0","","","2.0","","8.4","96","","26","","0.63","21.79","","","","","",""
"2022-09-19","2022262","15:51","657.0","147.2548","10.0","2.8","0.71","2.0","","8.4","96","","26","","0.64","21.79","","","","","",""
"2022-10-18","2022291","12:03","18.0","54.9481","1.0","","","3.9","","6.5","81","","8","0.70","32.20","16.39","23.51","","","","",""
"2022-10-18","2022291","12:03","18.0","54.9481","2.0","4.4","0.86","3.8","","6.4","80","5.6","7","","32.25","16.33","23.56","1.02","13.35","7.35","3.00","45.22"
"2022-10-18","2022291","12:03","18.0","54.9481","3.0","","","3.7","","6.4","79","","7","","32.29","16.28","23.60","","","","",""
"2022-10-18","2022291","12:03","18.0","54.9481","4.0","","","3.6","","6.3","78","","7","","32.39","16.18","23.70","","","","",""
"2022-10-18","2022291","12:03","18.0","54.9481","5.0","","","3.2","","6.3","78","","7","","32.48","16.08","23.79","","","","",""
"2022-10-18","2022291","12:03","18.0","54.9481","6.0","","","3.2","","6.3","78","","8","","32.51","16.04","23.83","","","","",""
"2022-10-18","2022291","12:03","18.0","54.9481","7.0","","","3.1","","6.3","78","","8","","32.52","16.04","23.83","","","","",""
"2022-10-18","2022291","12:03","18.0","54.9481","8.0","","","3.0","","6.3","78","","7","","32.52","16.04","23.83","","","","",""
"2022-10-18","2022291","12:03","18.0","54.9481","9.0","","","3.1","","6.3","78","","8","","32.52","16.03","23.84","","","","",""
"2022-10-18","2022291","12:03","18.0","54.9481","10.0","","","3.0","","6.3","78","","8","","32.54","16.02","23.85","","","","",""
"2022-10-18","2022291","12:03","18.0","54.9481","11.0","","","3.0","","6.3","78","","8","","32.54","16.01","23.86","","","","",""
"2022-10-18","2022291","12:03","18.0","54.9481","12.0","","","2.9","","6.3","78","","8","","32.54","16.00","23.86","","","","",""
"2022-10-18","2022291","12:03","18.0","54.9481","13.0","","","3.0","","6.3","78","","8","","32.55","16.00","23.86","","","","",""
"2022-10-18","2022291","12:03","18.0","54.9481","14.0","","","3.1","","6.3","78","","8","","32.55","16.00","23.86","","","","",""
"2022-10-18","2022291","12:03","18.0","54.9481","15.0","","","3.0","","6.3","78","","8","","32.55","16.00","23.86","","","","",""
"2022-10-18","2022291","12:03","18.0","54.9481","16.0","","","3.2","","6.3","78","","8","","32.55","15.99","23.86","","","","",""
"2022-10-18","2022291","12:03","18.0","54.9481","17.0","","","3.2","","6.3","78","","8","","32.55","15.99","23.86","","","","",""
"2022-10-18","2022291","12:03","18.0","54.9481","18.0","","","3.0","","6.3","78","","8","","32.55","15.99","23.86","","","","",""
"2022-10-18","2022291","12:03","18.0","54.9481","19.0","","","3.0","","6.3","78","","8","","32.55","15.99","23.86","","","","",""
"2022-10-18","2022291","12:03","18.0","54.9481","20.0","","","3.1","","6.3","78","","8","","32.55","15.99","23.86","","","","",""
"2022-10-18","2022291","12:03","18.0","54.9481","21.0","","","3.1","","6.3","78","","8","","32.55","15.99","23.86","","","","",""
"2022-10-18","2022291","12:03","18.0","54.9481","22.0","","","3.2","","6.3","78","","8","","32.55","15.99","23.87","","","","",""
"2022-10-18","2022291","12:03","18.0","54.9481","23.0","","","3.1","","6.3","78","","8","","32.55","15.98","23.87","","","","",""
"2022-10-18","2022291","12:03","18.0","54.9481","24.0","","","3.0","","6.3","78","","8","","32.56","15.98","23.87","","","","",""
"2022-10-18","2022291","12:03","18.0","54.9481","25.0","","","3.2","","6.3","78","","8","","32.55","15.98","23.87","","","","",""
"2022-10-18","2022291","12:03","18.0","54.9481","26.0","","","3.3","","6.3","78","","8","","32.55","15.98","23.87","","","","",""
"2022-10-18","2022291","12:03","18.0","54.9481","27.0","","","3.0","","6.3","78","","8","","32.56","15.97","23.88","","","","",""
"2022-10-18","2022291","12:03","18.0","54.9481","28.0","","","3.0","","6.3","78","","8","","32.56","15.97","23.88","","","","",""
"2022-10-18","2022291","12:03","18.0","54.9481","29.0","","","3.2","","6.3","78","","8","","32.56","15.97","23.88","","","","",""
"2022-10-18","2022291","12:03","18.0","54.9481","30.0","","","3.0","","6.3","78","","8","","32.57","15.96","23.88","","","","",""
"2022-10-18","2022291","12:03","18.0","54.9481","31.0","","","3.1","","6.3","77","","8","","32.57","15.96","23.89","","","","",""
"2022-10-18","2022291","12:03","18.0","54.9481","32.0","","","3.2","","6.3","77","","8","","32.57","15.96","23.89","","","","",""
"2022-10-18","2022291","12:03","18.0","54.9481","33.0","","","3.1","","6.3","77","","8","","32.57","15.96","23.89","","","","",""
"2022-10-18","2022291","12:03","18.0","54.9481","34.0","","","3.4","","6.3","78","","8","","32.58","15.96","23.89","","","","",""
"2022-10-18","2022291","12:03","18.0","54.9481","35.0","","","3.1","","6.3","78","","8","","32.58","15.96","23.89","","","","",""
"2022-10-18","2022291","12:03","18.0","54.9481","36.0","","","3.2","","6.3","78","","8","","32.58","15.95","23.89","","","","",""
"2022-10-18","2022291","12:03","18.0","54.9481","37.0","","","3.2","","6.3","78","","8","","32.58","15.95","23.90","","","","",""
"2022-10-18","2022291","12:03","18.0","54.9481","38.0","","","3.1","","6.3","78","","8","","32.58","15.95","23.90","","","","",""
"2022-10-18","2022291","12:03","18.0","54.9481","39.0","","","3.1","","6.3","77","","8","","32.58","15.94","23.90","","","","",""
"2022-10-18","2022291","12:03","18.0","54.9481","40.0","","","3.2","","6.2","77","","8","","32.59","15.94","23.91","","","","",""
"2022-10-18","2022291","12:03","18.0","54.9481","41.0","","","3.0","","6.2","77","","9","","32.59","15.94","23.91","","","","",""
"2022-10-18","2022291","12:03","18.0","54.9481","42.0","3.2","0.71","3.1","","6.2","76","9.9","9","","32.59","15.94","23.91","","","","",""
"2022-10-18","2022291","11:47","20.0","51.4501","1.0","","","2.8","","6.6","83","","7","0.75","31.55","17.43","22.77","","","","",""
"2022-10-18","2022291","11:47","20.0","51.4501","2.0","3.9","0.87","3.9","","6.6","83","","7","","31.61","17.28","22.85","","","","",""
"2022-10-18","2022291","11:47","20.0","51.4501","3.0","","","4.7","","6.5","82","","7","","31.63","17.22","22.88","","","","",""
"2022-10-18","2022291","11:47","20.0","51.4501","4.0","","","4.6","","6.4","81","","7","","31.67","17.17","22.92","","","","",""
"2022-10-18","2022291","11:47","20.0","51.4501","5.0","","","4.1","","6.3","80","","8","","31.79","17.01","23.05","","","","",""
"2022-10-18","2022291","11:47","20.0","51.4501","6.0","","","3.6","","6.3","79","","8","","31.90","16.91","23.15","","","","",""
"2022-10-18","2022291","11:47","20.0","51.4501","7.0","","","3.4","","6.2","78","","8","","32.03","16.82","23.28","","","","",""
"2022-10-18","2022291","11:47","20.0","51.4501","8.0","","","3.3","","6.2","78","","8","","32.17","16.63","23.43","","","","",""
"2022-10-18","2022291","11:47","20.0","51.4501","9.0","","","3.2","","6.2","78","","8","","32.23","16.53","23.50","","","","",""
"2022-10-18","2022291","11:47","20.0","51.4501","10.0","","","3.2","","6.2","78","","8","","32.26","16.47","23.53","","","","",""
"2022-10-18","2022291","11:47","20.0","51.4501","11.0","","","3.1","","6.2","78","","8","","32.33","16.36","23.61","","","","",""
"2022-10-18","2022291","11:47","20.0","51.4501","12.0","","","3.1","","6.2","78","","8","","32.35","16.31","23.64","","","","",""
"2022-10-18","2022291","11:47","20.0","51.4501","13.0","","","3.1","","6.2","78","","8","","32.38","16.25","23.68","","","","",""
"2022-10-18","2022291","11:47","20.0","51.4501","14.0","","","3.1","","6.3","78","","8","","32.40","16.22","23.70","","","","",""
"2022-10-18","2022291","11:47","20.0","51.4501","15.0","","","3.0","","6.2","78","","8","","32.41","16.21","23.71","","","","",""
"2022-10-18","2022291","11:47","20.0","51.4501","16.0","","","3.0","","6.2","78","","8","","32.41","16.21","23.71","","","","",""
"2022-10-18","2022291","11:47","20.0","51.4501","17.0","","","3.0","","6.3","78","","8","","32.42","16.19","23.72","","","","",""
"2022-10-18","2022291","11:47","20.0","51.4501","18.0","","","3.0","","6.3","78","","8","","32.43","16.17","23.74","","","","",""
"2022-10-18","2022291","11:47","20.0","51.4501","19.0","","","3.0","","6.3","78","","8","","32.46","16.14","23.76","","","","",""
"2022-10-18","2022291","11:47","20.0","51.4501","20.0","","","3.0","","6.3","78","","8","","32.47","16.11","23.78","","","","",""
"2022-10-18","2022291","11:47","20.0","51.4501","21.0","","","3.3","","6.3","78","","8","","32.47","16.11","23.78","","","","",""
"2022-10-18","2022291","11:47","20.0","51.4501","22.0","","","3.2","","6.3","78","","8","","32.47","16.11","23.78","","","","",""
"2022-10-18","2022291","11:47","20.0","51.4501","23.0","","","3.1","","6.3","78","","8","","32.48","16.09","23.79","","","","",""
"2022-10-18","2022291","11:47","20.0","51.4501","24.0","","","3.0","","6.3","78","","8","","32.48","16.09","23.79","","","","",""
"2022-10-18","2022291","11:47","20.0","51.4501","25.0","","","2.9","","6.3","78","","8","","32.49","16.08","23.80","","","","",""
"2022-10-18","2022291","11:47","20.0","51.4501","26.0","","","2.8","","6.3","78","","8","","32.49","16.08","23.80","","","","",""
"2022-10-18","2022291","11:31","21.0","46.6266","1.0","","","4.2","","6.5","82","","7","0.57","31.85","17.25","23.04","","","","",""
"2022-10-18","2022291","11:31","21.0","46.6266","2.0","3.6","0.84","4.2","","6.4","81","","7","","31.87","17.23","23.06","","","","",""
"2022-10-18","2022291","11:31","21.0","46.6266","3.0","","","4.1","","6.3","80","","8","","31.90","17.25","23.08","","","","",""
"2022-10-18","2022291","11:31","21.0","46.6266","4.0","","","3.7","","6.3","80","","8","","31.92","17.28","23.08","","","","",""
"2022-10-18","2022291","11:31","21.0","46.6266","5.0","","","3.5","","6.3","80","","9","","31.93","17.30","23.09","","","","",""
"2022-10-18","2022291","11:31","21.0","46.6266","6.0","","","3.4","","6.3","79","","9","","31.94","17.24","23.11","","","","",""
"2022-10-18","2022291","11:31","21.0","46.6266","7.0","","","3.3","","6.3","79","","9","","31.94","17.22","23.11","","","","",""
"2022-10-18","2022291","11:31","21.0","46.6266","8.0","","","3.4","","6.3","79","","9","","31.93","17.16","23.12","","","","",""
"2022-10-18","2022291","11:31","21.0","46.6266","9.0","","","3.4","","6.3","79","","9","","31.92","17.10","23.13","","","","",""
"2022-10-18","2022291","11:31","21.0","46.6266","10.0","","","3.3","","6.3","79","","9","","31.92","17.01","23.15","","","","",""
"2022-10-18","2022291","11:31","21.0","46.6266","11.0","","","3.3","","6.3","79","","9","","31.93","16.97","23.16","","","","",""
"2022-10-18","2022291","11:31","21.0","46.6266","12.0","","","3.2","","6.3","79","","9","","31.96","16.94","23.20","","","","",""
"2022-10-18","2022291","11:31","21.0","46.6266","13.0","","","3.2","","6.2","78","","9","","32.01","16.93","23.24","","","","",""
"2022-10-18","2022291","11:31","21.0","46.6266","14.0","","","3.2","","6.2","78","","9","","32.04","16.91","23.27","","","","",""
"2022-10-18","2022291","11:31","21.0","46.6266","15.0","","","3.0","","6.2","78","","10","","32.04","16.91","23.27","","","","",""
"2022-10-18","2022291","11:31","21.0","46.6266","16.0","","","3.1","","6.2","78","","10","","32.05","16.90","23.27","","","","",""
"2022-10-18","2022291","11:31","21.0","46.6266","17.0","","","3.1","","6.2","78","","10","","32.05","16.90","23.27","","","","",""
"2022-10-18","2022291","11:31","21.0","46.6266","18.0","","","3.0","","6.2","78","","11","","32.05","16.89","23.28","","","","",""
"2022-10-18","2022291","11:31","21.0","46.6266","19.0","","","3.0","","6.2","78","","12","","32.05","16.89","23.28","","","","",""
"2022-10-18","2022291","11:21","22.0","43.9210","1.0","","","3.6","","6.5","82","","8","0.85","31.77","17.41","22.94","","","","",""
"2022-10-18","2022291","11:21","22.0","43.9210","2.0","4.2","0.90","3.9","","6.4","81","6.3","8","","31.77","17.42","22.93","1.31","25.20","9.00","3.90","50.56"
"2022-10-18","2022291","11:21","22.0","43.9210","3.0","","","3.9","","6.4","81","","8","","31.77","17.38","22.95","","","","",""
"2022-10-18","2022291","11:21","22.0","43.9210","4.0","","","3.8","","6.4","81","","8","","31.79","17.33","22.97","","","","",""
"2022-10-18","2022291","11:21","22.0","43.9210","5.0","","","3.7","","6.4","81","","9","","31.80","17.31","22.99","","","","",""
"2022-10-18","2022291","11:21","22.0","43.9210","6.0","","","3.6","","6.4","81","","9","","31.81","17.31","23.00","","","","",""
"2022-10-18","2022291","11:21","22.0","43.9210","7.0","","","3.6","","6.4","81","","9","","31.81","17.31","22.99","","","","",""
"2022-10-18","2022291","11:21","22.0","43.9210","8.0","","","3.6","","6.3","80","","9","","31.87","17.38","23.02","","","","",""
"2022-10-18","2022291","11:21","22.0","43.9210","9.0","","","3.7","","6.3","80","","10","","31.91","17.44","23.04","","","","",""
"2022-10-18","2022291","11:21","22.0","43.9210","10.0","","","3.7","","6.3","80","","10","","31.91","17.45","23.04","","","","",""
"2022-10-18","2022291","11:21","22.0","43.9210","11.0","","","3.6","","6.3","80","","11","","31.92","17.47","23.04","","","","",""
"2022-10-18","2022291","11:21","22.0","43.9210","12.0","","","3.7","","6.3","80","","10","","31.93","17.47","23.05","","","","",""
"2022-10-18","2022291","11:21","22.0","43.9210","13.0","","","3.7","","6.3","80","","11","","31.93","17.46","23.05","","","","",""
"2022-10-18","2022291","11:21","22.0","43.9210","14.0","","","3.7","","6.3","80","","12","","31.93","17.42","23.06","","","","",""
"2022-10-18","2022291","11:21","22.0","43.9210","15.0","","","3.7","","6.3","80","","13","","31.93","17.41","23.06","","","","",""
"2022-10-18","2022291","11:21","22.0","43.9210","16.0","","","3.6","","6.3","80","","14","","31.93","17.41","23.06","","","","",""
"2022-10-18","2022291","11:21","22.0","43.9210","17.0","","","3.7","","6.3","80","","15","","31.92","17.40","23.06","","","","",""
"2022-10-18","2022291","11:21","22.0","43.9210","18.0","","","3.5","","6.3","80","","15","","31.92","17.38","23.07","","","","",""
"2022-10-18","2022291","11:21","22.0","43.9210","19.0","3.3","0.58","3.5","","6.3","80","22.0","17","","31.92","17.37","23.07","","","","",""
"2022-10-18","2022291","11:06","23.0","39.6557","1.0","","","3.7","","6.4","82","","9","0.91","32.16","18.05","23.09","","","","",""
"2022-10-18","2022291","11:06","23.0","39.6557","2.0","","","4.0","","6.3","81","","9","","32.16","18.05","23.08","","","","",""
"2022-10-18","2022291","11:06","23.0","39.6557","3.0","","","4.0","","6.3","81","","9","","32.16","17.94","23.11","","","","",""
"2022-10-18","2022291","11:06","23.0","39.6557","4.0","","","3.7","","6.2","80","","9","","32.17","17.89","23.13","","","","",""
"2022-10-18","2022291","11:06","23.0","39.6557","5.0","","","3.5","","6.2","80","","9","","32.18","17.90","23.14","","","","",""
"2022-10-18","2022291","11:06","23.0","39.6557","6.0","","","3.3","","6.2","80","","9","","32.18","17.91","23.14","","","","",""
"2022-10-18","2022291","11:06","23.0","39.6557","7.0","","","3.3","","6.2","80","","10","","32.20","17.94","23.14","","","","",""
"2022-10-18","2022291","11:06","23.0","39.6557","8.0","","","3.3","","6.2","80","","10","","32.21","17.95","23.15","","","","",""
"2022-10-18","2022291","11:06","23.0","39.6557","9.0","","","3.3","","6.2","80","","10","","32.22","17.97","23.15","","","","",""
"2022-10-18","2022291","11:06","23.0","39.6557","10.0","","","3.4","","6.2","79","","10","","32.24","18.00","23.16","","","","",""
"2022-10-18","2022291","11:06","23.0","39.6557","11.0","","","3.5","","6.2","79","","10","","32.27","18.05","23.17","","","","",""
"2022-10-18","2022291","11:06","23.0","39.6557","12.0","","","3.4","","6.1","79","","10","","32.29","18.08","23.18","","","","",""
"2022-10-18","2022291","11:06","23.0","39.6557","13.0","","","3.4","","6.1","79","","11","","32.29","18.09","23.18","","","","",""
"2022-10-18","2022291","11:06","23.0","39.6557","14.0","","","3.4","","6.1","79","","11","","32.30","18.09","23.18","","","","",""
"2022-10-18","2022291","11:06","23.0","39.6557","15.0","","","3.4","","6.1","79","","11","","32.30","18.09","23.18","","","","",""
"2022-10-18","2022291","10:53","24.0","37.0911","1.0","","","4.8","","6.3","82","","9","0.83","32.51","18.60","23.22","","","","",""
"2022-10-18","2022291","10:53","24.0","37.0911","2.0","4.3","0.81","4.5","","6.3","81","9.0","10","","32.51","18.51","23.25","1.53","13.14","9.21","6.48","73.35"
"2022-10-18","2022291","10:53","24.0","37.0911","3.0","","","4.3","","6.3","81","","10","","32.53","18.47","23.27","","","","",""
"2022-10-18","2022291","10:53","24.0","37.0911","4.0","","","4.2","","6.3","81","","10","","32.54","18.47","23.27","","","","",""
"2022-10-18","2022291","10:53","24.0","37.0911","5.0","","","4.1","","6.2","81","","10","","32.54","18.48","23.27","","","","",""
"2022-10-18","2022291","10:53","24.0","37.0911","6.0","","","3.9","","6.2","81","","11","","32.55","18.48","23.28","","","","",""
"2022-10-18","2022291","10:53","24.0","37.0911","7.0","","","3.9","","6.2","81","","11","","32.55","18.49","23.28","","","","",""
"2022-10-18","2022291","10:53","24.0","37.0911","8.0","","","4.1","","6.2","81","","11","","32.56","18.49","23.28","","","","",""
"2022-10-18","2022291","10:53","24.0","37.0911","9.0","","","4.0","","6.2","81","","12","","32.56","18.49","23.28","","","","",""
"2022-10-18","2022291","10:53","24.0","37.0911","10.0","3.5","0.69","3.9","","6.2","80","12.4","12","","32.56","18.49","23.28","","","","",""
"2022-10-18","2022291","10:41","25.0","32.8382","1.0","","","5.4","","6.6","86","","10","0.89","32.81","18.65","23.43","","","","",""
"2022-10-18","2022291","10:41","25.0","32.8382","2.0","","","5.5","","6.5","85","","10","","32.84","18.62","23.47","","","","",""
"2022-10-18","2022291","10:41","25.0","32.8382","3.0","","","5.7","","6.5","85","","10","","32.86","18.60","23.49","","","","",""
"2022-10-18","2022291","10:41","25.0","32.8382","4.0","","","5.6","","6.5","85","","11","","32.87","18.59","23.49","","","","",""
"2022-10-18","2022291","10:41","25.0","32.8382","5.0","","","5.4","","6.5","85","","11","","32.88","18.59","23.50","","","","",""
"2022-10-18","2022291","10:41","25.0","32.8382","6.0","","","5.5","","6.5","85","","11","","32.88","18.59","23.50","","","","",""
"2022-10-18","2022291","10:41","25.0","32.8382","7.0","","","5.5","","6.5","85","","11","","32.88","18.59","23.51","","","","",""
"2022-10-18","2022291","10:41","25.0","32.8382","8.0","","","5.7","","6.5","85","","11","","32.88","18.59","23.51","","","","",""
"2022-10-18","2022291","10:27","26.0","28.7560","1.0","","","6.2","","6.5","86","","12","1.46","33.10","18.66","23.66","","","","",""
"2022-10-18","2022291","10:27","26.0","28.7560","2.0","","","6.2","","6.5","85","","12","","33.10","18.66","23.66","","","","",""
"2022-10-18","2022291","10:27","26.0","28.7560","3.0","","","6.0","","6.5","85","","12","","33.11","18.65","23.66","","","","",""
"2022-10-18","2022291","10:27","26.0","28.7560","4.0","","","5.7","","6.5","85","","13","","33.11","18.64","23.67","","","","",""
"2022-10-18","2022291","10:27","26.0","28.7560","5.0","","","5.9","","6.5","85","","14","","33.11","18.64","23.67","","","","",""
"2022-10-18","2022291","10:27","26.0","28.7560","6.0","","","5.9","","6.5","85","","14","","33.11","18.65","23.67","","","","",""
"2022-10-18","2022291","10:27","26.0","28.7560","7.0","","","5.8","","6.5","85","","14","","33.11","18.64","23.67","","","","",""
"2022-10-18","2022291","10:27","26.0","28.7560","8.0","","","5.9","","6.5","85","","15","","33.11","18.65","23.67","","","","",""
"2022-10-18","2022291","10:27","26.0","28.7560","9.0","","","5.8","","6.5","85","","15","","33.11","18.65","23.67","","","","",""
"2022-10-18","2022291","10:27","26.0","28.7560","10.0","","","5.8","","6.5","85","","16","","33.11","18.64","23.67","","","","",""
"2022-10-18","2022291","10:27","26.0","28.7560","11.0","","","5.8","","6.5","85","","17","","33.11","18.65","23.67","","","","",""
"2022-10-18","2022291","10:16","27.0","26.1872","1.0","","","6.4","","6.7","87","","13","1.48","33.17","18.66","23.71","","","","",""
"2022-10-18","2022291","10:16","27.0","26.1872","2.0","","","6.4","","6.6","86","13.2","12","","33.17","18.63","23.72","1.54","15.14","4.78","8.99","100.76"
"2022-10-18","2022291","10:16","27.0","26.1872","3.0","","","5.9","","6.5","86","","13","","33.17","18.60","23.72","","","","",""
"2022-10-18","2022291","10:16","27.0","26.1872","4.0","","","5.7","","6.5","85","","15","","33.17","18.59","23.72","","","","",""
"2022-10-18","2022291","10:16","27.0","26.1872","5.0","","","5.8","","6.5","85","","16","","33.17","18.60","23.72","","","","",""
"2022-10-18","2022291","10:16","27.0","26.1872","6.0","","","6.1","","6.5","85","","16","","33.17","18.60","23.72","","","","",""
"2022-10-18","2022291","10:16","27.0","26.1872","7.0","","","6.1","","6.5","85","","17","","33.17","18.59","23.72","","","","",""
"2022-10-18","2022291","10:16","27.0","26.1872","8.0","","","6.0","","6.5","84","","17","","33.17","18.59","23.72","","","","",""
"2022-10-18","2022291","10:16","27.0","26.1872","9.0","","","5.9","","6.4","84","","18","","33.17","18.58","23.73","","","","",""
"2022-10-18","2022291","10:16","27.0","26.1872","10.0","","","5.7","","6.4","84","","19","","33.17","18.58","23.73","","","","",""
"2022-10-18","2022291","10:16","27.0","26.1872","11.0","5.8","0.67","5.6","","6.4","84","","20","","33.17","18.58","23.73","","","","",""
"2022-10-18","2022291","10:05","28.0","23.5695","1.0","","","5.5","","6.4","83","","14","1.59","33.21","18.56","23.76","","","","",""
"2022-10-18","2022291","10:05","28.0","23.5695","2.0","","","5.2","","6.4","83","","15","","33.21","18.54","23.77","","","","",""
"2022-10-18","2022291","10:05","28.0","23.5695","3.0","","","5.2","","6.4","84","","16","","33.21","18.54","23.77","","","","",""
"2022-10-18","2022291","10:05","28.0","23.5695","4.0","","","5.1","","6.4","83","","16","","33.21","18.54","23.77","","","","",""
"2022-10-18","2022291","10:05","28.0","23.5695","5.0","","","5.3","","6.4","83","","16","","33.21","18.54","23.77","","","","",""
"2022-10-18","2022291","10:05","28.0","23.5695","6.0","","","5.2","","6.4","83","","17","","33.21","18.54","23.77","","","","",""
"2022-10-18","2022291","10:05","28.0","23.5695","7.0","","","5.3","","6.4","83","","17","","33.21","18.54","23.77","","","","",""
"2022-10-18","2022291","10:05","28.0","23.5695","8.0","","","5.3","","6.4","83","","18","","33.21","18.54","23.77","","","","",""
"2022-10-18","2022291","10:05","28.0","23.5695","9.0","","","5.2","","6.4","83","","18","","33.21","18.55","23.77","","","","",""
"2022-10-18","2022291","10:05","28.0","23.5695","10.0","","","5.1","","6.4","83","","18","","33.22","18.55","23.77","","","","",""
"2022-10-18","2022291","10:05","28.0","23.5695","11.0","","","5.2","","6.4","83","","19","","33.22","18.55","23.77","","","","",""
"2022-10-18","2022291","10:05","28.0","23.5695","12.0","","","5.2","","6.4","83","","19","","33.22","18.56","23.77","","","","",""
"2022-10-18","2022291","10:05","28.0","23.5695","13.0","","","5.2","","6.4","83","","19","","33.22","18.56","23.77","","","","",""
"2022-10-18","2022291","10:05","28.0","23.5695","14.0","","","5.3","","6.4","83","","19","","33.22","18.56","23.77","","","","",""
"2022-10-18","2022291","9:52","29.0","20.2526","1.0","","","5.7","","6.3","83","","13","1.46","33.25","18.77","23.74","","","","",""
"2022-10-18","2022291","9:52","29.0","20.2526","2.0","","","5.5","","6.3","82","","13","","33.27","18.70","23.77","","","","",""
"2022-10-18","2022291","9:52","29.0","20.2526","3.0","","","5.6","","6.3","82","","14","","33.28","18.71","23.78","","","","",""
"2022-10-18","2022291","9:52","29.0","20.2526","4.0","","","5.5","","6.2","82","","15","","33.28","18.71","23.78","","","","",""
"2022-10-18","2022291","9:52","29.0","20.2526","5.0","","","5.6","","6.2","82","","16","","33.29","18.72","23.78","","","","",""
"2022-10-18","2022291","9:52","29.0","20.2526","6.0","","","5.6","","6.2","82","","17","","33.29","18.72","23.78","","","","",""
"2022-10-18","2022291","9:52","29.0","20.2526","7.0","","","5.7","","6.2","82","","17","","33.29","18.72","23.78","","","","",""
"2022-10-18","2022291","9:52","29.0","20.2526","8.0","","","5.6","","6.2","82","","17","","33.29","18.72","23.78","","","","",""
"2022-10-18","2022291","9:52","29.0","20.2526","9.0","","","5.6","","6.2","82","","17","","33.29","18.72","23.78","","","","",""
"2022-10-18","2022291","9:52","29.0","20.2526","10.0","","","5.5","","6.2","81","","17","","33.29","18.73","23.78","","","","",""
"2022-10-18","2022291","9:52","29.0","20.2526","11.0","","","5.6","","6.2","81","","18","","33.30","18.75","23.78","","","","",""
"2022-10-18","2022291","9:52","29.0","20.2526","12.0","","","5.6","","6.2","81","","20","","33.30","18.76","23.78","","","","",""
"2022-10-18","2022291","9:52","29.0","20.2526","13.0","","","5.6","","6.2","81","","20","","33.30","18.76","23.78","","","","",""
"2022-10-18","2022291","9:52","29.0","20.2526","14.0","","","5.8","","6.2","81","","21","","33.30","18.76","23.78","","","","",""
"2022-10-18","2022291","9:41","29.5","17.5640","1.0","","","5.8","","6.2","82","","14","1.57","33.37","19.05","23.77","","","","",""
"2022-10-18","2022291","9:41","29.5","17.5640","2.0","","","5.7","","6.2","81","","15","","33.38","19.01","23.78","","","","",""
"2022-10-18","2022291","9:41","29.5","17.5640","3.0","","","5.8","","6.1","81","","15","","33.38","19.00","23.78","","","","",""
"2022-10-18","2022291","9:41","29.5","17.5640","4.0","","","5.7","","6.1","81","","15","","33.38","18.99","23.79","","","","",""
"2022-10-18","2022291","9:41","29.5","17.5640","5.0","","","5.9","","6.1","81","","16","","33.38","18.99","23.79","","","","",""
"2022-10-18","2022291","9:41","29.5","17.5640","6.0","","","5.9","","6.1","81","","17","","33.38","19.00","23.79","","","","",""
"2022-10-18","2022291","9:41","29.5","17.5640","7.0","","","6.0","","6.1","81","","18","","33.39","19.00","23.79","","","","",""
"2022-10-18","2022291","9:41","29.5","17.5640","8.0","","","6.1","","6.1","81","","18","","33.39","19.00","23.79","","","","",""
"2022-10-18","2022291","9:41","29.5","17.5640","9.0","","","6.0","","6.1","81","","19","","33.39","19.01","23.79","","","","",""
"2022-10-18","2022291","9:41","29.5","17.5640","10.0","","","6.2","","6.1","81","","20","","33.39","19.01","23.79","","","","",""
"2022-10-18","2022291","9:41","29.5","17.5640","11.0","","","6.2","","6.1","81","","21","","33.39","19.02","23.79","","","","",""
"2022-10-18","2022291","9:41","29.5","17.5640","12.0","","","6.1","","6.1","81","","22","","33.39","19.02","23.79","","","","",""
"2022-10-18","2022291","9:41","29.5","17.5640","13.0","","","6.2","","6.1","81","","22","","33.39","19.02","23.79","","","","",""
"2022-10-18","2022291","9:41","29.5","17.5640","14.0","","","6.2","","6.1","81","","22","","33.39","19.02","23.79","","","","",""
"2022-10-18","2022291","9:29","30.0","14.7543","1.0","","","7.3","","6.3","83","","22","2.12","33.44","19.07","23.81","","","","",""
"2022-10-18","2022291","9:29","30.0","14.7543","2.0","7.5","0.75","6.9","","6.3","83","25.5","22","","33.44","19.07","23.81","1.88","16.71","7.14","10.82","113.23"
"2022-10-18","2022291","9:29","30.0","14.7543","3.0","","","6.5","","6.3","83","","22","","33.44","19.06","23.81","","","","",""
"2022-10-18","2022291","9:29","30.0","14.7543","4.0","","","6.5","","6.3","83","","23","","33.44","19.06","23.82","","","","",""
"2022-10-18","2022291","9:29","30.0","14.7543","5.0","","","6.7","","6.3","83","","24","","33.44","19.05","23.82","","","","",""
"2022-10-18","2022291","9:29","30.0","14.7543","6.0","","","6.6","","6.3","83","","24","","33.44","19.05","23.82","","","","",""
"2022-10-18","2022291","9:29","30.0","14.7543","7.0","","","6.6","","6.3","83","","24","","33.44","19.05","23.82","","","","",""
"2022-10-18","2022291","9:29","30.0","14.7543","8.0","","","6.7","","6.3","83","","25","","33.44","19.05","23.82","","","","",""
"2022-10-18","2022291","9:29","30.0","14.7543","9.0","","","6.6","","6.3","83","","25","","33.44","19.05","23.82","","","","",""
"2022-10-18","2022291","9:29","30.0","14.7543","10.0","","","6.7","","6.3","83","","25","","33.44","19.05","23.82","","","","",""
"2022-10-18","2022291","9:29","30.0","14.7543","11.0","","","6.6","","6.3","83","","25","","33.44","19.06","23.82","","","","",""
"2022-10-18","2022291","9:14","31.0","10.6065","1.0","","","8.5","","6.4","85","","28","1.99","33.47","19.07","23.84","","","","",""
"2022-10-18","2022291","9:14","31.0","10.6065","2.0","","","7.4","","6.4","84","","29","","33.47","19.07","23.84","","","","",""
"2022-10-18","2022291","9:14","31.0","10.6065","3.0","","","7.3","","6.4","84","","30","","33.47","19.06","23.84","","","","",""
"2022-10-18","2022291","9:14","31.0","10.6065","4.0","","","7.7","","6.4","84","","31","","33.47","19.06","23.84","","","","",""
"2022-10-18","2022291","9:14","31.0","10.6065","5.0","","","7.6","","6.4","84","","32","","33.47","19.06","23.84","","","","",""
"2022-10-18","2022291","9:14","31.0","10.6065","6.0","","","7.5","","6.4","84","","32","","33.47","19.07","23.84","","","","",""
"2022-10-18","2022291","9:14","31.0","10.6065","7.0","","","7.6","","6.4","84","","32","","33.47","19.06","23.84","","","","",""
"2022-10-18","2022291","9:14","31.0","10.6065","8.0","","","7.5","","6.4","84","","33","","33.47","19.06","23.84","","","","",""
"2022-10-18","2022291","9:14","31.0","10.6065","9.0","","","7.7","","6.4","84","","33","","33.47","19.06","23.84","","","","",""
"2022-10-18","2022291","9:14","31.0","10.6065","10.0","","","7.4","","6.4","84","","34","","33.47","19.06","23.84","","","","",""
"2022-10-18","2022291","9:14","31.0","10.6065","11.0","","","7.5","","6.4","84","","34","","33.47","19.06","23.84","","","","",""
"2022-10-18","2022291","9:14","31.0","10.6065","12.0","","","7.9","","6.4","84","","33","","33.47","19.06","23.84","","","","",""
"2022-10-18","2022291","9:03","32.0","8.1507","1.0","8.8","0.75","8.5","","6.5","86","26.7","29","2.24","33.48","18.94","23.87","1.36","18.28","5.00","11.07","111.45"
"2022-10-18","2022291","9:03","32.0","8.1507","2.0","","","7.8","","6.5","86","","29","","33.48","18.94","23.88","","","","",""
"2022-10-18","2022291","9:03","32.0","8.1507","3.0","","","7.8","","6.5","86","","29","","33.48","18.93","23.88","","","","",""
"2022-10-18","2022291","9:03","32.0","8.1507","4.0","","","8.0","","6.5","86","","29","","33.48","18.93","23.88","","","","",""
"2022-10-18","2022291","9:03","32.0","8.1507","5.0","","","8.3","","6.5","86","","29","","33.49","18.94","23.88","","","","",""
"2022-10-18","2022291","9:03","32.0","8.1507","6.0","","","8.7","","6.5","86","","32","","33.49","18.95","23.88","","","","",""
"2022-10-18","2022291","9:03","32.0","8.1507","7.0","","","8.7","","6.5","86","","35","","33.49","18.95","23.88","","","","",""
"2022-10-18","2022291","9:03","32.0","8.1507","8.0","","","8.6","","6.5","86","","36","","33.49","18.95","23.88","","","","",""
"2022-10-18","2022291","9:03","32.0","8.1507","9.0","","","8.4","","6.5","86","","38","","33.49","18.95","23.88","","","","",""
"2022-10-18","2022291","9:03","32.0","8.1507","10.0","8.9","0.61","8.5","","6.5","85","","40","","33.49","18.95","23.88","","","","",""
"2022-10-18","2022291","8:56","33.0","6.8085","1.0","","","7.7","","6.4","84","","28","1.91","33.24","18.76","23.73","","","","",""
"2022-10-18","2022291","8:56","33.0","6.8085","2.0","","","7.7","","6.4","84","24.2","28","","33.35","18.81","23.81","","","","",""
"2022-10-18","2022291","8:56","33.0","6.8085","3.0","","","8.1","","6.4","85","","29","","33.38","18.83","23.82","","","","",""
"2022-10-18","2022291","8:56","33.0","6.8085","4.0","","","8.1","","6.5","85","","30","","33.38","18.83","23.83","","","","",""
"2022-10-18","2022291","8:56","33.0","6.8085","5.0","","","8.1","","6.5","85","","29","","33.39","18.83","23.83","","","","",""
"2022-10-18","2022291","8:56","33.0","6.8085","6.0","","","8.1","","6.5","86","","29","","33.40","18.84","23.84","","","","",""
"2022-10-18","2022291","8:56","33.0","6.8085","7.0","","","8.3","","6.5","86","","32","","33.49","18.91","23.89","","","","",""
"2022-10-18","2022291","8:56","33.0","6.8085","8.0","","","8.7","","6.5","86","","35","","33.50","18.92","23.90","","","","",""
"2022-10-18","2022291","8:56","33.0","6.8085","9.0","","","8.7","","6.5","86","","38","","33.51","18.93","23.90","","","","",""
"2022-10-18","2022291","8:56","33.0","6.8085","10.0","","","8.9","","6.5","86","","39","","33.51","18.93","23.90","","","","",""
"2022-10-18","2022291","8:56","33.0","6.8085","11.0","","","8.9","","6.5","86","","39","","33.51","18.93","23.90","","","","",""
"2022-10-18","2022291","8:56","33.0","6.8085","12.0","","","9.2","","6.5","86","","39","","33.51","18.93","23.90","","","","",""
"2022-10-18","2022291","8:43","34.0","3.5290","1.0","","","8.5","","6.3","83","","31","2.29","33.19","18.87","23.67","","","","",""
"2022-10-18","2022291","8:43","34.0","3.5290","2.0","7.5","0.69","7.2","","6.3","83","25.6","32","","33.21","18.88","23.68","","","","",""
"2022-10-18","2022291","8:43","34.0","3.5290","3.0","","","7.2","","6.3","83","","34","","33.27","18.94","23.71","","","","",""
"2022-10-18","2022291","8:43","34.0","3.5290","4.0","","","7.3","","6.3","83","","38","","33.28","18.95","23.72","","","","",""
"2022-10-18","2022291","8:43","34.0","3.5290","5.0","","","7.4","","6.3","83","","39","","33.29","18.97","23.73","","","","",""
"2022-10-18","2022291","8:43","34.0","3.5290","6.0","","","7.4","","6.3","83","","42","","33.29","18.97","23.72","","","","",""
"2022-10-18","2022291","8:43","34.0","3.5290","7.0","","","7.4","","6.3","83","","43","","33.29","18.97","23.73","","","","",""
"2022-10-18","2022291","8:43","34.0","3.5290","8.0","7.3","0.56","7.4","","6.3","83","","44","","33.29","18.97","23.73","","","","",""
"2022-10-18","2022291","8:31","35.0","1.6576","1.0","","","8.2","","6.2","81","","38","2.52","32.90","18.82","23.46","","","","",""
"2022-10-18","2022291","8:31","35.0","1.6576","2.0","7.2","0.60","7.6","","6.2","81","40.1","39","","32.91","18.82","23.47","","","","",""
"2022-10-18","2022291","8:31","35.0","1.6576","3.0","","","7.8","","6.2","81","","40","","32.92","18.82","23.47","","","","",""
"2022-10-18","2022291","8:31","35.0","1.6576","4.0","","","8.2","","6.2","81","","40","","32.93","18.82","23.48","","","","",""
"2022-10-18","2022291","8:31","35.0","1.6576","5.0","","","8.2","","6.2","81","","40","","32.93","18.82","23.49","","","","",""
"2022-10-18","2022291","8:31","35.0","1.6576","6.0","","","8.1","","6.2","82","","39","","32.95","18.81","23.50","","","","",""
"2022-10-18","2022291","8:31","35.0","1.6576","7.0","","","8.1","","6.2","82","","38","","32.96","18.81","23.51","","","","",""
"2022-10-18","2022291","8:31","35.0","1.6576","8.0","","","8.0","","6.2","82","","38","","32.96","18.81","23.51","","","","",""
"2022-10-18","2022291","8:21","36.0","0.0000","1.0","","","8.4","","6.3","82","","35","2.18","32.51","18.87","23.15","","","","",""
"2022-10-18","2022291","8:21","36.0","0.0000","2.0","7.8","0.63","8.3","","6.3","82","38.7","36","","32.51","18.87","23.15","2.51","36.55","7.85","14.64","141.35"
"2022-10-18","2022291","8:21","36.0","0.0000","3.0","","","8.3","","6.3","82","","36","","32.51","18.87","23.15","","","","",""
"2022-10-18","2022291","8:21","36.0","0.0000","4.0","","","8.2","","6.3","82","","36","","32.50","18.89","23.14","","","","",""
"2022-10-18","2022291","8:21","36.0","0.0000","5.0","7.7","0.64","8.1","","6.3","82","37.9","36","","32.51","18.90","23.14","","","","",""
"2022-10-27","2022300","14:07","2.0","127.7053","1.0","","","2.7","","8.8","95","","15","1.56","5.77","17.30","3.14","","","","",""
"2022-10-27","2022300","14:07","2.0","127.7053","2.0","","","2.6","","8.8","95","","14","","5.86","17.26","3.21","","","","",""
"2022-10-27","2022300","14:07","2.0","127.7053","3.0","","","2.4","","8.8","95","","15","","5.95","17.24","3.29","","","","",""
"2022-10-27","2022300","14:07","2.0","127.7053","4.0","","","2.3","","8.8","95","","17","","6.27","17.19","3.54","","","","",""
"2022-10-27","2022300","14:07","2.0","127.7053","5.0","","","2.3","","8.7","95","","34","","6.54","17.15","3.75","","","","",""
"2022-10-27","2022300","14:07","2.0","127.7053","6.0","","","2.5","","8.7","95","","49","","6.66","17.15","3.85","","","","",""
"2022-10-27","2022300","14:07","2.0","127.7053","7.0","","","2.7","","8.7","95","","59","","6.68","17.15","3.86","","","","",""
"2022-10-27","2022300","14:07","2.0","127.7053","8.0","","","2.9","","8.7","95","","65","","6.77","17.14","3.93","","","","",""
"2022-10-27","2022300","14:07","2.0","127.7053","9.0","","","3.0","","8.7","95","","73","","6.81","17.14","3.96","","","","",""
"2022-10-27","2022300","14:07","2.0","127.7053","10.0","","","3.1","","8.7","95","","80","","6.83","17.14","3.97","","","","",""
"2022-10-27","2022300","13:55","3.0","125.3243","1.0","","","4.2","","8.8","96","","7","0.81","6.34","17.44","3.54","","","","",""
"2022-10-27","2022300","13:55","3.0","125.3243","2.0","3.1","0.87","3.5","","8.8","96","10.1","9","","6.40","17.34","3.61","1.86","16.85","2.50","2.49","169.13"
"2022-10-27","2022300","13:55","3.0","125.3243","3.0","","","3.4","","8.8","95","","8","","6.42","17.28","3.63","","","","",""
"2022-10-27","2022300","13:55","3.0","125.3243","4.0","","","3.0","","8.7","95","","8","","6.45","17.23","3.67","","","","",""
"2022-10-27","2022300","13:55","3.0","125.3243","5.0","","","2.5","","8.7","94","","9","","6.79","17.16","3.94","","","","",""
"2022-10-27","2022300","13:55","3.0","125.3243","6.0","","","2.3","","8.7","94","","8","","7.43","17.10","4.44","","","","",""
"2022-10-27","2022300","13:55","3.0","125.3243","7.0","","","2.4","","8.7","94","","13","","7.51","17.10","4.50","","","","",""
"2022-10-27","2022300","13:55","3.0","125.3243","8.0","","","2.4","","8.7","94","","14","","7.63","17.09","4.59","","","","",""
"2022-10-27","2022300","13:55","3.0","125.3243","9.0","","","2.6","","8.7","95","","25","","8.37","17.04","5.17","","","","",""
"2022-10-27","2022300","13:55","3.0","125.3243","10.0","","","2.9","","8.6","95","","50","","8.67","17.02","5.40","","","","",""
"2022-10-27","2022300","13:55","3.0","125.3243","11.0","","","2.8","","8.6","95","","62","","8.77","17.01","5.48","","","","",""
"2022-10-27","2022300","13:55","3.0","125.3243","12.0","","","2.7","","8.6","94","","67","","8.79","17.01","5.49","","","","",""
"2022-10-27","2022300","13:55","3.0","125.3243","13.0","","","2.8","","8.6","95","","68","","8.79","17.01","5.49","","","","",""
"2022-10-27","2022300","13:55","3.0","125.3243","14.0","1.6","0.37","2.7","","8.6","95","68.7","67","","8.79","17.01","5.49","","","","",""
"2022-10-27","2022300","13:40","4.0","119.8957","1.0","","","3.1","","8.7","96","","19","2.04","8.01","17.32","4.84","","","","",""
"2022-10-27","2022300","13:40","4.0","119.8957","2.0","","","3.3","","8.7","96","","20","","8.42","17.14","5.19","","","","",""
"2022-10-27","2022300","13:40","4.0","119.8957","3.0","","","3.2","","8.7","96","","21","","8.58","17.09","5.31","","","","",""
"2022-10-27","2022300","13:40","4.0","119.8957","4.0","","","3.0","","8.7","95","","21","","8.81","17.06","5.50","","","","",""
"2022-10-27","2022300","13:40","4.0","119.8957","5.0","","","2.8","","8.7","95","","23","","9.07","17.03","5.70","","","","",""
"2022-10-27","2022300","13:40","4.0","119.8957","6.0","","","2.5","","8.6","95","","23","","9.32","16.96","5.91","","","","",""
"2022-10-27","2022300","13:40","4.0","119.8957","7.0","","","2.3","","8.7","95","","24","","9.51","16.93","6.06","","","","",""
"2022-10-27","2022300","13:40","4.0","119.8957","8.0","","","2.3","","8.6","95","","34","","9.73","16.94","6.23","","","","",""
"2022-10-27","2022300","13:40","4.0","119.8957","9.0","","","2.5","","8.7","95","","41","","9.79","16.96","6.27","","","","",""
"2022-10-27","2022300","13:40","4.0","119.8957","10.0","","","2.8","","8.7","95","","53","","9.88","17.01","6.32","","","","",""
"2022-10-27","2022300","13:40","4.0","119.8957","11.0","","","3.1","","8.6","95","","64","","10.01","17.07","6.42","","","","",""
"2022-10-27","2022300","13:40","4.0","119.8957","12.0","","","3.2","","8.6","95","","76","","10.37","17.00","6.70","","","","",""
"2022-10-27","2022300","13:40","4.0","119.8957","13.0","","","3.2","","8.6","94","","88","","10.54","16.97","6.84","","","","",""
"2022-10-27","2022300","13:40","4.0","119.8957","14.0","","","3.2","","8.5","95","","89","","10.71","16.96","6.97","","","","",""
"2022-10-27","2022300","13:40","4.0","119.8957","15.0","","","3.1","","8.5","95","","89","","10.73","16.96","6.98","","","","",""
"2022-10-27","2022300","13:40","4.0","119.8957","16.0","","","3.2","","8.5","95","","89","","10.74","16.96","6.99","","","","",""
"2022-10-27","2022300","13:40","4.0","119.8957","17.0","","","3.2","","8.6","95","","88","","10.75","16.96","7.00","","","","",""
"2022-10-27","2022300","13:40","4.0","119.8957","18.0","","","3.2","","8.5","95","","89","","10.75","16.96","6.99","","","","",""
"2022-10-27","2022300","13:26","5.0","115.6252","1.0","","","4.0","","8.8","96","","13","1.46","9.28","17.04","5.86","","","","",""
"2022-10-27","2022300","13:26","5.0","115.6252","2.0","","","3.9","","8.7","96","","14","","9.57","16.95","6.10","","","","",""
"2022-10-27","2022300","13:26","5.0","115.6252","3.0","","","3.1","","8.7","96","","14","","9.89","16.87","6.36","","","","",""
"2022-10-27","2022300","13:26","5.0","115.6252","4.0","","","2.9","","8.6","95","","16","","10.52","16.83","6.85","","","","",""
"2022-10-27","2022300","13:26","5.0","115.6252","5.0","","","2.6","","8.5","94","","19","","11.20","16.87","7.36","","","","",""
"2022-10-27","2022300","13:26","5.0","115.6252","6.0","","","2.5","","8.4","94","","28","","12.15","16.88","8.08","","","","",""
"2022-10-27","2022300","13:26","5.0","115.6252","7.0","","","2.5","","8.4","94","","43","","12.39","16.88","8.26","","","","",""
"2022-10-27","2022300","13:26","5.0","115.6252","8.0","","","2.7","","8.4","94","","58","","12.48","16.89","8.33","","","","",""
"2022-10-27","2022300","13:26","5.0","115.6252","9.0","","","2.8","","8.4","94","","63","","12.47","16.89","8.32","","","","",""
"2022-10-27","2022300","13:26","5.0","115.6252","10.0","","","2.8","","8.4","94","","62","","12.48","16.89","8.33","","","","",""
"2022-10-27","2022300","13:26","5.0","115.6252","11.0","","","2.8","","8.4","94","","66","","12.49","16.89","8.33","","","","",""
"2022-10-27","2022300","13:12","6.0","110.8977","1.0","","","3.0","","8.5","95","","14","1.52","12.42","16.99","8.26","","","","",""
"2022-10-27","2022300","13:12","6.0","110.8977","2.0","2.4","0.87","2.7","","8.5","95","13.5","14","","12.92","16.86","8.67","2.62","23.13","4.36","3.08","147.05"
"2022-10-27","2022300","13:12","6.0","110.8977","3.0","","","2.6","","8.5","95","","20","","13.12","16.87","8.82","","","","",""
"2022-10-27","2022300","13:12","6.0","110.8977","4.0","","","2.5","","8.4","94","","21","","13.49","16.86","9.10","","","","",""
"2022-10-27","2022300","13:12","6.0","110.8977","5.0","","","2.2","","8.3","94","","25","","14.03","16.84","9.52","","","","",""
"2022-10-27","2022300","13:12","6.0","110.8977","6.0","","","2.5","","8.3","94","","48","","14.62","16.86","9.96","","","","",""
"2022-10-27","2022300","13:12","6.0","110.8977","7.0","","","2.8","","8.3","94","","62","","14.64","16.86","9.98","","","","",""
"2022-10-27","2022300","13:12","6.0","110.8977","8.0","","","2.8","","8.3","94","","58","","14.67","16.86","10.00","","","","",""
"2022-10-27","2022300","13:12","6.0","110.8977","9.0","","","2.9","","8.3","94","","66","","14.69","16.87","10.02","","","","",""
"2022-10-27","2022300","13:12","6.0","110.8977","10.0","","","2.7","","8.3","94","","71","","14.71","16.87","10.03","","","","",""
"2022-10-27","2022300","13:12","6.0","110.8977","11.0","1.9","0.48","2.7","","8.3","94","75.2","71","","14.71","16.87","10.03","","","","",""
"2022-10-27","2022300","12:54","7.0","104.9810","1.0","","","2.7","","8.2","95","","10","1.04","16.37","17.27","11.21","","","","",""
"2022-10-27","2022300","12:54","7.0","104.9810","2.0","2.7","0.90","2.9","","8.2","94","11.0","10","","16.42","17.25","11.26","","","","",""
"2022-10-27","2022300","12:54","7.0","104.9810","3.0","","","2.9","","8.1","93","","11","","16.64","17.20","11.44","","","","",""
"2022-10-27","2022300","12:54","7.0","104.9810","4.0","","","2.6","","8.0","93","","17","","17.27","17.12","11.94","","","","",""
"2022-10-27","2022300","12:54","7.0","104.9810","5.0","","","2.5","","8.0","93","","24","","17.39","17.12","12.03","","","","",""
"2022-10-27","2022300","12:54","7.0","104.9810","6.0","","","2.4","","8.0","93","","25","","17.37","17.12","12.01","","","","",""
"2022-10-27","2022300","12:54","7.0","104.9810","7.0","","","2.4","","8.0","92","","24","","17.36","17.12","12.00","","","","",""
"2022-10-27","2022300","12:54","7.0","104.9810","8.0","","","2.5","","7.9","92","","28","","17.71","17.12","12.27","","","","",""
"2022-10-27","2022300","12:54","7.0","104.9810","9.0","","","2.5","","7.9","92","","35","","18.01","17.12","12.50","","","","",""
"2022-10-27","2022300","12:54","7.0","104.9810","10.0","","","2.5","","7.9","92","","42","","18.14","17.12","12.60","","","","",""
"2022-10-27","2022300","12:54","7.0","104.9810","11.0","","","2.5","","7.9","91","","46","","18.25","17.12","12.68","","","","",""
"2022-10-27","2022300","12:54","7.0","104.9810","12.0","","","2.7","","7.9","91","","53","","18.50","17.13","12.87","","","","",""
"2022-10-27","2022300","12:54","7.0","104.9810","13.0","","","2.9","","7.8","91","","65","","18.69","17.14","13.01","","","","",""
"2022-10-27","2022300","12:54","7.0","104.9810","14.0","","","3.2","","7.8","91","","70","","18.79","17.14","13.09","","","","",""
"2022-10-27","2022300","12:54","7.0","104.9810","15.0","","","3.1","","7.8","91","","74","","18.79","17.14","13.09","","","","",""
"2022-10-27","2022300","12:54","7.0","104.9810","16.0","","","3.1","","7.8","91","","73","","18.84","17.15","13.12","","","","",""
"2022-10-27","2022300","12:54","7.0","104.9810","17.0","","","3.1","","7.8","91","","77","","18.93","17.15","13.19","","","","",""
"2022-10-27","2022300","12:37","8.0","99.7699","1.0","","","2.6","","8.0","92","","15","1.60","17.83","17.06","12.37","","","","",""
"2022-10-27","2022300","12:37","8.0","99.7699","2.0","","","2.5","","7.9","91","13.3","14","","18.37","17.09","12.78","","","","",""
"2022-10-27","2022300","12:37","8.0","99.7699","3.0","","","2.2","","7.8","91","","15","","19.22","17.12","13.42","","","","",""
"2022-10-27","2022300","12:37","8.0","99.7699","4.0","","","2.0","","7.8","91","","15","","19.33","17.12","13.50","","","","",""
"2022-10-27","2022300","12:37","8.0","99.7699","5.0","","","1.9","","7.8","91","","16","","19.42","17.12","13.58","","","","",""
"2022-10-27","2022300","12:37","8.0","99.7699","6.0","","","2.0","","7.8","91","","18","","19.85","17.11","13.90","","","","",""
"2022-10-27","2022300","12:37","8.0","99.7699","7.0","","","2.2","","7.7","91","","30","","20.46","17.10","14.37","","","","",""
"2022-10-27","2022300","12:37","8.0","99.7699","8.0","","","2.5","","7.7","90","","44","","20.75","17.10","14.59","","","","",""
"2022-10-27","2022300","12:37","8.0","99.7699","9.0","","","2.7","","7.6","90","","53","","21.27","17.09","14.99","","","","",""
"2022-10-27","2022300","12:37","8.0","99.7699","10.0","","","3.1","","7.6","90","","74","","21.98","17.08","15.53","","","","",""
"2022-10-27","2022300","12:37","8.0","99.7699","11.0","","","3.4","","7.6","90","","93","","22.36","17.07","15.82","","","","",""
"2022-10-27","2022300","12:37","8.0","99.7699","12.0","","","3.6","","7.5","90","","102","","22.35","17.07","15.82","","","","",""
"2022-10-27","2022300","12:37","8.0","99.7699","13.0","","","4.1","","7.6","90","","133","","22.34","17.07","15.81","","","","",""
"2022-10-27","2022300","12:37","8.0","99.7699","14.0","","","4.1","","7.6","90","","131","","22.34","17.07","15.81","","","","",""
"2022-10-27","2022300","12:37","8.0","99.7699","15.0","","","4.1","","7.6","90","","125","","22.36","17.07","15.83","","","","",""
"2022-10-27","2022300","12:37","8.0","99.7699","16.0","","","4.2","","7.6","90","","131","","22.36","17.07","15.83","","","","",""
"2022-10-27","2022300","12:37","8.0","99.7699","17.0","","","4.4","","7.6","90","","143","","22.37","17.07","15.83","","","","",""
"2022-10-27","2022300","12:22","9.0","96.7889","1.0","","","2.5","","7.7","91","","15","1.61","19.98","17.12","14.00","","","","",""
"2022-10-27","2022300","12:22","9.0","96.7889","2.0","2.3","0.83","2.2","","7.7","91","13.6","16","","20.53","17.09","14.42","2.03","21.42","6.21","3.47","114.29"
"2022-10-27","2022300","12:22","9.0","96.7889","3.0","","","2.1","","7.7","91","","16","","21.05","17.08","14.82","","","","",""
"2022-10-27","2022300","12:22","9.0","96.7889","4.0","","","2.3","","7.7","91","","19","","21.56","17.05","15.22","","","","",""
"2022-10-27","2022300","12:22","9.0","96.7889","5.0","","","2.6","","7.6","90","","31","","21.90","17.04","15.48","","","","",""
"2022-10-27","2022300","12:22","9.0","96.7889","6.0","","","2.8","","7.6","90","","40","","21.85","17.05","15.44","","","","",""
"2022-10-27","2022300","12:22","9.0","96.7889","7.0","","","2.8","","7.6","90","","38","","21.86","17.05","15.45","","","","",""
"2022-10-27","2022300","12:22","9.0","96.7889","8.0","","","2.8","","7.6","90","","41","","21.93","17.04","15.50","","","","",""
"2022-10-27","2022300","12:22","9.0","96.7889","9.0","","","2.8","","7.6","90","","44","","21.94","17.04","15.51","","","","",""
"2022-10-27","2022300","12:22","9.0","96.7889","10.0","","","2.9","","7.6","90","","44","","22.01","17.04","15.57","","","","",""
"2022-10-27","2022300","12:22","9.0","96.7889","11.0","","","3.0","","7.6","90","","47","","22.54","17.02","15.97","","","","",""
"2022-10-27","2022300","12:22","9.0","96.7889","12.0","","","3.2","","7.6","90","","53","","22.83","17.01","16.20","","","","",""
"2022-10-27","2022300","12:22","9.0","96.7889","13.0","","","3.3","","7.6","90","","54","","22.83","17.01","16.20","","","","",""
"2022-10-27","2022300","12:22","9.0","96.7889","14.0","","","3.2","","7.6","90","","53","","22.97","17.00","16.31","","","","",""
"2022-10-27","2022300","12:22","9.0","96.7889","15.0","","","3.1","","7.6","90","","50","","22.98","16.99","16.31","","","","",""
"2022-10-27","2022300","12:22","9.0","96.7889","16.0","","","3.1","","7.6","90","","49","","22.99","16.99","16.32","","","","",""
"2022-10-27","2022300","12:22","9.0","96.7889","17.0","","","3.1","","7.6","90","","50","","23.01","16.99","16.34","","","","",""
"2022-10-27","2022300","12:22","9.0","96.7889","18.0","","","3.0","","7.6","90","","51","","22.99","17.00","16.33","","","","",""
"2022-10-27","2022300","12:22","9.0","96.7889","19.0","","","3.3","","7.6","90","","51","","23.01","16.99","16.34","","","","",""
"2022-10-27","2022300","12:22","9.0","96.7889","20.0","","","3.1","","7.6","90","","50","","22.99","16.99","16.32","","","","",""
"2022-10-27","2022300","12:22","9.0","96.7889","21.0","","","3.0","","7.6","90","","51","","22.97","17.00","16.31","","","","",""
"2022-10-27","2022300","12:22","9.0","96.7889","22.0","","","3.1","","7.6","90","","50","","22.98","17.00","16.31","","","","",""
"2022-10-27","2022300","12:22","9.0","96.7889","23.0","","","3.0","","7.6","90","","51","","22.98","17.00","16.31","","","","",""
"2022-10-27","2022300","12:22","9.0","96.7889","24.0","","","3.1","","7.6","90","","53","","23.02","16.99","16.35","","","","",""
"2022-10-27","2022300","12:22","9.0","96.7889","25.0","","","3.1","","7.6","90","","51","","22.99","17.00","16.32","","","","",""
"2022-10-27","2022300","12:22","9.0","96.7889","26.0","","","3.2","","7.6","90","","52","","23.11","16.99","16.42","","","","",""
"2022-10-27","2022300","12:22","9.0","96.7889","27.0","","","3.3","","7.6","90","","57","","23.12","16.99","16.42","","","","",""
"2022-10-27","2022300","12:22","9.0","96.7889","28.0","","","3.3","","7.6","90","","58","","23.21","16.98","16.49","","","","",""
"2022-10-27","2022300","12:12","10.0","93.5951","1.0","","","2.6","","7.8","92","","12","1.45","20.98","17.24","14.73","","","","",""
"2022-10-27","2022300","12:12","10.0","93.5951","2.0","","","2.5","","7.7","91","","12","","21.10","17.17","14.85","","","","",""
"2022-10-27","2022300","12:12","10.0","93.5951","3.0","","","2.7","","7.7","91","","13","","21.25","17.12","14.97","","","","",""
"2022-10-27","2022300","12:12","10.0","93.5951","4.0","","","2.4","","7.7","91","","14","","21.37","17.09","15.06","","","","",""
"2022-10-27","2022300","12:12","10.0","93.5951","5.0","","","2.3","","7.7","91","","15","","21.41","17.08","15.10","","","","",""
"2022-10-27","2022300","12:12","10.0","93.5951","6.0","","","2.3","","7.7","91","","15","","21.49","17.08","15.16","","","","",""
"2022-10-27","2022300","12:12","10.0","93.5951","7.0","","","2.4","","7.7","91","","16","","21.60","17.07","15.24","","","","",""
"2022-10-27","2022300","12:12","10.0","93.5951","8.0","","","2.4","","7.6","91","","16","","22.14","17.03","15.66","","","","",""
"2022-10-27","2022300","12:12","10.0","93.5951","9.0","","","2.4","","7.6","90","","15","","22.47","17.02","15.92","","","","",""
"2022-10-27","2022300","12:12","10.0","93.5951","10.0","","","2.4","","7.6","90","","15","","22.74","17.01","16.13","","","","",""
"2022-10-27","2022300","12:12","10.0","93.5951","11.0","","","2.5","","7.6","90","","16","","23.02","16.99","16.35","","","","",""
"2022-10-27","2022300","12:12","10.0","93.5951","12.0","","","2.7","","7.6","90","","33","","23.29","16.97","16.56","","","","",""
"2022-10-27","2022300","12:12","10.0","93.5951","13.0","","","3.0","","7.5","90","","48","","23.42","16.96","16.66","","","","",""
"2022-10-27","2022300","12:12","10.0","93.5951","14.0","","","3.3","","7.5","90","","63","","23.57","16.95","16.77","","","","",""
"2022-10-27","2022300","12:12","10.0","93.5951","15.0","","","3.5","","7.5","90","","71","","23.66","16.95","16.84","","","","",""
"2022-10-27","2022300","12:12","10.0","93.5951","16.0","","","3.6","","7.5","90","","79","","23.69","16.94","16.87","","","","",""
"2022-10-27","2022300","12:12","10.0","93.5951","17.0","","","3.8","","7.5","90","","81","","23.72","16.94","16.89","","","","",""
"2022-10-27","2022300","12:12","10.0","93.5951","18.0","","","3.9","","","","","84","","23.73","16.94","16.90","","","","",""
"2022-10-27","2022300","11:54","11.0","89.7672","1.0","","","2.8","","7.7","91","","9","0.92","21.63","17.19","15.24","","","","",""
"2022-10-27","2022300","11:54","11.0","89.7672","2.0","","","2.6","","7.6","90","","10","","22.49","17.01","15.94","","","","",""
"2022-10-27","2022300","11:54","11.0","89.7672","3.0","","","2.6","","7.6","90","","12","","22.83","16.97","16.20","","","","",""
"2022-10-27","2022300","11:54","11.0","89.7672","4.0","","","2.7","","7.5","90","","12","","23.71","16.92","16.89","","","","",""
"2022-10-27","2022300","11:54","11.0","89.7672","5.0","","","2.8","","7.5","90","","11","","24.20","16.89","17.27","","","","",""
"2022-10-27","2022300","11:54","11.0","89.7672","6.0","","","2.6","","7.5","90","","12","","24.60","16.86","17.58","","","","",""
"2022-10-27","2022300","11:54","11.0","89.7672","7.0","","","2.5","","7.5","90","","13","","25.01","16.79","17.91","","","","",""
"2022-10-27","2022300","11:54","11.0","89.7672","8.0","","","2.7","","7.4","89","","32","","25.23","16.72","18.09","","","","",""
"2022-10-27","2022300","11:54","11.0","89.7672","9.0","","","2.8","","7.4","89","","41","","25.32","16.71","18.16","","","","",""
"2022-10-27","2022300","11:54","11.0","89.7672","10.0","","","2.8","","7.5","90","","39","","25.39","16.71","18.22","","","","",""
"2022-10-27","2022300","11:54","11.0","89.7672","11.0","","","2.7","","7.5","90","","33","","25.52","16.75","18.31","","","","",""
"2022-10-27","2022300","11:54","11.0","89.7672","12.0","","","2.7","","7.4","90","","19","","25.79","16.83","18.50","","","","",""
"2022-10-27","2022300","11:54","11.0","89.7672","13.0","","","2.7","","7.4","90","","13","","25.85","16.83","18.54","","","","",""
"2022-10-27","2022300","11:54","11.0","89.7672","14.0","","","2.6","","7.4","90","","14","","25.97","16.83","18.64","","","","",""
"2022-10-27","2022300","11:54","11.0","89.7672","15.0","","","3.0","","7.4","90","","37","","26.36","16.84","18.93","","","","",""
"2022-10-27","2022300","11:54","11.0","89.7672","16.0","","","3.2","","7.4","90","","42","","26.40","16.84","18.96","","","","",""
"2022-10-27","2022300","11:54","11.0","89.7672","17.0","","","3.2","","7.4","90","","46","","26.44","16.84","18.99","","","","",""
"2022-10-27","2022300","11:54","11.0","89.7672","18.0","","","3.4","","7.4","89","","49","","26.47","16.84","19.02","","","","",""
"2022-10-27","2022300","11:54","11.0","89.7672","19.0","","","3.7","","7.3","89","","58","","26.60","16.84","19.12","","","","",""
"2022-10-27","2022300","11:54","11.0","89.7672","20.0","","","3.8","","7.3","89","","65","","26.67","16.84","19.16","","","","",""
"2022-10-27","2022300","11:54","11.0","89.7672","21.0","","","3.9","","7.3","89","","74","","26.67","16.84","19.17","","","","",""
"2022-10-27","2022300","11:54","11.0","89.7672","22.0","","","4.0","","7.4","89","","79","","26.67","16.84","19.17","","","","",""
"2022-10-27","2022300","11:42","12.0","84.4458","1.0","","","2.8","","7.6","91","","8","0.87","22.92","17.07","16.25","","","","",""
"2022-10-27","2022300","11:42","12.0","84.4458","2.0","","","3.6","","7.5","90","","10","","24.34","16.88","17.38","","","","",""
"2022-10-27","2022300","11:42","12.0","84.4458","3.0","","","3.8","","7.5","90","","10","","25.58","16.78","18.35","","","","",""
"2022-10-27","2022300","11:42","12.0","84.4458","4.0","","","3.4","","7.4","90","","10","","26.38","16.80","18.96","","","","",""
"2022-10-27","2022300","11:42","12.0","84.4458","5.0","","","3.2","","7.4","90","","17","","26.93","16.80","19.37","","","","",""
"2022-10-27","2022300","11:42","12.0","84.4458","6.0","","","3.5","","7.4","90","","29","","27.05","16.80","19.47","","","","",""
"2022-10-27","2022300","11:42","12.0","84.4458","7.0","","","3.6","","7.4","90","","37","","27.12","16.80","19.52","","","","",""
"2022-10-27","2022300","11:42","12.0","84.4458","8.0","","","3.6","","7.4","90","","41","","27.16","16.80","19.55","","","","",""
"2022-10-27","2022300","11:42","12.0","84.4458","9.0","","","3.7","","7.4","90","","44","","27.18","16.80","19.57","","","","",""
"2022-10-27","2022300","11:42","12.0","84.4458","10.0","","","3.6","","7.4","90","","45","","27.17","16.80","19.56","","","","",""
"2022-10-27","2022300","11:26","13.0","78.5444","1.0","","","6.1","","7.4","90","","14","1.39","28.03","16.77","20.22","","","","",""
"2022-10-27","2022300","11:26","13.0","78.5444","2.0","5.7","0.88","5.7","","7.3","89","14.1","17","","28.31","16.70","20.45","1.40","17.63","5.14","3.65","68.36"
"2022-10-27","2022300","11:26","13.0","78.5444","3.0","","","5.0","","7.3","89","","30","","28.40","16.68","20.53","","","","",""
"2022-10-27","2022300","11:26","13.0","78.5444","4.0","","","4.7","","7.2","89","","33","","28.41","16.68","20.54","","","","",""
"2022-10-27","2022300","11:26","13.0","78.5444","5.0","","","4.7","","7.2","88","","35","","28.41","16.68","20.54","","","","",""
"2022-10-27","2022300","11:26","13.0","78.5444","6.0","","","4.6","","7.2","88","","38","","28.42","16.68","20.54","","","","",""
"2022-10-27","2022300","11:26","13.0","78.5444","7.0","","","4.6","","7.2","88","","39","","28.42","16.68","20.54","","","","",""
"2022-10-27","2022300","11:26","13.0","78.5444","8.0","","","4.6","","7.2","88","","46","","28.44","16.68","20.56","","","","",""
"2022-10-27","2022300","11:26","13.0","78.5444","9.0","","","4.7","","7.2","88","","56","","28.43","16.68","20.55","","","","",""
"2022-10-27","2022300","11:26","13.0","78.5444","10.0","4.5","0.66","4.9","","7.2","88","50.7","58","","28.44","16.68","20.55","","","","",""
"2022-10-27","2022300","11:14","14.0","74.4288","1.0","","","5.3","","7.3","90","","8","0.88","28.16","16.63","20.35","","","","",""
"2022-10-27","2022300","11:14","14.0","74.4288","2.0","","","5.7","","7.2","88","","10","","28.47","16.60","20.60","","","","",""
"2022-10-27","2022300","11:14","14.0","74.4288","3.0","","","5.0","","7.2","88","","10","","28.71","16.62","20.78","","","","",""
"2022-10-27","2022300","11:14","14.0","74.4288","4.0","","","4.5","","7.1","87","","11","","28.93","16.59","20.95","","","","",""
"2022-10-27","2022300","11:14","14.0","74.4288","5.0","","","4.1","","7.1","87","","11","","29.04","16.57","21.05","","","","",""
"2022-10-27","2022300","11:14","14.0","74.4288","6.0","","","3.8","","7.0","86","","11","","29.29","16.54","21.24","","","","",""
"2022-10-27","2022300","11:14","14.0","74.4288","7.0","","","3.8","","7.0","86","","19","","29.51","16.52","21.42","","","","",""
"2022-10-27","2022300","11:14","14.0","74.4288","8.0","","","4.1","","7.0","85","","32","","29.62","16.51","21.50","","","","",""
"2022-10-27","2022300","11:14","14.0","74.4288","9.0","","","4.3","","6.9","85","","41","","29.71","16.49","21.58","","","","",""
"2022-10-27","2022300","11:14","14.0","74.4288","10.0","","","4.5","","6.9","85","","62","","29.79","16.48","21.64","","","","",""
"2022-10-27","2022300","11:14","14.0","74.4288","11.0","","","4.8","","6.9","85","","80","","29.82","16.48","21.66","","","","",""
"2022-10-27","2022300","11:14","14.0","74.4288","12.0","","","5.1","","6.9","85","","87","","29.83","16.48","21.67","","","","",""
"2022-10-27","2022300","11:14","14.0","74.4288","13.0","","","5.2","","6.9","85","","95","","29.84","16.48","21.67","","","","",""
"2022-10-27","2022300","11:14","14.0","74.4288","14.0","","","5.3","","6.9","85","","102","","29.84","16.48","21.67","","","","",""
"2022-10-27","2022300","11:14","14.0","74.4288","15.0","","","5.6","","6.9","85","","113","","29.84","16.48","21.67","","","","",""
"2022-10-27","2022300","11:14","14.0","74.4288","16.0","","","6.2","","6.9","85","","126","","29.84","16.48","21.68","","","","",""
"2022-10-27","2022300","11:00","15.0","69.9895","1.0","","","4.7","","7.2","88","","9","1.12","28.95","16.68","20.95","","","","",""
"2022-10-27","2022300","11:00","15.0","69.9895","2.0","5.3","0.92","5.1","","7.1","87","10.8","10","","29.22","16.61","21.17","1.38","16.14","5.21","3.48","67.29"
"2022-10-27","2022300","11:00","15.0","69.9895","3.0","","","4.8","","7.1","87","","12","","29.42","16.57","21.33","","","","",""
"2022-10-27","2022300","11:00","15.0","69.9895","4.0","","","4.2","","7.0","86","","13","","29.53","16.50","21.43","","","","",""
"2022-10-27","2022300","11:00","15.0","69.9895","5.0","","","3.9","","7.0","86","","12","","29.61","16.46","21.50","","","","",""
"2022-10-27","2022300","11:00","15.0","69.9895","6.0","","","4.0","","7.0","86","","13","","29.69","16.44","21.57","","","","",""
"2022-10-27","2022300","11:00","15.0","69.9895","7.0","","","3.8","","7.0","85","","13","","29.91","16.37","21.75","","","","",""
"2022-10-27","2022300","11:00","15.0","69.9895","8.0","","","3.7","","6.9","85","","14","","30.02","16.34","21.85","","","","",""
"2022-10-27","2022300","11:00","15.0","69.9895","9.0","","","3.8","","6.9","85","","17","","30.16","16.30","21.96","","","","",""
"2022-10-27","2022300","11:00","15.0","69.9895","10.0","","","4.1","","6.9","85","","20","","30.17","16.29","21.97","","","","",""
"2022-10-27","2022300","11:00","15.0","69.9895","11.0","","","4.1","","6.9","85","","21","","30.22","16.28","22.01","","","","",""
"2022-10-27","2022300","11:00","15.0","69.9895","12.0","","","4.1","","6.9","84","","23","","30.28","16.26","22.06","","","","",""
"2022-10-27","2022300","11:00","15.0","69.9895","13.0","","","4.4","","6.9","84","","27","","30.42","16.22","22.18","","","","",""
"2022-10-27","2022300","11:00","15.0","69.9895","14.0","","","4.4","","6.9","84","","37","","30.45","16.21","22.20","","","","",""
"2022-10-27","2022300","11:00","15.0","69.9895","15.0","","","4.5","","6.9","84","","39","","30.44","16.22","22.19","","","","",""
"2022-10-27","2022300","11:00","15.0","69.9895","16.0","","","4.6","","6.9","84","","40","","30.45","16.21","22.20","","","","",""
"2022-10-27","2022300","11:00","15.0","69.9895","17.0","","","4.6","","6.8","84","","43","","30.48","16.21","22.23","","","","",""
"2022-10-27","2022300","11:00","15.0","69.9895","18.0","","","4.9","","6.8","84","","47","","30.56","16.19","22.29","","","","",""
"2022-10-27","2022300","11:00","15.0","69.9895","19.0","","","5.0","","6.8","83","","54","","30.69","16.17","22.40","","","","",""
"2022-10-27","2022300","11:00","15.0","69.9895","20.0","","","5.0","","6.8","83","","69","","30.70","16.16","22.41","","","","",""
"2022-10-27","2022300","11:00","15.0","69.9895","21.0","","","5.0","","6.8","84","","72","","30.71","16.16","22.41","","","","",""
"2022-10-27","2022300","11:00","15.0","69.9895","22.0","","","4.9","","6.8","83","","74","","30.72","16.16","22.42","","","","",""
"2022-10-27","2022300","11:00","15.0","69.9895","23.0","","","5.0","","6.8","83","","78","","30.71","16.16","22.42","","","","",""
"2022-10-27","2022300","11:00","15.0","69.9895","24.0","","","5.2","","6.8","83","","78","","30.72","16.16","22.42","","","","",""
"2022-10-27","2022300","11:00","15.0","69.9895","25.0","5.0","0.54","5.2","","6.8","83","86.7","84","","30.71","16.16","22.42","","","","",""
"2022-10-27","2022300","10:39","16.0","63.0794","1.0","","","3.9","","6.9","84","","10","0.98","29.85","16.23","21.74","","","","",""
"2022-10-27","2022300","10:39","16.0","63.0794","2.0","","","4.0","","6.9","84","","11","","29.94","16.19","21.82","","","","",""
"2022-10-27","2022300","10:39","16.0","63.0794","3.0","","","3.4","","6.8","83","","12","","30.34","16.18","22.13","","","","",""
"2022-10-27","2022300","10:39","16.0","63.0794","4.0","","","3.0","","6.7","82","","11","","30.74","16.12","22.44","","","","",""
"2022-10-27","2022300","10:39","16.0","63.0794","5.0","","","3.1","","6.7","82","","14","","31.07","16.03","22.72","","","","",""
"2022-10-27","2022300","10:39","16.0","63.0794","6.0","","","3.5","","6.7","82","","35","","31.14","16.01","22.78","","","","",""
"2022-10-27","2022300","10:39","16.0","63.0794","7.0","","","3.6","","6.7","82","","43","","31.14","16.01","22.78","","","","",""
"2022-10-27","2022300","10:39","16.0","63.0794","8.0","","","3.9","","6.7","82","","52","","31.14","16.01","22.78","","","","",""
"2022-10-27","2022300","10:39","16.0","63.0794","9.0","","","4.2","","6.7","82","","57","","31.16","16.00","22.80","","","","",""
"2022-10-27","2022300","10:39","16.0","63.0794","10.0","","","4.1","","6.7","82","","62","","31.16","16.00","22.80","","","","",""
"2022-10-27","2022300","10:39","16.0","63.0794","11.0","","","4.2","","6.7","82","","65","","31.18","16.00","22.81","","","","",""
"2022-10-27","2022300","10:39","16.0","63.0794","12.0","","","4.3","","6.7","82","","67","","31.19","15.99","22.82","","","","",""
"2022-10-27","2022300","10:39","16.0","63.0794","13.0","","","4.5","","6.7","82","","71","","31.21","15.99","22.84","","","","",""
"2022-10-27","2022300","10:39","16.0","63.0794","14.0","","","4.5","","6.7","82","","73","","31.22","15.98","22.84","","","","",""
"2022-10-27","2022300","10:25","17.0","58.8909","1.0","","","3.5","","6.8","83","","8","0.85","31.04","15.86","22.74","","","","",""
"2022-10-27","2022300","10:25","17.0","58.8909","2.0","4.6","0.89","3.8","","6.7","81","","7","","31.10","15.84","22.79","","","","",""
"2022-10-27","2022300","10:25","17.0","58.8909","3.0","","","3.6","","6.6","80","","7","","31.55","15.68","23.17","","","","",""
"2022-10-27","2022300","10:25","17.0","58.8909","4.0","","","3.1","","6.6","80","","7","","31.74","15.59","23.33","","","","",""
"2022-10-27","2022300","10:25","17.0","58.8909","5.0","","","2.9","","6.5","80","","11","","31.78","15.55","23.37","","","","",""
"2022-10-27","2022300","10:25","17.0","58.8909","6.0","","","3.1","","6.6","80","","13","","31.79","15.53","23.38","","","","",""
"2022-10-27","2022300","10:25","17.0","58.8909","7.0","","","3.1","","6.6","80","","13","","31.80","15.52","23.39","","","","",""
"2022-10-27","2022300","10:25","17.0","58.8909","8.0","","","3.0","","6.5","80","","12","","31.82","15.51","23.41","","","","",""
"2022-10-27","2022300","10:25","17.0","58.8909","9.0","","","3.0","","6.5","80","","13","","31.83","15.50","23.42","","","","",""
"2022-10-27","2022300","10:25","17.0","58.8909","10.0","","","3.2","","6.5","80","","15","","31.85","15.49","23.44","","","","",""
"2022-10-27","2022300","10:08","18.0","54.9481","1.0","","","2.8","","6.6","81","","2","0.62","32.11","15.64","23.61","","","","",""
"2022-10-27","2022300","10:08","18.0","54.9481","2.0","4.4","0.93","3.4","","6.6","81","7.4","2","","32.11","15.63","23.61","1.49","16.28","6.71","3.28","48.07"
"2022-10-27","2022300","10:08","18.0","54.9481","3.0","","","3.4","","6.5","80","","2","","32.11","15.62","23.61","","","","",""
"2022-10-27","2022300","10:08","18.0","54.9481","4.0","","","2.8","","6.5","80","","2","","32.11","15.60","23.62","","","","",""
"2022-10-27","2022300","10:08","18.0","54.9481","5.0","","","2.4","","6.5","80","","3","","32.12","15.58","23.62","","","","",""
"2022-10-27","2022300","10:08","18.0","54.9481","6.0","","","2.3","","6.5","79","","2","","32.12","15.57","23.63","","","","",""
"2022-10-27","2022300","10:08","18.0","54.9481","7.0","","","2.1","","6.5","79","","2","","32.13","15.55","23.64","","","","",""
"2022-10-27","2022300","10:08","18.0","54.9481","8.0","","","2.2","","6.5","79","","3","","32.13","15.54","23.65","","","","",""
"2022-10-27","2022300","10:08","18.0","54.9481","9.0","","","2.3","","6.4","79","","3","","32.15","15.53","23.66","","","","",""
"2022-10-27","2022300","10:08","18.0","54.9481","10.0","","","2.1","","6.4","79","","4","","32.17","15.49","23.69","","","","",""
"2022-10-27","2022300","10:08","18.0","54.9481","11.0","","","2.1","","6.4","79","","5","","32.19","15.45","23.71","","","","",""
"2022-10-27","2022300","10:08","18.0","54.9481","12.0","","","2.4","","6.4","79","","8","","32.19","15.45","23.71","","","","",""
"2022-10-27","2022300","10:08","18.0","54.9481","13.0","","","2.4","","6.4","79","","9","","32.18","15.46","23.70","","","","",""
"2022-10-27","2022300","10:08","18.0","54.9481","14.0","","","2.3","","6.4","79","","9","","32.18","15.46","23.70","","","","",""
"2022-10-27","2022300","10:08","18.0","54.9481","15.0","","","2.6","","6.4","79","","8","","32.18","15.45","23.70","","","","",""
"2022-10-27","2022300","10:08","18.0","54.9481","16.0","","","2.3","","6.4","79","","8","","32.19","15.45","23.71","","","","",""
"2022-10-27","2022300","10:08","18.0","54.9481","17.0","","","2.4","","6.4","79","","8","","32.18","15.46","23.70","","","","",""
"2022-10-27","2022300","10:08","18.0","54.9481","18.0","","","2.4","","6.4","79","","8","","32.18","15.46","23.69","","","","",""
"2022-10-27","2022300","10:08","18.0","54.9481","19.0","","","2.4","","6.4","79","","10","","32.17","15.47","23.69","","","","",""
"2022-10-27","2022300","10:08","18.0","54.9481","20.0","","","2.4","","6.4","78","","12","","32.17","15.46","23.69","","","","",""
"2022-10-27","2022300","10:08","18.0","54.9481","21.0","","","2.4","","6.4","78","","12","","32.18","15.46","23.70","","","","",""
"2022-10-27","2022300","10:08","18.0","54.9481","22.0","","","2.5","","6.4","78","","11","","32.18","15.46","23.70","","","","",""
"2022-10-27","2022300","10:08","18.0","54.9481","23.0","","","2.2","","6.4","79","","10","","32.18","15.46","23.70","","","","",""
"2022-10-27","2022300","10:08","18.0","54.9481","24.0","","","2.3","","6.4","79","","10","","32.19","15.45","23.71","","","","",""
"2022-10-27","2022300","10:08","18.0","54.9481","25.0","","","2.4","","6.4","79","","10","","32.18","15.46","23.70","","","","",""
"2022-10-27","2022300","10:08","18.0","54.9481","26.0","","","2.5","","6.4","79","","11","","32.17","15.47","23.69","","","","",""
"2022-10-27","2022300","10:08","18.0","54.9481","27.0","","","2.3","","6.4","79","","13","","32.18","15.46","23.70","","","","",""
"2022-10-27","2022300","10:08","18.0","54.9481","28.0","","","2.5","","6.4","79","","13","","32.17","15.46","23.69","","","","",""
"2022-10-27","2022300","10:08","18.0","54.9481","29.0","","","2.4","","6.4","79","","12","","32.18","15.45","23.70","","","","",""
"2022-10-27","2022300","10:08","18.0","54.9481","30.0","","","2.4","","6.4","78","","12","","32.19","15.45","23.71","","","","",""
"2022-10-27","2022300","10:08","18.0","54.9481","31.0","","","2.5","","6.4","78","","12","","32.18","15.45","23.70","","","","",""
"2022-10-27","2022300","10:08","18.0","54.9481","32.0","","","2.5","","6.4","78","","14","","32.18","15.46","23.70","","","","",""
"2022-10-27","2022300","10:08","18.0","54.9481","33.0","","","2.7","","6.4","78","","15","","32.18","15.46","23.70","","","","",""
"2022-10-27","2022300","10:08","18.0","54.9481","34.0","","","2.5","","6.4","79","","16","","32.18","15.46","23.70","","","","",""
"2022-10-27","2022300","10:08","18.0","54.9481","35.0","","","2.5","","6.4","78","","16","","32.18","15.45","23.70","","","","",""
"2022-10-27","2022300","10:08","18.0","54.9481","36.0","","","2.5","","6.4","78","","15","","32.17","15.46","23.69","","","","",""
"2022-10-27","2022300","10:08","18.0","54.9481","37.0","","","2.5","","6.4","78","","19","","32.17","15.47","23.69","","","","",""
"2022-10-27","2022300","10:08","18.0","54.9481","38.0","","","2.6","","6.4","78","","19","","32.17","15.47","23.69","","","","",""
"2022-10-27","2022300","10:08","18.0","54.9481","39.0","","","2.7","","6.4","78","","19","","32.17","15.47","23.69","","","","",""
"2022-10-27","2022300","10:08","18.0","54.9481","40.0","","","2.5","","6.4","78","","19","","32.18","15.46","23.70","","","","",""
"2022-10-27","2022300","10:08","18.0","54.9481","41.0","","","2.6","","6.4","79","","18","","32.18","15.45","23.70","","","","",""
"2022-10-27","2022300","10:08","18.0","54.9481","42.0","","","2.5","","6.4","78","","18","","32.18","15.45","23.70","","","","",""
"2022-10-27","2022300","10:08","18.0","54.9481","43.0","","","2.6","","6.4","78","","17","","32.18","15.46","23.70","","","","",""
"2022-10-27","2022300","10:08","18.0","54.9481","44.0","3.1","0.60","3.0","","6.4","78","20.5","21","","32.18","15.46","23.70","","","","",""
"2022-10-27","2022300","9:53","20.0","51.4501","1.0","","","2.8","","6.5","80","","4","0.78","32.05","15.91","23.50","","","","",""
"2022-10-27","2022300","9:53","20.0","51.4501","2.0","3.5","0.88","2.8","","6.5","80","","4","","32.06","15.87","23.51","","","","",""
"2022-10-27","2022300","9:53","20.0","51.4501","3.0","","","2.7","","6.5","80","","5","","32.06","15.86","23.52","","","","",""
"2022-10-27","2022300","9:53","20.0","51.4501","4.0","","","2.5","","6.5","80","","5","","32.06","15.86","23.52","","","","",""
"2022-10-27","2022300","9:53","20.0","51.4501","5.0","","","2.5","","6.5","80","","5","","32.06","15.85","23.52","","","","",""
"2022-10-27","2022300","9:53","20.0","51.4501","6.0","","","2.5","","6.5","80","","5","","32.06","15.82","23.53","","","","",""
"2022-10-27","2022300","9:53","20.0","51.4501","7.0","","","2.5","","6.5","80","","5","","32.06","15.82","23.53","","","","",""
"2022-10-27","2022300","9:53","20.0","51.4501","8.0","","","2.3","","6.5","80","","5","","32.06","15.82","23.52","","","","",""
"2022-10-27","2022300","9:53","20.0","51.4501","9.0","","","2.4","","6.5","80","","5","","32.06","15.81","23.53","","","","",""
"2022-10-27","2022300","9:53","20.0","51.4501","10.0","","","2.4","","6.5","80","","5","","32.05","15.84","23.52","","","","",""
"2022-10-27","2022300","9:53","20.0","51.4501","11.0","","","2.4","","6.4","79","","5","","32.05","15.82","23.52","","","","",""
"2022-10-27","2022300","9:53","20.0","51.4501","12.0","","","2.3","","6.4","79","","6","","32.08","15.72","23.56","","","","",""
"2022-10-27","2022300","9:53","20.0","51.4501","13.0","","","2.2","","6.4","79","","8","","32.08","15.70","23.57","","","","",""
"2022-10-27","2022300","9:53","20.0","51.4501","14.0","","","2.4","","6.4","79","","13","","32.09","15.68","23.58","","","","",""
"2022-10-27","2022300","9:53","20.0","51.4501","15.0","","","2.4","","6.4","79","","15","","32.08","15.68","23.58","","","","",""
"2022-10-27","2022300","9:53","20.0","51.4501","16.0","","","2.5","","6.4","79","","14","","32.09","15.68","23.58","","","","",""
"2022-10-27","2022300","9:53","20.0","51.4501","17.0","","","2.6","","6.4","79","","16","","32.09","15.66","23.59","","","","",""
"2022-10-27","2022300","9:53","20.0","51.4501","18.0","","","2.6","","6.4","79","","21","","32.09","15.66","23.59","","","","",""
"2022-10-27","2022300","9:53","20.0","51.4501","19.0","","","2.5","","6.4","79","","22","","32.09","15.66","23.59","","","","",""
"2022-10-27","2022300","9:53","20.0","51.4501","20.0","","","2.5","","6.4","79","","20","","32.09","15.66","23.59","","","","",""
"2022-10-27","2022300","9:53","20.0","51.4501","21.0","","","2.5","","6.4","79","","21","","32.09","15.66","23.59","","","","",""
"2022-10-27","2022300","9:53","20.0","51.4501","22.0","","","2.6","","6.4","79","","22","","32.09","15.66","23.59","","","","",""
"2022-10-27","2022300","9:53","20.0","51.4501","23.0","","","2.5","","6.4","79","","22","","32.09","15.66","23.59","","","","",""
"2022-10-27","2022300","9:53","20.0","51.4501","24.0","","","2.5","","6.4","79","","23","","32.09","15.66","23.59","","","","",""
"2022-10-27","2022300","9:53","20.0","51.4501","25.0","","","2.5","","6.4","79","","25","","32.09","15.66","23.59","","","","",""
"2022-10-27","2022300","9:53","20.0","51.4501","26.0","","","2.4","","6.4","79","","23","","32.09","15.66","23.59","","","","",""
"2022-10-27","2022300","9:53","20.0","51.4501","27.0","","","2.5","","6.4","79","","23","","32.09","15.66","23.59","","","","",""
"2022-10-27","2022300","9:53","20.0","51.4501","28.0","","","2.8","","6.4","79","","24","","32.09","15.66","23.58","","","","",""
"2022-10-27","2022300","9:36","21.0","46.6266","1.0","","","3.7","","6.6","82","","12","1.46","31.74","16.49","23.13","","","","",""
"2022-10-27","2022300","9:36","21.0","46.6266","2.0","4.2","0.84","3.8","","6.6","82","","12","","31.74","16.47","23.14","","","","",""
"2022-10-27","2022300","9:36","21.0","46.6266","3.0","","","3.7","","6.6","82","","12","","31.74","16.46","23.14","","","","",""
"2022-10-27","2022300","9:36","21.0","46.6266","4.0","","","3.5","","6.6","81","","13","","31.74","16.40","23.16","","","","",""
"2022-10-27","2022300","9:36","21.0","46.6266","5.0","","","3.2","","6.6","81","","13","","31.74","16.39","23.16","","","","",""
"2022-10-27","2022300","9:36","21.0","46.6266","6.0","","","3.4","","6.5","81","","14","","31.74","16.37","23.16","","","","",""
"2022-10-27","2022300","9:36","21.0","46.6266","7.0","","","3.5","","6.5","81","","24","","31.75","16.28","23.18","","","","",""
"2022-10-27","2022300","9:36","21.0","46.6266","8.0","","","3.8","","6.6","81","","35","","31.75","16.27","23.19","","","","",""
"2022-10-27","2022300","9:36","21.0","46.6266","9.0","","","3.7","","6.6","81","","36","","31.75","16.27","23.19","","","","",""
"2022-10-27","2022300","9:36","21.0","46.6266","10.0","","","3.8","","6.6","81","","36","","31.75","16.28","23.19","","","","",""
"2022-10-27","2022300","9:36","21.0","46.6266","11.0","","","3.9","","6.5","81","","36","","31.75","16.28","23.18","","","","",""
"2022-10-27","2022300","9:36","21.0","46.6266","12.0","","","4.2","","6.5","81","","38","","31.75","16.27","23.19","","","","",""
"2022-10-27","2022300","9:36","21.0","46.6266","13.0","","","4.6","","6.6","81","","49","","31.75","16.26","23.19","","","","",""
"2022-10-27","2022300","9:36","21.0","46.6266","14.0","","","4.7","","6.6","81","","54","","31.75","16.24","23.19","","","","",""
"2022-10-27","2022300","9:36","21.0","46.6266","15.0","","","4.8","","6.6","81","","65","","31.75","16.24","23.19","","","","",""
"2022-10-27","2022300","9:36","21.0","46.6266","16.0","","","5.0","","6.5","81","","70","","31.75","16.23","23.19","","","","",""
"2022-10-27","2022300","9:36","21.0","46.6266","17.0","","","5.4","","6.5","81","","81","","31.75","16.23","23.19","","","","",""
"2022-10-27","2022300","9:24","22.0","43.9210","1.0","","","4.0","","6.6","83","","13","1.75","31.84","16.86","23.12","","","","",""
"2022-10-27","2022300","9:24","22.0","43.9210","2.0","4.2","0.82","4.2","","6.6","83","12.3","13","","31.85","16.87","23.13","1.99","16.42","8.00","4.48","57.68"
"2022-10-27","2022300","9:24","22.0","43.9210","3.0","","","4.1","","6.6","82","","14","","31.88","16.88","23.14","","","","",""
"2022-10-27","2022300","9:24","22.0","43.9210","4.0","","","3.7","","6.6","82","","16","","31.89","16.88","23.16","","","","",""
"2022-10-27","2022300","9:24","22.0","43.9210","5.0","","","3.7","","6.5","82","","17","","31.89","16.87","23.16","","","","",""
"2022-10-27","2022300","9:24","22.0","43.9210","6.0","","","3.7","","6.5","82","","17","","31.90","16.86","23.17","","","","",""
"2022-10-27","2022300","9:24","22.0","43.9210","7.0","","","4.1","","6.5","82","","17","","31.90","16.85","23.17","","","","",""
"2022-10-27","2022300","9:24","22.0","43.9210","8.0","","","4.2","","6.5","82","","17","","31.90","16.84","23.17","","","","",""
"2022-10-27","2022300","9:24","22.0","43.9210","9.0","","","4.1","","6.5","82","","20","","31.90","16.84","23.17","","","","",""
"2022-10-27","2022300","9:24","22.0","43.9210","10.0","","","4.2","","6.5","82","","22","","31.90","16.84","23.17","","","","",""
"2022-10-27","2022300","9:24","22.0","43.9210","11.0","","","4.0","","6.5","82","","22","","31.90","16.84","23.17","","","","",""
"2022-10-27","2022300","9:24","22.0","43.9210","12.0","","","3.9","","6.5","82","","24","","31.90","16.84","23.17","","","","",""
"2022-10-27","2022300","9:24","22.0","43.9210","13.0","","","4.1","","6.5","82","","27","","31.90","16.84","23.17","","","","",""
"2022-10-27","2022300","9:24","22.0","43.9210","14.0","","","4.3","","6.5","82","","33","","31.91","16.84","23.18","","","","",""
"2022-10-27","2022300","9:24","22.0","43.9210","15.0","","","4.5","","6.5","82","","41","","31.91","16.84","23.18","","","","",""
"2022-10-27","2022300","9:24","22.0","43.9210","16.0","","","4.8","","6.5","82","","46","","31.91","16.84","23.18","","","","",""
"2022-10-27","2022300","9:24","22.0","43.9210","17.0","","","4.8","","6.5","82","","47","","31.91","16.85","23.18","","","","",""
"2022-10-27","2022300","9:24","22.0","43.9210","18.0","","","4.9","","6.5","82","","50","","31.91","16.85","23.18","","","","",""
"2022-10-27","2022300","9:24","22.0","43.9210","19.0","4.6","0.53","4.9","","6.5","82","52.6","49","","31.91","16.85","23.18","","","","",""
"2022-10-27","2022300","9:10","23.0","39.6557","1.0","","","4.7","","6.6","83","","19","2.08","32.04","17.21","23.20","","","","",""
"2022-10-27","2022300","9:10","23.0","39.6557","2.0","","","4.8","","6.6","83","","20","","32.05","17.22","23.20","","","","",""
"2022-10-27","2022300","9:10","23.0","39.6557","3.0","","","5.0","","6.6","83","","20","","32.05","17.22","23.20","","","","",""
"2022-10-27","2022300","9:10","23.0","39.6557","4.0","","","4.8","","6.6","84","","21","","32.05","17.22","23.20","","","","",""
"2022-10-27","2022300","9:10","23.0","39.6557","5.0","","","4.7","","6.6","84","","21","","32.06","17.22","23.21","","","","",""
"2022-10-27","2022300","9:10","23.0","39.6557","6.0","","","5.1","","6.6","84","","22","","32.09","17.24","23.23","","","","",""
"2022-10-27","2022300","9:10","23.0","39.6557","7.0","","","5.2","","6.6","84","","23","","32.12","17.27","23.24","","","","",""
"2022-10-27","2022300","9:10","23.0","39.6557","8.0","","","5.5","","6.6","84","","24","","32.13","17.28","23.25","","","","",""
"2022-10-27","2022300","9:10","23.0","39.6557","9.0","","","5.7","","6.7","85","","25","","32.13","17.28","23.25","","","","",""
"2022-10-27","2022300","9:10","23.0","39.6557","10.0","","","5.6","","6.7","85","","25","","32.16","17.31","23.26","","","","",""
"2022-10-27","2022300","9:10","23.0","39.6557","11.0","","","5.8","","6.7","85","","26","","32.24","17.41","23.31","","","","",""
"2022-10-27","2022300","9:10","23.0","39.6557","12.0","","","5.7","","6.7","85","","32","","32.30","17.46","23.33","","","","",""
"2022-10-27","2022300","9:10","23.0","39.6557","13.0","","","5.9","","6.7","85","","38","","32.36","17.53","23.37","","","","",""
"2022-10-27","2022300","9:10","23.0","39.6557","14.0","","","6.3","","6.7","85","","59","","32.37","17.53","23.37","","","","",""
"2022-10-27","2022300","8:58","24.0","37.0911","1.0","","","7.3","","6.9","88","","22","2.24","32.69","17.66","23.59","","","","",""
"2022-10-27","2022300","8:58","24.0","37.0911","2.0","7.8","0.85","7.3","","6.9","88","21.1","23","","32.69","17.65","23.59","2.38","16.06","8.78","7.48","72.99"
"2022-10-27","2022300","8:58","24.0","37.0911","3.0","","","7.4","","6.9","88","","23","","32.70","17.68","23.59","","","","",""
"2022-10-27","2022300","8:58","24.0","37.0911","4.0","","","7.5","","6.9","88","","24","","32.74","17.69","23.62","","","","",""
"2022-10-27","2022300","8:58","24.0","37.0911","5.0","","","7.5","","6.9","88","","27","","32.77","17.70","23.64","","","","",""
"2022-10-27","2022300","8:58","24.0","37.0911","6.0","","","7.6","","6.9","88","","28","","32.80","17.71","23.66","","","","",""
"2022-10-27","2022300","8:58","24.0","37.0911","7.0","","","7.7","","6.9","89","","29","","32.85","17.68","23.70","","","","",""
"2022-10-27","2022300","8:58","24.0","37.0911","8.0","","","7.6","","6.9","88","","32","","32.87","17.66","23.72","","","","",""
"2022-10-27","2022300","8:58","24.0","37.0911","9.0","","","7.6","","6.9","88","","36","","32.87","17.66","23.72","","","","",""
"2022-10-27","2022300","8:58","24.0","37.0911","10.0","7.7","0.70","7.7","","6.9","88","46.3","39","","32.87","17.66","23.72","","","","",""
"2022-10-27","2022300","8:45","25.0","32.8382","1.0","","","7.5","","6.9","89","","20","2.22","33.03","17.44","23.90","","","","",""
"2022-10-27","2022300","8:45","25.0","32.8382","2.0","","","7.5","","6.9","89","","22","","33.02","17.44","23.89","","","","",""
"2022-10-27","2022300","8:45","25.0","32.8382","3.0","","","7.4","","6.9","88","","21","","33.02","17.44","23.89","","","","",""
"2022-10-27","2022300","8:45","25.0","32.8382","4.0","","","7.3","","6.9","88","","21","","33.03","17.43","23.90","","","","",""
"2022-10-27","2022300","8:45","25.0","32.8382","5.0","","","7.4","","6.9","88","","23","","33.05","17.42","23.92","","","","",""
"2022-10-27","2022300","8:45","25.0","32.8382","6.0","","","7.5","","6.9","88","","27","","33.06","17.41","23.93","","","","",""
"2022-10-27","2022300","8:45","25.0","32.8382","7.0","","","7.5","","6.9","88","","29","","33.07","17.41","23.94","","","","",""
"2022-10-27","2022300","8:33","26.0","28.7560","1.0","","","7.9","","6.9","88","","47","3.62","33.18","17.18","24.08","","","","",""
"2022-10-27","2022300","8:33","26.0","28.7560","2.0","","","7.8","","6.9","88","","44","","33.18","17.18","24.08","","","","",""
"2022-10-27","2022300","8:33","26.0","28.7560","3.0","","","7.9","","6.9","88","","46","","33.18","17.19","24.07","","","","",""
"2022-10-27","2022300","8:33","26.0","28.7560","4.0","","","8.0","","6.9","88","","55","","33.18","17.20","24.07","","","","",""
"2022-10-27","2022300","8:33","26.0","28.7560","5.0","","","8.1","","6.9","88","","64","","33.19","17.20","24.08","","","","",""
"2022-10-27","2022300","8:33","26.0","28.7560","6.0","","","8.0","","6.9","88","","67","","33.20","17.20","24.09","","","","",""
"2022-10-27","2022300","8:33","26.0","28.7560","7.0","","","8.2","","6.9","88","","71","","33.23","17.19","24.11","","","","",""
"2022-10-27","2022300","8:33","26.0","28.7560","8.0","","","8.3","","6.9","88","","76","","33.23","17.19","24.12","","","","",""
"2022-10-27","2022300","8:33","26.0","28.7560","9.0","","","8.2","","6.9","88","","78","","33.23","17.19","24.11","","","","",""
"2022-10-27","2022300","8:33","26.0","28.7560","10.0","","","8.2","","6.9","88","","84","","33.23","17.21","24.11","","","","",""
"2022-10-27","2022300","8:23","27.0","26.1872","1.0","","","8.1","","6.9","88","","26","2.47","33.24","17.15","24.13","","","","",""
"2022-10-27","2022300","8:23","27.0","26.1872","2.0","7.3","0.86","7.7","","6.9","88","21.4","26","","33.24","17.15","24.13","3.23","21.99","4.36","9.72","96.85"
"2022-10-27","2022300","8:23","27.0","26.1872","3.0","","","7.5","","6.9","88","","26","","33.24","17.15","24.13","","","","",""
"2022-10-27","2022300","8:23","27.0","26.1872","4.0","","","7.5","","6.9","88","","25","","33.24","17.15","24.13","","","","",""
"2022-10-27","2022300","8:23","27.0","26.1872","5.0","","","7.7","","6.9","88","","26","","33.25","17.16","24.14","","","","",""
"2022-10-27","2022300","8:23","27.0","26.1872","6.0","","","7.7","","6.9","88","","30","","33.26","17.16","24.14","","","","",""
"2022-10-27","2022300","8:23","27.0","26.1872","7.0","","","7.8","","6.9","88","","36","","33.27","17.17","24.15","","","","",""
"2022-10-27","2022300","8:23","27.0","26.1872","8.0","","","7.8","","6.9","88","","43","","33.28","17.17","24.15","","","","",""
"2022-10-27","2022300","8:23","27.0","26.1872","9.0","","","7.8","","6.9","88","","47","","33.28","17.17","24.15","","","","",""
"2022-10-27","2022300","8:23","27.0","26.1872","10.0","8.4","0.69","8.0","","6.9","88","64.9","53","","33.28","17.17","24.16","","","","",""
"2022-10-27","2022300","8:13","28.0","23.5695","1.0","","","8.3","","6.7","86","","41","3.10","33.30","17.37","24.12","","","","",""
"2022-10-27","2022300","8:13","28.0","23.5695","2.0","","","7.8","","6.7","86","","47","","33.30","17.37","24.12","","","","",""
"2022-10-27","2022300","8:13","28.0","23.5695","3.0","","","7.7","","6.8","86","","51","","33.30","17.37","24.12","","","","",""
"2022-10-27","2022300","8:13","28.0","23.5695","4.0","","","7.7","","6.7","86","","52","","33.30","17.37","24.12","","","","",""
"2022-10-27","2022300","8:13","28.0","23.5695","5.0","","","7.8","","6.7","86","","53","","33.30","17.37","24.12","","","","",""
"2022-10-27","2022300","8:13","28.0","23.5695","6.0","","","7.9","","6.7","86","","57","","33.30","17.38","24.12","","","","",""
"2022-10-27","2022300","8:13","28.0","23.5695","7.0","","","7.8","","6.7","86","","60","","33.30","17.38","24.12","","","","",""
"2022-10-27","2022300","8:13","28.0","23.5695","8.0","","","7.9","","6.8","86","","64","","33.30","17.38","24.12","","","","",""
"2022-10-27","2022300","8:13","28.0","23.5695","9.0","","","7.9","","6.7","86","","67","","33.30","17.38","24.12","","","","",""
"2022-10-27","2022300","8:13","28.0","23.5695","10.0","","","7.9","","6.7","86","","67","","33.30","17.38","24.12","","","","",""
"2022-10-27","2022300","8:13","28.0","23.5695","11.0","","","7.9","","6.7","86","","74","","33.30","17.39","24.12","","","","",""
"2022-10-27","2022300","8:13","28.0","23.5695","12.0","","","8.0","","6.7","86","","89","","33.30","17.39","24.12","","","","",""
"2022-10-27","2022300","8:13","28.0","23.5695","13.0","","","8.1","","6.7","86","","99","","33.30","17.39","24.11","","","","",""
"2022-10-27","2022300","8:02","29.0","20.2526","1.0","","","8.3","","6.7","86","","39","3.00","33.35","17.46","24.14","","","","",""
"2022-10-27","2022300","8:02","29.0","20.2526","2.0","","","8.2","","6.7","86","","42","","33.35","17.47","24.14","","","","",""
"2022-10-27","2022300","8:02","29.0","20.2526","3.0","","","8.2","","6.7","86","","44","","33.35","17.48","24.14","","","","",""
"2022-10-27","2022300","8:02","29.0","20.2526","4.0","","","8.3","","6.7","86","","46","","33.36","17.48","24.14","","","","",""
"2022-10-27","2022300","8:02","29.0","20.2526","5.0","","","8.2","","6.7","86","","47","","33.36","17.47","24.15","","","","",""
"2022-10-27","2022300","8:02","29.0","20.2526","6.0","","","8.2","","6.7","86","","51","","33.36","17.46","24.15","","","","",""
"2022-10-27","2022300","8:02","29.0","20.2526","7.0","","","8.1","","6.7","86","","59","","33.36","17.46","24.15","","","","",""
"2022-10-27","2022300","8:02","29.0","20.2526","8.0","","","8.1","","6.7","86","","63","","33.37","17.46","24.15","","","","",""
"2022-10-27","2022300","8:02","29.0","20.2526","9.0","","","8.2","","6.7","86","","68","","33.37","17.46","24.16","","","","",""
"2022-10-27","2022300","8:02","29.0","20.2526","10.0","","","8.2","","6.7","86","","72","","33.37","17.46","24.16","","","","",""
"2022-10-27","2022300","8:02","29.0","20.2526","11.0","","","8.4","","6.7","86","","81","","33.38","17.47","24.16","","","","",""
"2022-10-27","2022300","8:02","29.0","20.2526","12.0","","","8.5","","6.7","85","","97","","33.38","17.48","24.15","","","","",""
"2022-10-27","2022300","8:02","29.0","20.2526","13.0","","","8.6","","6.7","85","","117","","33.37","17.50","24.15","","","","",""
"2022-10-27","2022300","7:46","30.0","14.7543","1.0","","","8.9","","6.7","86","","63","3.42","33.39","17.35","24.20","","","","",""
"2022-10-27","2022300","7:46","30.0","14.7543","2.0","8.5","0.72","8.7","","6.7","86","57.0","61","","33.39","17.37","24.19","2.51","24.63","5.50","11.12","112.87"
"2022-10-27","2022300","7:46","30.0","14.7543","3.0","","","8.9","","6.7","86","","93","","33.39","17.40","24.18","","","","",""
"2022-10-27","2022300","7:46","30.0","14.7543","4.0","","","9.1","","6.7","86","","112","","33.39","17.40","24.18","","","","",""
"2022-10-27","2022300","7:46","30.0","14.7543","5.0","","","9.2","","6.7","86","","122","","33.39","17.40","24.18","","","","",""
"2022-10-27","2022300","7:46","30.0","14.7543","6.0","","","9.3","","6.7","86","","134","","33.39","17.40","24.18","","","","",""
"2022-10-27","2022300","7:46","30.0","14.7543","7.0","","","9.4","","6.7","86","","137","","33.39","17.40","24.18","","","","",""
"2022-10-27","2022300","7:46","30.0","14.7543","8.0","","","9.4","","6.7","86","","138","","33.39","17.40","24.18","","","","",""
"2022-10-27","2022300","7:46","30.0","14.7543","9.0","","","9.4","","6.7","86","","146","","33.39","17.40","24.18","","","","",""
"2022-10-27","2022300","7:46","30.0","14.7543","10.0","10.1","0.50","9.5","","6.7","86","","151","","33.39","17.40","24.18","","","","",""
"2022-10-27","2022300","7:34","31.0","10.6065","1.0","","","9.1","","6.8","86","","66","3.50","33.33","16.92","24.25","","","","",""
"2022-10-27","2022300","7:34","31.0","10.6065","2.0","","","9.2","","6.8","86","","65","","33.33","16.91","24.25","","","","",""
"2022-10-27","2022300","7:34","31.0","10.6065","3.0","","","9.4","","6.8","87","","65","","33.33","16.92","24.25","","","","",""
"2022-10-27","2022300","7:34","31.0","10.6065","4.0","","","9.6","","6.8","87","","71","","33.34","16.98","24.24","","","","",""
"2022-10-27","2022300","7:34","31.0","10.6065","5.0","","","9.6","","6.8","87","","101","","33.34","17.03","24.23","","","","",""
"2022-10-27","2022300","7:34","31.0","10.6065","6.0","","","9.7","","6.8","87","","119","","33.34","17.04","24.23","","","","",""
"2022-10-27","2022300","7:34","31.0","10.6065","7.0","","","9.9","","6.8","87","","135","","33.34","17.05","24.23","","","","",""
"2022-10-27","2022300","7:34","31.0","10.6065","8.0","","","9.8","","6.8","87","","149","","33.34","17.06","24.23","","","","",""
"2022-10-27","2022300","7:34","31.0","10.6065","9.0","","","10.1","","6.8","87","","195","","33.34","17.09","24.22","","","","",""
"2022-10-27","2022300","7:34","31.0","10.6065","10.0","","","10.6","","6.8","87","","244","","33.34","17.09","24.22","","","","",""
"2022-10-27","2022300","7:34","31.0","10.6065","11.0","","","11.0","","6.8","87","","258","","33.34","17.09","24.22","","","","",""
"2022-10-27","2022300","7:25","32.0","8.1507","1.0","","","10.4","","6.6","83","","89","4.91","32.95","16.78","23.99","","","","",""
"2022-10-27","2022300","7:25","32.0","8.1507","2.0","9.1","0.64","9.5","","6.6","83","91.7","94","","32.94","16.77","23.99","2.98","34.55","7.35","13.13","136.37"
"2022-10-27","2022300","7:25","32.0","8.1507","3.0","","","9.6","","6.6","83","","93","","32.94","16.77","23.99","","","","",""
"2022-10-27","2022300","7:25","32.0","8.1507","4.0","","","9.6","","6.6","83","","103","","32.96","16.78","24.00","","","","",""
"2022-10-27","2022300","7:25","32.0","8.1507","5.0","","","9.9","","6.6","83","","123","","32.97","16.78","24.01","","","","",""
"2022-10-27","2022300","7:25","32.0","8.1507","6.0","","","9.8","","6.6","83","","141","","32.97","16.78","24.01","","","","",""
"2022-10-27","2022300","7:25","32.0","8.1507","7.0","","","10.0","","6.6","83","","155","","32.97","16.75","24.02","","","","",""
"2022-10-27","2022300","7:25","32.0","8.1507","8.0","","","10.1","","6.6","83","","172","","32.98","16.75","24.02","","","","",""
"2022-10-27","2022300","7:25","32.0","8.1507","9.0","11.6","0.50","10.3","","6.6","83","","177","","32.98","16.74","24.02","","","","",""
"2022-10-27","2022300","7:17","33.0","6.8085","1.0","","","9.7","","6.6","83","","88","4.85","32.65","16.69","23.78","","","","",""
"2022-10-27","2022300","7:17","33.0","6.8085","2.0","8.9","0.67","9.7","","6.6","83","77.5","89","","32.65","16.70","23.78","","","","",""
"2022-10-27","2022300","7:17","33.0","6.8085","3.0","","","9.7","","6.6","83","","97","","32.65","16.72","23.77","","","","",""
"2022-10-27","2022300","7:17","33.0","6.8085","4.0","","","9.7","","6.6","83","","97","","32.66","16.72","23.79","","","","",""
"2022-10-27","2022300","7:17","33.0","6.8085","5.0","","","9.6","","6.6","83","","104","","32.73","16.74","23.83","","","","",""
"2022-10-27","2022300","7:17","33.0","6.8085","6.0","","","9.7","","6.6","83","","120","","32.76","16.73","23.86","","","","",""
"2022-10-27","2022300","7:17","33.0","6.8085","7.0","","","9.8","","6.5","82","","131","","32.76","16.72","23.86","","","","",""
"2022-10-27","2022300","7:17","33.0","6.8085","8.0","","","9.9","","6.5","82","","144","","32.76","16.70","23.87","","","","",""
"2022-10-27","2022300","7:17","33.0","6.8085","9.0","","","10.1","","6.5","82","","150","","32.75","16.68","23.86","","","","",""
"2022-10-27","2022300","7:17","33.0","6.8085","10.0","","","10.1","","6.5","82","","158","","32.76","16.68","23.87","","","","",""
"2022-10-27","2022300","7:17","33.0","6.8085","11.0","","","10.3","","6.5","82","","166","","32.85","16.72","23.93","","","","",""
"2022-10-27","2022300","7:04","34.0","3.5290","1.0","","","10.4","","6.2","76","","123","5.92","32.13","15.97","23.54","","","","",""
"2022-10-27","2022300","7:04","34.0","3.5290","2.0","8.7","0.58","9.7","","6.3","78","115.2","123","","32.17","16.05","23.56","3.91","53.12","13.35","17.00","155.60"
"2022-10-27","2022300","7:04","34.0","3.5290","3.0","","","9.9","","6.3","78","","123","","32.27","16.16","23.62","","","","",""
"2022-10-27","2022300","7:04","34.0","3.5290","4.0","","","9.9","","6.4","79","","122","","32.30","16.19","23.63","","","","",""
"2022-10-27","2022300","7:04","34.0","3.5290","5.0","","","10.0","","6.5","80","","120","","32.33","16.22","23.64","","","","",""
"2022-10-27","2022300","7:04","34.0","3.5290","6.0","","","10.1","","6.5","81","","122","","32.50","16.45","23.72","","","","",""
"2022-10-27","2022300","7:04","34.0","3.5290","7.0","","","10.2","","6.6","82","","131","","32.53","16.53","23.73","","","","",""
"2022-10-27","2022300","7:04","34.0","3.5290","8.0","","","10.2","","6.6","83","","131","","32.72","16.77","23.81","","","","",""
"2022-10-27","2022300","7:04","34.0","3.5290","9.0","","","10.4","","6.6","83","","135","","32.75","16.81","23.83","","","","",""
"2022-10-27","2022300","7:04","34.0","3.5290","10.0","","","10.4","","6.6","83","","137","","32.75","16.78","23.84","","","","",""
"2022-10-27","2022300","7:04","34.0","3.5290","11.0","10.3","0.59","10.2","","6.6","83","147.4","136","","32.74","16.75","23.84","","","","",""
"2022-10-27","2022300","14:22","649.0","132.9388","1.0","","","5.6","","8.9","96","","11","1.34","4.06","17.62","1.78","","","","",""
"2022-10-27","2022300","14:22","649.0","132.9388","2.0","4.9","0.89","4.7","","8.9","96","13.9","11","","4.33","17.50","2.00","1.08","13.92","2.00","2.14","181.59"
"2022-10-27","2022300","14:22","649.0","132.9388","3.0","","","3.2","","8.9","96","","19","","4.42","17.45","2.08","","","","",""
"2022-10-27","2022300","14:22","649.0","132.9388","4.0","","","2.9","","8.9","96","","19","","4.48","17.42","2.13","","","","",""
"2022-10-27","2022300","14:22","649.0","132.9388","5.0","","","2.8","","8.9","95","","21","","4.53","17.40","2.17","","","","",""
"2022-10-27","2022300","14:22","649.0","132.9388","6.0","","","2.7","","8.9","95","","23","","4.57","17.38","2.21","","","","",""
"2022-10-27","2022300","14:22","649.0","132.9388","7.0","","","2.6","","8.9","95","","23","","4.58","17.38","2.21","","","","",""
"2022-10-27","2022300","14:22","649.0","132.9388","8.0","","","2.7","","8.9","95","","23","","4.59","17.37","2.22","","","","",""
"2022-10-27","2022300","14:22","649.0","132.9388","9.0","","","2.7","","8.9","95","","23","","4.60","17.36","2.23","","","","",""
"2022-10-27","2022300","14:22","649.0","132.9388","10.0","","","2.6","","8.9","95","","24","","4.63","17.33","2.26","","","","",""
"2022-10-27","2022300","14:22","649.0","132.9388","11.0","1.6","0.54","2.6","","8.9","95","24.4","25","","4.63","17.33","2.26","","","","",""
"2022-10-27","2022300","15:07","657.0","147.2548","1.0","","","2.2","","9.2","97","","23","1.95","0.21","17.74","","","","","",""
"2022-10-27","2022300","15:07","657.0","147.2548","2.0","2.7","0.68","2.1","","9.2","97","20.3","23","","0.21","17.74","","0.19","11.14","1.71","1.66","213.99"
"2022-10-27","2022300","15:07","657.0","147.2548","3.0","","","2.0","","9.2","97","","24","","0.21","17.74","","","","","",""
"2022-10-27","2022300","15:07","657.0","147.2548","4.0","","","2.0","","9.2","97","","24","","0.21","17.74","","","","","",""
"2022-10-27","2022300","15:07","657.0","147.2548","5.0","","","1.9","","9.2","97","","24","","0.21","17.74","","","","","",""
"2022-10-27","2022300","15:07","657.0","147.2548","6.0","","","1.9","","9.2","97","","23","","0.21","17.74","","","","","",""
"2022-10-27","2022300","15:07","657.0","147.2548","7.0","","","1.9","","9.2","97","","23","","0.21","17.74","","","","","",""
"2022-10-27","2022300","15:07","657.0","147.2548","8.0","","","1.9","","9.2","97","","22","","0.21","17.74","","","","","",""
"2022-10-27","2022300","15:07","657.0","147.2548","9.0","2.6","0.64","2.0","","9.2","97","21.0","22","","0.20","17.73","","","","","",""
"2022-11-15","2022319","14:57","2.0","127.7053","1.0","","","2.6","","9.4","94","","14","1.21","5.76","13.56","3.75","","","","",""
"2022-11-15","2022319","14:57","2.0","127.7053","2.0","","","1.9","","9.3","93","","14","","6.76","13.40","4.55","","","","",""
"2022-11-15","2022319","14:57","2.0","127.7053","3.0","","","1.7","","9.3","93","","14","","6.92","13.40","4.67","","","","",""
"2022-11-15","2022319","14:57","2.0","127.7053","4.0","","","1.6","","9.3","93","","14","","7.02","13.40","4.75","","","","",""
"2022-11-15","2022319","14:57","2.0","127.7053","5.0","","","1.5","","9.3","93","","15","","7.10","13.40","4.82","","","","",""
"2022-11-15","2022319","14:57","2.0","127.7053","6.0","","","1.6","","9.3","93","","15","","7.17","13.40","4.87","","","","",""
"2022-11-15","2022319","14:57","2.0","127.7053","7.0","","","1.6","","9.2","93","","15","","7.23","13.40","4.91","","","","",""
"2022-11-15","2022319","14:57","2.0","127.7053","8.0","","","1.7","","9.2","93","","15","","7.29","13.39","4.96","","","","",""
"2022-11-15","2022319","14:57","2.0","127.7053","9.0","","","1.7","","9.3","93","","15","","7.35","13.36","5.01","","","","",""
"2022-11-15","2022319","14:57","2.0","127.7053","10.0","","","1.8","","9.3","93","","15","","7.38","13.35","5.03","","","","",""
"2022-11-15","2022319","14:47","3.0","125.3243","1.0","","","2.8","","9.4","95","","14","1.17","6.45","13.73","4.26","","","","",""
"2022-11-15","2022319","14:47","3.0","125.3243","2.0","2.4","0.82","2.4","","9.4","94","11.0","14","","6.94","13.59","4.66","0.96","18.35","5.43","2.18","176.25"
"2022-11-15","2022319","14:47","3.0","125.3243","3.0","","","2.2","","9.3","94","","14","","7.34","13.51","4.98","","","","",""
"2022-11-15","2022319","14:47","3.0","125.3243","4.0","","","2.0","","9.3","93","","14","","7.88","13.41","5.41","","","","",""
"2022-11-15","2022319","14:47","3.0","125.3243","5.0","","","1.8","","9.3","93","","15","","8.15","13.34","5.63","","","","",""
"2022-11-15","2022319","14:47","3.0","125.3243","6.0","","","1.8","","9.2","93","","15","","8.17","13.31","5.65","","","","",""
"2022-11-15","2022319","14:47","3.0","125.3243","7.0","","","1.8","","9.2","93","","15","","8.23","13.30","5.70","","","","",""
"2022-11-15","2022319","14:47","3.0","125.3243","8.0","","","1.7","","9.2","93","","15","","8.32","13.30","5.77","","","","",""
"2022-11-15","2022319","14:47","3.0","125.3243","9.0","","","1.7","","9.2","93","","15","","8.52","13.29","5.92","","","","",""
"2022-11-15","2022319","14:47","3.0","125.3243","10.0","","","1.6","","9.2","93","","14","","8.66","13.28","6.03","","","","",""
"2022-11-15","2022319","14:47","3.0","125.3243","11.0","","","1.6","","9.2","93","","14","","8.77","13.27","6.12","","","","",""
"2022-11-15","2022319","14:47","3.0","125.3243","12.0","1.1","0.64","1.5","","9.2","93","15.0","15","","8.85","13.29","6.17","","","","",""
"2022-11-15","2022319","14:32","4.0","119.8957","1.0","","","3.0","","9.4","95","","14","1.18","8.09","13.53","5.55","","","","",""
"2022-11-15","2022319","14:32","4.0","119.8957","2.0","","","2.8","","9.4","95","","14","","8.15","13.48","5.61","","","","",""
"2022-11-15","2022319","14:32","4.0","119.8957","3.0","","","2.6","","9.3","94","","14","","8.17","13.46","5.63","","","","",""
"2022-11-15","2022319","14:32","4.0","119.8957","4.0","","","2.4","","9.2","93","","14","","8.33","13.44","5.76","","","","",""
"2022-11-15","2022319","14:32","4.0","119.8957","5.0","","","1.9","","9.2","93","","14","","9.26","13.26","6.50","","","","",""
"2022-11-15","2022319","14:32","4.0","119.8957","6.0","","","1.7","","9.1","93","","14","","9.68","13.21","6.83","","","","",""
"2022-11-15","2022319","14:32","4.0","119.8957","7.0","","","1.8","","9.1","93","","15","","9.97","13.22","7.05","","","","",""
"2022-11-15","2022319","14:32","4.0","119.8957","8.0","","","1.8","","9.1","93","","15","","10.07","13.24","7.12","","","","",""
"2022-11-15","2022319","14:32","4.0","119.8957","9.0","","","1.8","","9.1","92","","15","","10.13","13.27","7.16","","","","",""
"2022-11-15","2022319","14:32","4.0","119.8957","10.0","","","1.8","","9.1","92","","15","","10.21","13.28","7.23","","","","",""
"2022-11-15","2022319","14:32","4.0","119.8957","11.0","","","1.9","","9.1","92","","15","","10.47","13.23","7.43","","","","",""
"2022-11-15","2022319","14:32","4.0","119.8957","12.0","","","1.9","","9.0","92","","16","","10.79","13.24","7.67","","","","",""
"2022-11-15","2022319","14:32","4.0","119.8957","13.0","","","2.0","","9.0","92","","16","","11.02","13.26","7.85","","","","",""
"2022-11-15","2022319","14:32","4.0","119.8957","14.0","","","1.9","","9.0","92","","15","","11.05","13.26","7.87","","","","",""
"2022-11-15","2022319","14:32","4.0","119.8957","15.0","","","1.9","","9.0","92","","15","","11.15","13.26","7.95","","","","",""
"2022-11-15","2022319","14:32","4.0","119.8957","16.0","","","1.9","","9.0","92","","15","","11.23","13.27","8.01","","","","",""
"2022-11-15","2022319","14:32","4.0","119.8957","17.0","","","1.9","","9.0","92","","14","","11.34","13.28","8.10","","","","",""
"2022-11-15","2022319","14:19","5.0","115.6252","1.0","","","3.5","","9.3","95","","15","1.20","9.13","13.53","6.35","","","","",""
"2022-11-15","2022319","14:19","5.0","115.6252","2.0","","","3.3","","9.2","94","","15","","9.27","13.45","6.47","","","","",""
"2022-11-15","2022319","14:19","5.0","115.6252","3.0","","","2.8","","9.2","93","","15","","9.85","13.32","6.94","","","","",""
"2022-11-15","2022319","14:19","5.0","115.6252","4.0","","","2.5","","9.1","93","","15","","10.68","13.23","7.60","","","","",""
"2022-11-15","2022319","14:19","5.0","115.6252","5.0","","","2.5","","9.1","93","","15","","11.15","13.13","7.97","","","","",""
"2022-11-15","2022319","14:19","5.0","115.6252","6.0","","","2.4","","9.1","93","","15","","11.42","13.19","8.17","","","","",""
"2022-11-15","2022319","14:19","5.0","115.6252","7.0","","","2.2","","9.0","92","","15","","12.05","13.24","8.64","","","","",""
"2022-11-15","2022319","14:19","5.0","115.6252","8.0","","","2.1","","8.9","92","","15","","13.17","13.35","9.49","","","","",""
"2022-11-15","2022319","14:19","5.0","115.6252","9.0","","","2.0","","8.8","92","","15","","13.31","13.36","9.59","","","","",""
"2022-11-15","2022319","14:19","5.0","115.6252","10.0","","","2.0","","8.8","92","","15","","13.35","13.36","9.63","","","","",""
"2022-11-15","2022319","14:19","5.0","115.6252","11.0","","","2.1","","8.8","92","","15","","13.38","13.35","9.65","","","","",""
"2022-11-15","2022319","14:03","6.0","110.8977","1.0","","","3.7","","9.2","94","","12","1.13","10.38","13.52","7.32","","","","",""
"2022-11-15","2022319","14:03","6.0","110.8977","2.0","2.8","0.86","3.2","","9.0","93","11.0","13","","12.50","13.30","8.98","1.03","21.28","6.78","2.75","149.19"
"2022-11-15","2022319","14:03","6.0","110.8977","3.0","","","2.3","","8.8","92","","13","","13.86","13.35","10.02","","","","",""
"2022-11-15","2022319","14:03","6.0","110.8977","4.0","","","2.0","","8.8","92","","13","","14.32","13.36","10.37","","","","",""
"2022-11-15","2022319","14:03","6.0","110.8977","5.0","","","2.0","","8.8","92","","13","","14.61","13.37","10.60","","","","",""
"2022-11-15","2022319","14:03","6.0","110.8977","6.0","","","1.9","","8.8","92","","13","","14.72","13.38","10.68","","","","",""
"2022-11-15","2022319","14:03","6.0","110.8977","7.0","","","1.9","","8.7","92","","13","","14.93","13.39","10.84","","","","",""
"2022-11-15","2022319","14:03","6.0","110.8977","8.0","","","1.8","","8.7","92","","13","","15.08","13.39","10.95","","","","",""
"2022-11-15","2022319","14:03","6.0","110.8977","9.0","","","1.8","","8.7","92","","14","","15.60","13.40","11.35","","","","",""
"2022-11-15","2022319","14:03","6.0","110.8977","10.0","","","1.7","","8.6","91","","13","","16.38","13.42","11.95","","","","",""
"2022-11-15","2022319","14:03","6.0","110.8977","11.0","1.4","0.70","1.7","","8.6","92","17.0","15","","16.68","13.43","12.18","","","","",""
"2022-11-15","2022319","13:42","7.0","104.9810","1.0","","","3.1","","8.8","93","","9","0.95","14.93","13.95","10.74","","","","",""
"2022-11-15","2022319","13:42","7.0","104.9810","2.0","2.1","0.84","3.1","","8.6","92","10.2","9","","16.11","13.69","11.70","","","","",""
"2022-11-15","2022319","13:42","7.0","104.9810","3.0","","","3.9","","8.6","92","","10","","17.19","13.51","12.56","","","","",""
"2022-11-15","2022319","13:42","7.0","104.9810","4.0","","","3.6","","8.6","92","","10","","17.65","13.43","12.92","","","","",""
"2022-11-15","2022319","13:42","7.0","104.9810","5.0","","","2.3","","8.6","92","","11","","17.71","13.44","12.97","","","","",""
"2022-11-15","2022319","13:42","7.0","104.9810","6.0","","","2.1","","8.5","92","","11","","17.75","13.44","13.00","","","","",""
"2022-11-15","2022319","13:42","7.0","104.9810","7.0","","","2.3","","8.5","92","","11","","17.83","13.45","13.06","","","","",""
"2022-11-15","2022319","13:42","7.0","104.9810","8.0","","","2.0","","8.5","92","","10","","17.95","13.44","13.15","","","","",""
"2022-11-15","2022319","13:42","7.0","104.9810","9.0","","","1.9","","8.5","91","","10","","18.10","13.44","13.27","","","","",""
"2022-11-15","2022319","13:42","7.0","104.9810","10.0","","","1.8","","8.5","91","","10","","18.56","13.42","13.62","","","","",""
"2022-11-15","2022319","13:42","7.0","104.9810","11.0","","","1.9","","8.5","91","","11","","19.02","13.40","13.98","","","","",""
"2022-11-15","2022319","13:42","7.0","104.9810","12.0","","","1.9","","8.4","91","","11","","19.25","13.39","14.16","","","","",""
"2022-11-15","2022319","13:42","7.0","104.9810","13.0","","","1.9","","8.4","91","","11","","19.37","13.39","14.26","","","","",""
"2022-11-15","2022319","13:42","7.0","104.9810","14.0","","","1.9","","8.4","90","","12","","19.40","13.39","14.28","","","","",""
"2022-11-15","2022319","13:42","7.0","104.9810","15.0","","","1.9","","8.1","88","","12","","19.40","13.39","14.28","","","","",""
"2022-11-15","2022319","13:21","8.0","99.7699","1.0","","","2.2","","8.7","94","","10","0.99","17.28","14.16","12.51","","","","",""
"2022-11-15","2022319","13:21","8.0","99.7699","2.0","","","3.0","","8.6","93","9.9","10","","18.39","13.58","13.47","","","","",""
"2022-11-15","2022319","13:21","8.0","99.7699","3.0","","","3.3","","8.5","92","","10","","19.06","13.36","14.02","","","","",""
"2022-11-15","2022319","13:21","8.0","99.7699","4.0","","","2.7","","8.4","92","","11","","19.86","13.33","14.64","","","","",""
"2022-11-15","2022319","13:21","8.0","99.7699","5.0","","","2.1","","8.4","91","","11","","20.08","13.34","14.81","","","","",""
"2022-11-15","2022319","13:21","8.0","99.7699","6.0","","","1.9","","8.4","91","","11","","20.23","13.36","14.92","","","","",""
"2022-11-15","2022319","13:21","8.0","99.7699","7.0","","","1.8","","8.4","91","","12","","20.29","13.37","14.97","","","","",""
"2022-11-15","2022319","13:21","8.0","99.7699","8.0","","","1.9","","8.4","91","","12","","20.35","13.38","15.01","","","","",""
"2022-11-15","2022319","13:21","8.0","99.7699","9.0","","","1.9","","8.3","91","","12","","20.44","13.40","15.07","","","","",""
"2022-11-15","2022319","13:21","8.0","99.7699","10.0","","","1.9","","8.3","91","","12","","20.87","13.42","15.40","","","","",""
"2022-11-15","2022319","13:21","8.0","99.7699","11.0","","","1.9","","8.3","91","","12","","21.11","13.36","15.59","","","","",""
"2022-11-15","2022319","13:21","8.0","99.7699","12.0","","","2.0","","8.3","91","","12","","21.15","13.34","15.64","","","","",""
"2022-11-15","2022319","13:21","8.0","99.7699","13.0","","","2.0","","8.3","91","","11","","21.29","13.36","15.73","","","","",""
"2022-11-15","2022319","13:21","8.0","99.7699","14.0","","","2.0","","8.3","91","","11","","21.50","13.42","15.88","","","","",""
"2022-11-15","2022319","13:21","8.0","99.7699","15.0","","","1.9","","8.2","90","","12","","21.51","13.43","15.90","","","","",""
"2022-11-15","2022319","13:21","8.0","99.7699","16.0","","","1.8","","8.2","90","","11","","21.51","13.44","15.90","","","","",""
"2022-11-15","2022319","13:04","9.0","96.7889","1.0","","","2.8","","8.6","93","","9","0.92","17.56","13.63","12.82","","","","",""
"2022-11-15","2022319","13:04","9.0","96.7889","2.0","2.8","0.85","3.2","","8.5","92","10.6","10","","18.38","13.47","13.48","1.35","23.27","7.57","3.04","113.58"
"2022-11-15","2022319","13:04","9.0","96.7889","3.0","","","2.8","","8.5","92","","10","","18.99","13.44","13.95","","","","",""
"2022-11-15","2022319","13:04","9.0","96.7889","4.0","","","2.4","","8.4","91","","11","","19.55","13.42","14.39","","","","",""
"2022-11-15","2022319","13:04","9.0","96.7889","5.0","","","2.1","","8.4","91","","11","","19.80","13.39","14.58","","","","",""
"2022-11-15","2022319","13:04","9.0","96.7889","6.0","","","2.1","","8.4","91","","11","","19.85","13.38","14.63","","","","",""
"2022-11-15","2022319","13:04","9.0","96.7889","7.0","","","2.2","","8.4","91","","11","","19.92","13.37","14.68","","","","",""
"2022-11-15","2022319","13:04","9.0","96.7889","8.0","","","2.2","","8.3","91","","11","","20.57","13.35","15.18","","","","",""
"2022-11-15","2022319","13:04","9.0","96.7889","9.0","","","2.4","","8.3","91","","11","","21.43","13.36","15.85","","","","",""
"2022-11-15","2022319","13:04","9.0","96.7889","10.0","","","2.6","","8.3","91","","10","","21.52","13.39","15.91","","","","",""
"2022-11-15","2022319","13:04","9.0","96.7889","11.0","","","2.4","","8.3","91","","10","","21.62","13.39","15.99","","","","",""
"2022-11-15","2022319","13:04","9.0","96.7889","12.0","","","2.6","","8.2","91","","11","","21.70","13.39","16.04","","","","",""
"2022-11-15","2022319","13:04","9.0","96.7889","13.0","","","2.4","","8.2","91","","11","","21.78","13.39","16.11","","","","",""
"2022-11-15","2022319","13:04","9.0","96.7889","14.0","","","2.4","","8.2","90","","11","","21.86","13.40","16.16","","","","",""
"2022-11-15","2022319","13:04","9.0","96.7889","15.0","","","2.4","","8.2","91","","11","","21.98","13.40","16.26","","","","",""
"2022-11-15","2022319","13:04","9.0","96.7889","16.0","","","2.5","","8.2","91","","11","","22.09","13.40","16.34","","","","",""
"2022-11-15","2022319","13:04","9.0","96.7889","17.0","","","2.6","","8.2","91","","11","","22.21","13.41","16.44","","","","",""
"2022-11-15","2022319","13:04","9.0","96.7889","18.0","","","2.6","","8.2","91","","11","","22.69","13.41","16.81","","","","",""
"2022-11-15","2022319","13:04","9.0","96.7889","19.0","","","2.7","","8.2","90","","11","","22.94","13.41","17.00","","","","",""
"2022-11-15","2022319","13:04","9.0","96.7889","20.0","","","2.7","","8.2","90","","11","","23.20","13.42","17.19","","","","",""
"2022-11-15","2022319","13:04","9.0","96.7889","21.0","","","2.6","","8.1","90","","13","","23.27","13.42","17.25","","","","",""
"2022-11-15","2022319","13:04","9.0","96.7889","22.0","","","2.6","","8.1","90","","13","","23.29","13.42","17.26","","","","",""
"2022-11-15","2022319","13:04","9.0","96.7889","23.0","","","2.6","","8.1","90","","13","","23.32","13.42","17.29","","","","",""
"2022-11-15","2022319","13:04","9.0","96.7889","24.0","","","2.6","","8.1","90","","13","","23.40","13.42","17.35","","","","",""
"2022-11-15","2022319","13:04","9.0","96.7889","25.0","","","2.6","","8.1","90","","13","","23.38","13.43","17.34","","","","",""
"2022-11-15","2022319","13:04","9.0","96.7889","26.0","","","2.6","","8.1","90","","13","","23.37","13.42","17.32","","","","",""
"2022-11-15","2022319","13:04","9.0","96.7889","27.0","","","2.6","","8.1","90","","13","","23.37","13.42","17.33","","","","",""
"2022-11-15","2022319","13:04","9.0","96.7889","28.0","","","2.5","","8.1","90","","13","","23.41","13.42","17.36","","","","",""
"2022-11-15","2022319","13:04","9.0","96.7889","29.0","","","2.6","","8.1","90","","13","","23.57","13.42","17.49","","","","",""
"2022-11-15","2022319","13:04","9.0","96.7889","30.0","","","2.6","","8.1","90","","13","","23.73","13.41","17.61","","","","",""
"2022-11-15","2022319","13:04","9.0","96.7889","31.0","","","2.7","","8.1","90","","13","","23.75","13.41","17.62","","","","",""
"2022-11-15","2022319","13:04","9.0","96.7889","32.0","","","2.8","","8.1","90","","15","","23.76","13.41","17.63","","","","",""
"2022-11-15","2022319","13:04","9.0","96.7889","33.0","","","3.2","","8.1","90","","20","","23.75","13.41","17.63","","","","",""
"2022-11-15","2022319","12:53","10.0","93.5951","1.0","","","2.8","","8.6","93","","12","1.09","18.05","13.67","13.19","","","","",""
"2022-11-15","2022319","12:53","10.0","93.5951","2.0","","","3.8","","8.5","92","","13","","18.50","13.50","13.56","","","","",""
"2022-11-15","2022319","12:53","10.0","93.5951","3.0","","","3.5","","8.4","91","","14","","19.96","13.43","14.70","","","","",""
"2022-11-15","2022319","12:53","10.0","93.5951","4.0","","","2.8","","8.3","91","","15","","21.06","13.34","15.56","","","","",""
"2022-11-15","2022319","12:53","10.0","93.5951","5.0","","","2.4","","8.3","91","","16","","21.24","13.34","15.70","","","","",""
"2022-11-15","2022319","12:53","10.0","93.5951","6.0","","","2.3","","8.3","91","","17","","21.72","13.35","16.07","","","","",""
"2022-11-15","2022319","12:53","10.0","93.5951","7.0","","","2.4","","8.2","90","","19","","22.09","13.35","16.35","","","","",""
"2022-11-15","2022319","12:53","10.0","93.5951","8.0","","","2.6","","8.2","90","","20","","22.30","13.34","16.52","","","","",""
"2022-11-15","2022319","12:53","10.0","93.5951","9.0","","","2.8","","8.2","90","","20","","22.52","13.34","16.69","","","","",""
"2022-11-15","2022319","12:53","10.0","93.5951","10.0","","","2.8","","8.2","91","","21","","22.65","13.33","16.79","","","","",""
"2022-11-15","2022319","12:53","10.0","93.5951","11.0","","","2.9","","8.2","90","","20","","22.86","13.34","16.95","","","","",""
"2022-11-15","2022319","12:53","10.0","93.5951","12.0","","","2.7","","8.2","90","","21","","23.01","13.38","17.06","","","","",""
"2022-11-15","2022319","12:53","10.0","93.5951","13.0","","","2.8","","8.2","91","","22","","23.09","13.39","17.12","","","","",""
"2022-11-15","2022319","12:53","10.0","93.5951","14.0","","","2.8","","8.2","90","","24","","23.26","13.39","17.25","","","","",""
"2022-11-15","2022319","12:53","10.0","93.5951","15.0","","","2.8","","8.1","90","","25","","23.84","13.40","17.69","","","","",""
"2022-11-15","2022319","12:53","10.0","93.5951","16.0","","","2.9","","8.1","90","","26","","23.96","13.40","17.78","","","","",""
"2022-11-15","2022319","12:53","10.0","93.5951","17.0","","","2.9","","8.1","90","","25","","24.17","13.41","17.94","","","","",""
"2022-11-15","2022319","12:32","11.0","89.7672","1.0","","","3.1","","8.3","91","","19","1.24","21.35","13.27","15.80","","","","",""
"2022-11-15","2022319","12:32","11.0","89.7672","2.0","","","3.1","","8.2","91","","19","","23.05","13.20","17.12","","","","",""
"2022-11-15","2022319","12:32","11.0","89.7672","3.0","","","3.2","","8.2","91","","17","","23.95","13.31","17.79","","","","",""
"2022-11-15","2022319","12:32","11.0","89.7672","4.0","","","3.3","","8.2","91","","19","","24.22","13.37","17.99","","","","",""
"2022-11-15","2022319","12:32","11.0","89.7672","5.0","","","3.6","","8.1","91","","21","","24.57","13.35","18.27","","","","",""
"2022-11-15","2022319","12:32","11.0","89.7672","6.0","","","3.7","","8.1","91","","21","","24.77","13.37","18.41","","","","",""
"2022-11-15","2022319","12:32","11.0","89.7672","7.0","","","3.5","","8.1","91","","21","","25.40","13.39","18.90","","","","",""
"2022-11-15","2022319","12:32","11.0","89.7672","8.0","","","3.9","","8.1","91","","21","","25.87","13.41","19.26","","","","",""
"2022-11-15","2022319","12:32","11.0","89.7672","9.0","","","4.3","","8.1","91","","21","","26.04","13.43","19.39","","","","",""
"2022-11-15","2022319","12:32","11.0","89.7672","10.0","","","4.6","","8.1","91","","21","","26.21","13.40","19.52","","","","",""
"2022-11-15","2022319","12:32","11.0","89.7672","11.0","","","4.8","","8.1","91","","20","","26.35","13.41","19.62","","","","",""
"2022-11-15","2022319","12:32","11.0","89.7672","12.0","","","5.0","","8.0","91","","20","","26.47","13.43","19.71","","","","",""
"2022-11-15","2022319","12:32","11.0","89.7672","13.0","","","4.5","","8.0","91","","18","","26.54","13.42","19.77","","","","",""
"2022-11-15","2022319","12:32","11.0","89.7672","14.0","","","4.3","","8.0","90","","18","","26.60","13.41","19.82","","","","",""
"2022-11-15","2022319","12:32","11.0","89.7672","15.0","","","3.9","","8.0","90","","17","","26.63","13.40","19.85","","","","",""
"2022-11-15","2022319","12:32","11.0","89.7672","16.0","","","3.6","","8.0","91","","17","","26.65","13.40","19.86","","","","",""
"2022-11-15","2022319","12:32","11.0","89.7672","17.0","","","3.6","","8.0","91","","17","","26.66","13.40","19.87","","","","",""
"2022-11-15","2022319","12:32","11.0","89.7672","18.0","","","3.8","","8.0","91","","17","","26.69","13.40","19.89","","","","",""
"2022-11-15","2022319","12:32","11.0","89.7672","19.0","","","4.4","","8.0","91","","18","","26.73","13.40","19.92","","","","",""
"2022-11-15","2022319","12:32","11.0","89.7672","20.0","","","4.9","","8.0","91","","19","","26.79","13.39","19.97","","","","",""
"2022-11-15","2022319","12:32","11.0","89.7672","21.0","","","5.5","","8.0","91","","19","","26.80","13.39","19.98","","","","",""
"2022-11-15","2022319","12:32","11.0","89.7672","22.0","","","5.4","","8.0","91","","21","","26.80","13.39","19.98","","","","",""
"2022-11-15","2022319","12:32","11.0","89.7672","23.0","","","4.9","","8.0","91","","23","","26.80","13.39","19.98","","","","",""
"2022-11-15","2022319","12:19","12.0","84.4458","1.0","","","5.8","","8.3","93","","14","1.16","24.59","13.43","18.27","","","","",""
"2022-11-15","2022319","12:19","12.0","84.4458","2.0","","","5.7","","8.2","92","","15","","25.52","13.41","18.99","","","","",""
"2022-11-15","2022319","12:19","12.0","84.4458","3.0","","","5.9","","8.1","92","","16","","26.19","13.40","19.51","","","","",""
"2022-11-15","2022319","12:19","12.0","84.4458","4.0","","","5.2","","8.1","91","","20","","26.70","13.42","19.89","","","","",""
"2022-11-15","2022319","12:19","12.0","84.4458","5.0","","","5.0","","8.0","91","","21","","27.33","13.46","20.38","","","","",""
"2022-11-15","2022319","12:19","12.0","84.4458","6.0","","","5.0","","8.0","91","","20","","27.59","13.48","20.57","","","","",""
"2022-11-15","2022319","12:19","12.0","84.4458","7.0","","","5.2","","8.0","91","","19","","27.65","13.49","20.62","","","","",""
"2022-11-15","2022319","12:19","12.0","84.4458","8.0","","","5.1","","7.9","91","","19","","27.76","13.51","20.69","","","","",""
"2022-11-15","2022319","12:19","12.0","84.4458","9.0","","","5.1","","7.9","91","","20","","27.80","13.53","20.72","","","","",""
"2022-11-15","2022319","11:59","13.0","78.5444","1.0","","","2.8","","8.5","95","","6","0.85","21.75","14.24","15.93","","","","",""
"2022-11-15","2022319","11:59","13.0","78.5444","2.0","4.3","0.93","4.2","","8.4","94","8.3","8","","24.80","13.65","18.39","1.37","23.06","5.50","3.11","93.64"
"2022-11-15","2022319","11:59","13.0","78.5444","3.0","","","4.7","","8.3","94","","10","","25.42","13.56","18.88","","","","",""
"2022-11-15","2022319","11:59","13.0","78.5444","4.0","","","5.5","","8.4","95","","11","","26.61","13.50","19.81","","","","",""
"2022-11-15","2022319","11:59","13.0","78.5444","5.0","","","6.1","","8.4","96","","13","","27.11","13.35","20.22","","","","",""
"2022-11-15","2022319","11:59","13.0","78.5444","6.0","","","6.4","","8.2","94","","14","","27.96","13.38","20.87","","","","",""
"2022-11-15","2022319","11:59","13.0","78.5444","7.0","","","6.1","","8.1","93","","14","","28.23","13.42","21.07","","","","",""
"2022-11-15","2022319","11:59","13.0","78.5444","8.0","","","5.5","","8.0","92","","15","","28.27","13.43","21.10","","","","",""
"2022-11-15","2022319","11:59","13.0","78.5444","9.0","5.8","0.88","5.3","","8.1","92","16.3","16","","28.30","13.43","21.13","","","","",""
"2022-11-15","2022319","11:46","14.0","74.4288","1.0","","","7.3","","8.8","101","","10","0.94","28.08","13.73","20.90","","","","",""
"2022-11-15","2022319","11:46","14.0","74.4288","2.0","","","8.4","","8.5","97","","10","","28.08","13.49","20.95","","","","",""
"2022-11-15","2022319","11:46","14.0","74.4288","3.0","","","8.8","","8.2","94","","13","","28.26","13.42","21.10","","","","",""
"2022-11-15","2022319","11:46","14.0","74.4288","4.0","","","6.9","","8.1","93","","13","","28.48","13.44","21.26","","","","",""
"2022-11-15","2022319","11:46","14.0","74.4288","5.0","","","6.0","","8.0","92","","14","","28.58","13.47","21.33","","","","",""
"2022-11-15","2022319","11:46","14.0","74.4288","6.0","","","5.8","","8.0","92","","16","","28.73","13.46","21.46","","","","",""
"2022-11-15","2022319","11:46","14.0","74.4288","7.0","","","5.7","","8.0","92","","17","","28.92","13.45","21.60","","","","",""
"2022-11-15","2022319","11:46","14.0","74.4288","8.0","","","5.9","","8.0","92","","17","","29.05","13.45","21.70","","","","",""
"2022-11-15","2022319","11:46","14.0","74.4288","9.0","","","5.8","","7.9","91","","18","","29.19","13.44","21.81","","","","",""
"2022-11-15","2022319","11:46","14.0","74.4288","10.0","","","5.5","","7.9","91","","18","","29.23","13.44","21.84","","","","",""
"2022-11-15","2022319","11:46","14.0","74.4288","11.0","","","5.3","","7.9","91","","19","","29.35","13.44","21.93","","","","",""
"2022-11-15","2022319","11:46","14.0","74.4288","12.0","","","5.3","","7.9","91","","20","","29.50","13.44","22.05","","","","",""
"2022-11-15","2022319","11:46","14.0","74.4288","13.0","","","5.2","","7.9","91","","21","","29.58","13.44","22.11","","","","",""
"2022-11-15","2022319","11:46","14.0","74.4288","14.0","","","5.6","","7.9","91","","22","","29.62","13.43","22.14","","","","",""
"2022-11-15","2022319","11:46","14.0","74.4288","15.0","","","5.4","","7.9","91","","22","","29.68","13.43","22.20","","","","",""
"2022-11-15","2022319","11:31","15.0","69.9895","1.0","","","6.9","","8.6","97","","13","1.10","25.99","13.52","19.33","","","","",""
"2022-11-15","2022319","11:31","15.0","69.9895","2.0","7.2","0.96","6.6","","8.4","95","11.8","13","","26.72","13.23","19.95","1.25","22.35","4.14","3.13","79.04"
"2022-11-15","2022319","11:31","15.0","69.9895","3.0","","","7.4","","8.3","94","","16","","27.79","13.05","20.81","","","","",""
"2022-11-15","2022319","11:31","15.0","69.9895","4.0","","","7.4","","8.1","92","","17","","28.41","13.17","21.26","","","","",""
"2022-11-15","2022319","11:31","15.0","69.9895","5.0","","","6.3","","8.0","92","","15","","29.35","13.36","21.95","","","","",""
"2022-11-15","2022319","11:31","15.0","69.9895","6.0","","","5.7","","7.9","91","","14","","29.89","13.39","22.36","","","","",""
"2022-11-15","2022319","11:31","15.0","69.9895","7.0","","","5.7","","7.9","91","","13","","30.12","13.36","22.54","","","","",""
"2022-11-15","2022319","11:31","15.0","69.9895","8.0","","","5.7","","7.9","91","","13","","30.15","13.35","22.57","","","","",""
"2022-11-15","2022319","11:31","15.0","69.9895","9.0","","","5.6","","7.9","91","","13","","30.16","13.34","22.58","","","","",""
"2022-11-15","2022319","11:31","15.0","69.9895","10.0","","","5.4","","7.9","91","","13","","30.20","13.32","22.61","","","","",""
"2022-11-15","2022319","11:31","15.0","69.9895","11.0","","","5.3","","7.9","91","","13","","30.21","13.32","22.62","","","","",""
"2022-11-15","2022319","11:31","15.0","69.9895","12.0","","","5.4","","7.9","91","","13","","30.25","13.34","22.65","","","","",""
"2022-11-15","2022319","11:31","15.0","69.9895","13.0","","","5.4","","7.9","91","","14","","30.27","13.34","22.67","","","","",""
"2022-11-15","2022319","11:31","15.0","69.9895","14.0","","","5.2","","7.9","91","","14","","30.32","13.34","22.70","","","","",""
"2022-11-15","2022319","11:31","15.0","69.9895","15.0","","","5.7","","7.9","91","","14","","30.36","13.35","22.74","","","","",""
"2022-11-15","2022319","11:31","15.0","69.9895","16.0","","","5.9","","7.9","91","","14","","30.38","13.35","22.75","","","","",""
"2022-11-15","2022319","11:31","15.0","69.9895","17.0","","","5.6","","7.9","91","","14","","30.41","13.35","22.77","","","","",""
"2022-11-15","2022319","11:31","15.0","69.9895","18.0","","","5.6","","7.9","91","","13","","30.43","13.34","22.79","","","","",""
"2022-11-15","2022319","11:31","15.0","69.9895","19.0","","","5.9","","7.9","91","","13","","30.46","13.35","22.81","","","","",""
"2022-11-15","2022319","11:31","15.0","69.9895","20.0","","","5.5","","7.9","91","","13","","30.50","13.35","22.84","","","","",""
"2022-11-15","2022319","11:31","15.0","69.9895","21.0","","","5.5","","7.9","91","","14","","30.53","13.34","22.86","","","","",""
"2022-11-15","2022319","11:31","15.0","69.9895","22.0","","","5.8","","7.9","91","","14","","30.53","13.34","22.87","","","","",""
"2022-11-15","2022319","11:31","15.0","69.9895","23.0","","","5.8","","7.9","91","","14","","30.57","13.34","22.90","","","","",""
"2022-11-15","2022319","11:31","15.0","69.9895","24.0","5.9","0.85","5.9","","7.9","91","15.8","14","","30.62","13.35","22.94","","","","",""
"2022-11-15","2022319","11:13","16.0","63.0794","1.0","","","4.2","","8.4","97","","7","0.92","29.58","13.35","22.13","","","","",""
"2022-11-15","2022319","11:13","16.0","63.0794","2.0","","","5.9","","8.2","95","","8","","30.26","13.47","22.63","","","","",""
"2022-11-15","2022319","11:13","16.0","63.0794","3.0","","","5.9","","8.0","93","","9","","30.74","13.41","23.01","","","","",""
"2022-11-15","2022319","11:13","16.0","63.0794","4.0","","","6.3","","7.9","92","","10","","31.01","13.34","23.24","","","","",""
"2022-11-15","2022319","11:13","16.0","63.0794","5.0","","","6.2","","7.9","92","","10","","31.18","13.32","23.37","","","","",""
"2022-11-15","2022319","11:13","16.0","63.0794","6.0","","","5.6","","7.8","91","","9","","31.28","13.33","23.45","","","","",""
"2022-11-15","2022319","11:13","16.0","63.0794","7.0","","","5.2","","7.8","91","","10","","31.33","13.33","23.49","","","","",""
"2022-11-15","2022319","11:13","16.0","63.0794","8.0","","","5.3","","7.8","91","","10","","31.35","13.33","23.51","","","","",""
"2022-11-15","2022319","11:13","16.0","63.0794","9.0","","","5.1","","7.8","91","","10","","31.38","13.33","23.53","","","","",""
"2022-11-15","2022319","11:13","16.0","63.0794","10.0","","","5.4","","7.8","91","","10","","31.42","13.33","23.56","","","","",""
"2022-11-15","2022319","11:13","16.0","63.0794","11.0","","","5.1","","7.8","90","","11","","31.43","13.33","23.56","","","","",""
"2022-11-15","2022319","11:13","16.0","63.0794","12.0","","","5.2","","7.8","91","","12","","31.46","13.32","23.59","","","","",""
"2022-11-15","2022319","11:13","16.0","63.0794","13.0","","","5.4","","7.8","91","","12","","31.51","13.31","23.63","","","","",""
"2022-11-15","2022319","10:58","17.0","58.8909","1.0","","","5.9","","8.2","96","","7","0.93","30.70","13.45","22.98","","","","",""
"2022-11-15","2022319","10:58","17.0","58.8909","2.0","6.7","0.95","7.0","","8.2","95","","7","","30.71","13.43","22.98","","","","",""
"2022-11-15","2022319","10:58","17.0","58.8909","3.0","","","6.9","","8.2","95","","7","","30.90","13.35","23.15","","","","",""
"2022-11-15","2022319","10:58","17.0","58.8909","4.0","","","7.1","","8.1","94","","7","","31.15","13.29","23.36","","","","",""
"2022-11-15","2022319","10:58","17.0","58.8909","5.0","","","7.4","","8.1","94","","7","","31.38","13.30","23.53","","","","",""
"2022-11-15","2022319","10:58","17.0","58.8909","6.0","","","6.9","","8.0","93","","7","","31.47","13.29","23.60","","","","",""
"2022-11-15","2022319","10:58","17.0","58.8909","7.0","","","6.8","","8.0","93","","7","","31.55","13.29","23.66","","","","",""
"2022-11-15","2022319","10:58","17.0","58.8909","8.0","","","6.9","","7.9","92","","7","","31.64","13.28","23.74","","","","",""
"2022-11-15","2022319","10:58","17.0","58.8909","9.0","","","6.1","","7.8","91","","8","","31.77","13.27","23.84","","","","",""
"2022-11-15","2022319","10:58","17.0","58.8909","10.0","","","5.8","","7.7","90","","8","","31.89","13.26","23.93","","","","",""
"2022-11-15","2022319","10:58","17.0","58.8909","11.0","","","5.6","","7.7","90","","9","","31.90","13.26","23.94","","","","",""
"2022-11-15","2022319","10:58","17.0","58.8909","12.0","","","6.4","","7.7","90","","10","","31.90","13.26","23.94","","","","",""
"2022-11-15","2022319","10:40","18.0","54.9481","1.0","","","6.7","","7.9","93","","10","0.99","31.33","13.46","23.46","","","","",""
"2022-11-15","2022319","10:40","18.0","54.9481","2.0","6.4","0.91","6.9","","7.9","93","9.3","10","","31.35","13.46","23.48","1.57","20.99","5.00","3.38","50.92"
"2022-11-15","2022319","10:40","18.0","54.9481","3.0","","","7.8","","7.9","92","","10","","31.37","13.45","23.50","","","","",""
"2022-11-15","2022319","10:40","18.0","54.9481","4.0","","","7.7","","7.9","92","","10","","31.37","13.45","23.50","","","","",""
"2022-11-15","2022319","10:40","18.0","54.9481","5.0","","","7.6","","7.9","92","","10","","31.37","13.44","23.50","","","","",""
"2022-11-15","2022319","10:40","18.0","54.9481","6.0","","","7.2","","7.9","92","","10","","31.37","13.43","23.50","","","","",""
"2022-11-15","2022319","10:40","18.0","54.9481","7.0","","","7.4","","7.9","92","","10","","31.38","13.41","23.51","","","","",""
"2022-11-15","2022319","10:40","18.0","54.9481","8.0","","","7.3","","7.9","92","","10","","31.38","13.40","23.51","","","","",""
"2022-11-15","2022319","10:40","18.0","54.9481","9.0","","","7.3","","7.9","92","","10","","31.39","13.40","23.52","","","","",""
"2022-11-15","2022319","10:40","18.0","54.9481","10.0","","","7.2","","7.9","92","","10","","31.42","13.35","23.55","","","","",""
"2022-11-15","2022319","10:40","18.0","54.9481","11.0","","","7.3","","7.9","92","","9","","31.55","13.26","23.67","","","","",""
"2022-11-15","2022319","10:40","18.0","54.9481","12.0","","","6.6","","7.9","92","","8","","31.71","13.21","23.81","","","","",""
"2022-11-15","2022319","10:40","18.0","54.9481","13.0","","","6.4","","7.9","92","","8","","31.79","13.20","23.87","","","","",""
"2022-11-15","2022319","10:40","18.0","54.9481","14.0","","","6.2","","7.8","91","","8","","31.83","13.20","23.90","","","","",""
"2022-11-15","2022319","10:40","18.0","54.9481","15.0","","","5.8","","7.8","91","","8","","31.86","13.20","23.92","","","","",""
"2022-11-15","2022319","10:40","18.0","54.9481","16.0","","","5.7","","7.8","91","","8","","31.89","13.20","23.95","","","","",""
"2022-11-15","2022319","10:40","18.0","54.9481","17.0","","","6.6","","7.8","91","","8","","31.92","13.21","23.96","","","","",""
"2022-11-15","2022319","10:40","18.0","54.9481","18.0","","","5.3","","7.8","91","","8","","31.93","13.21","23.98","","","","",""
"2022-11-15","2022319","10:40","18.0","54.9481","19.0","","","5.7","","7.8","91","","7","","31.94","13.21","23.98","","","","",""
"2022-11-15","2022319","10:40","18.0","54.9481","20.0","","","5.3","","7.8","91","","8","","31.95","13.21","23.99","","","","",""
"2022-11-15","2022319","10:40","18.0","54.9481","21.0","","","5.4","","7.8","91","","7","","31.96","13.21","23.99","","","","",""
"2022-11-15","2022319","10:40","18.0","54.9481","22.0","","","5.1","","7.8","91","","8","","31.96","13.22","24.00","","","","",""
"2022-11-15","2022319","10:40","18.0","54.9481","23.0","","","5.3","","7.8","91","","8","","31.96","13.22","24.00","","","","",""
"2022-11-15","2022319","10:40","18.0","54.9481","24.0","","","5.3","","7.8","91","","8","","31.96","13.22","24.00","","","","",""
"2022-11-15","2022319","10:40","18.0","54.9481","25.0","","","5.3","","7.8","91","","8","","31.97","13.22","24.00","","","","",""
"2022-11-15","2022319","10:40","18.0","54.9481","26.0","","","5.2","","7.8","91","","8","","31.97","13.22","24.00","","","","",""
"2022-11-15","2022319","10:40","18.0","54.9481","27.0","","","5.4","","7.8","90","","8","","31.97","13.22","24.00","","","","",""
"2022-11-15","2022319","10:40","18.0","54.9481","28.0","","","5.1","","7.8","91","","8","","31.98","13.22","24.01","","","","",""
"2022-11-15","2022319","10:40","18.0","54.9481","29.0","","","4.5","","7.8","90","","8","","31.99","13.22","24.02","","","","",""
"2022-11-15","2022319","10:40","18.0","54.9481","30.0","","","5.2","","7.8","90","","8","","32.00","13.22","24.03","","","","",""
"2022-11-15","2022319","10:40","18.0","54.9481","31.0","","","5.4","","7.8","90","","8","","32.01","13.21","24.03","","","","",""
"2022-11-15","2022319","10:40","18.0","54.9481","32.0","","","5.1","","7.8","90","","8","","32.02","13.21","24.04","","","","",""
"2022-11-15","2022319","10:40","18.0","54.9481","33.0","","","4.6","","7.7","90","","8","","32.03","13.21","24.05","","","","",""
"2022-11-15","2022319","10:40","18.0","54.9481","34.0","","","5.2","","7.7","90","","8","","32.05","13.20","24.07","","","","",""
"2022-11-15","2022319","10:40","18.0","54.9481","35.0","","","4.4","","7.7","90","","8","","32.05","13.20","24.07","","","","",""
"2022-11-15","2022319","10:40","18.0","54.9481","36.0","","","4.9","","7.7","90","","8","","32.05","13.20","24.07","","","","",""
"2022-11-15","2022319","10:40","18.0","54.9481","37.0","","","4.9","","7.7","90","","8","","32.07","13.19","24.08","","","","",""
"2022-11-15","2022319","10:40","18.0","54.9481","38.0","","","4.7","","7.7","90","","9","","32.08","13.19","24.09","","","","",""
"2022-11-15","2022319","10:40","18.0","54.9481","39.0","","","4.7","","7.7","90","","9","","32.08","13.19","24.09","","","","",""
"2022-11-15","2022319","10:40","18.0","54.9481","40.0","","","5.6","","7.7","90","","9","","32.08","13.19","24.09","","","","",""
"2022-11-15","2022319","10:40","18.0","54.9481","41.0","","","4.5","","7.7","90","","9","","32.09","13.19","24.10","","","","",""
"2022-11-15","2022319","10:40","18.0","54.9481","42.0","","","4.2","","7.7","90","","9","","32.09","13.19","24.10","","","","",""
"2022-11-15","2022319","10:40","18.0","54.9481","43.0","","","4.9","","7.7","90","","10","","32.10","13.19","24.11","","","","",""
"2022-11-15","2022319","10:40","18.0","54.9481","44.0","","","4.8","","7.7","89","","10","","32.11","13.18","24.12","","","","",""
"2022-11-15","2022319","10:40","18.0","54.9481","45.0","4.8","0.78","4.7","","7.7","89","12.2","12","","32.11","13.18","24.12","","","","",""
"2022-11-15","2022319","10:25","20.0","51.4501","1.0","","","4.2","","8.1","94","","8","0.98","30.82","13.35","23.09","","","","",""
"2022-11-15","2022319","10:25","20.0","51.4501","2.0","6.3","0.92","6.3","","8.0","93","","8","","30.85","13.34","23.11","","","","",""
"2022-11-15","2022319","10:25","20.0","51.4501","3.0","","","7.8","","7.9","92","","9","","30.93","13.36","23.17","","","","",""
"2022-11-15","2022319","10:25","20.0","51.4501","4.0","","","7.2","","7.9","92","","9","","30.96","13.40","23.19","","","","",""
"2022-11-15","2022319","10:25","20.0","51.4501","5.0","","","6.7","","7.8","91","","10","","31.03","13.42","23.23","","","","",""
"2022-11-15","2022319","10:25","20.0","51.4501","6.0","","","6.7","","7.8","91","","10","","31.07","13.41","23.27","","","","",""
"2022-11-15","2022319","10:25","20.0","51.4501","7.0","","","6.8","","7.8","91","","10","","31.12","13.42","23.31","","","","",""
"2022-11-15","2022319","10:25","20.0","51.4501","8.0","","","6.7","","7.8","91","","10","","31.18","13.43","23.35","","","","",""
"2022-11-15","2022319","10:25","20.0","51.4501","9.0","","","6.6","","7.8","90","","10","","31.34","13.42","23.47","","","","",""
"2022-11-15","2022319","10:25","20.0","51.4501","10.0","","","6.6","","7.7","90","","10","","31.45","13.42","23.56","","","","",""
"2022-11-15","2022319","10:25","20.0","51.4501","11.0","","","6.3","","7.7","90","","11","","31.60","13.41","23.68","","","","",""
"2022-11-15","2022319","10:25","20.0","51.4501","12.0","","","6.1","","7.7","90","","11","","31.69","13.37","23.75","","","","",""
"2022-11-15","2022319","10:25","20.0","51.4501","13.0","","","6.2","","7.7","90","","11","","31.74","13.35","23.80","","","","",""
"2022-11-15","2022319","10:25","20.0","51.4501","14.0","","","5.8","","7.7","90","","11","","31.75","13.34","23.81","","","","",""
"2022-11-15","2022319","10:25","20.0","51.4501","15.0","","","6.0","","7.7","90","","11","","31.76","13.34","23.82","","","","",""
"2022-11-15","2022319","10:25","20.0","51.4501","16.0","","","5.7","","7.7","90","","11","","31.77","13.34","23.82","","","","",""
"2022-11-15","2022319","10:25","20.0","51.4501","17.0","","","5.8","","7.7","90","","12","","31.77","13.34","23.82","","","","",""
"2022-11-15","2022319","10:25","20.0","51.4501","18.0","","","5.5","","7.7","90","","12","","31.77","13.34","23.83","","","","",""
"2022-11-15","2022319","10:25","20.0","51.4501","19.0","","","5.4","","7.7","90","","12","","31.77","13.34","23.82","","","","",""
"2022-11-15","2022319","10:25","20.0","51.4501","20.0","","","5.8","","7.7","90","","12","","31.77","13.34","23.83","","","","",""
"2022-11-15","2022319","10:25","20.0","51.4501","21.0","","","5.5","","7.7","90","","12","","31.77","13.34","23.83","","","","",""
"2022-11-15","2022319","10:25","20.0","51.4501","22.0","","","5.9","","7.7","90","","12","","31.78","13.34","23.83","","","","",""
"2022-11-15","2022319","10:25","20.0","51.4501","23.0","","","5.4","","7.7","90","","12","","31.79","13.33","23.84","","","","",""
"2022-11-15","2022319","10:25","20.0","51.4501","24.0","","","5.8","","7.7","90","","12","","31.82","13.32","23.87","","","","",""
"2022-11-15","2022319","10:25","20.0","51.4501","25.0","","","5.7","","7.7","90","","13","","31.83","13.32","23.87","","","","",""
"2022-11-15","2022319","10:25","20.0","51.4501","26.0","","","6.1","","7.7","90","","13","","31.85","13.31","23.90","","","","",""
"2022-11-15","2022319","10:11","21.0","46.6266","1.0","","","4.2","","8.0","93","","10","1.02","31.16","13.46","23.33","","","","",""
"2022-11-15","2022319","10:11","21.0","46.6266","2.0","6.5","0.91","6.6","","8.0","93","","9","","31.16","13.45","23.33","","","","",""
"2022-11-15","2022319","10:11","21.0","46.6266","3.0","","","7.8","","7.9","92","","10","","31.16","13.45","23.33","","","","",""
"2022-11-15","2022319","10:11","21.0","46.6266","4.0","","","7.4","","7.8","91","","10","","31.18","13.44","23.35","","","","",""
"2022-11-15","2022319","10:11","21.0","46.6266","5.0","","","6.8","","7.8","91","","11","","31.20","13.47","23.36","","","","",""
"2022-11-15","2022319","10:11","21.0","46.6266","6.0","","","6.5","","7.8","91","","11","","31.23","13.53","23.37","","","","",""
"2022-11-15","2022319","10:11","21.0","46.6266","7.0","","","6.3","","7.7","90","","11","","31.24","13.55","23.37","","","","",""
"2022-11-15","2022319","10:11","21.0","46.6266","8.0","","","6.1","","7.7","90","","12","","31.26","13.58","23.39","","","","",""
"2022-11-15","2022319","10:11","21.0","46.6266","9.0","","","6.2","","7.7","90","","12","","31.29","13.61","23.40","","","","",""
"2022-11-15","2022319","10:11","21.0","46.6266","10.0","","","6.0","","7.7","90","","13","","31.33","13.65","23.42","","","","",""
"2022-11-15","2022319","10:11","21.0","46.6266","11.0","","","6.6","","7.7","90","","15","","31.36","13.69","23.44","","","","",""
"2022-11-15","2022319","10:11","21.0","46.6266","12.0","","","6.5","","7.7","90","","19","","31.37","13.70","23.44","","","","",""
"2022-11-15","2022319","10:11","21.0","46.6266","13.0","","","6.6","","7.7","90","","19","","31.37","13.70","23.45","","","","",""
"2022-11-15","2022319","10:11","21.0","46.6266","14.0","","","6.8","","7.7","90","","20","","31.37","13.70","23.45","","","","",""
"2022-11-15","2022319","10:11","21.0","46.6266","15.0","","","6.9","","7.7","90","","21","","31.38","13.70","23.45","","","","",""
"2022-11-15","2022319","10:11","21.0","46.6266","16.0","","","7.5","","7.7","90","","25","","31.38","13.71","23.45","","","","",""
"2022-11-15","2022319","10:11","21.0","46.6266","17.0","","","7.2","","7.7","90","","25","","31.38","13.71","23.45","","","","",""
"2022-11-15","2022319","10:11","21.0","46.6266","18.0","","","7.3","","7.7","90","","25","","31.38","13.71","23.45","","","","",""
"2022-11-15","2022319","9:59","22.0","43.9210","1.0","","","3.9","","7.9","93","","10","1.08","31.12","13.50","23.29","","","","",""
"2022-11-15","2022319","9:59","22.0","43.9210","2.0","6.1","0.90","6.5","","7.9","93","9.6","10","","31.12","13.50","23.29","1.66","22.20","5.35","3.71","48.07"
"2022-11-15","2022319","9:59","22.0","43.9210","3.0","","","7.2","","7.9","92","","10","","31.13","13.50","23.30","","","","",""
"2022-11-15","2022319","9:59","22.0","43.9210","4.0","","","7.4","","7.9","92","","10","","31.15","13.51","23.31","","","","",""
"2022-11-15","2022319","9:59","22.0","43.9210","5.0","","","7.4","","7.8","91","","11","","31.19","13.56","23.33","","","","",""
"2022-11-15","2022319","9:59","22.0","43.9210","6.0","","","7.1","","7.7","91","","12","","31.27","13.66","23.37","","","","",""
"2022-11-15","2022319","9:59","22.0","43.9210","7.0","","","7.1","","7.7","91","","13","","31.29","13.68","23.39","","","","",""
"2022-11-15","2022319","9:59","22.0","43.9210","8.0","","","7.1","","7.7","91","","14","","31.32","13.70","23.41","","","","",""
"2022-11-15","2022319","9:59","22.0","43.9210","9.0","","","6.9","","7.7","91","","14","","31.39","13.74","23.45","","","","",""
"2022-11-15","2022319","9:59","22.0","43.9210","10.0","","","6.9","","7.7","91","","14","","31.40","13.75","23.46","","","","",""
"2022-11-15","2022319","9:59","22.0","43.9210","11.0","","","7.0","","7.7","91","","14","","31.41","13.76","23.46","","","","",""
"2022-11-15","2022319","9:59","22.0","43.9210","12.0","","","6.8","","7.7","91","","14","","31.41","13.77","23.46","","","","",""
"2022-11-15","2022319","9:59","22.0","43.9210","13.0","","","6.9","","7.7","91","","13","","31.41","13.77","23.46","","","","",""
"2022-11-15","2022319","9:59","22.0","43.9210","14.0","","","7.0","","7.7","91","","14","","31.42","13.78","23.47","","","","",""
"2022-11-15","2022319","9:59","22.0","43.9210","15.0","","","7.1","","7.7","91","","14","","31.42","13.78","23.47","","","","",""
"2022-11-15","2022319","9:59","22.0","43.9210","16.0","","","6.8","","7.7","91","","15","","31.44","13.80","23.48","","","","",""
"2022-11-15","2022319","9:59","22.0","43.9210","17.0","","","7.0","","7.7","91","","17","","31.45","13.82","23.48","","","","",""
"2022-11-15","2022319","9:59","22.0","43.9210","18.0","","","7.4","","7.7","91","","19","","31.46","13.83","23.49","","","","",""
"2022-11-15","2022319","9:59","22.0","43.9210","19.0","7.6","0.86","7.3","","7.7","91","20.5","21","","31.46","13.83","23.49","","","","",""
"2022-11-15","2022319","9:41","23.0","39.6557","1.0","","","5.8","","7.8","92","","14","1.11","31.55","13.72","23.58","","","","",""
"2022-11-15","2022319","9:41","23.0","39.6557","2.0","","","7.5","","7.8","92","","14","","31.55","13.71","23.58","","","","",""
"2022-11-15","2022319","9:41","23.0","39.6557","3.0","","","7.7","","7.8","92","","14","","31.56","13.72","23.58","","","","",""
"2022-11-15","2022319","9:41","23.0","39.6557","4.0","","","7.7","","7.8","91","","14","","31.56","13.71","23.58","","","","",""
"2022-11-15","2022319","9:41","23.0","39.6557","5.0","","","7.4","","7.8","91","","14","","31.56","13.73","23.59","","","","",""
"2022-11-15","2022319","9:41","23.0","39.6557","6.0","","","7.5","","7.7","91","","15","","31.57","13.73","23.59","","","","",""
"2022-11-15","2022319","9:41","23.0","39.6557","7.0","","","7.5","","7.7","91","","15","","31.58","13.76","23.59","","","","",""
"2022-11-15","2022319","9:41","23.0","39.6557","8.0","","","7.5","","7.7","91","","17","","31.58","13.78","23.59","","","","",""
"2022-11-15","2022319","9:41","23.0","39.6557","9.0","","","7.4","","7.7","91","","18","","31.59","13.79","23.59","","","","",""
"2022-11-15","2022319","9:41","23.0","39.6557","10.0","","","7.6","","7.7","91","","18","","31.59","13.79","23.59","","","","",""
"2022-11-15","2022319","9:41","23.0","39.6557","11.0","","","7.6","","7.7","91","","18","","31.59","13.80","23.60","","","","",""
"2022-11-15","2022319","9:41","23.0","39.6557","12.0","","","7.7","","7.7","91","","19","","31.60","13.80","23.60","","","","",""
"2022-11-15","2022319","9:41","23.0","39.6557","13.0","","","7.7","","7.7","91","","20","","31.60","13.80","23.60","","","","",""
"2022-11-15","2022319","9:41","23.0","39.6557","14.0","","","7.8","","7.7","91","","20","","31.60","13.80","23.60","","","","",""
"2022-11-15","2022319","9:41","23.0","39.6557","15.0","","","7.8","","7.7","91","","20","","31.59","13.80","23.60","","","","",""
"2022-11-15","2022319","9:29","24.0","37.0911","1.0","","","5.7","","8.0","94","","11","1.06","31.54","13.72","23.57","","","","",""
"2022-11-15","2022319","9:29","24.0","37.0911","2.0","7.8","0.93","7.8","","8.0","94","11.3","11","","31.67","13.71","23.67","2.14","22.49","5.35","4.46","48.78"
"2022-11-15","2022319","9:29","24.0","37.0911","3.0","","","8.6","","8.0","94","","13","","31.83","13.79","23.78","","","","",""
"2022-11-15","2022319","9:29","24.0","37.0911","4.0","","","8.3","","7.9","94","","14","","31.97","13.86","23.88","","","","",""
"2022-11-15","2022319","9:29","24.0","37.0911","5.0","","","8.7","","7.9","93","","16","","32.06","13.90","23.93","","","","",""
"2022-11-15","2022319","9:29","24.0","37.0911","6.0","","","8.5","","7.9","93","","17","","32.08","13.92","23.95","","","","",""
"2022-11-15","2022319","9:29","24.0","37.0911","7.0","","","9.4","","7.9","93","","20","","32.09","13.92","23.96","","","","",""
"2022-11-15","2022319","9:29","24.0","37.0911","8.0","","","9.2","","7.8","93","","20","","32.09","13.92","23.96","","","","",""
"2022-11-15","2022319","9:29","24.0","37.0911","9.0","","","8.9","","7.8","93","","21","","32.09","13.92","23.96","","","","",""
"2022-11-15","2022319","9:29","24.0","37.0911","10.0","","","9.2","","7.8","93","","21","","32.10","13.92","23.96","","","","",""
"2022-11-15","2022319","9:29","24.0","37.0911","11.0","9.8","0.83","9.2","","7.8","93","27.4","22","","32.10","13.92","23.96","","","","",""
"2022-11-15","2022319","9:18","25.0","32.8382","1.0","","","8.2","","8.1","96","","17","1.16","32.31","13.99","24.11","","","","",""
"2022-11-15","2022319","9:18","25.0","32.8382","2.0","","","10.0","","8.0","95","","18","","32.31","13.98","24.11","","","","",""
"2022-11-15","2022319","9:18","25.0","32.8382","3.0","","","10.5","","8.0","95","","18","","32.31","13.98","24.11","","","","",""
"2022-11-15","2022319","9:18","25.0","32.8382","4.0","","","11.1","","8.0","95","","19","","32.31","13.97","24.12","","","","",""
"2022-11-15","2022319","9:18","25.0","32.8382","5.0","","","9.9","","8.0","94","","20","","32.31","13.97","24.12","","","","",""
"2022-11-15","2022319","9:18","25.0","32.8382","6.0","","","10.7","","8.0","94","","20","","32.31","13.97","24.12","","","","",""
"2022-11-15","2022319","9:18","25.0","32.8382","7.0","","","10.7","","7.9","94","","20","","32.31","13.97","24.12","","","","",""
"2022-11-15","2022319","9:18","25.0","32.8382","8.0","","","10.3","","8.0","94","","20","","32.31","13.97","24.12","","","","",""
"2022-11-15","2022319","9:18","25.0","32.8382","9.0","","","9.9","","8.0","94","","20","","32.31","13.97","24.12","","","","",""
"2022-11-15","2022319","9:06","26.0","28.7560","1.0","","","9.4","","8.1","96","","17","1.18","32.37","14.09","24.13","","","","",""
"2022-11-15","2022319","9:06","26.0","28.7560","2.0","","","11.2","","8.0","95","","17","","32.38","14.06","24.15","","","","",""
"2022-11-15","2022319","9:06","26.0","28.7560","3.0","","","10.9","","7.9","94","","21","","32.39","14.07","24.16","","","","",""
"2022-11-15","2022319","9:06","26.0","28.7560","4.0","","","13.4","","7.9","94","","26","","32.42","14.08","24.18","","","","",""
"2022-11-15","2022319","9:06","26.0","28.7560","5.0","","","14.3","","7.9","94","","31","","32.46","14.05","24.21","","","","",""
"2022-11-15","2022319","9:06","26.0","28.7560","6.0","","","12.1","","7.9","94","","29","","32.50","13.98","24.26","","","","",""
"2022-11-15","2022319","9:06","26.0","28.7560","7.0","","","10.2","","8.0","95","","27","","32.53","13.97","24.29","","","","",""
"2022-11-15","2022319","9:06","26.0","28.7560","8.0","","","9.9","","8.0","96","","25","","32.56","13.99","24.30","","","","",""
"2022-11-15","2022319","9:06","26.0","28.7560","9.0","","","10.2","","8.0","96","","26","","32.56","13.99","24.30","","","","",""
"2022-11-15","2022319","9:06","26.0","28.7560","10.0","","","10.7","","8.1","96","","27","","32.56","14.00","24.30","","","","",""
"2022-11-15","2022319","9:06","26.0","28.7560","11.0","","","11.5","","8.1","96","","27","","32.56","14.00","24.30","","","","",""
"2022-11-15","2022319","8:55","27.0","26.1872","1.0","","","12.4","","7.9","94","","20","1.18","32.54","13.90","24.31","","","","",""
"2022-11-15","2022319","8:55","27.0","26.1872","2.0","12.3","0.96","12.6","","7.9","94","19.6","21","","32.54","13.90","24.31","4.18","25.99","1.14","7.35","56.61"
"2022-11-15","2022319","8:55","27.0","26.1872","3.0","","","11.5","","7.9","94","","23","","32.54","13.90","24.31","","","","",""
"2022-11-15","2022319","8:55","27.0","26.1872","4.0","","","11.2","","7.9","93","","23","","32.54","13.89","24.31","","","","",""
"2022-11-15","2022319","8:55","27.0","26.1872","5.0","","","11.6","","7.9","93","","26","","32.54","13.89","24.31","","","","",""
"2022-11-15","2022319","8:55","27.0","26.1872","6.0","","","12.8","","7.8","93","","28","","32.54","13.89","24.31","","","","",""
"2022-11-15","2022319","8:55","27.0","26.1872","7.0","","","11.7","","7.8","93","","28","","32.54","13.89","24.31","","","","",""
"2022-11-15","2022319","8:55","27.0","26.1872","8.0","","","12.0","","7.9","93","","29","","32.54","13.89","24.31","","","","",""
"2022-11-15","2022319","8:55","27.0","26.1872","9.0","","","12.2","","7.9","94","","30","","32.55","13.89","24.32","","","","",""
"2022-11-15","2022319","8:55","27.0","26.1872","10.0","","","11.9","","7.9","94","","32","","32.57","13.87","24.34","","","","",""
"2022-11-15","2022319","8:55","27.0","26.1872","11.0","13.0","0.89","12.8","","8.0","95","34.7","32","","32.60","13.85","24.37","","","","",""
"2022-11-15","2022319","8:45","28.0","23.5695","1.0","","","14.6","","8.0","95","","27","1.60","32.58","13.86","24.34","","","","",""
"2022-11-15","2022319","8:45","28.0","23.5695","2.0","","","13.6","","8.0","95","","26","","32.58","13.87","24.34","","","","",""
"2022-11-15","2022319","8:45","28.0","23.5695","3.0","","","13.7","","7.9","94","","26","","32.58","13.85","24.34","","","","",""
"2022-11-15","2022319","8:45","28.0","23.5695","4.0","","","12.8","","7.9","94","","28","","32.58","13.84","24.35","","","","",""
"2022-11-15","2022319","8:45","28.0","23.5695","5.0","","","13.0","","7.9","94","","28","","32.58","13.85","24.35","","","","",""
"2022-11-15","2022319","8:45","28.0","23.5695","6.0","","","12.7","","7.9","94","","29","","32.58","13.85","24.35","","","","",""
"2022-11-15","2022319","8:45","28.0","23.5695","7.0","","","13.0","","7.9","94","","30","","32.59","13.85","24.35","","","","",""
"2022-11-15","2022319","8:45","28.0","23.5695","8.0","","","12.2","","8.0","94","","31","","32.60","13.85","24.36","","","","",""
"2022-11-15","2022319","8:45","28.0","23.5695","9.0","","","11.8","","8.0","95","","32","","32.61","13.85","24.37","","","","",""
"2022-11-15","2022319","8:45","28.0","23.5695","10.0","","","12.5","","8.1","96","","32","","32.65","13.83","24.41","","","","",""
"2022-11-15","2022319","8:45","28.0","23.5695","11.0","","","12.0","","8.1","96","","31","","32.67","13.83","24.42","","","","",""
"2022-11-15","2022319","8:45","28.0","23.5695","12.0","","","11.2","","8.1","96","","31","","32.70","13.78","24.46","","","","",""
"2022-11-15","2022319","8:45","28.0","23.5695","13.0","","","10.0","","8.1","96","","33","","32.72","13.74","24.48","","","","",""
"2022-11-15","2022319","8:35","29.0","20.2526","1.0","","","12.4","","8.1","96","","23","1.38","32.56","14.00","24.30","","","","",""
"2022-11-15","2022319","8:35","29.0","20.2526","2.0","","","12.7","","8.1","96","","26","","32.56","13.99","24.30","","","","",""
"2022-11-15","2022319","8:35","29.0","20.2526","3.0","","","13.0","","8.0","96","","30","","32.56","13.99","24.30","","","","",""
"2022-11-15","2022319","8:35","29.0","20.2526","4.0","","","12.8","","8.0","96","","30","","32.56","13.99","24.30","","","","",""
"2022-11-15","2022319","8:35","29.0","20.2526","5.0","","","13.0","","8.0","95","","31","","32.56","13.99","24.30","","","","",""
"2022-11-15","2022319","8:35","29.0","20.2526","6.0","","","12.7","","8.0","95","","32","","32.56","14.00","24.30","","","","",""
"2022-11-15","2022319","8:35","29.0","20.2526","7.0","","","13.4","","8.0","95","","33","","32.56","14.00","24.30","","","","",""
"2022-11-15","2022319","8:35","29.0","20.2526","8.0","","","13.0","","8.0","95","","34","","32.56","14.00","24.30","","","","",""
"2022-11-15","2022319","8:35","29.0","20.2526","9.0","","","12.6","","8.0","95","","35","","32.56","14.00","24.31","","","","",""
"2022-11-15","2022319","8:35","29.0","20.2526","10.0","","","14.0","","7.9","94","","36","","32.57","14.00","24.31","","","","",""
"2022-11-15","2022319","8:35","29.0","20.2526","11.0","","","14.5","","7.9","94","","39","","32.58","13.97","24.32","","","","",""
"2022-11-15","2022319","8:35","29.0","20.2526","12.0","","","14.2","","7.9","94","","41","","32.59","13.96","24.33","","","","",""
"2022-11-15","2022319","8:35","29.0","20.2526","13.0","","","14.5","","7.9","93","","42","","32.59","13.94","24.34","","","","",""
"2022-11-15","2022319","8:35","29.0","20.2526","14.0","","","13.9","","7.9","93","","41","","32.60","13.93","24.35","","","","",""
"2022-11-15","2022319","8:20","30.0","14.7543","1.0","","","18.1","","8.3","98","","23","1.35","32.42","13.90","24.22","","","","",""
"2022-11-15","2022319","8:20","30.0","14.7543","2.0","14.2","0.95","14.1","","8.3","98","21.1","23","","32.42","13.90","24.22","3.81","29.13","3.14","8.08","59.82"
"2022-11-15","2022319","8:20","30.0","14.7543","3.0","","","14.1","","8.3","98","","23","","32.42","13.90","24.22","","","","",""
"2022-11-15","2022319","8:20","30.0","14.7543","4.0","","","14.4","","8.2","98","","24","","32.45","13.93","24.23","","","","",""
"2022-11-15","2022319","8:20","30.0","14.7543","5.0","","","15.0","","8.2","98","","27","","32.47","13.94","24.24","","","","",""
"2022-11-15","2022319","8:20","30.0","14.7543","6.0","","","16.0","","8.2","98","","28","","32.47","13.94","24.25","","","","",""
"2022-11-15","2022319","8:20","30.0","14.7543","7.0","","","15.8","","8.2","98","","28","","32.48","13.95","24.25","","","","",""
"2022-11-15","2022319","8:20","30.0","14.7543","8.0","","","17.8","","8.2","97","","29","","32.50","13.96","24.26","","","","",""
"2022-11-15","2022319","8:20","30.0","14.7543","9.0","","","17.1","","8.2","97","","31","","32.50","13.96","24.27","","","","",""
"2022-11-15","2022319","8:20","30.0","14.7543","10.0","","","16.8","","8.2","97","","31","","32.51","13.96","24.27","","","","",""
"2022-11-15","2022319","8:20","30.0","14.7543","11.0","","","16.6","","8.2","97","","32","","32.52","13.96","24.28","","","","",""
"2022-11-15","2022319","8:20","30.0","14.7543","12.0","17.2","0.83","16.8","","8.2","97","","35","","32.52","13.96","24.28","","","","",""
"2022-11-15","2022319","8:06","31.0","10.6065","1.0","","","21.7","","8.7","102","","22","1.33","32.08","13.74","23.98","","","","",""
"2022-11-15","2022319","8:06","31.0","10.6065","2.0","","","20.8","","8.6","102","","22","","32.07","13.73","23.98","","","","",""
"2022-11-15","2022319","8:06","31.0","10.6065","3.0","","","20.3","","8.6","102","","22","","32.10","13.75","24.00","","","","",""
"2022-11-15","2022319","8:06","31.0","10.6065","4.0","","","20.6","","8.6","102","","22","","32.11","13.75","24.00","","","","",""
"2022-11-15","2022319","8:06","31.0","10.6065","5.0","","","20.7","","8.7","102","","22","","32.19","13.79","24.06","","","","",""
"2022-11-15","2022319","8:06","31.0","10.6065","6.0","","","20.7","","8.6","101","","23","","32.22","13.81","24.08","","","","",""
"2022-11-15","2022319","8:06","31.0","10.6065","7.0","","","21.3","","8.5","100","","25","","32.29","13.95","24.10","","","","",""
"2022-11-15","2022319","8:06","31.0","10.6065","8.0","","","21.5","","8.4","100","","29","","32.32","14.01","24.12","","","","",""
"2022-11-15","2022319","8:06","31.0","10.6065","9.0","","","21.6","","8.4","100","","31","","32.34","14.02","24.13","","","","",""
"2022-11-15","2022319","8:06","31.0","10.6065","10.0","","","20.1","","8.4","100","","32","","32.35","14.02","24.13","","","","",""
"2022-11-15","2022319","8:06","31.0","10.6065","11.0","","","19.6","","8.4","99","","33","","32.35","14.03","24.14","","","","",""
"2022-11-15","2022319","8:06","31.0","10.6065","12.0","","","21.3","","8.4","99","","35","","32.35","14.03","24.14","","","","",""
"2022-11-15","2022319","7:57","32.0","8.1507","1.0","","","28.1","","9.1","106","","26","1.54","31.26","13.41","23.42","","","","",""
"2022-11-15","2022319","7:57","32.0","8.1507","2.0","26.5","0.94","26.6","","9.0","105","19.9","26","","31.36","13.45","23.48","3.49","34.48","0.86","9.31","63.02"
"2022-11-15","2022319","7:57","32.0","8.1507","3.0","","","26.7","","8.9","104","","26","","31.56","13.56","23.62","","","","",""
"2022-11-15","2022319","7:57","32.0","8.1507","4.0","","","24.0","","8.7","103","","26","","31.74","13.63","23.74","","","","",""
"2022-11-15","2022319","7:57","32.0","8.1507","5.0","","","22.2","","8.6","102","","26","","31.93","13.73","23.87","","","","",""
"2022-11-15","2022319","7:57","32.0","8.1507","6.0","","","20.3","","8.6","101","","27","","32.03","13.76","23.94","","","","",""
"2022-11-15","2022319","7:57","32.0","8.1507","7.0","","","18.7","","8.6","101","","28","","32.04","13.76","23.95","","","","",""
"2022-11-15","2022319","7:57","32.0","8.1507","8.0","","","18.3","","8.6","101","","28","","32.06","13.78","23.96","","","","",""
"2022-11-15","2022319","7:57","32.0","8.1507","9.0","21.7","0.93","17.3","","8.6","101","","28","","32.06","13.78","23.96","","","","",""
"2022-11-15","2022319","7:49","33.0","6.8085","1.0","","","27.4","","9.0","105","","17","1.14","31.42","13.47","23.53","","","","",""
"2022-11-15","2022319","7:49","33.0","6.8085","2.0","","","25.5","","9.0","105","20.2","18","","31.42","13.47","23.53","","","","",""
"2022-11-15","2022319","7:49","33.0","6.8085","3.0","","","25.7","","9.0","105","","17","","31.50","13.53","23.58","","","","",""
"2022-11-15","2022319","7:49","33.0","6.8085","4.0","","","24.3","","8.9","105","","18","","31.64","13.65","23.67","","","","",""
"2022-11-15","2022319","7:49","33.0","6.8085","5.0","","","24.2","","8.9","104","","24","","31.71","13.71","23.70","","","","",""
"2022-11-15","2022319","7:49","33.0","6.8085","6.0","","","25.6","","8.8","104","","29","","31.74","13.73","23.72","","","","",""
"2022-11-15","2022319","7:49","33.0","6.8085","7.0","","","27.3","","8.8","103","","29","","31.81","13.79","23.77","","","","",""
"2022-11-15","2022319","7:49","33.0","6.8085","8.0","","","25.6","","8.7","103","","33","","31.86","13.81","23.80","","","","",""
"2022-11-15","2022319","7:49","33.0","6.8085","9.0","","","23.0","","8.8","103","","36","","31.89","13.80","23.83","","","","",""
"2022-11-15","2022319","7:49","33.0","6.8085","10.0","","","22.5","","8.7","103","","32","","31.92","13.78","23.85","","","","",""
"2022-11-15","2022319","7:49","33.0","6.8085","11.0","","","21.5","","8.7","103","","27","","31.97","13.82","23.88","","","","",""
"2022-11-15","2022319","7:49","33.0","6.8085","12.0","","","21.9","","8.7","103","","31","","31.97","13.83","23.89","","","","",""
"2022-11-15","2022319","7:34","34.0","3.5290","1.0","","","34.3","","9.2","107","","22","1.28","31.05","13.56","23.22","","","","",""
"2022-11-15","2022319","7:34","34.0","3.5290","2.0","28.1","0.96","28.9","","9.1","106","20.7","20","","31.22","13.67","23.33","","","","",""
"2022-11-15","2022319","7:34","34.0","3.5290","3.0","","","27.5","","9.0","106","","25","","31.40","13.80","23.45","","","","",""
"2022-11-15","2022319","7:34","34.0","3.5290","4.0","","","26.5","","9.0","106","","24","","31.41","13.80","23.45","","","","",""
"2022-11-15","2022319","7:34","34.0","3.5290","5.0","","","26.1","","9.0","106","","24","","31.41","13.80","23.45","","","","",""
"2022-11-15","2022319","7:34","34.0","3.5290","6.0","","","25.6","","9.1","107","","23","","31.40","13.79","23.45","","","","",""
"2022-11-15","2022319","7:34","34.0","3.5290","7.0","","","25.8","","9.1","107","","22","","31.44","13.77","23.48","","","","",""
"2022-11-15","2022319","7:34","34.0","3.5290","8.0","","","27.0","","9.0","106","","23","","31.48","13.80","23.51","","","","",""
"2022-11-15","2022319","7:34","34.0","3.5290","9.0","28.8","0.91","27.2","","9.0","106","","27","","31.56","13.85","23.56","","","","",""
"2022-11-15","2022319","7:23","35.0","1.6576","1.0","","","36.7","","9.4","109","","21","1.23","30.53","13.53","22.83","","","","",""
"2022-11-15","2022319","7:23","35.0","1.6576","2.0","31.0","0.94","32.2","","9.3","108","19.9","22","","30.73","13.66","22.96","","","","",""
"2022-11-15","2022319","7:23","35.0","1.6576","3.0","","","32.1","","9.2","108","","26","","30.78","13.67","23.00","","","","",""
"2022-11-15","2022319","7:23","35.0","1.6576","4.0","","","32.6","","9.2","107","","31","","30.86","13.68","23.06","","","","",""
"2022-11-15","2022319","7:23","35.0","1.6576","5.0","","","33.4","","9.2","107","","37","","30.94","13.71","23.11","","","","",""
"2022-11-15","2022319","7:23","35.0","1.6576","6.0","","","31.6","","9.2","107","","43","","31.00","13.74","23.15","","","","",""
"2022-11-15","2022319","7:23","35.0","1.6576","7.0","","","28.8","","9.2","107","","45","","31.01","13.74","23.16","","","","",""
"2022-11-15","2022319","7:15","36.0","0.0000","1.0","","","34.7","","9.5","110","","27","1.58","30.19","13.31","22.61","","","","",""
"2022-11-15","2022319","7:15","36.0","0.0000","2.0","32.7","0.90","33.6","","9.4","109","26.3","27","","30.37","13.50","22.71","2.86","43.05","","10.07","67.29"
"2022-11-15","2022319","7:15","36.0","0.0000","3.0","","","34.5","","9.3","109","","48","","30.52","13.58","22.81","","","","",""
"2022-11-15","2022319","7:15","36.0","0.0000","4.0","","","35.0","","9.3","109","","59","","30.54","13.58","22.83","","","","",""
"2022-11-15","2022319","7:15","36.0","0.0000","5.0","","","35.9","","9.3","109","","64","","30.55","13.58","22.83","","","","",""
"2022-11-15","2022319","7:15","36.0","0.0000","6.0","38.1","0.89","36.9","","9.3","109","69.5","69","","30.56","13.58","22.84","","","","",""
"2022-11-15","2022319","15:12","649.0","132.9388","1.0","","","2.1","","9.7","95","","16","1.23","2.99","13.65","1.61","","","","",""
"2022-11-15","2022319","15:12","649.0","132.9388","2.0","2.0","0.70","1.7","","9.6","95","16.2","16","","3.29","13.56","1.85","0.54","15.71","4.07","1.80","191.91"
"2022-11-15","2022319","15:12","649.0","132.9388","3.0","","","1.5","","9.6","94","","15","","3.62","13.53","2.11","","","","",""
"2022-11-15","2022319","15:12","649.0","132.9388","4.0","","","1.5","","9.5","94","","15","","3.84","13.45","2.29","","","","",""
"2022-11-15","2022319","15:12","649.0","132.9388","5.0","","","1.4","","9.5","93","","15","","3.88","13.42","2.33","","","","",""
"2022-11-15","2022319","15:12","649.0","132.9388","6.0","","","1.4","","9.5","93","","15","","4.14","13.44","2.53","","","","",""
"2022-11-15","2022319","15:12","649.0","132.9388","7.0","","","1.4","","9.4","93","","15","","4.52","13.44","2.82","","","","",""
"2022-11-15","2022319","15:12","649.0","132.9388","8.0","","","1.5","","9.4","93","","15","","4.92","13.45","3.12","","","","",""
"2022-11-15","2022319","15:12","649.0","132.9388","9.0","","","1.4","","9.4","93","","15","","5.41","13.45","3.50","","","","",""
"2022-11-15","2022319","15:12","649.0","132.9388","10.0","","","1.5","","9.4","93","","15","","5.55","13.44","3.61","","","","",""
"2022-11-15","2022319","15:12","649.0","132.9388","11.0","1.0","0.60","1.4","","9.4","93","16.4","15","","5.60","13.44","3.66","","","","",""
"2022-11-15","2022319","15:58","657.0","147.2548","1.0","","","0.6","","10.5","98","","12","1.16","0.10","12.48","","","","","",""
"2022-11-15","2022319","15:58","657.0","147.2548","2.0","1.3","0.69","0.7","","10.4","98","","12","","0.11","12.48","","0.17","16.49","1.43","1.91","245.32"
"2022-11-15","2022319","15:58","657.0","147.2548","3.0","","","0.6","","10.5","98","","12","","0.11","12.49","","","","","",""
"2022-11-15","2022319","15:58","657.0","147.2548","4.0","","","0.6","","10.4","98","","12","","0.11","12.49","","","","","",""
"2022-11-15","2022319","15:58","657.0","147.2548","5.0","","","0.6","","10.4","98","","12","","0.11","12.49","","","","","",""
"2022-11-15","2022319","15:58","657.0","147.2548","6.0","","","0.6","","10.5","98","","12","","0.11","12.49","","","","","",""
"2022-11-15","2022319","15:58","657.0","147.2548","7.0","","","0.6","","10.5","98","","12","","0.11","12.49","","","","","",""
"2022-11-15","2022319","15:58","657.0","147.2548","8.0","","","0.7","","10.5","98","","12","","0.11","12.49","","","","","",""
"2022-11-15","2022319","15:58","657.0","147.2548","9.0","1.3","0.65","0.6","","10.5","98","","12","","0.11","12.49","","","","","",""