"Date","Julian Date","Time","Station","Distance from Sta. 36 (km)","Depth (m)","Discrete Chlorophyll-a (micrograms/L)","Discrete Chlorophyll-Pheopigment Ratio","Calculated Chlorophyll-a (micrograms/L)","Discrete Oxygen (mg/L)","Oxygen (mg/L)","Oxygen % Saturation","Discrete SPM (mg/L)","Calculated SPM (mg/L)","Extinction Coefficient","Salinity","Temperature (Degrees Celsius)","Sigma-t","NO2 (Micromolar)","NO32 (Micromolar)","NH4 (Micromolar)","PO4 (Micromolar)","Si (Micromolar)"
"2025-01-21","2025021","11:15","18.0","54.9481","1.0","","","3.5","","8.8","92","","4","0.86","22.68","11.10","17.19","","","","",""
"2025-01-21","2025021","11:15","18.0","54.9481","2.0","3.7","0.86","3.8","","8.6","92","6.1","4","","23.90","11.24","18.11","","","","",""
"2025-01-21","2025021","11:15","18.0","54.9481","3.0","","","3.7","","8.6","91","","4","","24.21","11.30","18.34","","","","",""
"2025-01-21","2025021","11:15","18.0","54.9481","4.0","","","3.6","","8.6","92","","4","","24.22","11.30","18.35","","","","",""
"2025-01-21","2025021","11:15","18.0","54.9481","5.0","","","3.5","","8.6","91","","4","","24.19","11.29","18.32","","","","",""
"2025-01-21","2025021","11:15","18.0","54.9481","6.0","","","3.4","","8.6","91","","3","","24.23","11.30","18.36","","","","",""
"2025-01-21","2025021","11:15","18.0","54.9481","7.0","","","3.4","","8.6","91","","3","","24.29","11.31","18.40","","","","",""
"2025-01-21","2025021","11:15","18.0","54.9481","8.0","","","3.3","","8.6","91","","4","","24.49","11.35","18.55","","","","",""
"2025-01-21","2025021","11:15","18.0","54.9481","9.0","","","3.2","","8.6","92","","4","","24.50","11.35","18.56","","","","",""
"2025-01-21","2025021","11:15","18.0","54.9481","10.0","","","3.2","","8.5","91","","4","","24.57","11.37","18.61","","","","",""
"2025-01-21","2025021","11:15","18.0","54.9481","11.0","","","3.1","","8.4","91","","5","","25.18","11.47","19.07","","","","",""
"2025-01-21","2025021","11:15","18.0","54.9481","12.0","","","2.9","","8.4","90","","7","","25.54","11.51","19.34","","","","",""
"2025-01-21","2025021","11:15","18.0","54.9481","13.0","","","3.1","","8.3","90","","8","","25.68","11.52","19.44","","","","",""
"2025-01-21","2025021","11:15","18.0","54.9481","14.0","","","3.1","","8.3","90","","8","","25.73","11.52","19.48","","","","",""
"2025-01-21","2025021","11:15","18.0","54.9481","15.0","","","3.2","","8.3","90","","7","","25.75","11.52","19.50","","","","",""
"2025-01-21","2025021","11:15","18.0","54.9481","16.0","","","3.1","","8.3","90","","7","","25.77","11.52","19.51","","","","",""
"2025-01-21","2025021","11:15","18.0","54.9481","17.0","","","3.3","","8.3","90","","7","","25.78","11.51","19.52","","","","",""
"2025-01-21","2025021","11:15","18.0","54.9481","18.0","","","3.3","","8.3","90","","7","","25.82","11.51","19.56","","","","",""
"2025-01-21","2025021","11:15","18.0","54.9481","19.0","","","3.1","","8.3","90","","6","","25.96","11.51","19.66","","","","",""
"2025-01-21","2025021","11:15","18.0","54.9481","20.0","","","3.3","","8.3","90","","6","","26.37","11.50","19.98","","","","",""
"2025-01-21","2025021","11:15","18.0","54.9481","21.0","","","3.4","","8.3","90","","6","","26.73","11.49","20.26","","","","",""
"2025-01-21","2025021","11:15","18.0","54.9481","22.0","","","3.7","","8.2","90","","6","","26.95","11.48","20.43","","","","",""
"2025-01-21","2025021","11:15","18.0","54.9481","23.0","","","3.6","","8.2","90","","6","","27.43","11.48","20.81","","","","",""
"2025-01-21","2025021","11:15","18.0","54.9481","24.0","","","3.6","","8.2","89","","6","","27.61","11.48","20.94","","","","",""
"2025-01-21","2025021","11:15","18.0","54.9481","25.0","","","3.7","","8.1","89","","6","","27.80","11.50","21.09","","","","",""
"2025-01-21","2025021","11:15","18.0","54.9481","26.0","","","3.5","","8.1","89","","6","","28.05","11.53","21.28","","","","",""
"2025-01-21","2025021","11:15","18.0","54.9481","27.0","","","3.6","","8.1","89","","7","","28.26","11.56","21.44","","","","",""
"2025-01-21","2025021","11:15","18.0","54.9481","28.0","","","3.5","","8.1","89","","7","","28.45","11.56","21.58","","","","",""
"2025-01-21","2025021","11:15","18.0","54.9481","29.0","","","3.5","","8.0","88","","9","","28.78","11.57","21.84","","","","",""
"2025-01-21","2025021","11:15","18.0","54.9481","30.0","","","3.3","","8.0","88","","9","","29.07","11.59","22.06","","","","",""
"2025-01-21","2025021","11:15","18.0","54.9481","31.0","","","3.0","","7.9","88","","10","","29.29","11.61","22.23","","","","",""
"2025-01-21","2025021","11:15","18.0","54.9481","32.0","","","3.1","","7.9","87","","11","","29.54","11.63","22.42","","","","",""
"2025-01-21","2025021","11:15","18.0","54.9481","33.0","","","2.9","","7.8","87","","13","","29.77","11.64","22.59","","","","",""
"2025-01-21","2025021","11:15","18.0","54.9481","34.0","","","2.5","","7.8","86","","14","","29.96","11.66","22.74","","","","",""
"2025-01-21","2025021","11:15","18.0","54.9481","35.0","","","2.5","","7.7","86","","16","","29.98","11.66","22.75","","","","",""
"2025-01-21","2025021","11:15","18.0","54.9481","36.0","","","2.5","","7.7","86","","16","","30.09","11.67","22.84","","","","",""
"2025-01-21","2025021","11:15","18.0","54.9481","37.0","","","2.4","","7.7","86","","16","","30.12","11.67","22.86","","","","",""
"2025-01-21","2025021","11:15","18.0","54.9481","38.0","","","2.4","","7.7","86","","17","","30.21","11.67","22.93","","","","",""
"2025-01-21","2025021","11:15","18.0","54.9481","39.0","2.5","0.57","2.4","","7.7","86","23.4","18","","30.30","11.67","23.00","","","","",""
"2025-01-21","2025021","11:00","20.0","51.4501","1.0","","","2.5","","8.7","93","","4","0.81","23.91","11.47","18.08","","","","",""
"2025-01-21","2025021","11:00","20.0","51.4501","2.0","2.9","0.84","2.6","","8.7","93","","4","","23.90","11.46","18.08","","","","",""
"2025-01-21","2025021","11:00","20.0","51.4501","3.0","","","2.6","","8.7","93","","4","","23.91","11.47","18.08","","","","",""
"2025-01-21","2025021","11:00","20.0","51.4501","4.0","","","2.8","","8.7","93","","4","","24.03","11.47","18.17","","","","",""
"2025-01-21","2025021","11:00","20.0","51.4501","5.0","","","2.8","","8.5","92","","4","","24.57","11.52","18.58","","","","",""
"2025-01-21","2025021","11:00","20.0","51.4501","6.0","","","2.7","","8.4","91","","4","","25.29","11.62","19.12","","","","",""
"2025-01-21","2025021","11:00","20.0","51.4501","7.0","","","2.7","","8.4","91","","5","","25.51","11.65","19.29","","","","",""
"2025-01-21","2025021","11:00","20.0","51.4501","8.0","","","2.6","","8.4","91","","6","","25.50","11.65","19.28","","","","",""
"2025-01-21","2025021","11:00","20.0","51.4501","9.0","","","2.6","","8.4","91","","6","","25.51","11.65","19.29","","","","",""
"2025-01-21","2025021","11:00","20.0","51.4501","10.0","","","2.6","","8.4","91","","6","","25.53","11.65","19.31","","","","",""
"2025-01-21","2025021","11:00","20.0","51.4501","11.0","","","2.7","","8.4","91","","6","","25.58","11.65","19.35","","","","",""
"2025-01-21","2025021","11:00","20.0","51.4501","12.0","","","2.5","","8.3","90","","5","","25.64","11.66","19.39","","","","",""
"2025-01-21","2025021","11:00","20.0","51.4501","13.0","","","2.4","","8.3","90","","5","","25.67","11.66","19.42","","","","",""
"2025-01-21","2025021","11:00","20.0","51.4501","14.0","","","2.5","","8.3","90","","5","","25.86","11.66","19.56","","","","",""
"2025-01-21","2025021","11:00","20.0","51.4501","15.0","","","2.5","","8.3","90","","6","","26.29","11.66","19.89","","","","",""
"2025-01-21","2025021","11:00","20.0","51.4501","16.0","","","2.5","","8.2","90","","6","","26.61","11.66","20.14","","","","",""
"2025-01-21","2025021","11:00","20.0","51.4501","17.0","","","2.5","","8.2","89","","6","","26.78","11.66","20.28","","","","",""
"2025-01-21","2025021","11:00","20.0","51.4501","18.0","","","2.6","","8.2","89","","6","","26.97","11.66","20.42","","","","",""
"2025-01-21","2025021","11:00","20.0","51.4501","19.0","","","2.5","","8.2","89","","6","","27.00","11.66","20.45","","","","",""
"2025-01-21","2025021","11:00","20.0","51.4501","20.0","","","2.5","","8.2","89","","6","","27.10","11.66","20.52","","","","",""
"2025-01-21","2025021","11:00","20.0","51.4501","21.0","","","2.6","","8.1","89","","6","","27.22","11.66","20.62","","","","",""
"2025-01-21","2025021","11:00","20.0","51.4501","22.0","","","2.5","","8.1","89","","6","","27.32","11.65","20.69","","","","",""
"2025-01-21","2025021","11:00","20.0","51.4501","23.0","","","2.6","","8.1","89","","6","","27.54","11.66","20.86","","","","",""
"2025-01-21","2025021","11:00","20.0","51.4501","24.0","","","2.5","","8.1","89","","7","","27.79","11.66","21.06","","","","",""
"2025-01-21","2025021","10:47","21.0","46.6266","1.0","","","2.7","","8.9","95","","7","0.68","23.91","11.38","18.09","","","","",""
"2025-01-21","2025021","10:47","21.0","46.6266","2.0","2.9","0.85","2.8","","8.9","95","","4","","23.91","11.38","18.10","","","","",""
"2025-01-21","2025021","10:47","21.0","46.6266","3.0","","","3.1","","8.7","93","","4","","24.36","11.57","18.41","","","","",""
"2025-01-21","2025021","10:47","21.0","46.6266","4.0","","","2.8","","8.6","93","","4","","24.69","11.63","18.66","","","","",""
"2025-01-21","2025021","10:47","21.0","46.6266","5.0","","","2.6","","8.6","93","","8","","24.71","11.61","18.67","","","","",""
"2025-01-21","2025021","10:47","21.0","46.6266","6.0","","","2.6","","8.6","93","","10","","24.72","11.61","18.68","","","","",""
"2025-01-21","2025021","10:47","21.0","46.6266","7.0","","","2.6","","8.6","93","","12","","24.72","11.60","18.69","","","","",""
"2025-01-21","2025021","10:47","21.0","46.6266","8.0","","","2.7","","8.6","93","","14","","24.74","11.59","18.71","","","","",""
"2025-01-21","2025021","10:47","21.0","46.6266","9.0","","","2.6","","8.6","93","","17","","24.80","11.59","18.75","","","","",""
"2025-01-21","2025021","10:47","21.0","46.6266","10.0","","","2.7","","8.6","92","","19","","24.90","11.61","18.82","","","","",""
"2025-01-21","2025021","10:47","21.0","46.6266","11.0","","","2.8","","8.5","92","","21","","25.08","11.62","18.96","","","","",""
"2025-01-21","2025021","10:47","21.0","46.6266","12.0","","","2.8","","8.5","91","","21","","25.41","11.64","19.22","","","","",""
"2025-01-21","2025021","10:47","21.0","46.6266","13.0","","","2.7","","8.4","91","","21","","25.47","11.64","19.26","","","","",""
"2025-01-21","2025021","10:47","21.0","46.6266","14.0","","","2.7","","8.4","91","","21","","25.75","11.64","19.48","","","","",""
"2025-01-21","2025021","10:47","21.0","46.6266","15.0","","","2.6","","8.3","90","","20","","26.06","11.64","19.72","","","","",""
"2025-01-21","2025021","10:47","21.0","46.6266","16.0","","","2.4","","8.3","90","","20","","26.61","11.65","20.15","","","","",""
"2025-01-21","2025021","10:37","22.0","43.9210","1.0","","","3.1","","8.9","95","","4","0.83","23.73","11.50","17.94","","","","",""
"2025-01-21","2025021","10:37","22.0","43.9210","2.0","3.4","0.88","3.3","","8.9","95","5.0","4","","23.75","11.50","17.95","","","","",""
"2025-01-21","2025021","10:37","22.0","43.9210","3.0","","","3.2","","8.8","94","","4","","23.79","11.50","17.98","","","","",""
"2025-01-21","2025021","10:37","22.0","43.9210","4.0","","","3.3","","8.8","94","","4","","23.82","11.49","18.01","","","","",""
"2025-01-21","2025021","10:37","22.0","43.9210","5.0","","","2.8","","8.7","93","","5","","24.01","11.49","18.16","","","","",""
"2025-01-21","2025021","10:37","22.0","43.9210","6.0","","","2.6","","8.7","93","","6","","24.14","11.52","18.25","","","","",""
"2025-01-21","2025021","10:37","22.0","43.9210","7.0","","","2.4","","8.6","92","","7","","24.45","11.59","18.48","","","","",""
"2025-01-21","2025021","10:37","22.0","43.9210","8.0","","","2.4","","8.5","92","","8","","24.83","11.64","18.76","","","","",""
"2025-01-21","2025021","10:37","22.0","43.9210","9.0","","","2.5","","8.5","91","","13","","25.00","11.66","18.89","","","","",""
"2025-01-21","2025021","10:37","22.0","43.9210","10.0","","","2.5","","8.5","91","","16","","25.18","11.66","19.03","","","","",""
"2025-01-21","2025021","10:37","22.0","43.9210","11.0","","","2.6","","8.4","91","","16","","25.24","11.66","19.08","","","","",""
"2025-01-21","2025021","10:37","22.0","43.9210","12.0","","","2.6","","8.4","91","","17","","25.36","11.67","19.17","","","","",""
"2025-01-21","2025021","10:37","22.0","43.9210","13.0","","","2.6","","8.4","91","","17","","25.51","11.67","19.28","","","","",""
"2025-01-21","2025021","10:37","22.0","43.9210","14.0","","","2.3","","8.3","90","","17","","25.70","11.67","19.44","","","","",""
"2025-01-21","2025021","10:37","22.0","43.9210","15.0","","","2.3","","8.3","90","","18","","26.00","11.67","19.67","","","","",""
"2025-01-21","2025021","10:37","22.0","43.9210","16.0","","","2.2","","8.2","90","","18","","26.43","11.67","20.00","","","","",""
"2025-01-21","2025021","10:37","22.0","43.9210","17.0","1.9","0.62","2.2","","8.2","90","15.8","19","","26.63","11.67","20.15","","","","",""
"2025-01-21","2025021","10:25","23.0","39.6557","1.0","","","2.5","","8.7","94","","21","1.50","24.60","11.72","18.58","","","","",""
"2025-01-21","2025021","10:25","23.0","39.6557","2.0","","","2.8","","8.7","94","","23","","24.60","11.71","18.58","","","","",""
"2025-01-21","2025021","10:25","23.0","39.6557","3.0","","","2.9","","8.7","94","","25","","24.60","11.70","18.58","","","","",""
"2025-01-21","2025021","10:25","23.0","39.6557","4.0","","","2.9","","8.7","94","","25","","24.61","11.69","18.59","","","","",""
"2025-01-21","2025021","10:25","23.0","39.6557","5.0","","","2.8","","8.7","94","","28","","24.63","11.69","18.60","","","","",""
"2025-01-21","2025021","10:25","23.0","39.6557","6.0","","","2.9","","8.7","94","","30","","24.63","11.69","18.60","","","","",""
"2025-01-21","2025021","10:25","23.0","39.6557","7.0","","","2.8","","8.7","94","","31","","24.62","11.69","18.60","","","","",""
"2025-01-21","2025021","10:25","23.0","39.6557","8.0","","","2.9","","8.7","94","","31","","24.63","11.69","18.60","","","","",""
"2025-01-21","2025021","10:25","23.0","39.6557","9.0","","","2.9","","8.7","94","","30","","24.63","11.69","18.60","","","","",""
"2025-01-21","2025021","10:25","23.0","39.6557","10.0","","","2.9","","8.7","94","","29","","24.64","11.70","18.61","","","","",""
"2025-01-21","2025021","10:25","23.0","39.6557","11.0","","","2.9","","8.7","94","","28","","24.65","11.70","18.62","","","","",""
"2025-01-21","2025021","10:25","23.0","39.6557","12.0","","","2.9","","8.7","94","","27","","24.65","11.71","18.62","","","","",""
"2025-01-21","2025021","10:25","23.0","39.6557","13.0","","","3.0","","8.7","94","","27","","24.66","11.70","18.62","","","","",""
"2025-01-21","2025021","10:25","23.0","39.6557","14.0","","","3.0","","8.7","94","","34","","24.66","11.70","18.62","","","","",""
"2025-01-21","2025021","10:13","24.0","37.0911","1.0","","","3.1","","8.9","96","","13","1.15","24.83","11.82","18.73","","","","",""
"2025-01-21","2025021","10:13","24.0","37.0911","2.0","3.3","0.81","3.2","","8.9","96","10.4","14","","24.83","11.81","18.74","","","","",""
"2025-01-21","2025021","10:13","24.0","37.0911","3.0","","","3.3","","8.9","96","","16","","24.83","11.81","18.74","","","","",""
"2025-01-21","2025021","10:13","24.0","37.0911","4.0","","","3.1","","8.9","96","","17","","24.89","11.76","18.79","","","","",""
"2025-01-21","2025021","10:13","24.0","37.0911","5.0","","","2.9","","8.9","96","","20","","24.90","11.75","18.80","","","","",""
"2025-01-21","2025021","10:13","24.0","37.0911","6.0","","","2.8","","8.9","96","","21","","24.92","11.74","18.81","","","","",""
"2025-01-21","2025021","10:13","24.0","37.0911","7.0","","","2.8","","8.9","96","","21","","24.92","11.74","18.82","","","","",""
"2025-01-21","2025021","10:13","24.0","37.0911","8.0","2.5","0.65","2.6","","8.9","96","23.4","21","","24.92","11.74","18.82","","","","",""
"2025-01-21","2025021","10:03","25.0","32.8382","1.0","","","2.8","","9.1","98","","11","0.96","24.73","11.64","18.69","","","","",""
"2025-01-21","2025021","10:03","25.0","32.8382","2.0","","","3.1","","9.0","97","","11","","24.74","11.64","18.70","","","","",""
"2025-01-21","2025021","10:03","25.0","32.8382","3.0","","","3.6","","9.0","97","","11","","24.95","11.66","18.85","","","","",""
"2025-01-21","2025021","10:03","25.0","32.8382","4.0","","","3.2","","9.0","97","","13","","25.00","11.66","18.90","","","","",""
"2025-01-21","2025021","10:03","25.0","32.8382","5.0","","","3.0","","9.0","97","","15","","25.00","11.66","18.90","","","","",""
"2025-01-21","2025021","9:52","26.0","28.7560","1.0","","","3.3","","9.1","99","","11","1.01","24.97","11.75","18.86","","","","",""
"2025-01-21","2025021","9:52","26.0","28.7560","2.0","","","3.8","","9.1","98","","11","","24.98","11.70","18.87","","","","",""
"2025-01-21","2025021","9:52","26.0","28.7560","3.0","","","3.9","","9.0","97","","12","","24.99","11.68","18.88","","","","",""
"2025-01-21","2025021","9:52","26.0","28.7560","4.0","","","3.4","","9.0","97","","14","","25.02","11.68","18.91","","","","",""
"2025-01-21","2025021","9:52","26.0","28.7560","5.0","","","3.2","","9.0","97","","16","","25.05","11.67","18.93","","","","",""
"2025-01-21","2025021","9:52","26.0","28.7560","6.0","","","3.1","","9.0","97","","18","","25.09","11.66","18.96","","","","",""
"2025-01-21","2025021","9:52","26.0","28.7560","7.0","","","3.1","","9.0","97","","21","","25.10","11.65","18.98","","","","",""
"2025-01-21","2025021","9:52","26.0","28.7560","8.0","","","3.1","","9.0","97","","25","","25.11","11.65","18.98","","","","",""
"2025-01-21","2025021","9:52","26.0","28.7560","9.0","","","3.2","","9.0","97","","26","","25.11","11.65","18.98","","","","",""
"2025-01-21","2025021","9:41","27.0","26.1872","1.0","","","3.6","","9.0","97","","9","1.07","25.04","11.66","18.92","","","","",""
"2025-01-21","2025021","9:41","27.0","26.1872","2.0","4.1","0.85","3.9","","9.0","97","7.3","9","","25.05","11.66","18.93","","","","",""
"2025-01-21","2025021","9:41","27.0","26.1872","3.0","","","3.7","","9.0","97","","9","","25.05","11.65","18.94","","","","",""
"2025-01-21","2025021","9:41","27.0","26.1872","4.0","","","3.1","","9.0","97","","10","","25.06","11.65","18.94","","","","",""
"2025-01-21","2025021","9:41","27.0","26.1872","5.0","","","3.1","","9.0","97","","12","","25.07","11.65","18.95","","","","",""
"2025-01-21","2025021","9:41","27.0","26.1872","6.0","","","3.1","","9.0","97","","15","","25.07","11.65","18.95","","","","",""
"2025-01-21","2025021","9:41","27.0","26.1872","7.0","","","3.1","","9.0","97","","18","","25.07","11.65","18.95","","","","",""
"2025-01-21","2025021","9:41","27.0","26.1872","8.0","","","3.1","","9.0","97","","18","","25.07","11.65","18.95","","","","",""
"2025-01-21","2025021","9:41","27.0","26.1872","9.0","2.9","0.72","2.9","","9.0","97","17.9","18","","25.07","11.65","18.95","","","","",""
"2025-01-21","2025021","9:32","28.0","23.5695","1.0","","","3.2","","8.9","97","","11","1.32","25.07","11.70","18.94","","","","",""
"2025-01-21","2025021","9:32","28.0","23.5695","2.0","","","3.3","","8.9","97","","12","","25.08","11.69","18.95","","","","",""
"2025-01-21","2025021","9:32","28.0","23.5695","3.0","","","3.2","","8.9","96","","14","","25.08","11.69","18.95","","","","",""
"2025-01-21","2025021","9:32","28.0","23.5695","4.0","","","3.1","","8.9","96","","15","","25.08","11.69","18.95","","","","",""
"2025-01-21","2025021","9:32","28.0","23.5695","5.0","","","3.1","","8.9","96","","16","","25.08","11.69","18.95","","","","",""
"2025-01-21","2025021","9:32","28.0","23.5695","6.0","","","3.1","","8.9","96","","16","","25.08","11.69","18.95","","","","",""
"2025-01-21","2025021","9:32","28.0","23.5695","7.0","","","3.2","","8.9","96","","18","","25.09","11.68","18.96","","","","",""
"2025-01-21","2025021","9:32","28.0","23.5695","8.0","","","3.2","","8.9","96","","21","","25.09","11.68","18.96","","","","",""
"2025-01-21","2025021","9:32","28.0","23.5695","9.0","","","3.2","","8.9","96","","23","","25.09","11.68","18.96","","","","",""
"2025-01-21","2025021","9:32","28.0","23.5695","10.0","","","3.2","","8.9","96","","23","","25.09","11.68","18.96","","","","",""
"2025-01-21","2025021","9:32","28.0","23.5695","11.0","","","3.2","","8.9","96","","23","","25.09","11.68","18.96","","","","",""
"2025-01-21","2025021","9:22","29.0","20.2526","1.0","","","3.1","","8.9","96","","11","1.32","25.05","11.63","18.93","","","","",""
"2025-01-21","2025021","9:22","29.0","20.2526","2.0","","","3.3","","8.9","96","","13","","25.05","11.63","18.94","","","","",""
"2025-01-21","2025021","9:22","29.0","20.2526","3.0","","","3.3","","8.9","96","","13","","25.05","11.63","18.94","","","","",""
"2025-01-21","2025021","9:22","29.0","20.2526","4.0","","","3.2","","8.9","96","","13","","25.05","11.63","18.94","","","","",""
"2025-01-21","2025021","9:22","29.0","20.2526","5.0","","","3.2","","8.9","96","","14","","25.05","11.63","18.94","","","","",""
"2025-01-21","2025021","9:22","29.0","20.2526","6.0","","","3.3","","8.9","96","","14","","25.05","11.63","18.94","","","","",""
"2025-01-21","2025021","9:22","29.0","20.2526","7.0","","","3.2","","8.9","96","","16","","25.05","11.63","18.94","","","","",""
"2025-01-21","2025021","9:22","29.0","20.2526","8.0","","","3.2","","8.9","96","","16","","25.05","11.63","18.94","","","","",""
"2025-01-21","2025021","9:22","29.0","20.2526","9.0","","","3.2","","8.9","96","","18","","25.05","11.63","18.94","","","","",""
"2025-01-21","2025021","9:22","29.0","20.2526","10.0","","","3.2","","8.9","96","","20","","25.05","11.64","18.94","","","","",""
"2025-01-21","2025021","9:22","29.0","20.2526","11.0","","","3.3","","8.9","96","","23","","25.05","11.64","18.94","","","","",""
"2025-01-21","2025021","9:22","29.0","20.2526","12.0","","","3.4","","8.9","96","","25","","25.06","11.64","18.94","","","","",""
"2025-01-21","2025021","9:22","29.0","20.2526","13.0","","","3.5","","8.9","96","","26","","25.06","11.64","18.94","","","","",""
"2025-01-21","2025021","9:13","29.5","17.5640","1.0","","","3.2","","8.8","95","","16","1.39","25.06","11.70","18.94","","","","",""
"2025-01-21","2025021","9:13","29.5","17.5640","2.0","","","3.4","","8.8","95","","15","","25.06","11.70","18.93","","","","",""
"2025-01-21","2025021","9:13","29.5","17.5640","3.0","","","3.5","","8.8","95","","15","","25.06","11.69","18.94","","","","",""
"2025-01-21","2025021","9:13","29.5","17.5640","4.0","","","3.3","","8.8","95","","16","","25.06","11.68","18.94","","","","",""
"2025-01-21","2025021","9:13","29.5","17.5640","5.0","","","3.3","","8.8","95","","18","","25.06","11.68","18.94","","","","",""
"2025-01-21","2025021","9:13","29.5","17.5640","6.0","","","3.1","","8.8","95","","19","","25.06","11.68","18.94","","","","",""
"2025-01-21","2025021","9:13","29.5","17.5640","7.0","","","3.2","","8.8","95","","21","","25.07","11.69","18.94","","","","",""
"2025-01-21","2025021","9:13","29.5","17.5640","8.0","","","3.2","","8.8","95","","25","","25.07","11.70","18.94","","","","",""
"2025-01-21","2025021","9:13","29.5","17.5640","9.0","","","3.3","","8.8","95","","28","","25.08","11.69","18.95","","","","",""
"2025-01-21","2025021","9:13","29.5","17.5640","10.0","","","3.3","","8.8","95","","32","","25.08","11.69","18.95","","","","",""
"2025-01-21","2025021","9:13","29.5","17.5640","11.0","","","3.5","","8.8","95","","40","","25.08","11.69","18.95","","","","",""
"2025-01-21","2025021","9:13","29.5","17.5640","12.0","","","3.7","","8.8","95","","54","","25.08","11.69","18.95","","","","",""
"2025-01-21","2025021","9:04","30.0","14.7543","1.0","","","3.6","","8.8","95","","12","1.27","25.12","11.65","18.99","","","","",""
"2025-01-21","2025021","9:04","30.0","14.7543","2.0","3.5","0.83","3.7","","8.8","95","10.6","13","","25.12","11.64","18.99","","","","",""
"2025-01-21","2025021","9:04","30.0","14.7543","3.0","","","3.6","","8.8","95","","15","","25.12","11.64","18.99","","","","",""
"2025-01-21","2025021","9:04","30.0","14.7543","4.0","","","3.6","","8.8","95","","16","","25.12","11.64","18.99","","","","",""
"2025-01-21","2025021","9:04","30.0","14.7543","5.0","","","3.6","","8.8","95","","17","","25.12","11.64","18.99","","","","",""
"2025-01-21","2025021","9:04","30.0","14.7543","6.0","","","3.5","","8.8","95","","17","","25.13","11.63","19.00","","","","",""
"2025-01-21","2025021","9:04","30.0","14.7543","7.0","","","3.5","","8.8","95","","20","","25.13","11.64","19.00","","","","",""
"2025-01-21","2025021","9:04","30.0","14.7543","8.0","","","3.5","","8.8","95","","21","","25.12","11.64","18.99","","","","",""
"2025-01-21","2025021","9:04","30.0","14.7543","9.0","3.3","0.60","3.5","","8.8","95","","21","","25.12","11.64","18.99","","","","",""
"2025-01-21","2025021","8:53","31.0","10.6065","1.0","","","2.5","","8.8","94","","7","1.49","25.05","11.48","18.96","","","","",""
"2025-01-21","2025021","8:53","31.0","10.6065","2.0","","","2.7","","8.7","94","","6","","25.06","11.49","18.97","","","","",""
"2025-01-21","2025021","8:53","31.0","10.6065","3.0","","","2.5","","8.7","94","","7","","25.07","11.49","18.98","","","","",""
"2025-01-21","2025021","8:53","31.0","10.6065","4.0","","","2.6","","8.8","94","","9","","25.07","11.49","18.98","","","","",""
"2025-01-21","2025021","8:53","31.0","10.6065","5.0","","","2.6","","8.8","94","","10","","25.07","11.49","18.97","","","","",""
"2025-01-21","2025021","8:53","31.0","10.6065","6.0","","","2.6","","8.8","94","","10","","25.07","11.50","18.98","","","","",""
"2025-01-21","2025021","8:53","31.0","10.6065","7.0","","","2.7","","8.8","94","","10","","25.08","11.50","18.98","","","","",""
"2025-01-21","2025021","8:53","31.0","10.6065","8.0","","","2.7","","8.8","94","","11","","25.08","11.50","18.98","","","","",""
"2025-01-21","2025021","8:53","31.0","10.6065","9.0","","","2.6","","8.8","94","","12","","25.08","11.50","18.98","","","","",""
"2025-01-21","2025021","8:53","31.0","10.6065","10.0","","","2.7","","8.8","94","","12","","25.08","11.51","18.98","","","","",""
"2025-01-21","2025021","8:44","32.0","8.1507","1.0","","","2.8","","8.8","94","","9","1.14","24.78","11.24","18.79","","","","",""
"2025-01-21","2025021","8:44","32.0","8.1507","2.0","","","2.9","","8.8","94","11.0","10","","24.86","11.36","18.83","","","","",""
"2025-01-21","2025021","8:44","32.0","8.1507","3.0","","","2.7","","8.8","94","","10","","24.92","11.45","18.87","","","","",""
"2025-01-21","2025021","8:44","32.0","8.1507","4.0","","","2.7","","8.8","94","","11","","24.94","11.47","18.88","","","","",""
"2025-01-21","2025021","8:44","32.0","8.1507","5.0","","","2.6","","8.8","94","","13","","24.95","11.49","18.89","","","","",""
"2025-01-21","2025021","8:44","32.0","8.1507","6.0","","","2.7","","8.8","94","","15","","24.96","11.50","18.89","","","","",""
"2025-01-21","2025021","8:44","32.0","8.1507","7.0","","","2.8","","8.8","94","","15","","24.96","11.50","18.89","","","","",""
"2025-01-21","2025021","8:44","32.0","8.1507","8.0","3.1","0.61","3.0","","8.8","94","","17","","24.98","11.51","18.90","","","","",""
"2025-01-21","2025021","8:36","33.0","6.8085","1.0","","","2.7","","8.8","93","","13","1.03","24.48","11.04","18.59","","","","",""
"2025-01-21","2025021","8:36","33.0","6.8085","2.0","","","2.7","","8.8","93","13.3","13","","24.52","11.08","18.62","","","","",""
"2025-01-21","2025021","8:36","33.0","6.8085","3.0","","","2.6","","8.8","93","","13","","24.55","11.11","18.64","","","","",""
"2025-01-21","2025021","8:36","33.0","6.8085","4.0","","","2.6","","8.7","93","","14","","24.67","11.20","18.71","","","","",""
"2025-01-21","2025021","8:36","33.0","6.8085","5.0","","","2.6","","8.7","93","","14","","24.77","11.32","18.77","","","","",""
"2025-01-21","2025021","8:36","33.0","6.8085","6.0","","","2.7","","8.7","93","","15","","24.82","11.38","18.80","","","","",""
"2025-01-21","2025021","8:36","33.0","6.8085","7.0","","","2.7","","8.7","93","","19","","24.82","11.39","18.80","","","","",""
"2025-01-21","2025021","8:36","33.0","6.8085","8.0","","","2.7","","8.7","93","","22","","24.82","11.38","18.80","","","","",""
"2025-01-21","2025021","8:36","33.0","6.8085","9.0","","","2.7","","8.7","93","","23","","24.81","11.38","18.80","","","","",""
"2025-01-21","2025021","8:36","33.0","6.8085","10.0","","","2.7","","8.7","93","","21","","24.82","11.38","18.80","","","","",""
"2025-01-21","2025021","8:36","33.0","6.8085","11.0","","","2.8","","8.7","93","","21","","24.83","11.39","18.81","","","","",""
"2025-01-21","2025021","8:25","34.0","3.5290","1.0","","","2.7","","8.9","92","","17","1.24","23.19","10.14","17.73","","","","",""
"2025-01-21","2025021","8:25","34.0","3.5290","2.0","2.5","0.71","2.6","","8.9","92","20.5","20","","23.42","10.21","17.90","","","","",""
"2025-01-21","2025021","8:25","34.0","3.5290","3.0","","","2.7","","8.9","92","","20","","23.63","10.31","18.04","","","","",""
"2025-01-21","2025021","8:25","34.0","3.5290","4.0","","","2.6","","8.8","92","","20","","23.85","10.45","18.19","","","","",""
"2025-01-21","2025021","8:25","34.0","3.5290","5.0","","","2.6","","8.8","92","","21","","23.97","10.54","18.27","","","","",""
"2025-01-21","2025021","8:25","34.0","3.5290","6.0","2.6","0.65","2.6","","8.7","91","","21","","24.37","10.85","18.54","","","","",""
"2025-01-21","2025021","8:14","35.0","1.6576","1.0","","","3.7","","9.1","93","","14","1.32","22.70","10.10","17.35","","","","",""
"2025-01-21","2025021","8:14","35.0","1.6576","2.0","2.9","0.82","3.1","","8.8","93","11.7","13","","23.73","10.70","18.06","","","","",""
"2025-01-21","2025021","8:14","35.0","1.6576","3.0","","","2.7","","8.7","93","","12","","24.19","11.03","18.37","","","","",""
"2025-01-21","2025021","8:14","35.0","1.6576","4.0","","","2.6","","8.7","92","","11","","24.26","11.09","18.42","","","","",""
"2025-01-21","2025021","8:14","35.0","1.6576","5.0","","","2.5","","8.6","92","","11","","24.45","11.27","18.53","","","","",""
"2025-01-21","2025021","8:14","35.0","1.6576","6.0","","","2.3","","8.6","92","","12","","24.49","11.31","18.56","","","","",""
"2025-01-21","2025021","8:04","36.0","0.0000","1.0","","","3.1","","8.9","92","","12","1.31","22.82","10.19","17.44","","","","",""
"2025-01-21","2025021","8:04","36.0","0.0000","2.0","3.0","0.73","3.0","","8.8","92","11.6","12","","23.43","10.59","17.85","","","","",""
"2025-01-21","2025021","8:04","36.0","0.0000","3.0","","","2.5","","8.7","92","","11","","24.02","10.94","18.25","","","","",""
"2025-01-21","2025021","8:04","36.0","0.0000","4.0","2.3","0.80","2.3","","8.6","92","9.0","9","","24.23","11.13","18.39","","","","",""
"2025-01-29","2025029","13:37","2.0","127.7053","1.0","","","1.4","","10.9","97","","22","2.01","2.21","9.58","1.48","","","","",""
"2025-01-29","2025029","13:37","2.0","127.7053","2.0","","","1.6","","10.9","97","","25","","2.49","9.53","1.70","","","","",""
"2025-01-29","2025029","13:37","2.0","127.7053","3.0","","","1.6","","10.9","97","","30","","2.56","9.55","1.75","","","","",""
"2025-01-29","2025029","13:37","2.0","127.7053","4.0","","","1.6","","10.9","97","","31","","2.64","9.56","1.81","","","","",""
"2025-01-29","2025029","13:37","2.0","127.7053","5.0","","","1.6","","10.9","97","","32","","2.71","9.57","1.87","","","","",""
"2025-01-29","2025029","13:37","2.0","127.7053","6.0","","","1.7","","10.9","97","","33","","2.74","9.58","1.89","","","","",""
"2025-01-29","2025029","13:37","2.0","127.7053","7.0","","","1.7","","10.9","97","","33","","2.77","9.58","1.91","","","","",""
"2025-01-29","2025029","13:37","2.0","127.7053","8.0","","","1.7","","10.9","97","","33","","2.77","9.58","1.92","","","","",""
"2025-01-29","2025029","13:37","2.0","127.7053","9.0","","","1.7","","10.9","97","","31","","2.76","9.57","1.91","","","","",""
"2025-01-29","2025029","13:37","2.0","127.7053","10.0","","","1.7","","10.9","98","","31","","2.75","9.57","1.90","","","","",""
"2025-01-29","2025029","13:26","3.0","125.3243","1.0","","","0.9","","11.0","99","","14","1.86","2.66","10.21","1.76","","","","",""
"2025-01-29","2025029","13:26","3.0","125.3243","2.0","0.8","0.65","0.9","","11.0","99","14.2","14","","2.70","10.18","1.80","","","","",""
"2025-01-29","2025029","13:26","3.0","125.3243","3.0","","","1.1","","10.9","99","","14","","2.81","10.11","1.89","","","","",""
"2025-01-29","2025029","13:26","3.0","125.3243","4.0","","","1.4","","10.9","99","","14","","2.81","10.10","1.89","","","","",""
"2025-01-29","2025029","13:26","3.0","125.3243","5.0","","","1.3","","10.8","98","","15","","2.99","9.97","2.05","","","","",""
"2025-01-29","2025029","13:26","3.0","125.3243","6.0","","","1.3","","10.8","97","","20","","3.54","9.74","2.50","","","","",""
"2025-01-29","2025029","13:26","3.0","125.3243","7.0","","","1.2","","10.7","97","","29","","4.24","9.64","3.05","","","","",""
"2025-01-29","2025029","13:26","3.0","125.3243","8.0","","","1.2","","10.7","97","","35","","4.33","9.65","3.12","","","","",""
"2025-01-29","2025029","13:26","3.0","125.3243","9.0","","","1.2","","10.7","97","","34","","4.41","9.65","3.18","","","","",""
"2025-01-29","2025029","13:26","3.0","125.3243","10.0","","","1.2","","10.7","97","","33","","4.41","9.65","3.19","","","","",""
"2025-01-29","2025029","13:26","3.0","125.3243","11.0","","","1.2","","10.7","97","","34","","4.42","9.65","3.20","","","","",""
"2025-01-29","2025029","13:26","3.0","125.3243","12.0","","","1.2","","10.7","97","","34","","4.44","9.65","3.21","","","","",""
"2025-01-29","2025029","13:26","3.0","125.3243","13.0","0.9","0.44","1.2","","10.7","97","35.9","34","","4.44","9.65","3.21","","","","",""
"2025-01-29","2025029","13:12","4.0","119.8957","1.0","","","1.4","","10.8","97","","6","1.85","3.15","9.86","2.18","","","","",""
"2025-01-29","2025029","13:12","4.0","119.8957","2.0","","","1.5","","10.8","97","","6","","3.48","9.74","2.45","","","","",""
"2025-01-29","2025029","13:12","4.0","119.8957","3.0","","","1.6","","10.8","97","","7","","3.94","9.60","2.82","","","","",""
"2025-01-29","2025029","13:12","4.0","119.8957","4.0","","","1.5","","10.7","97","","10","","4.37","9.62","3.15","","","","",""
"2025-01-29","2025029","13:12","4.0","119.8957","5.0","","","1.5","","10.7","97","","12","","4.52","9.65","3.27","","","","",""
"2025-01-29","2025029","13:12","4.0","119.8957","6.0","","","1.5","","10.7","97","","13","","4.53","9.66","3.28","","","","",""
"2025-01-29","2025029","13:12","4.0","119.8957","7.0","","","1.5","","10.7","97","","13","","4.57","9.70","3.31","","","","",""
"2025-01-29","2025029","13:12","4.0","119.8957","8.0","","","1.6","","10.6","97","","15","","4.75","9.74","3.44","","","","",""
"2025-01-29","2025029","13:12","4.0","119.8957","9.0","","","1.7","","10.5","96","","21","","5.61","9.74","4.11","","","","",""
"2025-01-29","2025029","13:12","4.0","119.8957","10.0","","","1.8","","10.5","96","","33","","5.75","9.73","4.22","","","","",""
"2025-01-29","2025029","13:12","4.0","119.8957","11.0","","","1.8","","10.5","96","","38","","5.85","9.73","4.30","","","","",""
"2025-01-29","2025029","13:12","4.0","119.8957","12.0","","","1.8","","10.5","96","","39","","5.98","9.73","4.40","","","","",""
"2025-01-29","2025029","13:12","4.0","119.8957","13.0","","","1.9","","10.5","96","","39","","6.00","9.73","4.42","","","","",""
"2025-01-29","2025029","13:12","4.0","119.8957","14.0","","","1.8","","10.5","96","","40","","6.00","9.73","4.42","","","","",""
"2025-01-29","2025029","13:12","4.0","119.8957","15.0","","","1.8","","10.5","96","","39","","6.00","9.73","4.42","","","","",""
"2025-01-29","2025029","13:12","4.0","119.8957","16.0","","","1.9","","10.5","96","","39","","6.01","9.73","4.42","","","","",""
"2025-01-29","2025029","13:12","4.0","119.8957","17.0","","","1.9","","10.5","96","","39","","6.01","9.73","4.43","","","","",""
"2025-01-29","2025029","13:00","5.0","115.6252","1.0","","","1.6","","10.7","98","","11","2.38","4.72","9.72","3.42","","","","",""
"2025-01-29","2025029","13:00","5.0","115.6252","2.0","","","1.7","","10.6","97","","12","","5.53","9.75","4.05","","","","",""
"2025-01-29","2025029","13:00","5.0","115.6252","3.0","","","1.7","","10.4","96","","17","","6.76","9.82","5.00","","","","",""
"2025-01-29","2025029","13:00","5.0","115.6252","4.0","","","1.9","","10.3","96","","27","","7.74","9.90","5.75","","","","",""
"2025-01-29","2025029","13:00","5.0","115.6252","5.0","","","2.0","","10.3","96","","36","","7.85","9.91","5.84","","","","",""
"2025-01-29","2025029","13:00","5.0","115.6252","6.0","","","1.9","","10.3","96","","37","","7.87","9.91","5.86","","","","",""
"2025-01-29","2025029","13:00","5.0","115.6252","7.0","","","1.9","","10.3","96","","38","","7.87","9.91","5.85","","","","",""
"2025-01-29","2025029","13:00","5.0","115.6252","8.0","","","2.0","","10.3","96","","38","","7.90","9.91","5.88","","","","",""
"2025-01-29","2025029","13:00","5.0","115.6252","9.0","","","2.0","","10.3","96","","39","","7.91","9.91","5.89","","","","",""
"2025-01-29","2025029","13:00","5.0","115.6252","10.0","","","2.0","","10.3","96","","39","","7.92","9.92","5.89","","","","",""
"2025-01-29","2025029","12:46","6.0","110.8977","1.0","","","1.0","","10.1","95","","11","2.63","8.70","10.07","6.48","","","","",""
"2025-01-29","2025029","12:46","6.0","110.8977","2.0","1.1","0.60","1.1","","10.0","94","27.1","25","","9.21","10.13","6.87","","","","",""
"2025-01-29","2025029","12:46","6.0","110.8977","3.0","","","1.7","","9.9","94","","40","","9.57","10.16","7.14","","","","",""
"2025-01-29","2025029","12:46","6.0","110.8977","4.0","","","2.3","","9.9","94","","56","","9.65","10.17","7.21","","","","",""
"2025-01-29","2025029","12:46","6.0","110.8977","5.0","","","2.4","","9.9","94","","68","","9.73","10.19","7.27","","","","",""
"2025-01-29","2025029","12:46","6.0","110.8977","6.0","","","2.4","","9.9","94","","68","","9.97","10.22","7.45","","","","",""
"2025-01-29","2025029","12:46","6.0","110.8977","7.0","","","2.7","","9.9","94","","88","","10.20","10.25","7.62","","","","",""
"2025-01-29","2025029","12:46","6.0","110.8977","8.0","","","3.1","","9.9","94","","116","","10.32","10.27","7.72","","","","",""
"2025-01-29","2025029","12:46","6.0","110.8977","9.0","","","","","9.9","94","","128","","10.37","10.28","7.76","","","","",""
"2025-01-29","2025029","12:46","6.0","110.8977","10.0","1.1","0.25","","","9.9","94","138.4","139","","10.38","10.28","7.76","","","","",""
"2025-01-29","2025029","12:30","7.0","104.9810","1.0","","","2.1","","9.6","93","","8","2.28","12.88","10.61","9.66","","","","",""
"2025-01-29","2025029","12:30","7.0","104.9810","2.0","2.4","0.77","2.1","","9.5","93","","8","","13.24","10.60","9.94","","","","",""
"2025-01-29","2025029","12:30","7.0","104.9810","3.0","","","2.1","","9.5","93","","9","","13.33","10.60","10.01","","","","",""
"2025-01-29","2025029","12:30","7.0","104.9810","4.0","","","1.6","","9.5","93","","10","","13.50","10.61","10.14","","","","",""
"2025-01-29","2025029","12:30","7.0","104.9810","5.0","","","1.7","","9.5","93","","12","","13.55","10.61","10.18","","","","",""
"2025-01-29","2025029","12:30","7.0","104.9810","6.0","","","1.7","","9.5","93","","14","","13.57","10.61","10.20","","","","",""
"2025-01-29","2025029","12:30","7.0","104.9810","7.0","","","1.7","","9.5","93","","15","","13.53","10.62","10.16","","","","",""
"2025-01-29","2025029","12:30","7.0","104.9810","8.0","","","1.8","","9.5","93","","16","","13.52","10.62","10.16","","","","",""
"2025-01-29","2025029","12:30","7.0","104.9810","9.0","","","1.7","","9.5","93","","16","","13.68","10.62","10.28","","","","",""
"2025-01-29","2025029","12:30","7.0","104.9810","10.0","","","1.7","","9.5","93","","17","","13.69","10.62","10.29","","","","",""
"2025-01-29","2025029","12:30","7.0","104.9810","11.0","","","1.8","","9.5","93","","18","","13.70","10.62","10.29","","","","",""
"2025-01-29","2025029","12:30","7.0","104.9810","12.0","","","1.7","","9.5","93","","18","","13.82","10.62","10.39","","","","",""
"2025-01-29","2025029","12:30","7.0","104.9810","13.0","","","1.7","","9.4","93","","18","","14.09","10.63","10.60","","","","",""
"2025-01-29","2025029","12:30","7.0","104.9810","14.0","","","1.8","","9.4","93","","19","","14.40","10.64","10.84","","","","",""
"2025-01-29","2025029","12:30","7.0","104.9810","15.0","","","1.8","","9.4","93","","21","","14.53","10.64","10.94","","","","",""
"2025-01-29","2025029","12:30","7.0","104.9810","16.0","","","1.8","","9.4","93","","25","","14.55","10.64","10.96","","","","",""
"2025-01-29","2025029","12:14","8.0","99.7699","1.0","","","1.1","","9.5","94","","17","1.62","13.84","10.67","10.40","","","","",""
"2025-01-29","2025029","12:14","8.0","99.7699","2.0","1.4","0.73","1.2","","9.5","94","17.0","17","","14.05","10.68","10.56","","","","",""
"2025-01-29","2025029","12:14","8.0","99.7699","3.0","","","1.3","","9.5","94","","22","","14.09","10.67","10.59","","","","",""
"2025-01-29","2025029","12:14","8.0","99.7699","4.0","","","1.5","","9.4","93","","23","","14.35","10.68","10.80","","","","",""
"2025-01-29","2025029","12:14","8.0","99.7699","5.0","","","1.4","","9.3","93","","24","","15.38","10.68","11.59","","","","",""
"2025-01-29","2025029","12:14","8.0","99.7699","6.0","","","1.4","","9.3","93","","29","","15.47","10.69","11.66","","","","",""
"2025-01-29","2025029","12:14","8.0","99.7699","7.0","","","1.5","","9.3","92","","33","","15.97","10.70","12.04","","","","",""
"2025-01-29","2025029","12:14","8.0","99.7699","8.0","","","1.7","","9.2","92","","42","","16.38","10.72","12.36","","","","",""
"2025-01-29","2025029","12:14","8.0","99.7699","9.0","","","1.7","","9.1","92","","51","","16.87","10.73","12.74","","","","",""
"2025-01-29","2025029","12:14","8.0","99.7699","10.0","","","2.0","","9.1","92","","60","","17.51","10.76","13.23","","","","",""
"2025-01-29","2025029","12:14","8.0","99.7699","11.0","","","2.2","","9.1","92","","95","","17.55","10.76","13.26","","","","",""
"2025-01-29","2025029","12:14","8.0","99.7699","12.0","","","2.3","","9.0","91","","104","","17.75","10.77","13.41","","","","",""
"2025-01-29","2025029","12:14","8.0","99.7699","13.0","","","2.4","","9.0","91","","115","","17.86","10.78","13.50","","","","",""
"2025-01-29","2025029","12:14","8.0","99.7699","14.0","","","2.4","","9.0","91","","117","","17.86","10.78","13.50","","","","",""
"2025-01-29","2025029","12:14","8.0","99.7699","15.0","","","2.4","","9.0","91","","117","","17.85","10.78","13.49","","","","",""
"2025-01-29","2025029","12:14","8.0","99.7699","16.0","","","2.4","","9.0","91","","119","","17.82","10.77","13.47","","","","",""
"2025-01-29","2025029","12:00","9.0","96.7889","1.0","","","2.0","","9.3","93","","16","1.74","15.99","10.78","12.05","","","","",""
"2025-01-29","2025029","12:00","9.0","96.7889","2.0","1.9","0.78","2.0","","9.2","93","15.3","17","","16.74","10.76","12.63","","","","",""
"2025-01-29","2025029","12:00","9.0","96.7889","3.0","","","1.8","","9.1","92","","36","","17.31","10.78","13.08","","","","",""
"2025-01-29","2025029","12:00","9.0","96.7889","4.0","","","2.0","","9.1","92","","52","","17.36","10.78","13.11","","","","",""
"2025-01-29","2025029","12:00","9.0","96.7889","5.0","","","1.9","","9.1","92","","62","","17.48","10.79","13.20","","","","",""
"2025-01-29","2025029","12:00","9.0","96.7889","6.0","","","2.0","","9.1","92","","68","","17.83","10.80","13.48","","","","",""
"2025-01-29","2025029","12:00","9.0","96.7889","7.0","","","2.1","","9.0","92","","82","","18.26","10.82","13.80","","","","",""
"2025-01-29","2025029","12:00","9.0","96.7889","8.0","","","2.2","","9.0","91","","92","","18.90","10.85","14.29","","","","",""
"2025-01-29","2025029","12:00","9.0","96.7889","9.0","","","2.2","","8.9","91","","100","","19.49","10.87","14.75","","","","",""
"2025-01-29","2025029","12:00","9.0","96.7889","10.0","","","2.3","","8.9","91","","110","","19.58","10.88","14.82","","","","",""
"2025-01-29","2025029","12:00","9.0","96.7889","11.0","","","2.4","","8.9","91","","113","","19.62","10.88","14.85","","","","",""
"2025-01-29","2025029","12:00","9.0","96.7889","12.0","","","2.4","","8.9","91","","113","","19.66","10.88","14.88","","","","",""
"2025-01-29","2025029","12:00","9.0","96.7889","13.0","","","2.3","","8.9","91","","114","","19.79","10.88","14.98","","","","",""
"2025-01-29","2025029","12:00","9.0","96.7889","14.0","","","2.2","","8.9","91","","109","","19.82","10.88","15.00","","","","",""
"2025-01-29","2025029","12:00","9.0","96.7889","15.0","","","2.2","","8.9","91","","105","","19.87","10.88","15.04","","","","",""
"2025-01-29","2025029","12:00","9.0","96.7889","16.0","","","2.1","","8.9","91","","103","","19.93","10.88","15.09","","","","",""
"2025-01-29","2025029","12:00","9.0","96.7889","17.0","","","2.0","","8.9","91","","95","","19.93","10.88","15.09","","","","",""
"2025-01-29","2025029","12:00","9.0","96.7889","18.0","","","2.1","","8.9","91","","91","","19.91","10.88","15.08","","","","",""
"2025-01-29","2025029","12:00","9.0","96.7889","19.0","","","2.1","","8.9","91","","91","","19.89","10.88","15.06","","","","",""
"2025-01-29","2025029","12:00","9.0","96.7889","20.0","","","2.1","","8.9","91","","93","","19.90","10.88","15.06","","","","",""
"2025-01-29","2025029","12:00","9.0","96.7889","21.0","","","2.1","","8.9","91","","93","","19.92","10.89","15.08","","","","",""
"2025-01-29","2025029","12:00","9.0","96.7889","22.0","","","2.1","","8.9","91","","93","","20.00","10.89","15.14","","","","",""
"2025-01-29","2025029","12:00","9.0","96.7889","23.0","","","2.1","","8.9","91","","91","","20.03","10.89","15.16","","","","",""
"2025-01-29","2025029","12:00","9.0","96.7889","24.0","","","2.1","","8.9","91","","89","","20.04","10.89","15.17","","","","",""
"2025-01-29","2025029","12:00","9.0","96.7889","25.0","","","2.1","","8.9","91","","90","","20.04","10.89","15.17","","","","",""
"2025-01-29","2025029","12:00","9.0","96.7889","26.0","","","2.1","","8.9","91","","90","","20.05","10.89","15.18","","","","",""
"2025-01-29","2025029","12:00","9.0","96.7889","27.0","","","2.2","","8.8","91","","91","","20.06","10.89","15.19","","","","",""
"2025-01-29","2025029","12:00","9.0","96.7889","28.0","","","2.2","","8.8","91","","90","","20.07","10.89","15.19","","","","",""
"2025-01-29","2025029","12:00","9.0","96.7889","29.0","","","2.2","","8.9","91","","91","","20.07","10.89","15.19","","","","",""
"2025-01-29","2025029","12:00","9.0","96.7889","30.0","","","2.2","","8.9","91","","92","","20.06","10.89","15.19","","","","",""
"2025-01-29","2025029","11:51","10.0","93.5951","1.0","","","1.6","","9.2","93","","27","1.69","17.44","10.86","13.16","","","","",""
"2025-01-29","2025029","11:51","10.0","93.5951","2.0","1.9","0.76","2.1","","9.2","93","","26","","17.54","10.82","13.24","","","","",""
"2025-01-29","2025029","11:51","10.0","93.5951","3.0","","","1.6","","9.1","92","","27","","17.59","10.80","13.28","","","","",""
"2025-01-29","2025029","11:51","10.0","93.5951","4.0","","","1.6","","9.1","92","","28","","17.73","10.76","13.40","","","","",""
"2025-01-29","2025029","11:51","10.0","93.5951","5.0","","","1.5","","9.1","92","","31","","17.86","10.73","13.51","","","","",""
"2025-01-29","2025029","11:51","10.0","93.5951","6.0","","","1.5","","9.1","92","","33","","17.85","10.73","13.50","","","","",""
"2025-01-29","2025029","11:51","10.0","93.5951","7.0","","","1.6","","9.1","92","","34","","17.82","10.73","13.48","","","","",""
"2025-01-29","2025029","11:51","10.0","93.5951","8.0","","","1.6","","9.1","92","","34","","17.85","10.73","13.50","","","","",""
"2025-01-29","2025029","11:51","10.0","93.5951","9.0","","","1.6","","9.1","92","","34","","17.96","10.72","13.58","","","","",""
"2025-01-29","2025029","11:51","10.0","93.5951","10.0","","","1.6","","9.1","92","","34","","17.96","10.72","13.58","","","","",""
"2025-01-29","2025029","11:51","10.0","93.5951","11.0","","","1.6","","9.1","92","","35","","17.93","10.72","13.56","","","","",""
"2025-01-29","2025029","11:51","10.0","93.5951","12.0","","","1.6","","9.1","92","","36","","17.98","10.72","13.60","","","","",""
"2025-01-29","2025029","11:51","10.0","93.5951","13.0","","","1.7","","9.1","92","","38","","18.04","10.71","13.65","","","","",""
"2025-01-29","2025029","11:51","10.0","93.5951","14.0","","","1.6","","9.1","92","","40","","18.15","10.70","13.74","","","","",""
"2025-01-29","2025029","11:51","10.0","93.5951","15.0","","","1.6","","9.1","92","","41","","18.22","10.68","13.79","","","","",""
"2025-01-29","2025029","11:51","10.0","93.5951","16.0","","","1.7","","9.1","92","","42","","18.41","10.69","13.94","","","","",""
"2025-01-29","2025029","11:51","10.0","93.5951","17.0","","","1.8","","8.9","91","","47","","19.73","10.82","14.94","","","","",""
"2025-01-29","2025029","11:51","10.0","93.5951","18.0","","","2.0","","8.8","91","","67","","20.51","10.93","15.53","","","","",""
"2025-01-29","2025029","11:36","11.0","89.7672","1.0","","","2.7","","9.2","93","","15","1.38","17.31","10.80","13.07","","","","",""
"2025-01-29","2025029","11:36","11.0","89.7672","2.0","","","2.0","","9.1","93","","15","","17.84","10.78","13.48","","","","",""
"2025-01-29","2025029","11:36","11.0","89.7672","3.0","","","1.5","","9.1","92","","17","","18.02","10.79","13.62","","","","",""
"2025-01-29","2025029","11:36","11.0","89.7672","4.0","","","1.4","","9.1","92","","18","","18.17","10.79","13.74","","","","",""
"2025-01-29","2025029","11:36","11.0","89.7672","5.0","","","1.2","","9.0","92","","19","","18.67","10.82","14.13","","","","",""
"2025-01-29","2025029","11:36","11.0","89.7672","6.0","","","1.4","","9.0","92","","26","","18.89","10.84","14.29","","","","",""
"2025-01-29","2025029","11:36","11.0","89.7672","7.0","","","1.7","","8.9","91","","39","","19.34","10.86","14.63","","","","",""
"2025-01-29","2025029","11:36","11.0","89.7672","8.0","","","1.9","","8.8","91","","57","","20.44","10.94","15.47","","","","",""
"2025-01-29","2025029","11:36","11.0","89.7672","9.0","","","1.7","","8.8","91","","64","","21.01","10.99","15.91","","","","",""
"2025-01-29","2025029","11:36","11.0","89.7672","10.0","","","1.8","","8.8","91","","53","","21.32","11.02","16.15","","","","",""
"2025-01-29","2025029","11:36","11.0","89.7672","11.0","","","1.9","","8.7","91","","53","","21.44","11.03","16.24","","","","",""
"2025-01-29","2025029","11:36","11.0","89.7672","12.0","","","1.9","","8.7","91","","58","","21.46","11.03","16.25","","","","",""
"2025-01-29","2025029","11:36","11.0","89.7672","13.0","","","2.1","","8.7","91","","64","","21.49","11.04","16.28","","","","",""
"2025-01-29","2025029","11:36","11.0","89.7672","14.0","","","2.1","","8.7","91","","66","","21.49","11.04","16.27","","","","",""
"2025-01-29","2025029","11:36","11.0","89.7672","15.0","","","2.1","","8.7","91","","65","","21.47","11.03","16.26","","","","",""
"2025-01-29","2025029","11:36","11.0","89.7672","16.0","","","2.2","","8.7","91","","67","","21.49","11.04","16.27","","","","",""
"2025-01-29","2025029","11:36","11.0","89.7672","17.0","","","2.2","","8.7","91","","68","","21.56","11.05","16.33","","","","",""
"2025-01-29","2025029","11:36","11.0","89.7672","18.0","","","2.2","","8.7","91","","71","","21.71","11.06","16.44","","","","",""
"2025-01-29","2025029","11:36","11.0","89.7672","19.0","","","2.3","","8.7","91","","73","","21.90","11.08","16.59","","","","",""
"2025-01-29","2025029","11:36","11.0","89.7672","20.0","","","2.4","","8.6","91","","80","","22.29","11.13","16.88","","","","",""
"2025-01-29","2025029","11:36","11.0","89.7672","21.0","","","2.5","","8.6","91","","91","","22.62","11.16","17.13","","","","",""
"2025-01-29","2025029","11:36","11.0","89.7672","22.0","","","2.5","","8.6","91","","93","","22.56","11.16","17.08","","","","",""
"2025-01-29","2025029","11:36","11.0","89.7672","23.0","","","2.5","","8.6","91","","95","","22.66","11.17","17.16","","","","",""
"2025-01-29","2025029","11:26","12.0","84.4458","1.0","","","2.8","","9.2","93","","14","1.33","17.97","10.77","13.59","","","","",""
"2025-01-29","2025029","11:26","12.0","84.4458","2.0","","","2.3","","9.0","92","","15","","19.80","10.84","14.99","","","","",""
"2025-01-29","2025029","11:26","12.0","84.4458","3.0","","","2.0","","8.7","91","","15","","22.47","11.10","17.03","","","","",""
"2025-01-29","2025029","11:26","12.0","84.4458","4.0","","","1.8","","8.5","90","","18","","23.38","11.26","17.70","","","","",""
"2025-01-29","2025029","11:26","12.0","84.4458","5.0","","","2.1","","8.5","90","","46","","23.47","11.27","17.78","","","","",""
"2025-01-29","2025029","11:26","12.0","84.4458","6.0","","","2.1","","8.5","90","","63","","23.55","11.28","17.83","","","","",""
"2025-01-29","2025029","11:26","12.0","84.4458","7.0","","","2.1","","8.5","90","","73","","23.61","11.29","17.88","","","","",""
"2025-01-29","2025029","11:26","12.0","84.4458","8.0","","","2.1","","8.5","90","","77","","23.61","11.29","17.88","","","","",""
"2025-01-29","2025029","11:26","12.0","84.4458","9.0","","","2.1","","8.5","90","","78","","23.63","11.30","17.89","","","","",""
"2025-01-29","2025029","11:10","13.0","78.5444","1.0","","","5.5","","8.6","91","","11","1.24","23.48","11.19","17.79","","","","",""
"2025-01-29","2025029","11:10","13.0","78.5444","2.0","3.8","0.86","4.0","","8.5","90","9.9","11","","24.01","11.22","18.20","","","","",""
"2025-01-29","2025029","11:10","13.0","78.5444","3.0","","","3.2","","8.3","89","","13","","25.05","11.30","18.99","","","","",""
"2025-01-29","2025029","11:10","13.0","78.5444","4.0","","","3.5","","8.3","89","","31","","25.45","11.34","19.30","","","","",""
"2025-01-29","2025029","11:10","13.0","78.5444","5.0","","","3.8","","8.3","89","","65","","25.55","11.36","19.37","","","","",""
"2025-01-29","2025029","11:10","13.0","78.5444","6.0","","","4.1","","8.2","89","","93","","25.65","11.36","19.45","","","","",""
"2025-01-29","2025029","11:10","13.0","78.5444","7.0","","","","","8.2","89","","123","","25.67","11.37","19.47","","","","",""
"2025-01-29","2025029","11:10","13.0","78.5444","8.0","","","","","8.2","89","","151","","25.66","11.37","19.46","","","","",""
"2025-01-29","2025029","11:10","13.0","78.5444","9.0","2.4","0.30","","","8.2","89","173.4","173","","25.65","11.37","19.45","","","","",""
"2025-01-29","2025029","10:59","14.0","74.4288","1.0","","","5.3","","8.5","91","","11","1.19","23.92","11.22","18.13","","","","",""
"2025-01-29","2025029","10:59","14.0","74.4288","2.0","","","4.5","","8.3","90","","11","","25.45","11.34","19.30","","","","",""
"2025-01-29","2025029","10:59","14.0","74.4288","3.0","","","3.7","","8.2","89","","13","","26.18","11.34","19.86","","","","",""
"2025-01-29","2025029","10:59","14.0","74.4288","4.0","","","3.5","","8.2","89","","22","","26.33","11.35","19.98","","","","",""
"2025-01-29","2025029","10:59","14.0","74.4288","5.0","","","3.3","","8.2","89","","28","","26.41","11.35","20.04","","","","",""
"2025-01-29","2025029","10:59","14.0","74.4288","6.0","","","3.3","","8.2","89","","34","","26.46","11.35","20.07","","","","",""
"2025-01-29","2025029","10:59","14.0","74.4288","7.0","","","3.2","","8.2","88","","36","","26.54","11.36","20.14","","","","",""
"2025-01-29","2025029","10:59","14.0","74.4288","8.0","","","3.2","","8.1","88","","38","","26.93","11.39","20.43","","","","",""
"2025-01-29","2025029","10:59","14.0","74.4288","9.0","","","3.4","","8.1","88","","44","","27.10","11.40","20.56","","","","",""
"2025-01-29","2025029","10:59","14.0","74.4288","10.0","","","3.5","","8.1","88","","54","","27.11","11.40","20.57","","","","",""
"2025-01-29","2025029","10:59","14.0","74.4288","11.0","","","3.9","","8.1","88","","69","","27.10","11.40","20.56","","","","",""
"2025-01-29","2025029","10:59","14.0","74.4288","12.0","","","","","8.1","88","","97","","27.09","11.40","20.56","","","","",""
"2025-01-29","2025029","10:59","14.0","74.4288","13.0","","","","","8.1","88","","143","","27.08","11.40","20.55","","","","",""
"2025-01-29","2025029","10:59","14.0","74.4288","14.0","","","","","8.1","88","","166","","27.07","11.40","20.54","","","","",""
"2025-01-29","2025029","10:46","15.0","69.9895","1.0","","","3.9","","8.4","90","","11","1.14","25.16","11.29","19.08","","","","",""
"2025-01-29","2025029","10:46","15.0","69.9895","2.0","4.6","0.85","4.4","","8.3","89","9.1","11","","25.65","11.31","19.46","","","","",""
"2025-01-29","2025029","10:46","15.0","69.9895","3.0","","","3.9","","8.2","89","","12","","26.64","11.37","20.21","","","","",""
"2025-01-29","2025029","10:46","15.0","69.9895","4.0","","","3.9","","8.1","88","","17","","27.39","11.42","20.79","","","","",""
"2025-01-29","2025029","10:46","15.0","69.9895","5.0","","","4.0","","8.1","88","","30","","27.63","11.43","20.97","","","","",""
"2025-01-29","2025029","10:46","15.0","69.9895","6.0","","","4.1","","8.1","88","","43","","27.67","11.43","21.01","","","","",""
"2025-01-29","2025029","10:46","15.0","69.9895","7.0","","","4.0","","8.1","88","","47","","27.69","11.43","21.02","","","","",""
"2025-01-29","2025029","10:46","15.0","69.9895","8.0","","","4.0","","8.1","88","","50","","27.72","11.43","21.04","","","","",""
"2025-01-29","2025029","10:46","15.0","69.9895","9.0","","","4.1","","8.1","88","","50","","27.74","11.43","21.06","","","","",""
"2025-01-29","2025029","10:46","15.0","69.9895","10.0","","","4.0","","8.1","88","","54","","27.77","11.43","21.08","","","","",""
"2025-01-29","2025029","10:46","15.0","69.9895","11.0","","","4.2","","8.0","88","","55","","27.77","11.43","21.08","","","","",""
"2025-01-29","2025029","10:46","15.0","69.9895","12.0","","","4.0","","8.0","88","","56","","27.78","11.43","21.08","","","","",""
"2025-01-29","2025029","10:46","15.0","69.9895","13.0","","","4.0","","8.1","88","","55","","27.78","11.43","21.09","","","","",""
"2025-01-29","2025029","10:46","15.0","69.9895","14.0","","","3.8","","8.1","88","","56","","27.78","11.43","21.09","","","","",""
"2025-01-29","2025029","10:46","15.0","69.9895","15.0","","","3.7","","8.1","88","","56","","27.77","11.43","21.08","","","","",""
"2025-01-29","2025029","10:46","15.0","69.9895","16.0","","","3.7","","8.1","88","","56","","27.77","11.43","21.08","","","","",""
"2025-01-29","2025029","10:46","15.0","69.9895","17.0","","","3.7","","8.1","88","","54","","27.77","11.43","21.08","","","","",""
"2025-01-29","2025029","10:46","15.0","69.9895","18.0","","","3.8","","8.1","88","","54","","27.77","11.43","21.08","","","","",""
"2025-01-29","2025029","10:46","15.0","69.9895","19.0","","","3.8","","8.0","88","","54","","27.77","11.43","21.08","","","","",""
"2025-01-29","2025029","10:46","15.0","69.9895","20.0","","","3.8","","8.1","88","","55","","27.78","11.43","21.09","","","","",""
"2025-01-29","2025029","10:46","15.0","69.9895","21.0","","","3.3","","8.0","88","","56","","27.79","11.43","21.09","","","","",""
"2025-01-29","2025029","10:46","15.0","69.9895","22.0","","","3.6","","8.0","88","","56","","27.79","11.43","21.09","","","","",""
"2025-01-29","2025029","10:46","15.0","69.9895","23.0","","","3.2","","8.0","88","","55","","27.78","11.43","21.09","","","","",""
"2025-01-29","2025029","10:46","15.0","69.9895","24.0","3.0","0.54","3.2","","8.1","88","56.7","56","","27.78","11.43","21.09","","","","",""
"2025-01-29","2025029","10:30","16.0","63.0794","1.0","","","4.3","","8.0","88","","12","1.32","28.54","11.42","21.68","","","","",""
"2025-01-29","2025029","10:30","16.0","63.0794","2.0","","","3.7","","8.0","88","","18","","28.81","11.44","21.88","","","","",""
"2025-01-29","2025029","10:30","16.0","63.0794","3.0","","","3.6","","8.0","88","","26","","28.88","11.44","21.94","","","","",""
"2025-01-29","2025029","10:30","16.0","63.0794","4.0","","","3.8","","8.0","88","","31","","28.93","11.45","21.98","","","","",""
"2025-01-29","2025029","10:30","16.0","63.0794","5.0","","","3.8","","8.0","88","","35","","28.95","11.45","21.99","","","","",""
"2025-01-29","2025029","10:30","16.0","63.0794","6.0","","","3.8","","8.0","88","","40","","28.97","11.45","22.01","","","","",""
"2025-01-29","2025029","10:30","16.0","63.0794","7.0","","","3.9","","8.0","88","","43","","28.97","11.45","22.01","","","","",""
"2025-01-29","2025029","10:30","16.0","63.0794","8.0","","","4.1","","8.0","88","","46","","28.97","11.45","22.01","","","","",""
"2025-01-29","2025029","10:30","16.0","63.0794","9.0","","","4.2","","8.0","88","","46","","28.97","11.45","22.01","","","","",""
"2025-01-29","2025029","10:30","16.0","63.0794","10.0","","","4.0","","7.9","88","","48","","28.97","11.45","22.00","","","","",""
"2025-01-29","2025029","10:30","16.0","63.0794","11.0","","","4.0","","8.0","88","","49","","28.97","11.45","22.01","","","","",""
"2025-01-29","2025029","10:30","16.0","63.0794","12.0","","","4.1","","8.0","88","","51","","28.97","11.45","22.01","","","","",""
"2025-01-29","2025029","10:17","17.0","58.8909","1.0","","","3.6","","8.0","88","","6","0.85","28.29","11.52","21.47","","","","",""
"2025-01-29","2025029","10:17","17.0","58.8909","2.0","4.2","0.85","4.0","","8.0","88","","6","","28.60","11.47","21.72","","","","",""
"2025-01-29","2025029","10:17","17.0","58.8909","3.0","","","3.4","","7.9","87","","6","","29.18","11.47","22.17","","","","",""
"2025-01-29","2025029","10:17","17.0","58.8909","4.0","","","2.9","","7.9","87","","7","","29.28","11.48","22.24","","","","",""
"2025-01-29","2025029","10:17","17.0","58.8909","5.0","","","2.9","","7.8","87","","8","","29.35","11.48","22.30","","","","",""
"2025-01-29","2025029","10:17","17.0","58.8909","6.0","","","3.0","","7.8","87","","11","","29.40","11.48","22.34","","","","",""
"2025-01-29","2025029","10:17","17.0","58.8909","7.0","","","3.2","","7.8","87","","18","","29.44","11.48","22.36","","","","",""
"2025-01-29","2025029","10:17","17.0","58.8909","8.0","","","3.3","","7.8","87","","22","","29.44","11.48","22.37","","","","",""
"2025-01-29","2025029","10:17","17.0","58.8909","9.0","","","3.1","","7.8","87","","23","","29.49","11.48","22.40","","","","",""
"2025-01-29","2025029","10:17","17.0","58.8909","10.0","","","3.2","","7.8","87","","27","","29.49","11.48","22.41","","","","",""
"2025-01-29","2025029","10:17","17.0","58.8909","11.0","","","3.3","","7.8","86","","29","","29.53","11.49","22.43","","","","",""
"2025-01-29","2025029","10:01","18.0","54.9481","1.0","","","4.8","","7.8","87","","11","0.91","30.60","11.48","23.26","","","","",""
"2025-01-29","2025029","10:01","18.0","54.9481","2.0","5.0","0.75","5.0","","7.8","87","14.1","11","","30.60","11.48","23.27","","","","",""
"2025-01-29","2025029","10:01","18.0","54.9481","3.0","","","4.3","","7.8","87","","11","","30.61","11.48","23.27","","","","",""
"2025-01-29","2025029","10:01","18.0","54.9481","4.0","","","4.5","","7.8","87","","11","","30.62","11.48","23.29","","","","",""
"2025-01-29","2025029","10:01","18.0","54.9481","5.0","","","4.5","","7.8","87","","12","","30.61","11.48","23.28","","","","",""
"2025-01-29","2025029","10:01","18.0","54.9481","6.0","","","4.8","","7.8","87","","11","","30.62","11.48","23.29","","","","",""
"2025-01-29","2025029","10:01","18.0","54.9481","7.0","","","4.9","","7.8","87","","12","","30.63","11.48","23.29","","","","",""
"2025-01-29","2025029","10:01","18.0","54.9481","8.0","","","4.7","","7.8","87","","12","","30.64","11.48","23.30","","","","",""
"2025-01-29","2025029","10:01","18.0","54.9481","9.0","","","4.8","","7.8","87","","12","","30.65","11.48","23.30","","","","",""
"2025-01-29","2025029","10:01","18.0","54.9481","10.0","","","4.8","","7.8","87","","12","","30.65","11.48","23.31","","","","",""
"2025-01-29","2025029","10:01","18.0","54.9481","11.0","","","4.8","","7.8","87","","10","","30.65","11.48","23.30","","","","",""
"2025-01-29","2025029","10:01","18.0","54.9481","12.0","","","4.9","","7.8","87","","11","","30.64","11.48","23.30","","","","",""
"2025-01-29","2025029","10:01","18.0","54.9481","13.0","","","5.0","","7.8","87","","10","","30.65","11.48","23.31","","","","",""
"2025-01-29","2025029","10:01","18.0","54.9481","14.0","","","4.7","","7.8","87","","11","","30.65","11.48","23.30","","","","",""
"2025-01-29","2025029","10:01","18.0","54.9481","15.0","","","5.1","","7.8","87","","11","","30.63","11.48","23.29","","","","",""
"2025-01-29","2025029","10:01","18.0","54.9481","16.0","","","4.9","","7.8","87","","12","","30.63","11.48","23.29","","","","",""
"2025-01-29","2025029","10:01","18.0","54.9481","17.0","","","5.1","","7.8","87","","12","","30.63","11.48","23.29","","","","",""
"2025-01-29","2025029","10:01","18.0","54.9481","18.0","","","4.8","","7.8","87","","10","","30.63","11.48","23.29","","","","",""
"2025-01-29","2025029","10:01","18.0","54.9481","19.0","","","4.9","","7.8","87","","12","","30.61","11.48","23.28","","","","",""
"2025-01-29","2025029","10:01","18.0","54.9481","20.0","","","5.0","","7.8","87","","13","","30.59","11.48","23.26","","","","",""
"2025-01-29","2025029","10:01","18.0","54.9481","21.0","","","5.1","","7.8","87","","14","","30.59","11.48","23.26","","","","",""
"2025-01-29","2025029","10:01","18.0","54.9481","22.0","","","4.8","","7.8","87","","14","","30.59","11.48","23.26","","","","",""
"2025-01-29","2025029","10:01","18.0","54.9481","23.0","","","4.7","","7.8","87","","14","","30.59","11.48","23.26","","","","",""
"2025-01-29","2025029","10:01","18.0","54.9481","24.0","","","4.9","","7.8","87","","14","","30.59","11.48","23.26","","","","",""
"2025-01-29","2025029","10:01","18.0","54.9481","25.0","","","4.8","","7.8","87","","14","","30.60","11.48","23.27","","","","",""
"2025-01-29","2025029","10:01","18.0","54.9481","26.0","","","5.0","","7.8","87","","14","","30.61","11.48","23.27","","","","",""
"2025-01-29","2025029","10:01","18.0","54.9481","27.0","","","4.9","","7.8","87","","14","","30.61","11.48","23.28","","","","",""
"2025-01-29","2025029","10:01","18.0","54.9481","28.0","","","5.1","","7.8","87","","14","","30.63","11.48","23.29","","","","",""
"2025-01-29","2025029","10:01","18.0","54.9481","29.0","","","5.0","","7.8","87","","15","","30.64","11.48","23.30","","","","",""
"2025-01-29","2025029","10:01","18.0","54.9481","30.0","","","5.7","","7.8","87","","15","","30.64","11.48","23.30","","","","",""
"2025-01-29","2025029","10:01","18.0","54.9481","31.0","","","5.2","","7.8","87","","15","","30.64","11.48","23.30","","","","",""
"2025-01-29","2025029","10:01","18.0","54.9481","32.0","","","5.4","","7.8","87","","15","","30.65","11.48","23.31","","","","",""
"2025-01-29","2025029","10:01","18.0","54.9481","33.0","","","5.3","","7.8","87","","16","","30.67","11.48","23.32","","","","",""
"2025-01-29","2025029","10:01","18.0","54.9481","34.0","","","5.5","","7.8","87","","15","","30.67","11.48","23.32","","","","",""
"2025-01-29","2025029","10:01","18.0","54.9481","35.0","","","5.0","","7.8","87","","15","","30.68","11.48","23.33","","","","",""
"2025-01-29","2025029","10:01","18.0","54.9481","36.0","","","5.2","","7.8","87","","14","","30.68","11.48","23.33","","","","",""
"2025-01-29","2025029","10:01","18.0","54.9481","37.0","","","4.9","","7.8","87","","14","","30.68","11.48","23.33","","","","",""
"2025-01-29","2025029","10:01","18.0","54.9481","38.0","","","5.0","","7.8","87","","14","","30.68","11.48","23.33","","","","",""
"2025-01-29","2025029","10:01","18.0","54.9481","39.0","","","5.1","","7.8","87","","15","","30.68","11.48","23.33","","","","",""
"2025-01-29","2025029","10:01","18.0","54.9481","40.0","","","4.9","","7.8","87","","15","","30.67","11.48","23.32","","","","",""
"2025-01-29","2025029","10:01","18.0","54.9481","41.0","","","4.7","","7.8","87","","15","","30.70","11.48","23.34","","","","",""
"2025-01-29","2025029","10:01","18.0","54.9481","42.0","","","4.7","","7.8","87","","15","","30.70","11.48","23.35","","","","",""
"2025-01-29","2025029","10:01","18.0","54.9481","43.0","4.4","0.69","4.6","","7.8","87","17.8","16","","30.70","11.48","23.35","","","","",""
"2025-01-29","2025029","9:47","20.0","51.4501","1.0","","","4.5","","8.0","88","","3","0.72","28.91","11.46","21.96","","","","",""
"2025-01-29","2025029","9:47","20.0","51.4501","2.0","4.4","0.86","4.4","","8.0","88","","3","","29.05","11.45","22.07","","","","",""
"2025-01-29","2025029","9:47","20.0","51.4501","3.0","","","3.8","","7.9","87","","3","","29.47","11.46","22.40","","","","",""
"2025-01-29","2025029","9:47","20.0","51.4501","4.0","","","3.6","","7.8","87","","4","","29.73","11.47","22.60","","","","",""
"2025-01-29","2025029","9:47","20.0","51.4501","5.0","","","3.4","","7.7","86","","3","","29.94","11.46","22.76","","","","",""
"2025-01-29","2025029","9:47","20.0","51.4501","6.0","","","3.5","","7.7","85","","5","","30.33","11.46","23.06","","","","",""
"2025-01-29","2025029","9:47","20.0","51.4501","7.0","","","3.5","","7.6","85","","8","","30.43","11.46","23.14","","","","",""
"2025-01-29","2025029","9:47","20.0","51.4501","8.0","","","3.4","","7.6","85","","14","","30.43","11.46","23.14","","","","",""
"2025-01-29","2025029","9:47","20.0","51.4501","9.0","","","3.6","","7.6","85","","15","","30.43","11.46","23.14","","","","",""
"2025-01-29","2025029","9:47","20.0","51.4501","10.0","","","3.3","","7.6","85","","15","","30.44","11.46","23.15","","","","",""
"2025-01-29","2025029","9:47","20.0","51.4501","11.0","","","3.2","","7.6","85","","15","","30.44","11.46","23.15","","","","",""
"2025-01-29","2025029","9:47","20.0","51.4501","12.0","","","3.2","","7.6","85","","16","","30.44","11.46","23.15","","","","",""
"2025-01-29","2025029","9:47","20.0","51.4501","13.0","","","3.3","","7.6","85","","16","","30.45","11.46","23.15","","","","",""
"2025-01-29","2025029","9:47","20.0","51.4501","14.0","","","3.1","","7.6","85","","16","","30.45","11.46","23.15","","","","",""
"2025-01-29","2025029","9:47","20.0","51.4501","15.0","","","3.0","","7.6","85","","16","","30.45","11.46","23.15","","","","",""
"2025-01-29","2025029","9:47","20.0","51.4501","16.0","","","3.0","","7.6","85","","15","","30.45","11.46","23.16","","","","",""
"2025-01-29","2025029","9:47","20.0","51.4501","17.0","","","3.2","","7.6","85","","15","","30.45","11.46","23.16","","","","",""
"2025-01-29","2025029","9:47","20.0","51.4501","18.0","","","3.2","","7.6","85","","15","","30.45","11.46","23.16","","","","",""
"2025-01-29","2025029","9:47","20.0","51.4501","19.0","","","3.2","","7.6","85","","16","","30.44","11.46","23.15","","","","",""
"2025-01-29","2025029","9:47","20.0","51.4501","20.0","","","3.3","","7.6","85","","17","","30.43","11.46","23.14","","","","",""
"2025-01-29","2025029","9:47","20.0","51.4501","21.0","","","3.3","","7.6","85","","18","","30.43","11.47","23.14","","","","",""
"2025-01-29","2025029","9:47","20.0","51.4501","22.0","","","3.2","","7.6","85","","18","","30.43","11.46","23.14","","","","",""
"2025-01-29","2025029","9:47","20.0","51.4501","23.0","","","3.2","","7.6","85","","18","","30.43","11.47","23.14","","","","",""
"2025-01-29","2025029","9:47","20.0","51.4501","24.0","","","3.4","","7.6","85","","18","","30.42","11.47","23.13","","","","",""
"2025-01-29","2025029","9:47","20.0","51.4501","25.0","","","3.4","","7.6","85","","18","","30.42","11.47","23.13","","","","",""
"2025-01-29","2025029","9:47","20.0","51.4501","26.0","","","3.4","","7.6","85","","19","","30.42","11.47","23.13","","","","",""
"2025-01-29","2025029","9:34","21.0","46.6266","1.0","","","2.7","","8.1","88","","10","1.07","27.74","11.48","21.05","","","","",""
"2025-01-29","2025029","9:34","21.0","46.6266","2.0","2.8","0.79","2.8","","8.0","88","","11","","28.40","11.47","21.56","","","","",""
"2025-01-29","2025029","9:34","21.0","46.6266","3.0","","","2.9","","7.9","87","","12","","28.84","11.48","21.90","","","","",""
"2025-01-29","2025029","9:34","21.0","46.6266","4.0","","","3.2","","7.9","87","","13","","28.98","11.48","22.01","","","","",""
"2025-01-29","2025029","9:34","21.0","46.6266","5.0","","","3.3","","7.9","87","","14","","29.03","11.48","22.05","","","","",""
"2025-01-29","2025029","9:34","21.0","46.6266","6.0","","","3.4","","7.9","87","","15","","29.04","11.48","22.06","","","","",""
"2025-01-29","2025029","9:34","21.0","46.6266","7.0","","","3.4","","7.9","87","","15","","29.06","11.48","22.07","","","","",""
"2025-01-29","2025029","9:34","21.0","46.6266","8.0","","","3.2","","7.9","87","","15","","29.08","11.48","22.08","","","","",""
"2025-01-29","2025029","9:34","21.0","46.6266","9.0","","","3.2","","7.9","87","","16","","29.09","11.48","22.10","","","","",""
"2025-01-29","2025029","9:34","21.0","46.6266","10.0","","","3.3","","7.9","87","","16","","29.10","11.48","22.10","","","","",""
"2025-01-29","2025029","9:34","21.0","46.6266","11.0","","","3.5","","7.9","87","","16","","29.11","11.48","22.11","","","","",""
"2025-01-29","2025029","9:34","21.0","46.6266","12.0","","","3.3","","7.9","87","","17","","29.12","11.48","22.12","","","","",""
"2025-01-29","2025029","9:34","21.0","46.6266","13.0","","","3.4","","7.9","87","","17","","29.13","11.48","22.12","","","","",""
"2025-01-29","2025029","9:34","21.0","46.6266","14.0","","","3.6","","7.9","87","","18","","29.14","11.49","22.13","","","","",""
"2025-01-29","2025029","9:34","21.0","46.6266","15.0","","","3.6","","7.9","87","","19","","29.13","11.49","22.13","","","","",""
"2025-01-29","2025029","9:34","21.0","46.6266","16.0","","","3.4","","7.9","87","","19","","29.14","11.49","22.13","","","","",""
"2025-01-29","2025029","9:34","21.0","46.6266","17.0","","","3.4","","7.9","87","","19","","29.13","11.49","22.13","","","","",""
"2025-01-29","2025029","9:22","22.0","43.9210","1.0","","","4.2","","8.3","91","","6","0.82","27.40","11.47","20.78","","","","",""
"2025-01-29","2025029","9:22","22.0","43.9210","2.0","3.8","0.85","3.6","","8.2","90","6.7","6","","27.68","11.48","21.00","","","","",""
"2025-01-29","2025029","9:22","22.0","43.9210","3.0","","","3.3","","8.1","89","","6","","28.08","11.48","21.31","","","","",""
"2025-01-29","2025029","9:22","22.0","43.9210","4.0","","","3.2","","8.1","89","","6","","28.35","11.48","21.52","","","","",""
"2025-01-29","2025029","9:22","22.0","43.9210","5.0","","","3.1","","8.1","89","","7","","28.42","11.48","21.58","","","","",""
"2025-01-29","2025029","9:22","22.0","43.9210","6.0","","","2.9","","8.0","88","","8","","28.51","11.48","21.64","","","","",""
"2025-01-29","2025029","9:22","22.0","43.9210","7.0","","","3.0","","8.0","88","","9","","28.57","11.48","21.70","","","","",""
"2025-01-29","2025029","9:22","22.0","43.9210","8.0","","","3.0","","8.0","88","","9","","28.64","11.48","21.74","","","","",""
"2025-01-29","2025029","9:22","22.0","43.9210","9.0","","","3.1","","8.0","88","","11","","28.66","11.48","21.76","","","","",""
"2025-01-29","2025029","9:22","22.0","43.9210","10.0","","","2.9","","8.0","88","","12","","28.72","11.49","21.81","","","","",""
"2025-01-29","2025029","9:22","22.0","43.9210","11.0","","","3.1","","8.0","88","","14","","28.73","11.49","21.81","","","","",""
"2025-01-29","2025029","9:22","22.0","43.9210","12.0","","","3.0","","8.0","88","","14","","28.75","11.49","21.83","","","","",""
"2025-01-29","2025029","9:22","22.0","43.9210","13.0","","","3.0","","8.0","88","","15","","28.75","11.49","21.83","","","","",""
"2025-01-29","2025029","9:22","22.0","43.9210","14.0","","","3.0","","8.0","88","","16","","28.77","11.49","21.84","","","","",""
"2025-01-29","2025029","9:22","22.0","43.9210","15.0","","","3.1","","8.0","88","","16","","28.78","11.49","21.85","","","","",""
"2025-01-29","2025029","9:22","22.0","43.9210","16.0","","","3.1","","8.0","88","","18","","28.78","11.49","21.85","","","","",""
"2025-01-29","2025029","9:22","22.0","43.9210","17.0","","","3.0","","8.0","88","","18","","28.78","11.49","21.85","","","","",""
"2025-01-29","2025029","9:22","22.0","43.9210","18.0","","","3.0","","8.0","88","","19","","28.78","11.49","21.85","","","","",""
"2025-01-29","2025029","9:22","22.0","43.9210","19.0","2.9","0.65","2.9","","8.0","88","23.2","19","","28.79","11.49","21.86","","","","",""
"2025-01-29","2025029","9:08","23.0","39.6557","1.0","","","4.1","","8.5","92","","6","0.86","26.61","11.41","20.18","","","","",""
"2025-01-29","2025029","9:08","23.0","39.6557","2.0","","","3.8","","8.4","92","","6","","26.66","11.42","20.22","","","","",""
"2025-01-29","2025029","9:08","23.0","39.6557","3.0","","","3.4","","8.4","91","","6","","26.74","11.43","20.28","","","","",""
"2025-01-29","2025029","9:08","23.0","39.6557","4.0","","","3.2","","8.4","91","","7","","26.80","11.45","20.33","","","","",""
"2025-01-29","2025029","9:08","23.0","39.6557","5.0","","","3.1","","8.4","91","","7","","26.84","11.45","20.35","","","","",""
"2025-01-29","2025029","9:08","23.0","39.6557","6.0","","","3.1","","8.3","90","","8","","26.91","11.46","20.41","","","","",""
"2025-01-29","2025029","9:08","23.0","39.6557","7.0","","","3.0","","8.2","90","","10","","27.33","11.48","20.73","","","","",""
"2025-01-29","2025029","9:08","23.0","39.6557","8.0","","","3.0","","8.2","90","","16","","27.44","11.48","20.81","","","","",""
"2025-01-29","2025029","9:08","23.0","39.6557","9.0","","","3.0","","8.2","89","","20","","27.56","11.48","20.91","","","","",""
"2025-01-29","2025029","9:08","23.0","39.6557","10.0","","","3.1","","8.1","89","","24","","27.78","11.49","21.08","","","","",""
"2025-01-29","2025029","9:08","23.0","39.6557","11.0","","","3.4","","8.1","89","","35","","27.82","11.49","21.11","","","","",""
"2025-01-29","2025029","9:08","23.0","39.6557","12.0","","","3.5","","8.1","89","","46","","27.82","11.49","21.11","","","","",""
"2025-01-29","2025029","9:08","23.0","39.6557","13.0","","","3.5","","8.1","89","","49","","27.83","11.49","21.11","","","","",""
"2025-01-29","2025029","9:08","23.0","39.6557","14.0","","","3.7","","8.1","89","","52","","27.85","11.49","21.13","","","","",""
"2025-01-29","2025029","9:08","23.0","39.6557","15.0","","","3.8","","8.1","89","","55","","27.85","11.49","21.13","","","","",""
"2025-01-29","2025029","8:56","24.0","37.0911","1.0","","","3.0","","8.3","90","","32","1.82","26.86","11.48","20.37","","","","",""
"2025-01-29","2025029","8:56","24.0","37.0911","2.0","2.7","0.59","2.8","","8.3","90","31.6","33","","26.86","11.48","20.37","","","","",""
"2025-01-29","2025029","8:56","24.0","37.0911","3.0","","","2.8","","8.3","90","","39","","26.86","11.48","20.37","","","","",""
"2025-01-29","2025029","8:56","24.0","37.0911","4.0","","","2.8","","8.3","90","","43","","26.86","11.48","20.37","","","","",""
"2025-01-29","2025029","8:56","24.0","37.0911","5.0","","","2.8","","8.3","90","","43","","26.86","11.48","20.37","","","","",""
"2025-01-29","2025029","8:56","24.0","37.0911","6.0","","","2.8","","8.3","90","","45","","26.86","11.48","20.36","","","","",""
"2025-01-29","2025029","8:56","24.0","37.0911","7.0","","","2.8","","8.3","90","","48","","26.86","11.48","20.36","","","","",""
"2025-01-29","2025029","8:56","24.0","37.0911","8.0","","","2.9","","8.3","90","","53","","26.86","11.48","20.36","","","","",""
"2025-01-29","2025029","8:56","24.0","37.0911","9.0","2.7","0.50","2.9","","8.3","90","51.6","53","","26.86","11.48","20.36","","","","",""
"2025-01-29","2025029","8:44","25.0","32.8382","1.0","","","3.5","","8.8","95","","8","1.04","25.46","11.36","19.30","","","","",""
"2025-01-29","2025029","8:44","25.0","32.8382","2.0","","","3.1","","8.7","94","","8","","25.65","11.43","19.43","","","","",""
"2025-01-29","2025029","8:44","25.0","32.8382","3.0","","","2.9","","8.6","93","","10","","25.81","11.47","19.55","","","","",""
"2025-01-29","2025029","8:44","25.0","32.8382","4.0","","","2.9","","8.6","93","","11","","25.90","11.48","19.62","","","","",""
"2025-01-29","2025029","8:44","25.0","32.8382","5.0","","","2.8","","8.5","92","","13","","26.17","11.49","19.83","","","","",""
"2025-01-29","2025029","8:44","25.0","32.8382","6.0","","","3.0","","8.5","92","","34","","26.22","11.50","19.87","","","","",""
"2025-01-29","2025029","8:44","25.0","32.8382","7.0","","","3.1","","8.5","92","","56","","26.23","11.50","19.87","","","","",""
"2025-01-29","2025029","8:44","25.0","32.8382","8.0","","","3.2","","8.5","92","","71","","26.23","11.50","19.88","","","","",""
"2025-01-29","2025029","8:32","26.0","28.7560","1.0","","","3.7","","9.0","97","","12","1.13","24.97","11.28","18.93","","","","",""
"2025-01-29","2025029","8:32","26.0","28.7560","2.0","","","3.6","","9.0","96","","11","","24.97","11.29","18.93","","","","",""
"2025-01-29","2025029","8:32","26.0","28.7560","3.0","","","3.4","","9.0","96","","12","","24.97","11.30","18.93","","","","",""
"2025-01-29","2025029","8:32","26.0","28.7560","4.0","","","3.2","","9.0","96","","12","","24.98","11.31","18.94","","","","",""
"2025-01-29","2025029","8:32","26.0","28.7560","5.0","","","3.1","","9.0","96","","12","","25.02","11.33","18.96","","","","",""
"2025-01-29","2025029","8:32","26.0","28.7560","6.0","","","3.1","","8.9","95","","13","","25.23","11.40","19.11","","","","",""
"2025-01-29","2025029","8:32","26.0","28.7560","7.0","","","3.2","","8.8","95","","29","","25.37","11.44","19.22","","","","",""
"2025-01-29","2025029","8:32","26.0","28.7560","8.0","","","3.2","","8.8","95","","41","","25.36","11.44","19.21","","","","",""
"2025-01-29","2025029","8:32","26.0","28.7560","9.0","","","3.1","","8.8","95","","41","","25.37","11.44","19.22","","","","",""
"2025-01-29","2025029","8:32","26.0","28.7560","10.0","","","3.2","","8.8","95","","44","","25.39","11.45","19.23","","","","",""
"2025-01-29","2025029","8:19","27.0","26.1872","1.0","","","3.5","","9.1","97","","13","1.17","24.72","11.32","18.74","","","","",""
"2025-01-29","2025029","8:19","27.0","26.1872","2.0","3.6","0.81","3.4","","9.1","97","10.6","13","","24.72","11.33","18.74","","","","",""
"2025-01-29","2025029","8:19","27.0","26.1872","3.0","","","3.2","","9.1","97","","13","","24.72","11.33","18.74","","","","",""
"2025-01-29","2025029","8:19","27.0","26.1872","4.0","","","3.2","","9.1","97","","14","","24.72","11.33","18.74","","","","",""
"2025-01-29","2025029","8:19","27.0","26.1872","5.0","","","3.1","","9.1","97","","13","","24.72","11.33","18.74","","","","",""
"2025-01-29","2025029","8:19","27.0","26.1872","6.0","","","3.1","","9.1","97","","14","","24.72","11.33","18.74","","","","",""
"2025-01-29","2025029","8:19","27.0","26.1872","7.0","","","3.2","","9.1","97","","15","","24.72","11.33","18.73","","","","",""
"2025-01-29","2025029","8:19","27.0","26.1872","8.0","","","3.3","","9.1","97","","26","","24.72","11.34","18.73","","","","",""
"2025-01-29","2025029","8:19","27.0","26.1872","9.0","","","3.4","","9.1","97","","34","","24.72","11.34","18.73","","","","",""
"2025-01-29","2025029","8:19","27.0","26.1872","10.0","3.5","0.59","3.4","","9.1","97","41.6","45","","24.72","11.34","18.73","","","","",""
"2025-01-29","2025029","8:08","28.0","23.5695","1.0","","","3.4","","9.1","98","","15","1.31","24.65","11.44","18.66","","","","",""
"2025-01-29","2025029","8:08","28.0","23.5695","2.0","","","3.3","","9.1","98","","15","","24.65","11.44","18.66","","","","",""
"2025-01-29","2025029","8:08","28.0","23.5695","3.0","","","3.3","","9.1","98","","15","","24.65","11.44","18.66","","","","",""
"2025-01-29","2025029","8:08","28.0","23.5695","4.0","","","3.4","","9.1","98","","15","","24.65","11.44","18.66","","","","",""
"2025-01-29","2025029","8:08","28.0","23.5695","5.0","","","3.3","","9.1","98","","15","","24.66","11.45","18.66","","","","",""
"2025-01-29","2025029","8:08","28.0","23.5695","6.0","","","3.3","","9.1","98","","15","","24.66","11.44","18.67","","","","",""
"2025-01-29","2025029","8:08","28.0","23.5695","7.0","","","3.3","","9.1","98","","15","","24.67","11.44","18.67","","","","",""
"2025-01-29","2025029","8:08","28.0","23.5695","8.0","","","3.2","","9.1","98","","15","","24.67","11.43","18.68","","","","",""
"2025-01-29","2025029","8:08","28.0","23.5695","9.0","","","3.2","","9.1","98","","15","","24.68","11.42","18.68","","","","",""
"2025-01-29","2025029","8:08","28.0","23.5695","10.0","","","3.1","","9.1","98","","15","","24.68","11.42","18.69","","","","",""
"2025-01-29","2025029","8:08","28.0","23.5695","11.0","","","3.2","","9.1","98","","20","","24.68","11.41","18.69","","","","",""
"2025-01-29","2025029","8:08","28.0","23.5695","12.0","","","3.2","","9.1","98","","29","","24.69","11.41","18.69","","","","",""
"2025-01-29","2025029","7:56","29.0","20.2526","1.0","","","3.5","","9.1","98","","28","1.55","24.68","11.51","18.67","","","","",""
"2025-01-29","2025029","7:56","29.0","20.2526","2.0","","","3.3","","9.1","98","","25","","24.68","11.51","18.67","","","","",""
"2025-01-29","2025029","7:56","29.0","20.2526","3.0","","","3.3","","9.1","98","","25","","24.68","11.52","18.67","","","","",""
"2025-01-29","2025029","7:56","29.0","20.2526","4.0","","","3.3","","9.1","98","","27","","24.68","11.53","18.67","","","","",""
"2025-01-29","2025029","7:56","29.0","20.2526","5.0","","","3.3","","9.1","98","","33","","24.69","11.53","18.67","","","","",""
"2025-01-29","2025029","7:56","29.0","20.2526","6.0","","","3.3","","9.1","98","","37","","24.68","11.52","18.67","","","","",""
"2025-01-29","2025029","7:56","29.0","20.2526","7.0","","","3.3","","9.1","98","","36","","24.68","11.52","18.67","","","","",""
"2025-01-29","2025029","7:56","29.0","20.2526","8.0","","","3.2","","9.1","98","","35","","24.68","11.52","18.67","","","","",""
"2025-01-29","2025029","7:56","29.0","20.2526","9.0","","","3.2","","9.1","98","","35","","24.68","11.52","18.67","","","","",""
"2025-01-29","2025029","7:56","29.0","20.2526","10.0","","","3.2","","9.1","98","","34","","24.68","11.51","18.67","","","","",""
"2025-01-29","2025029","7:56","29.0","20.2526","11.0","","","3.3","","9.1","98","","45","","24.68","11.51","18.67","","","","",""
"2025-01-29","2025029","7:56","29.0","20.2526","12.0","","","3.3","","9.1","98","","54","","24.68","11.51","18.67","","","","",""
"2025-01-29","2025029","7:56","29.0","20.2526","13.0","","","3.4","","9.1","98","","56","","24.68","11.52","18.67","","","","",""
"2025-01-29","2025029","7:39","30.0","14.7543","1.0","","","4.0","","9.3","100","","18","1.44","24.73","11.50","18.71","","","","",""
"2025-01-29","2025029","7:39","30.0","14.7543","2.0","3.9","0.82","3.7","","9.3","100","15.2","18","","24.73","11.51","18.71","","","","",""
"2025-01-29","2025029","7:39","30.0","14.7543","3.0","","","3.7","","9.3","100","","21","","24.73","11.51","18.71","","","","",""
"2025-01-29","2025029","7:39","30.0","14.7543","4.0","","","3.7","","9.3","100","","25","","24.73","11.50","18.71","","","","",""
"2025-01-29","2025029","7:39","30.0","14.7543","5.0","","","3.7","","9.2","99","","24","","24.73","11.50","18.71","","","","",""
"2025-01-29","2025029","7:39","30.0","14.7543","6.0","","","3.6","","9.2","99","","25","","24.73","11.51","18.71","","","","",""
"2025-01-29","2025029","7:39","30.0","14.7543","7.0","","","3.6","","9.2","99","","27","","24.73","11.51","18.71","","","","",""
"2025-01-29","2025029","7:39","30.0","14.7543","8.0","","","3.6","","9.2","99","","29","","24.73","11.51","18.71","","","","",""
"2025-01-29","2025029","7:39","30.0","14.7543","9.0","3.9","0.69","3.6","","9.2","99","36.6","31","","24.73","11.51","18.71","","","","",""
"2025-01-29","2025029","7:26","31.0","10.6065","1.0","","","4.0","","9.6","103","","22","","24.56","11.43","18.59","","","","",""
"2025-01-29","2025029","7:26","31.0","10.6065","2.0","","","3.9","","9.6","102","","22","","24.56","11.44","18.59","","","","",""
"2025-01-29","2025029","7:26","31.0","10.6065","3.0","","","3.8","","9.6","103","","22","","24.56","11.43","18.59","","","","",""
"2025-01-29","2025029","7:26","31.0","10.6065","4.0","","","3.8","","9.6","103","","22","","24.56","11.44","18.59","","","","",""
"2025-01-29","2025029","7:26","31.0","10.6065","5.0","","","3.8","","9.6","103","","23","","24.56","11.44","18.59","","","","",""
"2025-01-29","2025029","7:26","31.0","10.6065","6.0","","","3.7","","9.6","103","","23","","24.56","11.44","18.59","","","","",""
"2025-01-29","2025029","7:26","31.0","10.6065","7.0","","","3.7","","9.6","103","","24","","24.56","11.44","18.59","","","","",""
"2025-01-29","2025029","7:26","31.0","10.6065","8.0","","","3.8","","9.6","103","","24","","24.56","11.44","18.59","","","","",""
"2025-01-29","2025029","7:26","31.0","10.6065","9.0","","","3.8","","9.6","103","","24","","24.56","11.46","18.59","","","","",""
"2025-01-29","2025029","7:26","31.0","10.6065","10.0","","","3.8","","9.6","103","","31","","24.56","11.46","18.59","","","","",""
"2025-01-29","2025029","7:16","32.0","8.1507","1.0","","","4.2","","9.6","102","","6","","24.16","11.16","18.32","","","","",""
"2025-01-29","2025029","7:16","32.0","8.1507","2.0","3.9","0.82","4.0","","9.6","102","11.6","8","","24.16","11.16","18.33","","","","",""
"2025-01-29","2025029","7:16","32.0","8.1507","3.0","","","4.0","","9.6","102","","8","","24.18","11.20","18.33","","","","",""
"2025-01-29","2025029","7:16","32.0","8.1507","4.0","","","3.9","","9.6","102","","8","","24.19","11.22","18.34","","","","",""
"2025-01-29","2025029","7:16","32.0","8.1507","5.0","","","3.9","","9.6","102","","9","","24.21","11.24","18.35","","","","",""
"2025-01-29","2025029","7:16","32.0","8.1507","6.0","","","3.9","","9.6","102","","10","","24.24","11.24","18.37","","","","",""
"2025-01-29","2025029","7:16","32.0","8.1507","7.0","","","3.8","","9.6","102","","12","","24.28","11.24","18.41","","","","",""
"2025-01-29","2025029","7:16","32.0","8.1507","8.0","3.7","0.72","3.8","","9.6","102","","14","","24.36","11.27","18.46","","","","",""
"2025-01-29","2025029","7:08","33.0","6.8085","1.0","","","4.7","","9.6","101","","22","","23.64","10.94","17.96","","","","",""
"2025-01-29","2025029","7:08","33.0","6.8085","2.0","4.3","0.78","4.3","","9.6","102","19.1","22","","23.77","10.99","18.05","","","","",""
"2025-01-29","2025029","7:08","33.0","6.8085","3.0","","","4.2","","9.6","102","","24","","23.87","11.03","18.12","","","","",""
"2025-01-29","2025029","7:08","33.0","6.8085","4.0","","","4.2","","9.6","102","","25","","23.97","11.07","18.19","","","","",""
"2025-01-29","2025029","7:08","33.0","6.8085","5.0","","","4.1","","9.6","102","","27","","24.02","11.12","18.22","","","","",""
"2025-01-29","2025029","7:08","33.0","6.8085","6.0","","","4.1","","9.6","102","","31","","24.03","11.15","18.23","","","","",""
"2025-01-29","2025029","7:08","33.0","6.8085","7.0","","","4.0","","9.6","102","","32","","24.08","11.21","18.26","","","","",""
"2025-01-29","2025029","7:08","33.0","6.8085","8.0","","","4.1","","9.6","102","","37","","24.12","11.25","18.28","","","","",""
"2025-01-29","2025029","7:08","33.0","6.8085","9.0","","","4.0","","9.6","102","","43","","24.12","11.25","18.28","","","","",""
"2025-01-29","2025029","6:54","34.0","3.5290","1.0","","","4.8","","9.6","101","","23","","23.04","10.85","17.50","","","","",""
"2025-01-29","2025029","6:54","34.0","3.5290","2.0","4.6","0.77","4.5","","9.6","101","18.8","23","","23.07","10.85","17.53","","","","",""
"2025-01-29","2025029","6:54","34.0","3.5290","3.0","","","4.4","","9.6","100","","28","","23.08","10.85","17.54","","","","",""
"2025-01-29","2025029","6:54","34.0","3.5290","4.0","","","4.4","","9.5","99","","28","","23.12","10.83","17.57","","","","",""
"2025-01-29","2025029","6:54","34.0","3.5290","5.0","","","4.3","","9.5","99","","29","","23.23","10.72","17.67","","","","",""
"2025-01-29","2025029","6:54","34.0","3.5290","6.0","3.9","0.63","4.2","","9.5","99","42.8","39","","23.33","10.78","17.75","","","","",""
"2025-01-29","2025029","13:50","649.0","132.9388","1.0","","","1.4","","11.2","99","","20","2.05","0.71","9.53","0.30","","","","",""
"2025-01-29","2025029","13:50","649.0","132.9388","2.0","1.4","0.64","1.3","","11.2","99","19.1","20","","0.71","9.50","0.30","","","","",""
"2025-01-29","2025029","13:50","649.0","132.9388","3.0","","","1.3","","11.2","99","","21","","0.71","9.47","0.30","","","","",""
"2025-01-29","2025029","13:50","649.0","132.9388","4.0","","","1.3","","11.2","99","","24","","0.71","9.46","0.31","","","","",""
"2025-01-29","2025029","13:50","649.0","132.9388","5.0","","","1.3","","11.2","99","","28","","0.75","9.46","0.34","","","","",""
"2025-01-29","2025029","13:50","649.0","132.9388","6.0","","","1.4","","11.2","99","","29","","0.88","9.46","0.44","","","","",""
"2025-01-29","2025029","13:50","649.0","132.9388","7.0","","","1.4","","11.2","99","","31","","0.94","9.47","0.48","","","","",""
"2025-01-29","2025029","13:50","649.0","132.9388","8.0","","","1.5","","11.2","99","","31","","0.97","9.48","0.51","","","","",""
"2025-01-29","2025029","13:50","649.0","132.9388","9.0","","","1.5","","11.2","99","","32","","0.97","9.48","0.51","","","","",""
"2025-01-29","2025029","13:50","649.0","132.9388","10.0","1.5","0.54","1.5","","11.2","99","37.1","36","","0.97","9.48","0.51","","","","",""
"2025-01-29","2025029","14:33","657.0","147.2548","1.0","","","1.8","","11.5","101","","14","1.52","0.09","9.40","","","","","",""
"2025-01-29","2025029","14:33","657.0","147.2548","2.0","1.8","0.66","1.8","","11.5","101","12.9","14","","0.09","9.40","","","","","",""
"2025-01-29","2025029","14:33","657.0","147.2548","3.0","","","1.7","","11.5","101","","17","","0.09","9.40","","","","","",""
"2025-01-29","2025029","14:33","657.0","147.2548","4.0","","","1.8","","11.5","101","","18","","0.09","9.40","","","","","",""
"2025-01-29","2025029","14:33","657.0","147.2548","5.0","","","1.7","","11.5","101","","18","","0.09","9.40","","","","","",""
"2025-01-29","2025029","14:33","657.0","147.2548","6.0","","","1.7","","11.5","101","","18","","0.09","9.40","","","","","",""
"2025-01-29","2025029","14:33","657.0","147.2548","7.0","","","1.7","","11.5","101","","18","","0.09","9.39","","","","","",""
"2025-01-29","2025029","14:33","657.0","147.2548","8.0","1.8","0.65","1.9","","11.5","101","15.7","18","","0.09","9.40","","","","","",""
"2025-02-19","2025050","8:10","2.0","127.7053","1.0","","","1.9","","10.0","90","","37","3.25","0.06","10.35","","","","","",""
"2025-02-19","2025050","8:10","2.0","127.7053","2.0","","","1.9","","10.0","90","","37","","0.06","10.35","","","","","",""
"2025-02-19","2025050","8:10","2.0","127.7053","3.0","","","1.8","","10.0","89","","37","","0.06","10.35","","","","","",""
"2025-02-19","2025050","8:10","2.0","127.7053","4.0","","","1.8","","10.0","89","","36","","0.06","10.35","","","","","",""
"2025-02-19","2025050","8:10","2.0","127.7053","5.0","","","1.8","","10.0","89","","36","","0.06","10.35","","","","","",""
"2025-02-19","2025050","8:10","2.0","127.7053","6.0","","","1.8","","10.0","89","","36","","0.06","10.35","","","","","",""
"2025-02-19","2025050","8:10","2.0","127.7053","7.0","","","1.8","","10.0","89","","36","","0.06","10.35","","","","","",""
"2025-02-19","2025050","8:10","2.0","127.7053","8.0","","","1.9","","10.0","89","","36","","0.06","10.35","","","","","",""
"2025-02-19","2025050","8:10","2.0","127.7053","9.0","","","1.8","","10.0","89","","36","","0.06","10.35","","","","","",""
"2025-02-19","2025050","8:20","3.0","125.3243","1.0","","","1.8","","10.1","91","","33","3.22","0.06","10.34","","","","","",""
"2025-02-19","2025050","8:20","3.0","125.3243","2.0","1.8","0.68","1.9","","10.1","91","34.4","32","","0.06","10.34","","","","","",""
"2025-02-19","2025050","8:20","3.0","125.3243","3.0","","","1.9","","10.1","91","","32","","0.06","10.34","","","","","",""
"2025-02-19","2025050","8:20","3.0","125.3243","4.0","","","1.9","","10.1","91","","32","","0.06","10.34","","","","","",""
"2025-02-19","2025050","8:20","3.0","125.3243","5.0","","","1.9","","10.1","91","","32","","0.06","10.34","","","","","",""
"2025-02-19","2025050","8:20","3.0","125.3243","6.0","","","1.8","","10.1","91","","32","","0.06","10.34","","","","","",""
"2025-02-19","2025050","8:20","3.0","125.3243","7.0","","","1.8","","10.1","91","","31","","0.06","10.34","","","","","",""
"2025-02-19","2025050","8:20","3.0","125.3243","8.0","","","1.8","","10.1","91","","31","","0.06","10.34","","","","","",""
"2025-02-19","2025050","8:20","3.0","125.3243","9.0","","","1.8","","10.1","91","","31","","0.06","10.34","","","","","",""
"2025-02-19","2025050","8:20","3.0","125.3243","10.0","","","1.8","","10.1","91","","31","","0.06","10.34","","","","","",""
"2025-02-19","2025050","8:20","3.0","125.3243","11.0","","","1.8","","10.1","91","","31","","0.06","10.34","","","","","",""
"2025-02-19","2025050","8:20","3.0","125.3243","12.0","","","1.8","","10.1","91","","31","","0.06","10.34","","","","","",""
"2025-02-19","2025050","8:20","3.0","125.3243","13.0","1.9","0.68","1.7","","10.1","91","35.1","31","","0.06","10.34","","","","","",""
"2025-02-19","2025050","8:34","4.0","119.8957","1.0","","","1.8","","10.4","94","","32","3.03","0.05","10.45","","","","","",""
"2025-02-19","2025050","8:34","4.0","119.8957","2.0","","","1.8","","10.4","94","","32","","0.05","10.45","","","","","",""
"2025-02-19","2025050","8:34","4.0","119.8957","3.0","","","1.8","","10.4","94","","32","","0.05","10.46","","","","","",""
"2025-02-19","2025050","8:34","4.0","119.8957","4.0","","","1.8","","10.4","94","","32","","0.05","10.45","","","","","",""
"2025-02-19","2025050","8:34","4.0","119.8957","5.0","","","1.8","","10.4","93","","32","","0.05","10.45","","","","","",""
"2025-02-19","2025050","8:34","4.0","119.8957","6.0","","","1.8","","10.4","93","","33","","0.05","10.45","","","","","",""
"2025-02-19","2025050","8:34","4.0","119.8957","7.0","","","1.8","","10.4","93","","33","","0.05","10.45","","","","","",""
"2025-02-19","2025050","8:34","4.0","119.8957","8.0","","","1.8","","10.4","93","","32","","0.05","10.45","","","","","",""
"2025-02-19","2025050","8:34","4.0","119.8957","9.0","","","1.8","","10.4","93","","32","","0.05","10.45","","","","","",""
"2025-02-19","2025050","8:34","4.0","119.8957","10.0","","","1.8","","10.4","93","","31","","0.05","10.45","","","","","",""
"2025-02-19","2025050","8:34","4.0","119.8957","11.0","","","1.8","","10.4","93","","29","","0.05","10.44","","","","","",""
"2025-02-19","2025050","8:34","4.0","119.8957","12.0","","","1.8","","10.4","93","","29","","0.05","10.44","","","","","",""
"2025-02-19","2025050","8:34","4.0","119.8957","13.0","","","1.8","","10.4","93","","29","","0.05","10.44","","","","","",""
"2025-02-19","2025050","8:34","4.0","119.8957","14.0","","","1.8","","10.4","93","","29","","0.05","10.44","","","","","",""
"2025-02-19","2025050","8:34","4.0","119.8957","15.0","","","1.8","","10.4","93","","28","","0.05","10.45","","","","","",""
"2025-02-19","2025050","8:34","4.0","119.8957","16.0","","","1.8","","10.4","93","","27","","0.05","10.45","","","","","",""
"2025-02-19","2025050","8:46","5.0","115.6252","1.0","","","1.8","","10.3","93","","33","3.02","0.06","10.50","","","","","",""
"2025-02-19","2025050","8:46","5.0","115.6252","2.0","","","1.9","","10.3","93","","33","","0.06","10.50","","","","","",""
"2025-02-19","2025050","8:46","5.0","115.6252","3.0","","","1.8","","10.3","93","","33","","0.06","10.50","","","","","",""
"2025-02-19","2025050","8:46","5.0","115.6252","4.0","","","1.8","","10.3","93","","33","","0.06","10.50","","","","","",""
"2025-02-19","2025050","8:46","5.0","115.6252","5.0","","","1.8","","10.3","93","","33","","0.06","10.50","","","","","",""
"2025-02-19","2025050","8:46","5.0","115.6252","6.0","","","1.8","","10.3","93","","34","","0.06","10.50","","","","","",""
"2025-02-19","2025050","8:46","5.0","115.6252","7.0","","","1.8","","10.3","93","","34","","0.06","10.50","","","","","",""
"2025-02-19","2025050","8:46","5.0","115.6252","8.0","","","1.8","","10.3","93","","35","","0.06","10.50","","","","","",""
"2025-02-19","2025050","8:46","5.0","115.6252","9.0","","","1.9","","10.3","93","","35","","0.06","10.50","","","","","",""
"2025-02-19","2025050","9:00","6.0","110.8977","1.0","","","1.8","","10.4","94","","33","3.09","0.06","10.39","","","","","",""
"2025-02-19","2025050","9:00","6.0","110.8977","2.0","1.9","0.68","1.9","","10.4","94","29.9","33","","0.06","10.37","","","","","",""
"2025-02-19","2025050","9:00","6.0","110.8977","3.0","","","1.9","","10.5","94","","33","","0.06","10.37","","","","","",""
"2025-02-19","2025050","9:00","6.0","110.8977","4.0","","","1.9","","10.5","94","","33","","0.06","10.37","","","","","",""
"2025-02-19","2025050","9:00","6.0","110.8977","5.0","","","1.9","","10.5","94","","33","","0.06","10.37","","","","","",""
"2025-02-19","2025050","9:00","6.0","110.8977","6.0","","","1.9","","10.4","94","","33","","0.06","10.37","","","","","",""
"2025-02-19","2025050","9:00","6.0","110.8977","7.0","","","1.9","","10.5","94","","33","","0.06","10.37","","","","","",""
"2025-02-19","2025050","9:00","6.0","110.8977","8.0","","","1.9","","10.5","94","","33","","0.06","10.37","","","","","",""
"2025-02-19","2025050","9:00","6.0","110.8977","9.0","","","1.9","","10.5","94","","33","","0.06","10.37","","","","","",""
"2025-02-19","2025050","9:00","6.0","110.8977","10.0","","","1.9","","10.5","94","","33","","0.06","10.37","","","","","",""
"2025-02-19","2025050","9:00","6.0","110.8977","11.0","1.9","0.66","1.9","","10.5","94","34.3","35","","0.06","10.37","","","","","",""
"2025-02-19","2025050","9:16","7.0","104.9810","1.0","","","1.8","","10.5","94","","36","3.23","0.06","10.41","","","","","",""
"2025-02-19","2025050","9:16","7.0","104.9810","2.0","1.8","0.64","1.9","","10.4","94","","35","","0.06","10.41","","","","","",""
"2025-02-19","2025050","9:16","7.0","104.9810","3.0","","","1.9","","10.4","94","","35","","0.07","10.41","","","","","",""
"2025-02-19","2025050","9:16","7.0","104.9810","4.0","","","1.9","","10.4","94","","35","","0.07","10.41","","","","","",""
"2025-02-19","2025050","9:16","7.0","104.9810","5.0","","","1.9","","10.5","94","","35","","0.06","10.41","","","","","",""
"2025-02-19","2025050","9:16","7.0","104.9810","6.0","","","1.9","","10.5","94","","36","","0.07","10.41","","","","","",""
"2025-02-19","2025050","9:16","7.0","104.9810","7.0","","","1.9","","10.5","94","","35","","0.07","10.41","","","","","",""
"2025-02-19","2025050","9:16","7.0","104.9810","8.0","","","1.9","","10.5","94","","35","","0.06","10.41","","","","","",""
"2025-02-19","2025050","9:16","7.0","104.9810","9.0","","","1.9","","10.5","94","","35","","0.06","10.41","","","","","",""
"2025-02-19","2025050","9:16","7.0","104.9810","10.0","","","1.9","","10.5","94","","35","","0.09","10.41","","","","","",""
"2025-02-19","2025050","9:16","7.0","104.9810","11.0","","","1.9","","10.5","94","","35","","0.21","10.42","","","","","",""
"2025-02-19","2025050","9:16","7.0","104.9810","12.0","","","1.8","","10.4","94","","35","","0.78","10.44","0.27","","","","",""
"2025-02-19","2025050","9:16","7.0","104.9810","13.0","","","1.7","","10.3","94","","34","","1.71","10.49","1.00","","","","",""
"2025-02-19","2025050","9:16","7.0","104.9810","14.0","","","1.6","","10.3","94","","31","","2.72","10.53","1.78","","","","",""
"2025-02-19","2025050","9:16","7.0","104.9810","15.0","","","1.4","","10.2","94","","27","","3.91","10.58","2.70","","","","",""
"2025-02-19","2025050","9:31","8.0","99.7699","1.0","","","1.8","","10.5","94","","34","3.41","0.23","10.45","","","","","",""
"2025-02-19","2025050","9:31","8.0","99.7699","2.0","1.8","0.66","1.8","","10.5","94","30.8","33","","0.25","10.46","","","","","",""
"2025-02-19","2025050","9:31","8.0","99.7699","3.0","","","1.8","","10.5","94","","32","","0.27","10.48","","","","","",""
"2025-02-19","2025050","9:31","8.0","99.7699","4.0","","","1.7","","10.5","94","","32","","0.33","10.48","","","","","",""
"2025-02-19","2025050","9:31","8.0","99.7699","5.0","","","1.7","","10.5","94","","32","","0.58","10.48","0.11","","","","",""
"2025-02-19","2025050","9:31","8.0","99.7699","6.0","","","1.7","","10.4","94","","32","","1.25","10.51","0.63","","","","",""
"2025-02-19","2025050","9:31","8.0","99.7699","7.0","","","1.7","","10.4","94","","32","","1.73","10.53","1.01","","","","",""
"2025-02-19","2025050","9:31","8.0","99.7699","8.0","","","1.6","","10.3","94","","32","","2.24","10.55","1.41","","","","",""
"2025-02-19","2025050","9:31","8.0","99.7699","9.0","","","1.5","","10.3","94","","31","","2.76","10.57","1.81","","","","",""
"2025-02-19","2025050","9:31","8.0","99.7699","10.0","","","1.5","","10.3","94","","29","","3.26","10.58","2.19","","","","",""
"2025-02-19","2025050","9:31","8.0","99.7699","11.0","","","1.4","","10.2","94","","27","","4.45","10.64","3.12","","","","",""
"2025-02-19","2025050","9:31","8.0","99.7699","12.0","","","1.3","","10.1","94","","24","","5.57","10.69","3.98","","","","",""
"2025-02-19","2025050","9:31","8.0","99.7699","13.0","","","1.3","","10.0","94","","22","","6.44","10.72","4.65","","","","",""
"2025-02-19","2025050","9:31","8.0","99.7699","14.0","","","1.3","","9.9","94","","21","","7.25","10.76","5.28","","","","",""
"2025-02-19","2025050","9:31","8.0","99.7699","15.0","","","1.2","","9.8","94","","20","","8.97","10.82","6.61","","","","",""
"2025-02-19","2025050","9:44","9.0","96.7889","1.0","","","1.6","","10.4","94","","32","3.17","1.31","10.54","0.68","","","","",""
"2025-02-19","2025050","9:44","9.0","96.7889","2.0","1.3","0.60","1.7","","10.4","94","26.5","32","","1.33","10.54","0.69","","","","",""
"2025-02-19","2025050","9:44","9.0","96.7889","3.0","","","1.7","","10.4","94","","32","","1.33","10.54","0.70","","","","",""
"2025-02-19","2025050","9:44","9.0","96.7889","4.0","","","1.6","","10.4","94","","32","","1.35","10.53","0.71","","","","",""
"2025-02-19","2025050","9:44","9.0","96.7889","5.0","","","1.6","","10.4","94","","32","","1.41","10.53","0.76","","","","",""
"2025-02-19","2025050","9:44","9.0","96.7889","6.0","","","1.6","","10.4","94","","32","","1.42","10.53","0.77","","","","",""
"2025-02-19","2025050","9:44","9.0","96.7889","7.0","","","1.6","","10.4","94","","31","","1.47","10.55","0.80","","","","",""
"2025-02-19","2025050","9:44","9.0","96.7889","8.0","","","1.7","","10.4","94","","32","","1.55","10.59","0.86","","","","",""
"2025-02-19","2025050","9:44","9.0","96.7889","9.0","","","1.6","","10.4","94","","32","","1.65","10.58","0.94","","","","",""
"2025-02-19","2025050","9:44","9.0","96.7889","10.0","","","1.7","","10.4","94","","32","","1.72","10.57","1.00","","","","",""
"2025-02-19","2025050","9:44","9.0","96.7889","11.0","","","1.7","","10.4","94","","31","","1.76","10.57","1.03","","","","",""
"2025-02-19","2025050","9:44","9.0","96.7889","12.0","","","1.6","","10.3","94","","30","","2.14","10.58","1.32","","","","",""
"2025-02-19","2025050","9:44","9.0","96.7889","13.0","","","1.5","","10.2","94","","28","","3.45","10.62","2.34","","","","",""
"2025-02-19","2025050","9:44","9.0","96.7889","14.0","","","1.5","","10.2","94","","26","","4.28","10.66","2.99","","","","",""
"2025-02-19","2025050","9:44","9.0","96.7889","15.0","","","1.5","","10.1","94","","26","","4.64","10.67","3.26","","","","",""
"2025-02-19","2025050","9:44","9.0","96.7889","16.0","","","1.5","","10.0","94","","27","","5.94","10.72","4.26","","","","",""
"2025-02-19","2025050","9:44","9.0","96.7889","17.0","","","1.4","","9.9","94","","28","","7.99","10.80","5.85","","","","",""
"2025-02-19","2025050","9:44","9.0","96.7889","18.0","","","1.5","","9.9","94","","32","","8.25","10.81","6.05","","","","",""
"2025-02-19","2025050","9:44","9.0","96.7889","19.0","","","1.5","","9.8","94","","34","","8.99","10.83","6.62","","","","",""
"2025-02-19","2025050","9:44","9.0","96.7889","20.0","","","1.5","","9.7","94","","38","","9.94","10.87","7.35","","","","",""
"2025-02-19","2025050","9:44","9.0","96.7889","21.0","","","1.4","","9.7","94","","34","","10.25","10.88","7.59","","","","",""
"2025-02-19","2025050","9:44","9.0","96.7889","22.0","","","1.3","","9.7","94","","28","","10.38","10.89","7.69","","","","",""
"2025-02-19","2025050","9:44","9.0","96.7889","23.0","","","1.3","","9.6","94","","26","","11.15","10.92","8.28","","","","",""
"2025-02-19","2025050","9:44","9.0","96.7889","24.0","","","1.2","","9.5","94","","24","","13.31","11.01","9.94","","","","",""
"2025-02-19","2025050","9:44","9.0","96.7889","25.0","","","1.1","","9.4","94","","20","","13.59","11.02","10.16","","","","",""
"2025-02-19","2025050","9:44","9.0","96.7889","26.0","","","1.1","","9.4","94","","18","","13.67","11.02","10.22","","","","",""
"2025-02-19","2025050","9:44","9.0","96.7889","27.0","","","1.1","","9.4","94","","17","","13.77","11.03","10.30","","","","",""
"2025-02-19","2025050","9:57","10.0","93.5951","1.0","","","1.8","","10.5","95","","28","3.48","0.88","10.51","0.34","","","","",""
"2025-02-19","2025050","9:57","10.0","93.5951","2.0","1.3","0.57","1.8","","10.5","95","","27","","1.02","10.51","0.46","","","","",""
"2025-02-19","2025050","9:57","10.0","93.5951","3.0","","","1.8","","10.5","95","","27","","1.13","10.50","0.54","","","","",""
"2025-02-19","2025050","9:57","10.0","93.5951","4.0","","","1.7","","10.4","95","","27","","1.33","10.51","0.70","","","","",""
"2025-02-19","2025050","9:57","10.0","93.5951","5.0","","","1.7","","10.4","95","","27","","1.92","10.55","1.16","","","","",""
"2025-02-19","2025050","9:57","10.0","93.5951","6.0","","","1.6","","10.3","94","","28","","2.82","10.59","1.86","","","","",""
"2025-02-19","2025050","9:57","10.0","93.5951","7.0","","","1.5","","10.3","94","","27","","3.42","10.62","2.32","","","","",""
"2025-02-19","2025050","9:57","10.0","93.5951","8.0","","","1.4","","10.2","94","","26","","4.44","10.66","3.11","","","","",""
"2025-02-19","2025050","9:57","10.0","93.5951","9.0","","","1.4","","9.9","94","","26","","7.31","10.77","5.32","","","","",""
"2025-02-19","2025050","9:57","10.0","93.5951","10.0","","","1.3","","9.8","94","","24","","9.02","10.85","6.64","","","","",""
"2025-02-19","2025050","9:57","10.0","93.5951","11.0","","","1.3","","9.7","94","","25","","9.95","10.89","7.35","","","","",""
"2025-02-19","2025050","9:57","10.0","93.5951","12.0","","","1.3","","9.7","94","","27","","11.07","10.93","8.22","","","","",""
"2025-02-19","2025050","9:57","10.0","93.5951","13.0","","","1.3","","9.6","94","","27","","12.55","10.99","9.36","","","","",""
"2025-02-19","2025050","9:57","10.0","93.5951","14.0","","","1.2","","9.5","94","","26","","13.82","11.05","10.33","","","","",""
"2025-02-19","2025050","9:57","10.0","93.5951","15.0","","","1.2","","9.4","94","","25","","14.23","11.07","10.65","","","","",""
"2025-02-19","2025050","9:57","10.0","93.5951","16.0","","","1.1","","9.4","94","","25","","14.79","11.10","11.07","","","","",""
"2025-02-19","2025050","10:14","11.0","89.7672","1.0","","","1.7","","10.3","94","","33","3.52","1.61","10.56","0.91","","","","",""
"2025-02-19","2025050","10:14","11.0","89.7672","2.0","","","1.7","","10.3","94","","33","","2.10","10.58","1.29","","","","",""
"2025-02-19","2025050","10:14","11.0","89.7672","3.0","","","1.6","","10.1","94","","32","","4.75","10.72","3.34","","","","",""
"2025-02-19","2025050","10:14","11.0","89.7672","4.0","","","1.5","","9.8","93","","34","","7.53","10.83","5.49","","","","",""
"2025-02-19","2025050","10:14","11.0","89.7672","5.0","","","1.6","","9.7","93","","41","","9.39","10.90","6.92","","","","",""
"2025-02-19","2025050","10:14","11.0","89.7672","6.0","","","1.5","","9.5","93","","43","","11.27","10.98","8.37","","","","",""
"2025-02-19","2025050","10:14","11.0","89.7672","7.0","","","1.4","","9.5","93","","41","","12.10","11.01","9.01","","","","",""
"2025-02-19","2025050","10:14","11.0","89.7672","8.0","","","1.4","","9.4","94","","38","","14.66","11.11","10.97","","","","",""
"2025-02-19","2025050","10:14","11.0","89.7672","9.0","","","1.3","","9.3","94","","34","","15.81","11.15","11.86","","","","",""
"2025-02-19","2025050","10:14","11.0","89.7672","10.0","","","1.4","","9.2","94","","37","","17.57","11.22","13.21","","","","",""
"2025-02-19","2025050","10:14","11.0","89.7672","11.0","","","1.3","","9.2","94","","35","","18.11","11.24","13.62","","","","",""
"2025-02-19","2025050","10:14","11.0","89.7672","12.0","","","1.2","","9.1","94","","30","","18.90","11.27","14.24","","","","",""
"2025-02-19","2025050","10:14","11.0","89.7672","13.0","","","1.1","","9.1","94","","25","","19.53","11.30","14.72","","","","",""
"2025-02-19","2025050","10:14","11.0","89.7672","14.0","","","1.1","","9.1","94","","23","","19.97","11.32","15.05","","","","",""
"2025-02-19","2025050","10:14","11.0","89.7672","15.0","","","1.1","","9.0","94","","21","","20.86","11.35","15.74","","","","",""
"2025-02-19","2025050","10:26","12.0","84.4458","1.0","","","1.7","","10.4","95","","28","3.14","2.18","10.57","1.36","","","","",""
"2025-02-19","2025050","10:26","12.0","84.4458","2.0","","","1.6","","10.1","95","","27","","5.57","10.72","3.98","","","","",""
"2025-02-19","2025050","10:26","12.0","84.4458","3.0","","","1.4","","10.0","95","","24","","8.12","10.85","5.94","","","","",""
"2025-02-19","2025050","10:26","12.0","84.4458","4.0","","","1.3","","9.8","95","","22","","10.02","10.93","7.40","","","","",""
"2025-02-19","2025050","10:26","12.0","84.4458","5.0","","","1.2","","9.6","95","","20","","12.93","11.06","9.64","","","","",""
"2025-02-19","2025050","10:26","12.0","84.4458","6.0","","","1.1","","9.4","95","","18","","15.57","11.17","11.67","","","","",""
"2025-02-19","2025050","10:26","12.0","84.4458","7.0","","","1.0","","9.2","94","","17","","17.85","11.23","13.43","","","","",""
"2025-02-19","2025050","10:39","13.0","78.5444","1.0","","","1.5","","10.3","96","","22","2.40","4.41","10.95","3.05","","","","",""
"2025-02-19","2025050","10:39","13.0","78.5444","2.0","1.4","0.70","1.5","","10.2","95","21.7","22","","5.17","10.90","3.65","","","","",""
"2025-02-19","2025050","10:39","13.0","78.5444","3.0","","","1.5","","10.1","95","","21","","5.73","10.89","4.08","","","","",""
"2025-02-19","2025050","10:39","13.0","78.5444","4.0","","","1.5","","10.1","95","","21","","5.89","10.89","4.21","","","","",""
"2025-02-19","2025050","10:39","13.0","78.5444","5.0","","","1.4","","10.1","95","","20","","6.15","10.89","4.41","","","","",""
"2025-02-19","2025050","10:39","13.0","78.5444","6.0","","","1.4","","10.0","96","","20","","7.48","10.93","5.44","","","","",""
"2025-02-19","2025050","10:39","13.0","78.5444","7.0","","","1.2","","9.8","96","","19","","11.37","11.04","8.43","","","","",""
"2025-02-19","2025050","10:39","13.0","78.5444","8.0","0.7","0.55","0.9","","9.3","95","14.6","16","","17.89","11.29","13.45","","","","",""
"2025-02-19","2025050","10:51","14.0","74.4288","1.0","","","2.1","","10.6","98","","25","2.93","2.35","10.93","1.45","","","","",""
"2025-02-19","2025050","10:51","14.0","74.4288","2.0","","","2.1","","10.5","97","","25","","2.55","10.92","1.61","","","","",""
"2025-02-19","2025050","10:51","14.0","74.4288","3.0","","","1.9","","10.3","96","","24","","3.43","10.99","2.29","","","","",""
"2025-02-19","2025050","10:51","14.0","74.4288","4.0","","","1.6","","10.2","95","","23","","3.74","11.00","2.52","","","","",""
"2025-02-19","2025050","10:51","14.0","74.4288","5.0","","","1.5","","10.2","96","","22","","5.28","11.05","3.71","","","","",""
"2025-02-19","2025050","10:51","14.0","74.4288","6.0","","","1.3","","10.0","96","","21","","8.78","10.96","6.44","","","","",""
"2025-02-19","2025050","10:51","14.0","74.4288","7.0","","","1.1","","9.5","96","","17","","15.20","11.31","11.36","","","","",""
"2025-02-19","2025050","10:51","14.0","74.4288","8.0","","","1.0","","9.4","96","","14","","17.47","11.31","13.12","","","","",""
"2025-02-19","2025050","10:51","14.0","74.4288","9.0","","","1.0","","9.3","96","","13","","18.31","11.31","13.77","","","","",""
"2025-02-19","2025050","10:51","14.0","74.4288","10.0","","","0.9","","9.2","95","","12","","19.20","11.33","14.45","","","","",""
"2025-02-19","2025050","10:51","14.0","74.4288","11.0","","","0.9","","9.0","95","","12","","21.89","11.42","16.53","","","","",""
"2025-02-19","2025050","10:51","14.0","74.4288","12.0","","","0.8","","8.9","95","","14","","23.74","11.49","17.95","","","","",""
"2025-02-19","2025050","10:51","14.0","74.4288","13.0","","","0.9","","8.8","94","","17","","23.85","11.49","18.03","","","","",""
"2025-02-19","2025050","10:51","14.0","74.4288","14.0","","","0.9","","8.8","94","","20","","23.87","11.49","18.05","","","","",""
"2025-02-19","2025050","11:04","15.0","69.9895","1.0","","","1.8","","10.5","96","","23","2.38","2.85","10.60","1.87","","","","",""
"2025-02-19","2025050","11:04","15.0","69.9895","2.0","1.6","0.70","1.7","","10.4","96","20.3","22","","3.31","10.66","2.22","","","","",""
"2025-02-19","2025050","11:04","15.0","69.9895","3.0","","","1.5","","10.3","95","","22","","3.77","10.69","2.58","","","","",""
"2025-02-19","2025050","11:04","15.0","69.9895","4.0","","","1.4","","10.2","95","","22","","4.15","10.73","2.87","","","","",""
"2025-02-19","2025050","11:04","15.0","69.9895","5.0","","","1.4","","10.2","95","","23","","4.61","10.77","3.22","","","","",""
"2025-02-19","2025050","11:04","15.0","69.9895","6.0","","","1.4","","10.2","95","","24","","4.91","10.78","3.46","","","","",""
"2025-02-19","2025050","11:04","15.0","69.9895","7.0","","","1.4","","10.2","95","","24","","5.16","10.79","3.65","","","","",""
"2025-02-19","2025050","11:04","15.0","69.9895","8.0","","","1.4","","10.1","95","","23","","5.41","10.80","3.84","","","","",""
"2025-02-19","2025050","11:04","15.0","69.9895","9.0","","","1.3","","10.1","95","","23","","6.61","10.86","4.77","","","","",""
"2025-02-19","2025050","11:04","15.0","69.9895","10.0","","","1.3","","10.0","96","","21","","8.53","10.98","6.24","","","","",""
"2025-02-19","2025050","11:04","15.0","69.9895","11.0","","","1.2","","10.0","97","","16","","9.37","11.06","6.88","","","","",""
"2025-02-19","2025050","11:04","15.0","69.9895","12.0","","","1.1","","9.5","95","","15","","14.20","11.20","10.60","","","","",""
"2025-02-19","2025050","11:04","15.0","69.9895","13.0","","","1.1","","9.3","95","","18","","18.49","11.31","13.91","","","","",""
"2025-02-19","2025050","11:04","15.0","69.9895","14.0","","","1.1","","9.1","95","","22","","20.31","11.37","15.31","","","","",""
"2025-02-19","2025050","11:04","15.0","69.9895","15.0","","","1.1","","9.1","95","","24","","20.83","11.38","15.71","","","","",""
"2025-02-19","2025050","11:04","15.0","69.9895","16.0","","","1.0","","9.0","95","","23","","21.38","11.40","16.14","","","","",""
"2025-02-19","2025050","11:04","15.0","69.9895","17.0","","","1.1","","9.0","95","","25","","21.71","11.41","16.39","","","","",""
"2025-02-19","2025050","11:04","15.0","69.9895","18.0","","","1.2","","9.0","95","","28","","22.14","11.43","16.72","","","","",""
"2025-02-19","2025050","11:04","15.0","69.9895","19.0","","","1.3","","8.9","95","","38","","22.90","11.46","17.30","","","","",""
"2025-02-19","2025050","11:04","15.0","69.9895","20.0","","","1.7","","8.9","95","","53","","23.33","11.47","17.63","","","","",""
"2025-02-19","2025050","11:04","15.0","69.9895","21.0","","","1.8","","8.8","95","","69","","24.50","11.52","18.53","","","","",""
"2025-02-19","2025050","11:04","15.0","69.9895","22.0","1.6","0.23","1.8","","8.8","95","","71","","25.25","11.55","19.11","","","","",""
"2025-02-19","2025050","11:23","16.0","63.0794","1.0","","","1.5","","10.1","95","","20","2.63","4.23","10.84","2.92","","","","",""
"2025-02-19","2025050","11:23","16.0","63.0794","2.0","","","1.5","","10.1","95","","20","","4.82","10.86","3.38","","","","",""
"2025-02-19","2025050","11:23","16.0","63.0794","3.0","","","1.4","","10.1","95","","19","","6.09","10.92","4.36","","","","",""
"2025-02-19","2025050","11:23","16.0","63.0794","4.0","","","1.3","","10.0","95","","18","","7.43","10.98","5.39","","","","",""
"2025-02-19","2025050","11:23","16.0","63.0794","5.0","","","1.3","","9.8","95","","17","","9.92","11.08","7.31","","","","",""
"2025-02-19","2025050","11:23","16.0","63.0794","6.0","","","1.2","","9.6","95","","15","","13.96","11.20","10.42","","","","",""
"2025-02-19","2025050","11:23","16.0","63.0794","7.0","","","1.1","","9.3","95","","14","","18.21","11.31","13.69","","","","",""
"2025-02-19","2025050","11:23","16.0","63.0794","8.0","","","0.9","","9.1","95","","12","","20.27","11.37","15.28","","","","",""
"2025-02-19","2025050","11:23","16.0","63.0794","9.0","","","0.9","","9.0","94","","11","","20.81","11.38","15.70","","","","",""
"2025-02-19","2025050","11:23","16.0","63.0794","10.0","","","0.8","","8.8","93","","11","","22.54","11.44","17.03","","","","",""
"2025-02-19","2025050","11:42","17.0","58.8909","1.0","","","1.6","","10.3","96","","17","2.40","4.54","10.93","3.16","","","","",""
"2025-02-19","2025050","11:42","17.0","58.8909","2.0","1.4","0.69","1.4","","10.2","96","","16","","6.33","10.94","4.54","","","","",""
"2025-02-19","2025050","11:42","17.0","58.8909","3.0","","","1.4","","10.1","96","","16","","6.83","10.97","4.93","","","","",""
"2025-02-19","2025050","11:42","17.0","58.8909","4.0","","","1.3","","10.0","96","","15","","8.55","11.02","6.25","","","","",""
"2025-02-19","2025050","11:42","17.0","58.8909","5.0","","","1.1","","9.6","96","","14","","15.00","11.21","11.22","","","","",""
"2025-02-19","2025050","11:42","17.0","58.8909","6.0","","","1.0","","9.2","96","","11","","20.39","11.39","15.37","","","","",""
"2025-02-19","2025050","11:42","17.0","58.8909","7.0","","","0.8","","9.0","95","","10","","23.18","11.48","17.51","","","","",""
"2025-02-19","2025050","11:42","17.0","58.8909","8.0","","","0.8","","8.9","95","","9","","24.58","11.53","18.59","","","","",""
"2025-02-19","2025050","11:42","17.0","58.8909","9.0","","","0.8","","8.9","95","","9","","25.05","11.54","18.95","","","","",""
"2025-02-19","2025050","11:55","18.0","54.9481","1.0","","","1.2","","9.8","97","","9","1.35","12.18","11.19","9.04","","","","",""
"2025-02-19","2025050","11:55","18.0","54.9481","2.0","1.3","0.72","1.1","","9.8","96","9.9","9","","12.67","11.20","9.42","","","","",""
"2025-02-19","2025050","11:55","18.0","54.9481","3.0","","","1.1","","9.7","96","","9","","13.58","11.21","10.12","","","","",""
"2025-02-19","2025050","11:55","18.0","54.9481","4.0","","","1.0","","9.6","96","","9","","14.45","11.23","10.80","","","","",""
"2025-02-19","2025050","11:55","18.0","54.9481","5.0","","","1.0","","9.6","96","","8","","15.03","11.24","11.24","","","","",""
"2025-02-19","2025050","11:55","18.0","54.9481","6.0","","","1.0","","9.6","96","","8","","15.39","11.25","11.52","","","","",""
"2025-02-19","2025050","11:55","18.0","54.9481","7.0","","","1.0","","9.5","96","","8","","15.88","11.27","11.90","","","","",""
"2025-02-19","2025050","11:55","18.0","54.9481","8.0","","","1.0","","9.5","96","","8","","16.41","11.29","12.30","","","","",""
"2025-02-19","2025050","11:55","18.0","54.9481","9.0","","","1.0","","9.5","96","","8","","16.75","11.30","12.56","","","","",""
"2025-02-19","2025050","11:55","18.0","54.9481","10.0","","","1.0","","9.4","96","","8","","17.26","11.32","12.96","","","","",""
"2025-02-19","2025050","11:55","18.0","54.9481","11.0","","","1.0","","9.4","96","","8","","17.79","11.34","13.36","","","","",""
"2025-02-19","2025050","11:55","18.0","54.9481","12.0","","","1.0","","9.3","96","","8","","18.06","11.36","13.57","","","","",""
"2025-02-19","2025050","11:55","18.0","54.9481","13.0","","","1.0","","9.3","96","","8","","18.44","11.37","13.86","","","","",""
"2025-02-19","2025050","11:55","18.0","54.9481","14.0","","","1.0","","9.3","96","","7","","18.59","11.38","13.98","","","","",""
"2025-02-19","2025050","11:55","18.0","54.9481","15.0","","","1.0","","9.3","96","","7","","19.17","11.40","14.42","","","","",""
"2025-02-19","2025050","11:55","18.0","54.9481","16.0","","","1.0","","9.1","96","","7","","21.57","11.46","16.27","","","","",""
"2025-02-19","2025050","11:55","18.0","54.9481","17.0","","","1.0","","9.0","96","","8","","23.27","11.51","17.58","","","","",""
"2025-02-19","2025050","11:55","18.0","54.9481","18.0","","","0.9","","8.9","96","","8","","24.63","11.55","18.63","","","","",""
"2025-02-19","2025050","11:55","18.0","54.9481","19.0","","","0.8","","8.8","96","","8","","26.39","11.60","19.99","","","","",""
"2025-02-19","2025050","11:55","18.0","54.9481","20.0","","","0.8","","8.8","96","","8","","27.50","11.63","20.84","","","","",""
"2025-02-19","2025050","11:55","18.0","54.9481","21.0","","","0.8","","8.7","96","","8","","28.08","11.65","21.28","","","","",""
"2025-02-19","2025050","11:55","18.0","54.9481","22.0","","","0.8","","8.7","96","","8","","28.42","11.66","21.54","","","","",""
"2025-02-19","2025050","11:55","18.0","54.9481","23.0","","","0.8","","8.7","96","","8","","28.82","11.67","21.85","","","","",""
"2025-02-19","2025050","11:55","18.0","54.9481","24.0","","","0.9","","8.7","96","","8","","29.14","11.68","22.10","","","","",""
"2025-02-19","2025050","11:55","18.0","54.9481","25.0","","","0.9","","8.6","96","","7","","29.50","11.69","22.38","","","","",""
"2025-02-19","2025050","11:55","18.0","54.9481","26.0","","","0.9","","8.6","96","","7","","29.98","11.71","22.75","","","","",""
"2025-02-19","2025050","11:55","18.0","54.9481","27.0","","","0.9","","8.5","95","","8","","30.67","11.73","23.28","","","","",""
"2025-02-19","2025050","11:55","18.0","54.9481","28.0","","","0.8","","8.5","95","","8","","30.82","11.74","23.39","","","","",""
"2025-02-19","2025050","11:55","18.0","54.9481","29.0","","","0.9","","8.5","95","","8","","30.87","11.74","23.43","","","","",""
"2025-02-19","2025050","11:55","18.0","54.9481","30.0","","","0.9","","8.5","95","","8","","30.89","11.74","23.45","","","","",""
"2025-02-19","2025050","11:55","18.0","54.9481","31.0","","","0.9","","8.5","95","","8","","30.94","11.74","23.48","","","","",""
"2025-02-19","2025050","11:55","18.0","54.9481","32.0","","","0.9","","8.5","95","","8","","30.98","11.74","23.51","","","","",""
"2025-02-19","2025050","11:55","18.0","54.9481","33.0","","","0.9","","8.5","95","","8","","31.00","11.74","23.53","","","","",""
"2025-02-19","2025050","11:55","18.0","54.9481","34.0","","","0.9","","8.5","95","","8","","31.03","11.74","23.56","","","","",""
"2025-02-19","2025050","11:55","18.0","54.9481","35.0","","","0.9","","8.5","95","","8","","31.09","11.74","23.60","","","","",""
"2025-02-19","2025050","11:55","18.0","54.9481","36.0","","","0.8","","8.5","95","","8","","31.25","11.75","23.72","","","","",""
"2025-02-19","2025050","11:55","18.0","54.9481","37.0","","","0.9","","8.5","95","","8","","31.40","11.75","23.84","","","","",""
"2025-02-19","2025050","11:55","18.0","54.9481","38.0","","","0.9","","8.5","95","","8","","31.42","11.75","23.86","","","","",""
"2025-02-19","2025050","11:55","18.0","54.9481","39.0","","","0.9","","8.5","95","","8","","31.44","11.75","23.87","","","","",""
"2025-02-19","2025050","11:55","18.0","54.9481","40.0","","","0.9","","8.5","95","","9","","31.44","11.75","23.87","","","","",""
"2025-02-19","2025050","11:55","18.0","54.9481","41.0","","","0.9","","8.5","95","","10","","31.45","11.75","23.88","","","","",""
"2025-02-19","2025050","11:55","18.0","54.9481","42.0","","","0.9","","8.4","95","","11","","31.47","11.75","23.89","","","","",""
"2025-02-19","2025050","11:55","18.0","54.9481","43.0","","","0.9","","8.4","95","","11","","31.48","11.75","23.90","","","","",""
"2025-02-19","2025050","11:55","18.0","54.9481","44.0","","","1.0","","8.4","95","","12","","31.48","11.75","23.90","","","","",""
"2025-02-19","2025050","11:55","18.0","54.9481","45.0","1.4","0.41","1.0","","8.4","95","14.7","12","","31.48","11.75","23.89","","","","",""
"2025-02-19","2025050","12:10","20.0","51.4501","1.0","","","1.3","","10.0","97","","9","1.65","9.28","11.15","6.80","","","","",""
"2025-02-19","2025050","12:10","20.0","51.4501","2.0","","","1.3","","10.0","97","","9","","9.67","11.12","7.11","","","","",""
"2025-02-19","2025050","12:10","20.0","51.4501","3.0","","","1.2","","10.0","97","","9","","9.98","11.10","7.35","","","","",""
"2025-02-19","2025050","12:10","20.0","51.4501","4.0","","","1.2","","10.0","97","","9","","10.56","11.10","7.80","","","","",""
"2025-02-19","2025050","12:10","20.0","51.4501","5.0","","","1.2","","10.0","98","","9","","10.70","11.13","7.91","","","","",""
"2025-02-19","2025050","12:10","20.0","51.4501","6.0","","","1.3","","10.0","98","","9","","11.40","11.18","8.44","","","","",""
"2025-02-19","2025050","12:10","20.0","51.4501","7.0","","","1.2","","9.7","98","","8","","14.32","11.30","10.68","","","","",""
"2025-02-19","2025050","12:10","20.0","51.4501","8.0","","","1.1","","9.5","97","","7","","17.29","11.39","12.97","","","","",""
"2025-02-19","2025050","12:10","20.0","51.4501","9.0","","","1.1","","9.4","97","","7","","17.54","11.43","13.16","","","","",""
"2025-02-19","2025050","12:10","20.0","51.4501","10.0","","","1.1","","9.4","97","","7","","17.60","11.44","13.20","","","","",""
"2025-02-19","2025050","12:10","20.0","51.4501","11.0","","","1.0","","9.4","97","","7","","17.94","11.45","13.47","","","","",""
"2025-02-19","2025050","12:10","20.0","51.4501","12.0","","","1.0","","9.4","97","","7","","18.46","11.46","13.86","","","","",""
"2025-02-19","2025050","12:10","20.0","51.4501","13.0","","","1.0","","9.3","97","","7","","18.94","11.47","14.23","","","","",""
"2025-02-19","2025050","12:10","20.0","51.4501","14.0","","","1.0","","9.3","97","","7","","19.29","11.43","14.51","","","","",""
"2025-02-19","2025050","12:10","20.0","51.4501","15.0","","","0.9","","9.1","96","","7","","22.53","11.54","17.00","","","","",""
"2025-02-19","2025050","12:10","20.0","51.4501","16.0","","","0.8","","9.0","96","","7","","24.40","11.58","18.45","","","","",""
"2025-02-19","2025050","12:10","20.0","51.4501","17.0","","","0.8","","8.9","96","","7","","25.30","11.60","19.13","","","","",""
"2025-02-19","2025050","12:10","20.0","51.4501","18.0","","","0.8","","8.9","96","","7","","25.62","11.61","19.38","","","","",""
"2025-02-19","2025050","12:10","20.0","51.4501","19.0","","","0.8","","8.8","96","","7","","26.85","11.64","20.33","","","","",""
"2025-02-19","2025050","12:10","20.0","51.4501","20.0","","","0.7","","8.8","96","","7","","27.88","11.67","21.12","","","","",""
"2025-02-19","2025050","12:10","20.0","51.4501","21.0","","","0.7","","8.8","96","","7","","28.20","11.67","21.37","","","","",""
"2025-02-19","2025050","12:10","20.0","51.4501","22.0","","","0.7","","8.7","97","","7","","28.77","11.69","21.81","","","","",""
"2025-02-19","2025050","12:10","20.0","51.4501","23.0","","","0.6","","8.7","97","","7","","28.94","11.70","21.94","","","","",""
"2025-02-19","2025050","12:10","20.0","51.4501","24.0","","","0.7","","8.7","96","","7","","29.32","11.71","22.23","","","","",""
"2025-02-19","2025050","12:10","20.0","51.4501","25.0","","","0.8","","8.7","96","","9","","29.62","11.72","22.46","","","","",""
"2025-02-19","2025050","12:32","21.0","46.6266","1.0","","","1.6","","10.0","100","","8","1.01","12.86","11.60","9.52","","","","",""
"2025-02-19","2025050","12:32","21.0","46.6266","2.0","2.9","0.87","2.4","","9.9","99","","8","","13.64","11.44","10.14","","","","",""
"2025-02-19","2025050","12:32","21.0","46.6266","3.0","","","2.2","","9.9","99","","8","","14.15","11.39","10.54","","","","",""
"2025-02-19","2025050","12:32","21.0","46.6266","4.0","","","1.9","","9.8","99","","7","","14.76","11.37","11.01","","","","",""
"2025-02-19","2025050","12:32","21.0","46.6266","5.0","","","1.7","","9.8","99","","7","","15.10","11.37","11.28","","","","",""
"2025-02-19","2025050","12:32","21.0","46.6266","6.0","","","1.6","","9.7","99","","6","","16.03","11.48","11.98","","","","",""
"2025-02-19","2025050","12:32","21.0","46.6266","7.0","","","1.7","","9.6","98","","5","","16.55","11.57","12.37","","","","",""
"2025-02-19","2025050","12:32","21.0","46.6266","8.0","","","1.5","","9.6","98","","4","","16.68","11.57","12.47","","","","",""
"2025-02-19","2025050","12:32","21.0","46.6266","9.0","","","1.3","","9.5","98","","5","","17.47","11.61","13.07","","","","",""
"2025-02-19","2025050","12:32","21.0","46.6266","10.0","","","0.9","","9.4","97","","4","","18.36","11.62","13.76","","","","",""
"2025-02-19","2025050","12:32","21.0","46.6266","11.0","","","0.9","","9.3","97","","5","","18.80","11.63","14.10","","","","",""
"2025-02-19","2025050","12:32","21.0","46.6266","12.0","","","0.8","","9.3","96","","5","","19.25","11.62","14.45","","","","",""
"2025-02-19","2025050","12:32","21.0","46.6266","13.0","","","0.8","","9.2","96","","5","","19.89","11.63","14.94","","","","",""
"2025-02-19","2025050","12:32","21.0","46.6266","14.0","","","0.7","","9.1","96","","6","","20.93","11.61","15.75","","","","",""
"2025-02-19","2025050","12:32","21.0","46.6266","15.0","","","0.6","","9.0","96","","7","","23.31","11.61","17.59","","","","",""
"2025-02-19","2025050","12:32","21.0","46.6266","16.0","","","0.7","","8.7","96","","9","","27.18","11.65","20.58","","","","",""
"2025-02-19","2025050","12:42","22.0","43.9210","1.0","","","3.6","","10.2","102","","6","1.16","11.76","11.81","8.63","","","","",""
"2025-02-19","2025050","12:42","22.0","43.9210","2.0","3.9","0.91","3.7","","10.1","100","5.0","6","","12.02","11.73","8.84","","","","",""
"2025-02-19","2025050","12:42","22.0","43.9210","3.0","","","2.4","","9.9","99","","6","","13.94","11.46","10.37","","","","",""
"2025-02-19","2025050","12:42","22.0","43.9210","4.0","","","1.5","","9.7","99","","6","","16.41","11.56","12.26","","","","",""
"2025-02-19","2025050","12:42","22.0","43.9210","5.0","","","1.5","","9.5","98","","6","","17.23","11.66","12.88","","","","",""
"2025-02-19","2025050","12:42","22.0","43.9210","6.0","","","1.3","","9.5","98","","5","","17.27","11.66","12.92","","","","",""
"2025-02-19","2025050","12:42","22.0","43.9210","7.0","","","1.1","","9.5","97","","4","","17.39","11.62","13.01","","","","",""
"2025-02-19","2025050","12:42","22.0","43.9210","8.0","","","0.8","","9.4","97","","5","","17.66","11.57","13.23","","","","",""
"2025-02-19","2025050","12:42","22.0","43.9210","9.0","","","0.9","","9.3","97","","6","","18.69","11.59","14.02","","","","",""
"2025-02-19","2025050","12:42","22.0","43.9210","10.0","","","1.0","","9.3","96","","6","","19.40","11.62","14.56","","","","",""
"2025-02-19","2025050","12:42","22.0","43.9210","11.0","","","1.0","","9.2","96","","6","","20.00","11.67","15.03","","","","",""
"2025-02-19","2025050","12:42","22.0","43.9210","12.0","","","1.0","","9.1","96","","6","","20.66","11.65","15.53","","","","",""
"2025-02-19","2025050","12:42","22.0","43.9210","13.0","","","1.0","","9.1","96","","7","","21.05","11.63","15.84","","","","",""
"2025-02-19","2025050","12:42","22.0","43.9210","14.0","","","0.9","","9.1","96","","7","","21.85","11.59","16.47","","","","",""
"2025-02-19","2025050","12:42","22.0","43.9210","15.0","","","0.9","","9.0","96","","7","","23.61","11.59","17.83","","","","",""
"2025-02-19","2025050","12:42","22.0","43.9210","16.0","","","1.0","","8.9","96","","7","","25.21","11.62","19.07","","","","",""
"2025-02-19","2025050","12:42","22.0","43.9210","17.0","","","1.0","","8.8","96","","11","","26.78","11.65","20.28","","","","",""
"2025-02-19","2025050","12:42","22.0","43.9210","18.0","1.3","0.47","1.0","","8.8","96","17.0","16","","27.78","11.67","21.04","","","","",""
"2025-02-19","2025050","12:56","23.0","39.6557","1.0","","","1.9","","9.9","99","","8","1.03","13.13","11.48","9.74","","","","",""
"2025-02-19","2025050","12:56","23.0","39.6557","2.0","","","1.5","","9.9","99","","8","","13.85","11.41","10.30","","","","",""
"2025-02-19","2025050","12:56","23.0","39.6557","3.0","","","1.3","","9.6","98","","9","","15.96","11.61","11.91","","","","",""
"2025-02-19","2025050","12:56","23.0","39.6557","4.0","","","1.3","","9.5","97","","7","","17.31","11.73","12.94","","","","",""
"2025-02-19","2025050","12:56","23.0","39.6557","5.0","","","1.2","","9.4","97","","5","","17.67","11.72","13.21","","","","",""
"2025-02-19","2025050","12:56","23.0","39.6557","6.0","","","1.0","","9.3","96","","4","","18.26","11.71","13.67","","","","",""
"2025-02-19","2025050","12:56","23.0","39.6557","7.0","","","0.8","","9.2","96","","5","","19.36","11.73","14.52","","","","",""
"2025-02-19","2025050","12:56","23.0","39.6557","8.0","","","0.7","","9.1","96","","6","","20.95","11.66","15.76","","","","",""
"2025-02-19","2025050","12:56","23.0","39.6557","9.0","","","0.6","","9.1","96","","7","","21.02","11.64","15.82","","","","",""
"2025-02-19","2025050","12:56","23.0","39.6557","10.0","","","0.6","","9.1","96","","7","","21.87","11.61","16.48","","","","",""
"2025-02-19","2025050","12:56","23.0","39.6557","11.0","","","0.6","","9.1","96","","8","","21.98","11.61","16.57","","","","",""
"2025-02-19","2025050","12:56","23.0","39.6557","12.0","","","0.6","","9.1","96","","8","","22.10","11.60","16.66","","","","",""
"2025-02-19","2025050","12:56","23.0","39.6557","13.0","","","0.6","","9.0","96","","8","","22.99","11.58","17.35","","","","",""
"2025-02-19","2025050","12:56","23.0","39.6557","14.0","","","0.6","","8.8","96","","9","","26.44","11.61","20.02","","","","",""
"2025-02-19","2025050","13:08","24.0","37.0911","1.0","","","4.5","","10.1","102","","6","1.04","12.52","11.82","9.22","","","","",""
"2025-02-19","2025050","13:08","24.0","37.0911","2.0","5.2","0.90","4.9","","10.0","100","5.7","6","","12.83","11.59","9.50","","","","",""
"2025-02-19","2025050","13:08","24.0","37.0911","3.0","","","3.6","","9.6","98","","6","","15.48","11.60","11.54","","","","",""
"2025-02-19","2025050","13:08","24.0","37.0911","4.0","","","1.3","","9.3","96","","6","","18.03","11.70","13.50","","","","",""
"2025-02-19","2025050","13:08","24.0","37.0911","5.0","","","1.1","","9.2","96","","6","","18.98","11.87","14.21","","","","",""
"2025-02-19","2025050","13:08","24.0","37.0911","6.0","","","1.1","","9.1","95","","5","","19.03","11.86","14.25","","","","",""
"2025-02-19","2025050","13:08","24.0","37.0911","7.0","","","0.9","","9.1","95","","5","","19.55","11.80","14.66","","","","",""
"2025-02-19","2025050","13:08","24.0","37.0911","8.0","1.0","0.65","0.9","","9.0","95","5.6","6","","20.90","11.64","15.72","","","","",""
"2025-02-19","2025050","13:19","25.0","32.8382","1.0","","","2.7","","10.3","102","","6","0.98","13.01","11.49","9.65","","","","",""
"2025-02-19","2025050","13:19","25.0","32.8382","2.0","","","3.1","","10.2","102","","6","","13.29","11.43","9.87","","","","",""
"2025-02-19","2025050","13:19","25.0","32.8382","3.0","","","2.4","","10.2","102","","6","","14.00","11.46","10.42","","","","",""
"2025-02-19","2025050","13:19","25.0","32.8382","4.0","","","2.0","","10.1","102","","6","","15.06","11.68","11.20","","","","",""
"2025-02-19","2025050","13:19","25.0","32.8382","5.0","","","1.9","","9.8","100","","5","","16.58","11.83","12.36","","","","",""
"2025-02-19","2025050","13:19","25.0","32.8382","6.0","","","1.7","","9.5","99","","4","","18.42","11.97","13.75","","","","",""
"2025-02-19","2025050","13:19","25.0","32.8382","7.0","","","1.1","","9.4","98","","4","","18.72","11.95","13.99","","","","",""
"2025-02-19","2025050","13:32","26.0","28.7560","1.0","","","3.4","","10.3","104","","6","1.05","13.14","11.94","9.68","","","","",""
"2025-02-19","2025050","13:32","26.0","28.7560","2.0","","","4.3","","10.3","103","","5","","13.59","11.58","10.08","","","","",""
"2025-02-19","2025050","13:32","26.0","28.7560","3.0","","","3.6","","10.3","104","","6","","14.15","11.58","10.52","","","","",""
"2025-02-19","2025050","13:32","26.0","28.7560","4.0","","","2.5","","10.1","103","","6","","15.49","11.85","11.51","","","","",""
"2025-02-19","2025050","13:32","26.0","28.7560","5.0","","","2.1","","9.6","100","","5","","17.71","12.03","13.20","","","","",""
"2025-02-19","2025050","13:32","26.0","28.7560","6.0","","","1.6","","9.4","99","","4","","18.87","12.02","14.09","","","","",""
"2025-02-19","2025050","13:32","26.0","28.7560","7.0","","","1.4","","9.4","98","","5","","18.95","12.02","14.16","","","","",""
"2025-02-19","2025050","13:32","26.0","28.7560","8.0","","","1.3","","9.4","98","","6","","18.96","12.01","14.16","","","","",""
"2025-02-19","2025050","13:32","26.0","28.7560","9.0","","","1.3","","9.3","98","","6","","19.11","11.99","14.28","","","","",""
"2025-02-19","2025050","13:41","27.0","26.1872","1.0","","","4.3","","10.3","105","","4","0.78","14.90","11.97","11.03","","","","",""
"2025-02-19","2025050","13:41","27.0","26.1872","2.0","4.6","0.88","4.4","","10.2","104","4.1","4","","14.92","11.87","11.06","","","","",""
"2025-02-19","2025050","13:41","27.0","26.1872","3.0","","","3.6","","10.2","104","","4","","15.17","11.82","11.26","","","","",""
"2025-02-19","2025050","13:41","27.0","26.1872","4.0","","","2.6","","10.1","103","","4","","15.70","11.85","11.68","","","","",""
"2025-02-19","2025050","13:41","27.0","26.1872","5.0","","","2.0","","10.1","103","","4","","15.98","11.89","11.88","","","","",""
"2025-02-19","2025050","13:41","27.0","26.1872","6.0","","","1.7","","9.8","101","","4","","17.02","12.03","12.66","","","","",""
"2025-02-19","2025050","13:41","27.0","26.1872","7.0","","","1.5","","9.5","99","","4","","18.28","12.07","13.63","","","","",""
"2025-02-19","2025050","13:41","27.0","26.1872","8.0","","","1.5","","9.4","98","","4","","18.87","12.05","14.09","","","","",""
"2025-02-19","2025050","13:41","27.0","26.1872","9.0","","","1.5","","9.3","98","","5","","18.97","12.04","14.17","","","","",""
"2025-02-19","2025050","13:41","27.0","26.1872","10.0","1.6","0.72","1.5","","9.3","98","5.7","6","","19.02","12.02","14.21","","","","",""
"2025-02-19","2025050","13:51","28.0","23.5695","1.0","","","5.0","","10.2","104","","5","0.87","14.96","12.04","11.07","","","","",""
"2025-02-19","2025050","13:51","28.0","23.5695","2.0","","","4.3","","10.2","104","","5","","15.22","11.93","11.29","","","","",""
"2025-02-19","2025050","13:51","28.0","23.5695","3.0","","","3.2","","10.1","103","","4","","15.53","11.83","11.54","","","","",""
"2025-02-19","2025050","13:51","28.0","23.5695","4.0","","","2.0","","10.0","103","","5","","16.49","11.94","12.27","","","","",""
"2025-02-19","2025050","13:51","28.0","23.5695","5.0","","","1.5","","10.0","103","","5","","16.72","11.98","12.44","","","","",""
"2025-02-19","2025050","13:51","28.0","23.5695","6.0","","","1.3","","9.9","102","","4","","17.01","12.07","12.65","","","","",""
"2025-02-19","2025050","13:51","28.0","23.5695","7.0","","","1.3","","9.7","101","","4","","17.88","12.12","13.31","","","","",""
"2025-02-19","2025050","13:51","28.0","23.5695","8.0","","","1.5","","9.6","100","","5","","18.28","12.09","13.63","","","","",""
"2025-02-19","2025050","13:51","28.0","23.5695","9.0","","","1.6","","9.5","99","","6","","18.40","12.07","13.72","","","","",""
"2025-02-19","2025050","13:51","28.0","23.5695","10.0","","","1.6","","9.4","98","","6","","18.69","12.05","13.95","","","","",""
"2025-02-19","2025050","13:51","28.0","23.5695","11.0","","","1.6","","9.3","97","","7","","19.01","12.02","14.20","","","","",""
"2025-02-19","2025050","14:02","29.0","20.2526","1.0","","","5.5","","10.4","106","","4","0.85","15.02","12.10","11.11","","","","",""
"2025-02-19","2025050","14:02","29.0","20.2526","2.0","","","4.8","","10.2","105","","4","","15.41","11.96","11.43","","","","",""
"2025-02-19","2025050","14:02","29.0","20.2526","3.0","","","3.2","","10.1","104","","4","","15.85","11.87","11.78","","","","",""
"2025-02-19","2025050","14:02","29.0","20.2526","4.0","","","2.0","","10.1","104","","4","","16.28","11.93","12.10","","","","",""
"2025-02-19","2025050","14:02","29.0","20.2526","5.0","","","1.8","","10.1","104","","4","","16.63","12.05","12.36","","","","",""
"2025-02-19","2025050","14:02","29.0","20.2526","6.0","","","1.5","","9.9","103","","4","","17.24","12.14","12.82","","","","",""
"2025-02-19","2025050","14:02","29.0","20.2526","7.0","","","1.5","","9.6","100","","4","","17.74","12.16","13.20","","","","",""
"2025-02-19","2025050","14:02","29.0","20.2526","8.0","","","1.6","","9.5","99","","5","","18.44","12.09","13.75","","","","",""
"2025-02-19","2025050","14:02","29.0","20.2526","9.0","","","1.6","","9.4","99","","7","","18.67","12.07","13.94","","","","",""
"2025-02-19","2025050","14:02","29.0","20.2526","10.0","","","1.7","","9.4","98","","7","","18.75","12.07","13.99","","","","",""
"2025-02-19","2025050","14:02","29.0","20.2526","11.0","","","1.7","","9.3","97","","8","","19.03","12.04","14.22","","","","",""
"2025-02-19","2025050","14:02","29.0","20.2526","12.0","","","1.6","","9.2","97","","9","","19.53","11.97","14.61","","","","",""
"2025-02-19","2025050","14:02","29.0","20.2526","13.0","","","1.5","","9.2","97","","12","","19.69","11.94","14.74","","","","",""
"2025-02-19","2025050","14:16","30.0","14.7543","1.0","","","5.9","","10.2","106","","2","0.82","15.81","12.47","11.66","","","","",""
"2025-02-19","2025050","14:16","30.0","14.7543","2.0","7.7","0.89","7.4","","10.2","106","4.3","2","","16.25","12.28","12.03","","","","",""
"2025-02-19","2025050","14:16","30.0","14.7543","3.0","","","5.5","","10.2","105","","3","","16.79","12.09","12.48","","","","",""
"2025-02-19","2025050","14:16","30.0","14.7543","4.0","","","5.5","","10.1","105","","3","","17.11","12.08","12.73","","","","",""
"2025-02-19","2025050","14:16","30.0","14.7543","5.0","","","4.7","","10.0","104","","4","","17.38","12.06","12.94","","","","",""
"2025-02-19","2025050","14:16","30.0","14.7543","6.0","","","3.4","","9.9","103","","5","","17.69","12.14","13.17","","","","",""
"2025-02-19","2025050","14:16","30.0","14.7543","7.0","","","2.6","","9.8","102","","7","","17.79","12.25","13.23","","","","",""
"2025-02-19","2025050","14:16","30.0","14.7543","8.0","","","2.4","","9.6","101","","8","","17.98","12.35","13.35","","","","",""
"2025-02-19","2025050","14:16","30.0","14.7543","9.0","","","2.0","","9.6","101","","9","","18.04","12.34","13.40","","","","",""
"2025-02-19","2025050","14:16","30.0","14.7543","10.0","2.0","0.74","1.8","","9.6","100","6.9","9","","18.06","12.34","13.42","","","","",""
"2025-02-19","2025050","14:28","31.0","10.6065","1.0","","","14.3","","10.4","110","","5","0.86","16.74","12.99","12.30","","","","",""
"2025-02-19","2025050","14:28","31.0","10.6065","2.0","","","15.1","","10.3","109","","5","","16.81","12.89","12.37","","","","",""
"2025-02-19","2025050","14:28","31.0","10.6065","3.0","","","13.5","","10.2","107","","5","","17.03","12.66","12.57","","","","",""
"2025-02-19","2025050","14:28","31.0","10.6065","4.0","","","8.1","","10.2","106","","5","","17.14","12.54","12.68","","","","",""
"2025-02-19","2025050","14:28","31.0","10.6065","5.0","","","5.7","","10.2","107","","5","","17.15","12.51","12.69","","","","",""
"2025-02-19","2025050","14:28","31.0","10.6065","6.0","","","5.2","","10.3","108","","5","","17.24","12.44","12.77","","","","",""
"2025-02-19","2025050","14:28","31.0","10.6065","7.0","","","4.4","","10.2","107","","5","","17.46","12.44","12.94","","","","",""
"2025-02-19","2025050","14:28","31.0","10.6065","8.0","","","3.7","","10.1","106","","4","","17.65","12.47","13.08","","","","",""
"2025-02-19","2025050","14:28","31.0","10.6065","9.0","","","3.1","","10.0","104","","4","","17.68","12.42","13.11","","","","",""
"2025-02-19","2025050","14:28","31.0","10.6065","10.0","","","2.9","","9.9","103","","5","","17.68","12.39","13.12","","","","",""
"2025-02-19","2025050","14:37","32.0","8.1507","1.0","","","5.7","","9.9","104","","7","1.11","16.59","12.61","12.24","","","","",""
"2025-02-19","2025050","14:37","32.0","8.1507","2.0","7.3","0.85","6.9","","9.9","104","6.4","7","","16.72","12.56","12.35","","","","",""
"2025-02-19","2025050","14:37","32.0","8.1507","3.0","","","5.6","","9.9","104","","7","","16.90","12.52","12.49","","","","",""
"2025-02-19","2025050","14:37","32.0","8.1507","4.0","","","4.0","","9.9","104","","7","","17.20","12.55","12.72","","","","",""
"2025-02-19","2025050","14:37","32.0","8.1507","5.0","","","3.3","","9.8","103","","7","","17.41","12.52","12.89","","","","",""
"2025-02-19","2025050","14:37","32.0","8.1507","6.0","","","3.0","","9.7","102","","6","","17.55","12.46","13.01","","","","",""
"2025-02-19","2025050","14:37","32.0","8.1507","7.0","","","2.8","","9.6","100","","7","","17.62","12.43","13.06","","","","",""
"2025-02-19","2025050","14:37","32.0","8.1507","8.0","","","2.9","","9.5","99","","8","","17.73","12.38","13.16","","","","",""
"2025-02-19","2025050","14:37","32.0","8.1507","9.0","2.2","0.67","2.4","","9.4","99","","11","","17.75","12.37","13.17","","","","",""
"2025-02-19","2025050","14:44","33.0","6.8085","1.0","","","10.7","","9.6","100","","9","1.50","15.47","12.84","11.34","","","","",""
"2025-02-19","2025050","14:44","33.0","6.8085","2.0","","","8.3","","9.6","100","7.8","9","","15.81","12.70","11.63","","","","",""
"2025-02-19","2025050","14:44","33.0","6.8085","3.0","","","6.1","","9.6","100","","9","","16.41","12.58","12.11","","","","",""
"2025-02-19","2025050","14:44","33.0","6.8085","4.0","","","5.1","","9.5","99","","9","","16.52","12.53","12.20","","","","",""
"2025-02-19","2025050","14:44","33.0","6.8085","5.0","","","4.7","","9.4","98","","10","","16.79","12.44","12.42","","","","",""
"2025-02-19","2025050","14:44","33.0","6.8085","6.0","","","4.3","","9.5","99","","9","","16.83","12.39","12.46","","","","",""
"2025-02-19","2025050","14:44","33.0","6.8085","7.0","","","4.1","","9.5","99","","10","","16.95","12.42","12.55","","","","",""
"2025-02-19","2025050","14:44","33.0","6.8085","8.0","","","3.7","","9.4","99","","9","","17.22","12.41","12.76","","","","",""
"2025-02-19","2025050","14:44","33.0","6.8085","9.0","","","3.5","","9.4","98","","10","","17.38","12.39","12.88","","","","",""
"2025-02-19","2025050","14:44","33.0","6.8085","10.0","","","3.3","","9.4","98","","11","","17.41","12.38","12.91","","","","",""
"2025-02-19","2025050","14:44","33.0","6.8085","11.0","","","3.4","","9.4","98","","12","","17.41","12.38","12.91","","","","",""
"2025-02-19","2025050","14:54","34.0","3.5290","1.0","","","4.5","","9.2","96","","13","1.41","16.23","12.64","11.96","","","","",""
"2025-02-19","2025050","14:54","34.0","3.5290","2.0","3.9","0.79","4.0","","9.2","96","17.4","14","","16.77","12.48","12.40","","","","",""
"2025-02-19","2025050","14:54","34.0","3.5290","3.0","","","4.0","","9.2","96","","14","","17.14","12.40","12.70","","","","",""
"2025-02-19","2025050","14:54","34.0","3.5290","4.0","","","3.8","","9.2","96","","14","","17.16","12.40","12.71","","","","",""
"2025-02-19","2025050","14:54","34.0","3.5290","5.0","","","3.6","","9.2","96","","14","","17.16","12.40","12.72","","","","",""
"2025-02-19","2025050","14:54","34.0","3.5290","6.0","2.4","0.75","3.0","","9.2","96","","14","","17.18","12.39","12.73","","","","",""
"2025-02-19","2025050","15:06","35.0","1.6576","1.0","","","8.4","","9.1","95","","18","1.53","15.81","12.71","11.62","","","","",""
"2025-02-19","2025050","15:06","35.0","1.6576","2.0","10.6","0.82","10.8","","9.1","95","13.4","13","","15.82","12.73","11.63","","","","",""
"2025-02-19","2025050","15:06","35.0","1.6576","3.0","","","7.8","","9.0","94","","12","","16.03","12.67","11.80","","","","",""
"2025-02-19","2025050","15:06","35.0","1.6576","4.0","","","7.5","","9.0","94","","11","","16.47","12.56","12.16","","","","",""
"2025-02-19","2025050","15:06","35.0","1.6576","5.0","","","5.3","","9.0","94","","11","","16.72","12.49","12.36","","","","",""
"2025-02-19","2025050","15:06","35.0","1.6576","6.0","","","3.8","","9.0","94","","15","","16.74","12.49","12.38","","","","",""
"2025-02-19","2025050","15:06","35.0","1.6576","7.0","","","3.5","","9.0","94","","16","","16.74","12.49","12.38","","","","",""
"2025-02-19","2025050","15:12","36.0","0.0000","1.0","","","3.5","","9.0","94","","11","1.17","15.77","12.74","11.59","","","","",""
"2025-02-19","2025050","15:12","36.0","0.0000","2.0","2.9","0.72","3.4","","9.0","94","10.6","11","","15.92","12.71","11.71","","","","",""
"2025-02-19","2025050","15:12","36.0","0.0000","3.0","","","3.5","","9.0","94","","16","","16.00","12.69","11.77","","","","",""
"2025-02-19","2025050","15:12","36.0","0.0000","4.0","","","3.5","","9.0","94","","16","","15.93","12.71","11.72","","","","",""
"2025-02-19","2025050","15:12","36.0","0.0000","5.0","2.0","0.62","3.0","","9.0","94","14.9","16","","16.15","12.66","11.89","","","","",""
"2025-02-19","2025050","7:56","649.0","132.9388","1.0","","","2.1","","9.5","86","","41","3.44","0.07","10.82","","","","","",""
"2025-02-19","2025050","7:56","649.0","132.9388","2.0","2.5","0.73","2.2","","9.5","86","38.6","40","","0.07","10.82","","","","","",""
"2025-02-19","2025050","7:56","649.0","132.9388","3.0","","","2.2","","9.5","86","","41","","0.07","10.82","","","","","",""
"2025-02-19","2025050","7:56","649.0","132.9388","4.0","","","2.1","","9.5","86","","41","","0.07","10.82","","","","","",""
"2025-02-19","2025050","7:56","649.0","132.9388","5.0","","","2.1","","9.4","86","","41","","0.07","10.81","","","","","",""
"2025-02-19","2025050","7:56","649.0","132.9388","6.0","","","2.1","","9.4","85","","40","","0.07","10.81","","","","","",""
"2025-02-19","2025050","7:56","649.0","132.9388","7.0","","","2.1","","9.4","85","","41","","0.07","10.81","","","","","",""
"2025-02-19","2025050","7:56","649.0","132.9388","8.0","","","2.1","","9.4","85","","40","","0.07","10.79","","","","","",""
"2025-02-19","2025050","7:56","649.0","132.9388","9.0","","","2.1","","9.4","85","","41","","0.07","10.79","","","","","",""
"2025-02-19","2025050","7:56","649.0","132.9388","10.0","","","2.1","","9.4","85","","40","","0.07","10.79","","","","","",""
"2025-02-19","2025050","7:56","649.0","132.9388","11.0","2.4","0.72","2.1","","9.4","85","41.4","41","","0.07","10.79","","","","","",""
"2025-02-19","2025050","7:14","657.0","147.2548","1.0","","","2.0","","10.0","90","","38","3.96","0.06","10.45","","","","","",""
"2025-02-19","2025050","7:14","657.0","147.2548","2.0","2.2","0.69","2.0","","10.0","90","38.9","38","","0.06","10.45","","","","","",""
"2025-02-19","2025050","7:14","657.0","147.2548","3.0","","","2.0","","10.0","90","","38","","0.06","10.45","","","","","",""
"2025-02-19","2025050","7:14","657.0","147.2548","4.0","","","2.0","","10.0","90","","38","","0.06","10.45","","","","","",""
"2025-02-19","2025050","7:14","657.0","147.2548","5.0","","","2.0","","10.0","90","","38","","0.06","10.46","","","","","",""
"2025-02-19","2025050","7:14","657.0","147.2548","6.0","","","2.0","","10.0","90","","38","","0.06","10.46","","","","","",""
"2025-02-19","2025050","7:14","657.0","147.2548","7.0","","","2.0","","10.0","90","","38","","0.06","10.46","","","","","",""
"2025-02-19","2025050","7:14","657.0","147.2548","8.0","","","2.0","","10.0","90","","38","","0.06","10.45","","","","","",""
"2025-02-19","2025050","7:14","657.0","147.2548","9.0","2.3","0.66","2.0","","10.0","90","44.2","40","","0.06","10.46","","","","","",""
"2025-03-11","2025070","10:15","3.0","125.3243","1.0","","","7.0","","11.0","104","","20","1.73","0.08","12.67","","","","","",""
"2025-03-11","2025070","10:15","3.0","125.3243","2.0","7.1","0.81","7.0","","11.0","104","16.0","19","","0.08","12.67","","","","","",""
"2025-03-11","2025070","10:15","3.0","125.3243","3.0","","","7.1","","11.0","104","","19","","0.08","12.66","","","","","",""
"2025-03-11","2025070","10:15","3.0","125.3243","4.0","","","6.9","","11.0","104","","19","","0.08","12.65","","","","","",""
"2025-03-11","2025070","10:15","3.0","125.3243","5.0","","","6.7","","11.0","104","","20","","0.08","12.64","","","","","",""
"2025-03-11","2025070","10:15","3.0","125.3243","6.0","","","6.8","","11.0","104","","21","","0.08","12.63","","","","","",""
"2025-03-11","2025070","10:15","3.0","125.3243","7.0","","","7.0","","11.0","104","","21","","0.08","12.61","","","","","",""
"2025-03-11","2025070","10:15","3.0","125.3243","8.0","","","7.1","","11.0","104","","21","","0.08","12.59","","","","","",""
"2025-03-11","2025070","10:15","3.0","125.3243","9.0","8.1","0.79","7.7","","11.0","104","20.6","21","","0.08","12.58","","","","","",""
"2025-03-11","2025070","11:05","6.0","110.8977","1.0","","","4.2","","10.6","101","","20","1.78","0.67","12.93","","","","","",""
"2025-03-11","2025070","11:05","6.0","110.8977","2.0","3.9","0.72","4.1","","10.5","101","19.7","21","","0.67","12.93","","","","","",""
"2025-03-11","2025070","11:05","6.0","110.8977","3.0","","","4.6","","10.5","100","","31","","0.70","12.86","","","","","",""
"2025-03-11","2025070","11:05","6.0","110.8977","4.0","","","4.5","","10.5","100","","34","","0.79","12.79","0.02","","","","",""
"2025-03-11","2025070","11:05","6.0","110.8977","5.0","","","4.0","","10.5","100","","37","","0.93","12.82","0.12","","","","",""
"2025-03-11","2025070","11:05","6.0","110.8977","6.0","","","3.8","","10.4","100","","37","","1.33","12.90","0.43","","","","",""
"2025-03-11","2025070","11:05","6.0","110.8977","7.0","","","3.6","","10.3","99","","38","","1.75","12.96","0.75","","","","",""
"2025-03-11","2025070","11:05","6.0","110.8977","8.0","","","3.5","","10.3","99","","43","","1.88","12.97","0.84","","","","",""
"2025-03-11","2025070","11:05","6.0","110.8977","9.0","","","2.9","","10.2","98","","51","","2.36","13.03","1.21","","","","",""
"2025-03-11","2025070","11:05","6.0","110.8977","10.0","2.9","0.47","3.0","","10.1","98","77.6","77","","2.90","13.09","1.62","","","","",""
"2025-03-11","2025070","11:52","8.0","99.7699","1.0","","","2.2","","9.3","94","","19","1.52","9.43","12.97","6.67","","","","",""
"2025-03-11","2025070","11:52","8.0","99.7699","2.0","1.8","0.66","1.9","","9.3","93","20.8","21","","9.45","12.96","6.68","","","","",""
"2025-03-11","2025070","11:52","8.0","99.7699","3.0","","","1.7","","9.2","93","","26","","9.40","12.97","6.65","","","","",""
"2025-03-11","2025070","11:52","8.0","99.7699","4.0","","","1.6","","9.1","92","","31","","9.76","12.95","6.93","","","","",""
"2025-03-11","2025070","11:52","8.0","99.7699","5.0","","","1.5","","8.9","91","","31","","11.65","12.87","8.40","","","","",""
"2025-03-11","2025070","11:52","8.0","99.7699","6.0","","","2.2","","8.7","90","","50","","13.41","12.79","9.77","","","","",""
"2025-03-11","2025070","11:52","8.0","99.7699","7.0","","","3.1","","8.7","89","","99","","13.85","12.77","10.11","","","","",""
"2025-03-11","2025070","11:52","8.0","99.7699","8.0","","","3.5","","8.6","89","","129","","14.08","12.76","10.28","","","","",""
"2025-03-11","2025070","11:52","8.0","99.7699","9.0","","","3.7","","8.6","89","","146","","14.26","12.75","10.42","","","","",""
"2025-03-11","2025070","11:52","8.0","99.7699","10.0","","","3.7","","8.6","89","","154","","14.39","12.74","10.53","","","","",""
"2025-03-11","2025070","11:52","8.0","99.7699","11.0","","","3.7","","8.6","89","","159","","14.43","12.74","10.56","","","","",""
"2025-03-11","2025070","11:52","8.0","99.7699","12.0","","","3.7","","8.5","88","","158","","14.59","12.74","10.68","","","","",""
"2025-03-11","2025070","11:52","8.0","99.7699","13.0","","","3.7","","8.5","88","","191","","15.10","12.71","11.08","","","","",""
"2025-03-11","2025070","11:52","8.0","99.7699","14.0","","","3.7","","8.4","88","","308","","15.16","12.71","11.13","","","","",""
"2025-03-11","2025070","11:52","8.0","99.7699","15.0","","","3.7","","8.4","88","","332","","15.26","12.71","11.20","","","","",""
"2025-03-11","2025070","12:15","10.0","93.5951","1.0","","","3.6","","9.2","94","","17","1.89","11.30","13.12","8.09","","","","",""
"2025-03-11","2025070","12:15","10.0","93.5951","2.0","3.5","0.77","4.1","","9.2","94","","17","","11.89","13.00","8.56","","","","",""
"2025-03-11","2025070","12:15","10.0","93.5951","3.0","","","5.2","","9.2","94","","19","","12.25","12.91","8.85","","","","",""
"2025-03-11","2025070","12:15","10.0","93.5951","4.0","","","5.9","","9.2","94","","18","","12.61","12.84","9.14","","","","",""
"2025-03-11","2025070","12:15","10.0","93.5951","5.0","","","6.1","","9.2","94","","19","","12.95","12.79","9.41","","","","",""
"2025-03-11","2025070","12:15","10.0","93.5951","6.0","","","6.5","","9.2","94","","20","","13.16","12.77","9.57","","","","",""
"2025-03-11","2025070","12:15","10.0","93.5951","7.0","","","7.0","","9.0","93","","22","","13.54","12.74","9.87","","","","",""
"2025-03-11","2025070","12:15","10.0","93.5951","8.0","","","6.2","","8.9","92","","26","","14.37","12.67","10.52","","","","",""
"2025-03-11","2025070","12:15","10.0","93.5951","9.0","","","5.0","","8.9","92","","29","","14.56","12.67","10.67","","","","",""
"2025-03-11","2025070","12:15","10.0","93.5951","10.0","","","5.0","","8.8","91","","32","","14.63","12.67","10.72","","","","",""
"2025-03-11","2025070","12:15","10.0","93.5951","11.0","","","5.2","","8.8","91","","35","","14.82","12.66","10.87","","","","",""
"2025-03-11","2025070","12:15","10.0","93.5951","12.0","","","5.4","","8.7","90","","37","","14.99","12.65","11.00","","","","",""
"2025-03-11","2025070","12:15","10.0","93.5951","13.0","","","5.0","","8.6","89","","41","","15.63","12.62","11.50","","","","",""
"2025-03-11","2025070","12:15","10.0","93.5951","14.0","","","4.6","","8.5","89","","50","","15.81","12.61","11.64","","","","",""
"2025-03-11","2025070","12:15","10.0","93.5951","15.0","","","4.5","","8.5","88","","57","","15.99","12.60","11.78","","","","",""
"2025-03-11","2025070","12:15","10.0","93.5951","16.0","","","4.3","","8.4","87","","64","","16.48","12.58","12.16","","","","",""
"2025-03-11","2025070","12:15","10.0","93.5951","17.0","","","4.1","","8.3","87","","73","","17.00","12.55","12.57","","","","",""
"2025-03-11","2025070","12:15","10.0","93.5951","18.0","","","3.9","","8.2","86","","77","","17.46","12.53","12.92","","","","",""
"2025-03-11","2025070","12:15","10.0","93.5951","19.0","","","3.7","","8.2","86","","78","","17.91","12.51","13.28","","","","",""
"2025-03-11","2025070","12:15","10.0","93.5951","20.0","","","3.8","","8.2","86","","81","","18.04","12.50","13.38","","","","",""
"2025-03-11","2025070","12:15","10.0","93.5951","21.0","","","4.3","","8.2","86","","85","","17.83","12.51","13.21","","","","",""
"2025-03-11","2025070","13:07","13.0","78.5444","1.0","","","2.7","","8.5","91","","9","1.04","19.06","12.84","14.10","","","","",""
"2025-03-11","2025070","13:07","13.0","78.5444","2.0","3.4","0.83","3.6","","7.9","84","9.3","9","","20.66","12.37","15.42","","","","",""
"2025-03-11","2025070","13:07","13.0","78.5444","3.0","","","4.1","","7.5","81","","10","","23.04","12.06","17.31","","","","",""
"2025-03-11","2025070","13:07","13.0","78.5444","4.0","","","2.9","","7.3","79","","11","","24.41","11.93","18.39","","","","",""
"2025-03-11","2025070","13:07","13.0","78.5444","5.0","","","2.0","","7.3","79","","11","","24.64","11.92","18.57","","","","",""
"2025-03-11","2025070","13:07","13.0","78.5444","6.0","","","1.9","","7.2","78","","11","","24.69","11.93","18.61","","","","",""
"2025-03-11","2025070","13:07","13.0","78.5444","7.0","","","1.9","","7.2","78","","13","","24.74","11.93","18.65","","","","",""
"2025-03-11","2025070","13:07","13.0","78.5444","8.0","","","1.9","","7.2","78","","16","","24.78","11.92","18.68","","","","",""
"2025-03-11","2025070","13:07","13.0","78.5444","9.0","2.4","0.60","1.9","","7.2","78","21.9","17","","24.82","11.93","18.71","","","","",""
"2025-03-11","2025070","14:09","18.0","54.9481","1.0","","","3.5","","7.8","86","","6","0.85","25.18","12.35","18.92","","","","",""
"2025-03-11","2025070","14:09","18.0","54.9481","2.0","5.0","0.84","5.0","","7.8","86","6.3","6","","25.15","12.34","18.89","","","","",""
"2025-03-11","2025070","14:09","18.0","54.9481","3.0","","","5.3","","7.7","85","","9","","25.39","12.28","19.09","","","","",""
"2025-03-11","2025070","14:09","18.0","54.9481","4.0","","","5.1","","7.7","84","","13","","25.54","12.24","19.21","","","","",""
"2025-03-11","2025070","14:09","18.0","54.9481","5.0","","","5.0","","7.7","84","","13","","25.64","12.21","19.30","","","","",""
"2025-03-11","2025070","14:09","18.0","54.9481","6.0","","","4.9","","7.6","84","","13","","25.69","12.19","19.34","","","","",""
"2025-03-11","2025070","14:09","18.0","54.9481","7.0","","","5.0","","7.5","83","","12","","25.86","12.14","19.48","","","","",""
"2025-03-11","2025070","14:09","18.0","54.9481","8.0","","","4.5","","7.5","82","","12","","26.08","12.07","19.66","","","","",""
"2025-03-11","2025070","14:09","18.0","54.9481","9.0","","","4.3","","7.5","82","","13","","26.11","12.06","19.69","","","","",""
"2025-03-11","2025070","14:09","18.0","54.9481","10.0","","","4.2","","7.4","81","","13","","26.14","12.05","19.71","","","","",""
"2025-03-11","2025070","14:09","18.0","54.9481","11.0","","","4.3","","7.4","81","","13","","26.25","11.99","19.81","","","","",""
"2025-03-11","2025070","14:09","18.0","54.9481","12.0","","","4.1","","7.4","81","","13","","26.32","11.97","19.87","","","","",""
"2025-03-11","2025070","14:09","18.0","54.9481","13.0","","","4.0","","7.3","80","","13","","26.37","11.94","19.91","","","","",""
"2025-03-11","2025070","14:09","18.0","54.9481","14.0","","","3.9","","7.3","80","","12","","26.50","11.92","20.01","","","","",""
"2025-03-11","2025070","14:09","18.0","54.9481","15.0","","","3.9","","7.3","80","","13","","26.53","11.91","20.04","","","","",""
"2025-03-11","2025070","14:09","18.0","54.9481","16.0","","","3.8","","7.3","80","","13","","26.50","11.91","20.02","","","","",""
"2025-03-11","2025070","14:09","18.0","54.9481","17.0","","","4.0","","7.3","80","","13","","26.63","11.91","20.11","","","","",""
"2025-03-11","2025070","14:09","18.0","54.9481","18.0","","","4.0","","7.3","80","","12","","26.62","11.92","20.10","","","","",""
"2025-03-11","2025070","14:09","18.0","54.9481","19.0","","","4.0","","7.2","79","","12","","26.68","11.91","20.16","","","","",""
"2025-03-11","2025070","14:09","18.0","54.9481","20.0","","","4.0","","7.2","79","","12","","27.03","11.84","20.44","","","","",""
"2025-03-11","2025070","14:09","18.0","54.9481","21.0","","","4.0","","7.1","78","","12","","27.40","11.77","20.73","","","","",""
"2025-03-11","2025070","14:09","18.0","54.9481","22.0","","","4.0","","7.1","78","","12","","27.47","11.76","20.79","","","","",""
"2025-03-11","2025070","14:09","18.0","54.9481","23.0","","","4.3","","7.0","77","","12","","27.89","11.68","21.13","","","","",""
"2025-03-11","2025070","14:09","18.0","54.9481","24.0","","","4.2","","6.9","76","","12","","27.82","11.70","21.07","","","","",""
"2025-03-11","2025070","14:09","18.0","54.9481","25.0","","","4.2","","6.7","74","","14","","28.65","11.53","21.75","","","","",""
"2025-03-11","2025070","14:09","18.0","54.9481","26.0","","","4.2","","6.6","72","","31","","29.48","11.35","22.42","","","","",""
"2025-03-11","2025070","14:09","18.0","54.9481","27.0","","","4.1","","6.5","72","","42","","29.66","11.30","22.57","","","","",""
"2025-03-11","2025070","14:09","18.0","54.9481","28.0","","","3.8","","6.5","72","","46","","29.70","11.29","22.60","","","","",""
"2025-03-11","2025070","14:09","18.0","54.9481","29.0","","","3.7","","6.5","71","","49","","29.76","11.28","22.65","","","","",""
"2025-03-11","2025070","14:09","18.0","54.9481","30.0","","","3.7","","6.5","71","","49","","29.78","11.27","22.67","","","","",""
"2025-03-11","2025070","14:09","18.0","54.9481","31.0","3.6","0.45","3.6","","6.4","71","56.1","52","","29.89","11.25","22.75","","","","",""
"2025-03-11","2025070","14:46","22.0","43.9210","1.0","","","4.4","","8.6","94","","3","0.70","23.02","13.08","17.12","","","","",""
"2025-03-11","2025070","14:46","22.0","43.9210","2.0","5.7","0.85","5.5","","8.4","93","6.3","2","","23.16","13.09","17.23","","","","",""
"2025-03-11","2025070","14:46","22.0","43.9210","3.0","","","5.8","","8.4","93","","3","","23.18","13.00","17.26","","","","",""
"2025-03-11","2025070","14:46","22.0","43.9210","4.0","","","6.2","","8.5","93","","3","","23.17","12.86","17.27","","","","",""
"2025-03-11","2025070","14:46","22.0","43.9210","5.0","","","6.2","","8.4","92","","2","","23.16","12.84","17.27","","","","",""
"2025-03-11","2025070","14:46","22.0","43.9210","6.0","","","6.1","","8.4","92","","2","","23.18","12.79","17.30","","","","",""
"2025-03-11","2025070","14:46","22.0","43.9210","7.0","","","5.9","","8.3","91","","2","","23.27","12.78","17.37","","","","",""
"2025-03-11","2025070","14:46","22.0","43.9210","8.0","","","5.7","","8.2","90","","2","","23.30","12.76","17.39","","","","",""
"2025-03-11","2025070","14:46","22.0","43.9210","9.0","","","5.8","","7.9","87","","3","","23.41","12.56","17.52","","","","",""
"2025-03-11","2025070","14:46","22.0","43.9210","10.0","","","5.6","","7.6","82","","2","","24.53","12.25","18.43","","","","",""
"2025-03-11","2025070","14:46","22.0","43.9210","11.0","","","4.4","","7.4","80","","5","","25.39","12.06","19.13","","","","",""
"2025-03-11","2025070","14:46","22.0","43.9210","12.0","","","3.9","","7.2","79","","20","","25.86","11.95","19.51","","","","",""
"2025-03-11","2025070","14:46","22.0","43.9210","13.0","","","3.5","","7.2","78","","36","","25.89","11.94","19.54","","","","",""
"2025-03-11","2025070","14:46","22.0","43.9210","14.0","","","3.2","","7.1","78","","44","","26.03","11.92","19.65","","","","",""
"2025-03-11","2025070","14:46","22.0","43.9210","15.0","","","3.4","","7.1","78","","55","","26.06","11.91","19.67","","","","",""
"2025-03-11","2025070","14:46","22.0","43.9210","16.0","","","3.7","","7.1","78","","62","","26.08","11.91","19.69","","","","",""
"2025-03-11","2025070","14:46","22.0","43.9210","17.0","","","3.6","","7.1","78","","68","","26.10","11.90","19.70","","","","",""
"2025-03-11","2025070","14:46","22.0","43.9210","18.0","3.9","0.52","4.0","","7.1","78","68.3","71","","26.10","11.90","19.70","","","","",""
"2025-03-11","2025070","15:16","24.0","37.0911","1.0","","","6.5","","9.9","109","","3","0.85","20.21","14.03","14.78","","","","",""
"2025-03-11","2025070","15:16","24.0","37.0911","2.0","7.1","0.83","7.3","","9.0","99","4.7","3","","20.72","13.67","15.24","","","","",""
"2025-03-11","2025070","15:16","24.0","37.0911","3.0","","","7.7","","8.6","93","","4","","22.15","12.78","16.50","","","","",""
"2025-03-11","2025070","15:16","24.0","37.0911","4.0","","","7.1","","8.3","90","","4","","22.62","12.63","16.89","","","","",""
"2025-03-11","2025070","15:16","24.0","37.0911","5.0","","","6.3","","8.2","89","","10","","22.87","12.54","17.10","","","","",""
"2025-03-11","2025070","15:16","24.0","37.0911","6.0","","","5.8","","8.1","88","","17","","22.95","12.52","17.16","","","","",""
"2025-03-11","2025070","15:16","24.0","37.0911","7.0","","","5.7","","8.0","87","","20","","22.99","12.50","17.20","","","","",""
"2025-03-11","2025070","15:16","24.0","37.0911","8.0","","","5.1","","8.0","87","","23","","23.05","12.49","17.25","","","","",""
"2025-03-11","2025070","15:16","24.0","37.0911","9.0","5.4","0.73","5.1","","8.0","87","23.6","24","","23.10","12.47","17.29","","","","",""
"2025-03-11","2025070","15:48","27.0","26.1872","1.0","","","5.4","","10.0","109","","5","1.13","19.43","14.01","14.19","","","","",""
"2025-03-11","2025070","15:48","27.0","26.1872","2.0","6.9","0.82","7.0","","9.9","108","6.1","6","","19.45","13.97","14.21","","","","",""
"2025-03-11","2025070","15:48","27.0","26.1872","3.0","","","6.7","","9.6","105","","9","","19.51","13.89","14.27","","","","",""
"2025-03-11","2025070","15:48","27.0","26.1872","4.0","","","5.2","","9.4","102","","10","","19.80","13.59","14.55","","","","",""
"2025-03-11","2025070","15:48","27.0","26.1872","5.0","","","5.1","","9.1","99","","12","","20.22","13.37","14.91","","","","",""
"2025-03-11","2025070","15:48","27.0","26.1872","6.0","","","5.4","","9.0","98","","32","","20.63","13.20","15.26","","","","",""
"2025-03-11","2025070","15:48","27.0","26.1872","7.0","","","5.2","","8.9","97","","41","","20.76","13.15","15.37","","","","",""
"2025-03-11","2025070","15:48","27.0","26.1872","8.0","","","5.1","","8.8","96","","50","","20.80","13.14","15.40","","","","",""
"2025-03-11","2025070","15:48","27.0","26.1872","9.0","5.0","0.57","5.2","","8.8","95","61.6","68","","21.01","13.05","15.58","","","","",""
"2025-03-11","2025070","16:25","30.0","14.7543","1.0","","","14.2","","10.5","116","","28","2.19","17.40","14.63","12.52","","","","",""
"2025-03-11","2025070","16:25","30.0","14.7543","2.0","13.3","0.78","13.3","","10.5","116","22.6","29","","17.51","14.58","12.61","","","","",""
"2025-03-11","2025070","16:25","30.0","14.7543","3.0","","","11.3","","10.6","116","","46","","17.81","14.49","12.86","","","","",""
"2025-03-11","2025070","16:25","30.0","14.7543","4.0","","","10.5","","10.7","118","","49","","18.07","14.46","13.07","","","","",""
"2025-03-11","2025070","16:25","30.0","14.7543","5.0","","","10.2","","10.7","118","","69","","18.28","14.46","13.23","","","","",""
"2025-03-11","2025070","16:25","30.0","14.7543","6.0","","","10.2","","10.7","117","","112","","18.32","14.45","13.26","","","","",""
"2025-03-11","2025070","16:25","30.0","14.7543","7.0","","","9.5","","10.6","116","","119","","18.36","14.40","13.29","","","","",""
"2025-03-11","2025070","16:25","30.0","14.7543","8.0","7.2","0.47","7.0","","10.6","116","133.3","129","","18.38","14.30","13.33","","","","",""
"2025-03-20","2025079","11:34","18.0","54.9481","1.0","","","2.4","","9.3","100","","7","0.87","22.45","12.24","16.83","","","","",""
"2025-03-20","2025079","11:34","18.0","54.9481","2.0","2.3","0.77","2.5","","9.3","100","6.7","7","","22.66","12.17","17.00","","","","",""
"2025-03-20","2025079","11:34","18.0","54.9481","3.0","","","3.6","","9.3","100","","7","","22.94","12.10","17.22","","","","",""
"2025-03-20","2025079","11:34","18.0","54.9481","4.0","","","3.7","","9.3","100","","7","","22.98","12.10","17.26","","","","",""
"2025-03-20","2025079","11:34","18.0","54.9481","5.0","","","3.3","","9.3","100","","7","","23.24","12.08","17.46","","","","",""
"2025-03-20","2025079","11:34","18.0","54.9481","6.0","","","3.2","","9.3","100","","8","","23.41","12.08","17.60","","","","",""
"2025-03-20","2025079","11:34","18.0","54.9481","7.0","","","3.4","","9.3","100","","7","","23.70","12.07","17.82","","","","",""
"2025-03-20","2025079","11:34","18.0","54.9481","8.0","","","3.2","","9.2","100","","7","","24.09","12.07","18.12","","","","",""
"2025-03-20","2025079","11:34","18.0","54.9481","9.0","","","3.2","","9.2","99","","8","","24.43","12.08","18.38","","","","",""
"2025-03-20","2025079","11:34","18.0","54.9481","10.0","","","3.1","","9.1","99","","12","","24.78","12.08","18.65","","","","",""
"2025-03-20","2025079","11:34","18.0","54.9481","11.0","","","3.4","","9.1","99","","16","","25.09","12.08","18.89","","","","",""
"2025-03-20","2025079","11:34","18.0","54.9481","12.0","","","3.6","","9.1","99","","19","","25.37","12.06","19.12","","","","",""
"2025-03-20","2025079","11:34","18.0","54.9481","13.0","","","3.2","","9.1","99","","20","","25.60","12.05","19.30","","","","",""
"2025-03-20","2025079","11:34","18.0","54.9481","14.0","","","3.5","","9.1","100","","20","","25.88","12.03","19.51","","","","",""
"2025-03-20","2025079","11:34","18.0","54.9481","15.0","","","3.5","","9.1","100","","16","","26.57","11.97","20.06","","","","",""
"2025-03-20","2025079","11:34","18.0","54.9481","16.0","","","3.0","","9.1","100","","9","","26.73","11.96","20.18","","","","",""
"2025-03-20","2025079","11:34","18.0","54.9481","17.0","","","3.1","","9.1","100","","7","","26.88","11.96","20.30","","","","",""
"2025-03-20","2025079","11:34","18.0","54.9481","18.0","","","3.6","","9.1","100","","8","","27.08","11.95","20.45","","","","",""
"2025-03-20","2025079","11:34","18.0","54.9481","19.0","","","3.2","","9.0","100","","9","","27.36","11.93","20.68","","","","",""
"2025-03-20","2025079","11:34","18.0","54.9481","20.0","","","2.9","","9.0","100","","10","","27.54","11.92","20.82","","","","",""
"2025-03-20","2025079","11:34","18.0","54.9481","21.0","","","3.1","","9.0","99","","10","","27.56","11.91","20.83","","","","",""
"2025-03-20","2025079","11:34","18.0","54.9481","22.0","","","3.2","","9.0","99","","11","","27.67","11.90","20.92","","","","",""
"2025-03-20","2025079","11:34","18.0","54.9481","23.0","","","3.3","","9.0","99","","11","","27.78","11.90","21.01","","","","",""
"2025-03-20","2025079","11:34","18.0","54.9481","24.0","","","3.6","","9.0","99","","11","","27.86","11.89","21.07","","","","",""
"2025-03-20","2025079","11:34","18.0","54.9481","25.0","","","3.7","","9.0","99","","11","","27.92","11.88","21.12","","","","",""
"2025-03-20","2025079","11:34","18.0","54.9481","26.0","","","3.2","","9.0","100","","12","","28.13","11.87","21.28","","","","",""
"2025-03-20","2025079","11:34","18.0","54.9481","27.0","","","3.4","","9.0","100","","13","","28.30","11.85","21.41","","","","",""
"2025-03-20","2025079","11:34","18.0","54.9481","28.0","","","3.1","","9.0","100","","13","","28.50","11.84","21.57","","","","",""
"2025-03-20","2025079","11:34","18.0","54.9481","29.0","","","3.3","","9.0","100","","13","","28.74","11.82","21.77","","","","",""
"2025-03-20","2025079","11:34","18.0","54.9481","30.0","","","3.4","","9.0","100","","13","","28.89","11.81","21.88","","","","",""
"2025-03-20","2025079","11:34","18.0","54.9481","31.0","","","3.2","","9.0","100","","14","","28.95","11.80","21.93","","","","",""
"2025-03-20","2025079","11:34","18.0","54.9481","32.0","","","3.7","","9.0","100","","17","","28.99","11.80","21.96","","","","",""
"2025-03-20","2025079","11:34","18.0","54.9481","33.0","","","3.8","","9.0","99","","21","","29.00","11.80","21.97","","","","",""
"2025-03-20","2025079","11:34","18.0","54.9481","34.0","","","3.8","","9.0","99","","22","","29.01","11.80","21.98","","","","",""
"2025-03-20","2025079","11:34","18.0","54.9481","35.0","","","3.5","","9.0","99","","24","","29.09","11.79","22.04","","","","",""
"2025-03-20","2025079","11:34","18.0","54.9481","36.0","","","3.4","","8.9","100","","27","","29.41","11.77","22.30","","","","",""
"2025-03-20","2025079","11:34","18.0","54.9481","37.0","","","3.8","","8.9","100","","29","","30.00","11.72","22.76","","","","",""
"2025-03-20","2025079","11:34","18.0","54.9481","38.0","","","4.0","","8.9","100","","30","","30.22","11.70","22.94","","","","",""
"2025-03-20","2025079","11:34","18.0","54.9481","39.0","","","4.0","","8.9","100","","28","","30.23","11.70","22.94","","","","",""
"2025-03-20","2025079","11:34","18.0","54.9481","40.0","","","4.2","","8.9","100","","28","","30.23","11.70","22.94","","","","",""
"2025-03-20","2025079","11:34","18.0","54.9481","41.0","","","3.8","","8.9","100","","27","","30.32","11.69","23.01","","","","",""
"2025-03-20","2025079","11:34","18.0","54.9481","42.0","","","3.8","","9.0","100","","28","","30.40","11.68","23.08","","","","",""
"2025-03-20","2025079","11:34","18.0","54.9481","43.0","4.1","0.59","4.0","","9.0","100","24.9","26","","30.46","11.67","23.13","","","","",""
"2025-03-20","2025079","11:19","20.0","51.4501","1.0","","","3.3","","9.5","104","","2","0.76","21.81","12.93","16.21","","","","",""
"2025-03-20","2025079","11:19","20.0","51.4501","2.0","4.5","0.84","4.3","","9.3","101","","2","","22.04","12.79","16.41","","","","",""
"2025-03-20","2025079","11:19","20.0","51.4501","3.0","","","4.4","","9.2","100","","2","","22.85","12.51","17.09","","","","",""
"2025-03-20","2025079","11:19","20.0","51.4501","4.0","","","4.6","","9.2","100","","2","","23.14","12.48","17.32","","","","",""
"2025-03-20","2025079","11:19","20.0","51.4501","5.0","","","4.9","","9.2","100","","3","","23.36","12.45","17.49","","","","",""
"2025-03-20","2025079","11:19","20.0","51.4501","6.0","","","4.8","","9.2","100","","4","","23.41","12.45","17.54","","","","",""
"2025-03-20","2025079","11:19","20.0","51.4501","7.0","","","4.7","","9.2","100","","4","","23.50","12.44","17.61","","","","",""
"2025-03-20","2025079","11:19","20.0","51.4501","8.0","","","4.5","","9.2","100","","5","","23.60","12.43","17.68","","","","",""
"2025-03-20","2025079","11:19","20.0","51.4501","9.0","","","4.9","","9.1","99","","5","","23.68","12.42","17.74","","","","",""
"2025-03-20","2025079","11:19","20.0","51.4501","10.0","","","4.8","","9.1","99","","6","","23.75","12.41","17.80","","","","",""
"2025-03-20","2025079","11:19","20.0","51.4501","11.0","","","4.4","","9.1","99","","6","","23.81","12.40","17.85","","","","",""
"2025-03-20","2025079","11:19","20.0","51.4501","12.0","","","4.5","","9.1","99","","6","","23.84","12.40","17.87","","","","",""
"2025-03-20","2025079","11:19","20.0","51.4501","13.0","","","4.7","","9.1","99","","6","","23.83","12.40","17.87","","","","",""
"2025-03-20","2025079","11:19","20.0","51.4501","14.0","","","4.5","","9.1","99","","6","","23.85","12.40","17.88","","","","",""
"2025-03-20","2025079","11:19","20.0","51.4501","15.0","","","4.5","","9.1","99","","6","","23.88","12.39","17.91","","","","",""
"2025-03-20","2025079","11:19","20.0","51.4501","16.0","","","4.1","","9.1","99","","7","","24.12","12.35","18.10","","","","",""
"2025-03-20","2025079","11:19","20.0","51.4501","17.0","","","3.9","","9.0","98","","7","","24.49","12.28","18.39","","","","",""
"2025-03-20","2025079","11:19","20.0","51.4501","18.0","","","3.6","","9.0","98","","7","","24.78","12.24","18.62","","","","",""
"2025-03-20","2025079","11:19","20.0","51.4501","19.0","","","3.2","","9.0","98","","8","","24.97","12.22","18.77","","","","",""
"2025-03-20","2025079","11:19","20.0","51.4501","20.0","","","3.2","","8.9","98","","7","","25.26","12.19","19.01","","","","",""
"2025-03-20","2025079","11:19","20.0","51.4501","21.0","","","2.9","","8.9","98","","6","","25.55","12.15","19.23","","","","",""
"2025-03-20","2025079","11:19","20.0","51.4501","22.0","","","2.9","","8.9","98","","6","","25.66","12.14","19.32","","","","",""
"2025-03-20","2025079","11:19","20.0","51.4501","23.0","","","3.0","","8.9","98","","4","","25.76","12.13","19.41","","","","",""
"2025-03-20","2025079","11:19","20.0","51.4501","24.0","","","3.3","","8.9","98","","3","","26.02","12.11","19.61","","","","",""
"2025-03-20","2025079","11:19","20.0","51.4501","25.0","","","2.8","","8.9","98","","2","","26.43","12.07","19.93","","","","",""
"2025-03-20","2025079","11:01","21.0","46.6266","1.0","","","4.4","","9.5","104","","4","0.77","21.59","12.86","16.06","","","","",""
"2025-03-20","2025079","11:01","21.0","46.6266","2.0","5.2","0.85","5.1","","9.6","104","","4","","21.59","12.77","16.07","","","","",""
"2025-03-20","2025079","11:01","21.0","46.6266","3.0","","","6.2","","9.6","104","","3","","21.68","12.68","16.16","","","","",""
"2025-03-20","2025079","11:01","21.0","46.6266","4.0","","","5.9","","9.5","103","","2","","21.82","12.69","16.26","","","","",""
"2025-03-20","2025079","11:01","21.0","46.6266","5.0","","","5.6","","9.4","102","","1","","21.98","12.68","16.38","","","","",""
"2025-03-20","2025079","11:01","21.0","46.6266","6.0","","","5.1","","9.3","101","","1","","22.23","12.68","16.58","","","","",""
"2025-03-20","2025079","11:01","21.0","46.6266","7.0","","","4.8","","9.2","100","","2","","22.62","12.64","16.89","","","","",""
"2025-03-20","2025079","11:01","21.0","46.6266","8.0","","","4.4","","9.1","99","","3","","22.87","12.64","17.08","","","","",""
"2025-03-20","2025079","11:01","21.0","46.6266","9.0","","","4.2","","9.0","98","","4","","23.12","12.61","17.28","","","","",""
"2025-03-20","2025079","11:01","21.0","46.6266","10.0","","","4.2","","9.0","98","","6","","23.45","12.54","17.55","","","","",""
"2025-03-20","2025079","11:01","21.0","46.6266","11.0","","","4.1","","9.0","98","","7","","23.63","12.50","17.70","","","","",""
"2025-03-20","2025079","11:01","21.0","46.6266","12.0","","","4.2","","8.9","97","","8","","23.82","12.45","17.85","","","","",""
"2025-03-20","2025079","11:01","21.0","46.6266","13.0","","","4.5","","8.9","97","","9","","24.34","12.36","18.26","","","","",""
"2025-03-20","2025079","11:01","21.0","46.6266","14.0","","","4.5","","8.9","97","","12","","25.08","12.27","18.85","","","","",""
"2025-03-20","2025079","11:01","21.0","46.6266","15.0","","","3.9","","8.9","98","","13","","26.50","12.07","19.99","","","","",""
"2025-03-20","2025079","10:50","22.0","43.9210","1.0","","","5.3","","9.6","104","","3","0.69","21.90","12.70","16.32","","","","",""
"2025-03-20","2025079","10:50","22.0","43.9210","2.0","5.8","0.87","5.8","","9.6","104","3.4","3","","21.90","12.66","16.33","","","","",""
"2025-03-20","2025079","10:50","22.0","43.9210","3.0","","","5.7","","9.5","103","","2","","21.94","12.59","16.37","","","","",""
"2025-03-20","2025079","10:50","22.0","43.9210","4.0","","","5.9","","9.3","101","","3","","22.21","12.55","16.59","","","","",""
"2025-03-20","2025079","10:50","22.0","43.9210","5.0","","","5.3","","9.0","98","","3","","22.87","12.65","17.08","","","","",""
"2025-03-20","2025079","10:50","22.0","43.9210","6.0","","","4.1","","9.0","98","","3","","23.32","12.53","17.44","","","","",""
"2025-03-20","2025079","10:50","22.0","43.9210","7.0","","","3.6","","8.9","97","","4","","23.52","12.49","17.61","","","","",""
"2025-03-20","2025079","10:50","22.0","43.9210","8.0","","","3.4","","8.9","97","","6","","23.84","12.42","17.87","","","","",""
"2025-03-20","2025079","10:50","22.0","43.9210","9.0","","","3.2","","8.9","97","","7","","24.03","12.39","18.02","","","","",""
"2025-03-20","2025079","10:50","22.0","43.9210","10.0","","","3.2","","8.8","96","","9","","24.17","12.36","18.13","","","","",""
"2025-03-20","2025079","10:50","22.0","43.9210","11.0","","","3.0","","8.8","96","","9","","24.52","12.32","18.41","","","","",""
"2025-03-20","2025079","10:50","22.0","43.9210","12.0","","","3.0","","8.8","97","","10","","25.13","12.23","18.90","","","","",""
"2025-03-20","2025079","10:50","22.0","43.9210","13.0","","","2.9","","8.8","97","","11","","25.80","12.14","19.43","","","","",""
"2025-03-20","2025079","10:50","22.0","43.9210","14.0","","","2.7","","8.8","97","","10","","25.83","12.13","19.46","","","","",""
"2025-03-20","2025079","10:50","22.0","43.9210","15.0","","","2.6","","8.8","97","","10","","25.95","12.12","19.55","","","","",""
"2025-03-20","2025079","10:50","22.0","43.9210","16.0","","","2.5","","8.8","97","","10","","26.56","12.05","20.03","","","","",""
"2025-03-20","2025079","10:50","22.0","43.9210","17.0","2.7","0.71","2.3","","8.8","98","8.0","10","","28.03","11.93","21.20","","","","",""
"2025-03-20","2025079","10:37","23.0","39.6557","1.0","","","4.9","","9.8","106","","11","0.68","21.70","12.68","16.17","","","","",""
"2025-03-20","2025079","10:37","23.0","39.6557","2.0","","","5.2","","9.8","106","","11","","21.70","12.67","16.17","","","","",""
"2025-03-20","2025079","10:37","23.0","39.6557","3.0","","","6.8","","9.8","106","","11","","21.76","12.65","16.22","","","","",""
"2025-03-20","2025079","10:37","23.0","39.6557","4.0","","","6.5","","9.7","105","","11","","21.86","12.70","16.29","","","","",""
"2025-03-20","2025079","10:37","23.0","39.6557","5.0","","","6.2","","9.6","104","","11","","22.02","12.70","16.41","","","","",""
"2025-03-20","2025079","10:37","23.0","39.6557","6.0","","","5.8","","9.4","102","","11","","22.38","12.71","16.69","","","","",""
"2025-03-20","2025079","10:37","23.0","39.6557","7.0","","","5.3","","9.2","101","","11","","22.61","12.74","16.86","","","","",""
"2025-03-20","2025079","10:37","23.0","39.6557","8.0","","","4.8","","9.2","100","","12","","22.71","12.73","16.94","","","","",""
"2025-03-20","2025079","10:37","23.0","39.6557","9.0","","","4.5","","9.1","99","","12","","22.79","12.72","17.01","","","","",""
"2025-03-20","2025079","10:37","23.0","39.6557","10.0","","","4.2","","9.0","98","","12","","22.88","12.70","17.08","","","","",""
"2025-03-20","2025079","10:37","23.0","39.6557","11.0","","","3.7","","9.0","98","","13","","22.91","12.69","17.10","","","","",""
"2025-03-20","2025079","10:37","23.0","39.6557","12.0","","","3.6","","8.9","97","","12","","22.93","12.68","17.12","","","","",""
"2025-03-20","2025079","10:37","23.0","39.6557","13.0","","","3.4","","8.9","97","","12","","23.07","12.63","17.24","","","","",""
"2025-03-20","2025079","10:25","24.0","37.0911","1.0","","","4.4","","9.8","106","","3","0.68","22.04","12.82","16.41","","","","",""
"2025-03-20","2025079","10:25","24.0","37.0911","2.0","5.3","0.86","4.9","","9.7","106","2.8","4","","22.05","12.81","16.42","","","","",""
"2025-03-20","2025079","10:25","24.0","37.0911","3.0","","","6.1","","9.6","104","","4","","22.12","12.80","16.47","","","","",""
"2025-03-20","2025079","10:25","24.0","37.0911","4.0","","","6.1","","9.4","103","","4","","22.43","12.78","16.72","","","","",""
"2025-03-20","2025079","10:25","24.0","37.0911","5.0","","","5.5","","9.3","101","","5","","22.64","12.76","16.88","","","","",""
"2025-03-20","2025079","10:25","24.0","37.0911","6.0","","","4.9","","9.2","100","","5","","22.84","12.73","17.04","","","","",""
"2025-03-20","2025079","10:25","24.0","37.0911","7.0","","","4.3","","9.1","99","","6","","22.88","12.73","17.07","","","","",""
"2025-03-20","2025079","10:25","24.0","37.0911","8.0","3.0","0.75","3.6","","9.1","99","5.7","6","","22.99","12.71","17.16","","","","",""
"2025-03-20","2025079","10:14","25.0","32.8382","1.0","","","5.3","","9.7","105","","6","0.90","22.07","12.78","16.44","","","","",""
"2025-03-20","2025079","10:14","25.0","32.8382","2.0","","","5.1","","9.6","105","","5","","22.20","12.79","16.54","","","","",""
"2025-03-20","2025079","10:14","25.0","32.8382","3.0","","","6.2","","9.5","104","","7","","22.33","12.79","16.64","","","","",""
"2025-03-20","2025079","10:14","25.0","32.8382","4.0","","","6.1","","9.5","103","","9","","22.45","12.80","16.73","","","","",""
"2025-03-20","2025079","10:14","25.0","32.8382","5.0","","","5.9","","9.5","103","","12","","22.48","12.81","16.75","","","","",""
"2025-03-20","2025079","10:14","25.0","32.8382","6.0","","","5.9","","9.5","103","","14","","22.50","12.80","16.77","","","","",""
"2025-03-20","2025079","10:01","26.0","28.7560","1.0","","","4.5","","9.7","105","","4","0.79","20.98","12.75","15.61","","","","",""
"2025-03-20","2025079","10:01","26.0","28.7560","2.0","","","4.8","","9.6","104","","4","","21.56","12.84","16.04","","","","",""
"2025-03-20","2025079","10:01","26.0","28.7560","3.0","","","6.2","","9.6","104","","5","","22.21","12.90","16.53","","","","",""
"2025-03-20","2025079","10:01","26.0","28.7560","4.0","","","6.2","","9.5","104","","7","","22.33","12.89","16.62","","","","",""
"2025-03-20","2025079","10:01","26.0","28.7560","5.0","","","5.8","","9.5","104","","8","","22.41","12.87","16.69","","","","",""
"2025-03-20","2025079","10:01","26.0","28.7560","6.0","","","5.8","","9.5","103","","9","","22.47","12.85","16.74","","","","",""
"2025-03-20","2025079","10:01","26.0","28.7560","7.0","","","6.0","","9.5","103","","9","","22.51","12.84","16.77","","","","",""
"2025-03-20","2025079","10:01","26.0","28.7560","8.0","","","6.1","","9.5","103","","11","","22.53","12.84","16.79","","","","",""
"2025-03-20","2025079","9:51","27.0","26.1872","1.0","","","5.8","","9.6","104","","2","0.81","20.79","12.81","15.45","","","","",""
"2025-03-20","2025079","9:51","27.0","26.1872","2.0","6.0","0.85","6.2","","9.7","104","3.8","3","","20.79","12.81","15.45","","","","",""
"2025-03-20","2025079","9:51","27.0","26.1872","3.0","","","6.9","","9.6","104","","2","","20.82","12.82","15.47","","","","",""
"2025-03-20","2025079","9:51","27.0","26.1872","4.0","","","6.6","","9.5","103","","2","","21.06","12.92","15.63","","","","",""
"2025-03-20","2025079","9:51","27.0","26.1872","5.0","","","5.5","","9.4","102","","3","","21.24","12.92","15.77","","","","",""
"2025-03-20","2025079","9:51","27.0","26.1872","6.0","","","5.1","","9.4","102","","3","","21.58","12.91","16.04","","","","",""
"2025-03-20","2025079","9:51","27.0","26.1872","7.0","","","4.8","","9.3","101","","5","","22.01","12.84","16.38","","","","",""
"2025-03-20","2025079","9:51","27.0","26.1872","8.0","","","4.9","","9.3","101","","12","","22.10","12.82","16.46","","","","",""
"2025-03-20","2025079","9:51","27.0","26.1872","9.0","4.4","0.70","4.5","","9.3","101","18.3","15","","22.28","12.79","16.60","","","","",""
"2025-03-20","2025079","9:41","28.0","23.5695","1.0","","","6.0","","9.7","104","","3","0.89","20.53","12.86","15.24","","","","",""
"2025-03-20","2025079","9:41","28.0","23.5695","2.0","","","6.4","","9.6","104","","2","","20.61","12.86","15.30","","","","",""
"2025-03-20","2025079","9:41","28.0","23.5695","3.0","","","7.1","","9.5","103","","2","","20.77","12.87","15.42","","","","",""
"2025-03-20","2025079","9:41","28.0","23.5695","4.0","","","6.2","","9.4","102","","4","","20.89","12.89","15.51","","","","",""
"2025-03-20","2025079","9:41","28.0","23.5695","5.0","","","5.6","","9.3","101","","7","","21.05","12.90","15.63","","","","",""
"2025-03-20","2025079","9:41","28.0","23.5695","6.0","","","5.1","","9.2","100","","9","","21.36","12.90","15.87","","","","",""
"2025-03-20","2025079","9:41","28.0","23.5695","7.0","","","4.8","","9.2","100","","8","","21.64","12.87","16.09","","","","",""
"2025-03-20","2025079","9:41","28.0","23.5695","8.0","","","4.8","","9.2","100","","11","","21.78","12.86","16.20","","","","",""
"2025-03-20","2025079","9:41","28.0","23.5695","9.0","","","4.9","","9.2","99","","15","","21.88","12.84","16.28","","","","",""
"2025-03-20","2025079","9:41","28.0","23.5695","10.0","","","5.0","","9.2","99","","18","","21.95","12.82","16.34","","","","",""
"2025-03-20","2025079","9:41","28.0","23.5695","11.0","","","5.3","","9.2","99","","22","","21.97","12.82","16.36","","","","",""
"2025-03-20","2025079","9:28","29.0","20.2526","1.0","","","5.6","","9.5","102","","7","0.91","19.87","12.83","14.73","","","","",""
"2025-03-20","2025079","9:28","29.0","20.2526","2.0","","","6.2","","9.4","101","","7","","20.18","12.90","14.96","","","","",""
"2025-03-20","2025079","9:28","29.0","20.2526","3.0","","","6.0","","9.4","101","","7","","20.34","12.92","15.08","","","","",""
"2025-03-20","2025079","9:28","29.0","20.2526","4.0","","","5.7","","9.4","101","","6","","20.41","12.94","15.13","","","","",""
"2025-03-20","2025079","9:28","29.0","20.2526","5.0","","","5.7","","9.3","100","","6","","20.47","12.92","15.18","","","","",""
"2025-03-20","2025079","9:28","29.0","20.2526","6.0","","","5.5","","9.2","100","","7","","20.54","12.91","15.24","","","","",""
"2025-03-20","2025079","9:28","29.0","20.2526","7.0","","","5.2","","9.2","99","","8","","20.65","12.90","15.32","","","","",""
"2025-03-20","2025079","9:28","29.0","20.2526","8.0","","","4.9","","9.2","99","","8","","21.05","12.87","15.64","","","","",""
"2025-03-20","2025079","9:28","29.0","20.2526","9.0","","","4.7","","9.1","99","","9","","21.34","12.86","15.87","","","","",""
"2025-03-20","2025079","9:28","29.0","20.2526","10.0","","","4.6","","9.1","99","","12","","21.56","12.85","16.03","","","","",""
"2025-03-20","2025079","9:28","29.0","20.2526","11.0","","","4.7","","9.1","99","","15","","21.61","12.85","16.07","","","","",""
"2025-03-20","2025079","9:18","29.5","17.5640","1.0","","","5.8","","9.4","100","","10","1.00","19.63","12.81","14.55","","","","",""
"2025-03-20","2025079","9:18","29.5","17.5640","2.0","","","6.2","","9.4","100","","11","","19.70","12.81","14.60","","","","",""
"2025-03-20","2025079","9:18","29.5","17.5640","3.0","","","6.5","","9.4","101","","11","","19.76","12.80","14.65","","","","",""
"2025-03-20","2025079","9:18","29.5","17.5640","4.0","","","6.2","","9.4","101","","10","","19.78","12.80","14.67","","","","",""
"2025-03-20","2025079","9:18","29.5","17.5640","5.0","","","6.1","","9.3","100","","10","","19.91","12.82","14.77","","","","",""
"2025-03-20","2025079","9:18","29.5","17.5640","6.0","","","5.8","","9.3","99","","10","","20.08","12.80","14.90","","","","",""
"2025-03-20","2025079","9:18","29.5","17.5640","7.0","","","5.3","","9.2","99","","10","","20.30","12.83","15.07","","","","",""
"2025-03-20","2025079","9:18","29.5","17.5640","8.0","","","5.1","","9.2","99","","12","","20.63","12.87","15.32","","","","",""
"2025-03-20","2025079","9:18","29.5","17.5640","9.0","","","5.1","","9.2","99","","16","","20.77","12.87","15.42","","","","",""
"2025-03-20","2025079","9:18","29.5","17.5640","10.0","","","5.2","","9.2","99","","22","","20.87","12.88","15.50","","","","",""
"2025-03-20","2025079","9:18","29.5","17.5640","11.0","","","5.2","","9.1","99","","27","","20.91","12.88","15.53","","","","",""
"2025-03-20","2025079","9:18","29.5","17.5640","12.0","","","5.3","","9.1","99","","29","","20.95","12.88","15.56","","","","",""
"2025-03-20","2025079","9:04","30.0","14.7543","1.0","","","6.1","","9.5","101","","7","1.05","18.95","12.90","14.02","","","","",""
"2025-03-20","2025079","9:04","30.0","14.7543","2.0","7.2","0.84","7.3","","9.5","101","7.2","7","","19.09","12.87","14.12","","","","",""
"2025-03-20","2025079","9:04","30.0","14.7543","3.0","","","5.3","","9.5","101","","7","","19.11","12.86","14.14","","","","",""
"2025-03-20","2025079","9:04","30.0","14.7543","4.0","","","5.2","","9.4","101","","7","","19.40","12.88","14.36","","","","",""
"2025-03-20","2025079","9:04","30.0","14.7543","5.0","","","5.0","","9.4","101","","7","","19.46","12.89","14.41","","","","",""
"2025-03-20","2025079","9:04","30.0","14.7543","6.0","","","5.0","","9.4","101","","7","","19.49","12.89","14.43","","","","",""
"2025-03-20","2025079","9:04","30.0","14.7543","7.0","","","5.0","","9.3","100","","7","","19.69","12.87","14.59","","","","",""
"2025-03-20","2025079","9:04","30.0","14.7543","8.0","","","4.9","","9.2","99","","9","","20.10","12.85","14.91","","","","",""
"2025-03-20","2025079","9:04","30.0","14.7543","9.0","5.2","0.67","5.0","","9.2","99","","12","","20.32","12.85","15.08","","","","",""
"2025-03-20","2025079","8:47","31.0","10.6065","1.0","","","6.0","","9.3","98","","7","1.30","17.91","12.81","13.22","","","","",""
"2025-03-20","2025079","8:47","31.0","10.6065","2.0","","","5.3","","9.2","98","","7","","18.07","12.86","13.34","","","","",""
"2025-03-20","2025079","8:47","31.0","10.6065","3.0","","","4.8","","9.2","97","","7","","18.24","12.89","13.46","","","","",""
"2025-03-20","2025079","8:47","31.0","10.6065","4.0","","","4.6","","9.1","97","","8","","18.42","12.90","13.60","","","","",""
"2025-03-20","2025079","8:47","31.0","10.6065","5.0","","","4.5","","9.1","97","","8","","18.64","12.90","13.77","","","","",""
"2025-03-20","2025079","8:47","31.0","10.6065","6.0","","","4.3","","9.0","96","","9","","19.04","12.93","14.08","","","","",""
"2025-03-20","2025079","8:47","31.0","10.6065","7.0","","","4.3","","9.0","96","","10","","19.34","12.92","14.31","","","","",""
"2025-03-20","2025079","8:47","31.0","10.6065","8.0","","","4.3","","9.0","96","","12","","19.51","12.92","14.44","","","","",""
"2025-03-20","2025079","8:47","31.0","10.6065","9.0","","","4.3","","9.0","96","","14","","19.66","12.91","14.56","","","","",""
"2025-03-20","2025079","8:47","31.0","10.6065","10.0","","","4.4","","9.0","96","","15","","19.84","12.90","14.70","","","","",""
"2025-03-20","2025079","8:38","32.0","8.1507","1.0","","","4.9","","9.1","96","","10","1.48","17.39","12.72","12.84","","","","",""
"2025-03-20","2025079","8:38","32.0","8.1507","2.0","4.8","0.75","4.6","","9.1","96","12.2","10","","17.44","12.72","12.88","","","","",""
"2025-03-20","2025079","8:38","32.0","8.1507","3.0","","","4.6","","9.1","95","","10","","17.53","12.72","12.95","","","","",""
"2025-03-20","2025079","8:38","32.0","8.1507","4.0","","","4.6","","9.0","95","","11","","17.65","12.73","13.04","","","","",""
"2025-03-20","2025079","8:38","32.0","8.1507","5.0","","","4.5","","9.0","95","","12","","17.84","12.71","13.19","","","","",""
"2025-03-20","2025079","8:38","32.0","8.1507","6.0","","","4.8","","9.0","95","","13","","17.99","12.73","13.30","","","","",""
"2025-03-20","2025079","8:38","32.0","8.1507","7.0","","","5.0","","9.0","95","","15","","18.14","12.74","13.42","","","","",""
"2025-03-20","2025079","8:38","32.0","8.1507","8.0","","","5.2","","9.0","95","","22","","18.26","12.75","13.50","","","","",""
"2025-03-20","2025079","8:38","32.0","8.1507","9.0","6.0","0.64","5.9","","9.0","96","","25","","18.32","12.76","13.55","","","","",""
"2025-03-20","2025079","8:31","33.0","6.8085","1.0","","","4.8","","9.1","96","","13","1.51","16.92","12.70","12.48","","","","",""
"2025-03-20","2025079","8:31","33.0","6.8085","2.0","","","4.5","","9.1","96","12.9","13","","16.96","12.70","12.51","","","","",""
"2025-03-20","2025079","8:31","33.0","6.8085","3.0","","","4.5","","9.1","95","","16","","17.08","12.69","12.60","","","","",""
"2025-03-20","2025079","8:31","33.0","6.8085","4.0","","","4.4","","9.1","95","","17","","17.23","12.69","12.72","","","","",""
"2025-03-20","2025079","8:31","33.0","6.8085","5.0","","","4.5","","9.1","95","","18","","17.28","12.70","12.76","","","","",""
"2025-03-20","2025079","8:31","33.0","6.8085","6.0","","","4.5","","9.1","95","","19","","17.33","12.70","12.80","","","","",""
"2025-03-20","2025079","8:31","33.0","6.8085","7.0","","","4.7","","9.0","95","","20","","17.44","12.70","12.88","","","","",""
"2025-03-20","2025079","8:31","33.0","6.8085","8.0","","","4.9","","9.0","95","","20","","17.63","12.71","13.02","","","","",""
"2025-03-20","2025079","8:31","33.0","6.8085","9.0","","","5.0","","9.0","95","","22","","17.82","12.73","13.17","","","","",""
"2025-03-20","2025079","8:31","33.0","6.8085","10.0","","","5.0","","9.0","95","","25","","18.03","12.74","13.33","","","","",""
"2025-03-20","2025079","8:31","33.0","6.8085","11.0","","","5.0","","9.0","95","","27","","18.09","12.74","13.37","","","","",""
"2025-03-20","2025079","8:19","34.0","3.5290","1.0","","","5.5","","9.2","96","","20","1.81","16.23","12.68","11.95","","","","",""
"2025-03-20","2025079","8:19","34.0","3.5290","2.0","4.9","0.78","4.9","","9.0","94","15.1","20","","16.34","12.68","12.04","","","","",""
"2025-03-20","2025079","8:19","34.0","3.5290","3.0","","","4.8","","8.9","93","","23","","16.51","12.65","12.17","","","","",""
"2025-03-20","2025079","8:19","34.0","3.5290","4.0","","","5.0","","8.7","91","","28","","16.76","12.55","12.38","","","","",""
"2025-03-20","2025079","8:19","34.0","3.5290","5.0","5.5","0.57","5.5","","8.7","91","","44","","16.89","12.47","12.50","","","","",""
"2025-03-20","2025079","8:07","35.0","1.6576","1.0","5.7","0.70","5.6","","8.9","94","24.3","24","2.14","15.58","13.12","11.38","","","","",""
"2025-03-20","2025079","8:07","35.0","1.6576","2.0","","","5.0","","9.0","95","","22","","15.90","13.07","11.63","","","","",""
"2025-03-20","2025079","8:07","35.0","1.6576","3.0","","","4.8","","9.0","95","","21","","16.54","13.03","12.13","","","","",""
"2025-03-20","2025079","8:07","35.0","1.6576","4.0","","","4.8","","9.0","95","","24","","16.84","13.08","12.36","","","","",""
"2025-03-20","2025079","8:07","35.0","1.6576","5.0","","","4.8","","9.0","95","","28","","16.90","13.07","12.40","","","","",""
"2025-03-20","2025079","7:59","36.0","0.0000","1.0","","","10.8","","8.7","91","","30","2.80","11.86","13.21","8.51","","","","",""
"2025-03-20","2025079","7:59","36.0","0.0000","2.0","8.2","0.69","8.2","","8.7","91","28.7","30","","12.95","13.17","9.35","","","","",""
"2025-03-20","2025079","7:59","36.0","0.0000","3.0","","","6.1","","8.7","91","","30","","13.72","12.92","9.98","","","","",""
"2025-03-20","2025079","7:59","36.0","0.0000","4.0","4.6","0.64","5.1","","8.7","91","33.2","30","","15.29","13.14","11.16","","","","",""